weekday,weekday_ko,rank,webtoon_title,webtoon_url,webtoon_title_id,collected_at_kst,webtoon_author,adult_or_login_required,author_collect_status,serial_weekday_text,serial_weekdays,weekday_list
mon,월,1,신체,https://comic.naver.com/webtoon/list?titleId=844058&tab=mon,844058,2026-10-05 13:35:32,,True,login_or_adult_required,,mon,mon
mon,월,2,참교육,https://comic.naver.com/webtoon/list?titleId=758037&tab=mon,758037,2026-10-05 13:35:32,채용택,False,ok,연재,mon,mon
mon,월,3,환생천마,https://comic.naver.com/webtoon/list?titleId=822657&tab=mon,822657,2026-10-05 13:35:32,JP,False,ok,연재,mon,mon
mon,월,4,시한부 천재가 살아남는 법,https://comic.naver.com/webtoon/list?titleId=832703&tab=mon,832703,2026-10-05 13:35:32,JP,False,ok,연재,mon,mon
mon,월,5,절대검감,https://comic.naver.com/webtoon/list?titleId=796075&tab=mon,796075,2026-10-05 13:35:32,김두루미,False,ok,연재,mon,mon
mon,월,6,샤MONEY즘,https://comic.naver.com/webtoon/list?titleId=840014&tab=mon,840014,2026-10-05 13:35:32,나락,False,ok,연재,mon,mon
mon,월,7,파브르 in 사천당가,https://comic.naver.com/webtoon/list?titleId=833702&tab=mon,833702,2026-10-05 13:35:32,지대공마법소년,False,ok,연재,mon,mon
mon,월,8,생존지상주의,https://comic.naver.com/webtoon/list?titleId=853709&tab=mon,853709,2026-10-05 13:35:32,토이,False,ok,연재,mon,mon
mon,월,9,백수세끼,https://comic.naver.com/webtoon/list?titleId=733074&tab=mon,733074,2026-10-05 13:35:32,치즈,False,ok,연재,mon,mon
mon,월,10,귀촌리,https://comic.naver.com/webtoon/list?titleId=822573&tab=mon,822573,2026-10-05 13:35:32,황양,False,ok,연재,mon,mon
mon,월,11,똑 닮은 딸,https://comic.naver.com/webtoon/list?titleId=774866&tab=mon,774866,2026-10-05 13:35:32,이담,False,ok,연재,mon,mon
mon,월,12,청부입학,https://comic.naver.com/webtoon/list?titleId=851688&tab=mon,851688,2026-10-05 13:35:32,강필,False,ok,연재,mon,mon
mon,월,13,소녀의 세계,https://comic.naver.com/webtoon/list?titleId=654774&tab=mon,654774,2026-10-05 13:35:32,모랑지,False,ok,연재,mon,mon
mon,월,14,계속 써도 돈이 쌓임,https://comic.naver.com/webtoon/list?titleId=851687&tab=mon,851687,2026-10-05 13:35:32,나들이,False,ok,연재,mon,mon
mon,월,15,시리도록 불꽃처럼,https://comic.naver.com/webtoon/list?titleId=834686&tab=mon,834686,2026-10-05 13:35:33,김인호,False,ok,연재,mon,mon
mon,월,16,회귀한 공작가의 막내도련님은 암살자,https://comic.naver.com/webtoon/list?titleId=821195&tab=mon,821195,2026-10-05 13:35:33,스윙뱃,False,ok,연재,mon,mon
mon,월,17,먹는 인생2,https://comic.naver.com/webtoon/list?titleId=845271&tab=mon,845271,2026-10-05 13:35:33,홍끼,False,ok,"월, 목 연재","mon,thu","mon,thu"
mon,월,18,아포칼립스에 집을 숨김,https://comic.naver.com/webtoon/list?titleId=825332&tab=mon,825332,2026-10-05 13:35:33,DD,False,ok,연재,mon,mon
mon,월,19,천재 타자가 강속구를 숨김,https://comic.naver.com/webtoon/list?titleId=807775&tab=mon,807775,2026-10-05 13:35:33,황지성,False,ok,연재,mon,mon
mon,월,20,변경백의 10클래스 망나니,https://comic.naver.com/webtoon/list?titleId=849510&tab=mon,849510,2026-10-05 13:35:33,양평,False,ok,연재,mon,mon
mon,월,21,영업 천재가 되었다,https://comic.naver.com/webtoon/list?titleId=818780&tab=mon,818780,2026-10-05 13:35:33,혜림,False,ok,연재,mon,mon
mon,월,22,검 먹는 소드마스터,https://comic.naver.com/webtoon/list?titleId=845918&tab=mon,845918,2026-10-05 13:35:33,양명,False,ok,연재,mon,mon
mon,월,23,그린스킨,https://comic.naver.com/webtoon/list?titleId=851187&tab=mon,851187,2026-10-05 13:35:33,,True,login_or_adult_required,,mon,mon
mon,월,24,세림의 철칙,https://comic.naver.com/webtoon/list?titleId=852516&tab=mon,852516,2026-10-05 13:35:33,세윤,False,ok,연재,mon,mon
mon,월,25,대공비가 체질입니다,https://comic.naver.com/webtoon/list?titleId=841126&tab=mon,841126,2026-10-05 13:35:33,LICO,False,ok,연재,mon,mon
mon,월,26,다정한 침입자,https://comic.naver.com/webtoon/list?titleId=840839&tab=mon,840839,2026-10-05 13:35:33,이니,False,ok,연재,mon,mon
mon,월,27,수상한 다이어트 클럽,https://comic.naver.com/webtoon/list?titleId=821626&tab=mon,821626,2026-10-05 13:35:33,스프링,False,ok,연재,mon,mon
mon,월,28,우주천마 3077,https://comic.naver.com/webtoon/list?titleId=829195&tab=mon,829195,2026-10-05 13:35:33,산하,False,ok,연재,mon,mon
mon,월,29,천마 아포칼립스,https://comic.naver.com/webtoon/list?titleId=854152&tab=mon,854152,2026-10-05 13:35:33,PSG,False,ok,연재,mon,mon
mon,월,30,중세 판타지 속 망나니 경비조장,https://comic.naver.com/webtoon/list?titleId=831416&tab=mon,831416,2026-10-05 13:35:33,스튜디오MW,False,ok,연재,mon,mon
mon,월,31,장편단편선,https://comic.naver.com/webtoon/list?titleId=843310&tab=mon,843310,2026-10-05 13:35:33,기주주,False,ok,연재,mon,mon
mon,월,32,어린이집 다니는 구나,https://comic.naver.com/webtoon/list?titleId=817945&tab=mon,817945,2026-10-05 13:35:33,구나,False,ok,"월, 수 연재","mon,wed","mon,wed"
mon,월,33,망플루언서,https://comic.naver.com/webtoon/list?titleId=850526&tab=mon,850526,2026-10-05 13:35:33,,True,login_or_adult_required,,mon,mon
mon,월,34,무신급 막내가 되었다,https://comic.naver.com/webtoon/list?titleId=855342&tab=mon,855342,2026-10-05 13:35:33,레블스튜디오,False,ok,연재,mon,mon
mon,월,35,이혼자녀,https://comic.naver.com/webtoon/list?titleId=846616&tab=mon,846616,2026-10-05 13:35:33,051,False,ok,연재,mon,mon
mon,월,36,좀비묵시록 82-08,https://comic.naver.com/webtoon/list?titleId=814742&tab=mon,814742,2026-10-05 13:35:33,달아,False,ok,연재,mon,mon
mon,월,37,고블린 주식회사,https://comic.naver.com/webtoon/list?titleId=852571&tab=mon,852571,2026-10-05 13:35:33,살려주세요,False,ok,연재,mon,mon
mon,월,38,조선야차,https://comic.naver.com/webtoon/list?titleId=850109&tab=mon,850109,2026-10-05 13:35:33,두엽,False,ok,연재,mon,mon
mon,월,39,빌런의 순정,https://comic.naver.com/webtoon/list?titleId=845531&tab=mon,845531,2026-10-05 13:35:33,수민,False,ok,연재,mon,mon
mon,월,40,연애리뷰,https://comic.naver.com/webtoon/list?titleId=835082&tab=mon,835082,2026-10-05 13:35:33,송채윤,False,ok,연재,mon,mon
mon,월,41,신화급 귀속 아이템을 손에 넣었다,https://comic.naver.com/webtoon/list?titleId=795297&tab=mon,795297,2026-10-05 13:35:33,판테라,False,ok,연재,mon,mon
mon,월,42,상사폭행,https://comic.naver.com/webtoon/list?titleId=849297&tab=mon,849297,2026-10-05 13:35:33,레블스튜디오,False,ok,연재,mon,mon
mon,월,43,비공식 CC,https://comic.naver.com/webtoon/list?titleId=851431&tab=mon,851431,2026-10-05 13:35:33,백유안,False,ok,연재,mon,mon
mon,월,44,"정신 차려, 전승연",https://comic.naver.com/webtoon/list?titleId=832243&tab=mon,832243,2026-10-05 13:35:33,제민,False,ok,연재,mon,mon
mon,월,45,포도가 익기 전에,https://comic.naver.com/webtoon/list?titleId=843017&tab=mon,843017,2026-10-05 13:35:33,삼태,False,ok,연재,mon,mon
mon,월,46,2026 루키 단편선,https://comic.naver.com/webtoon/list?titleId=853869&tab=mon,853869,2026-10-05 13:35:33,네이버웹툰,False,ok,"월, 수, 목, 일 연재","mon,wed,thu,sun","mon,wed,thu,sun"
mon,월,47,1초에 100만원,https://comic.naver.com/webtoon/list?titleId=842977&tab=mon,842977,2026-10-05 13:35:34,이지호,False,ok,연재,mon,mon
mon,월,48,프레스턴 경의 비밀 가정교사,https://comic.naver.com/webtoon/list?titleId=848884&tab=mon,848884,2026-10-05 13:35:34,오로라 스튜디오,False,ok,연재,mon,mon
mon,월,49,구야는 신입,https://comic.naver.com/webtoon/list?titleId=828167&tab=mon,828167,2026-10-05 13:35:34,구야,False,ok,"월, 금 연재","mon,fri","mon,fri"
mon,월,50,야생에서 갤러리를 얻었다,https://comic.naver.com/webtoon/list?titleId=855027&tab=mon,855027,2026-10-05 13:35:34,달아,False,ok,연재,mon,mon
mon,월,51,나의 연애 참견자,https://comic.naver.com/webtoon/list?titleId=844840&tab=mon,844840,2026-10-05 13:35:34,꿀삼,False,ok,연재,mon,mon
mon,월,52,세상도 구해본 놈이 잘 구한다,https://comic.naver.com/webtoon/list?titleId=845832&tab=mon,845832,2026-10-05 13:35:34,오정훈,False,ok,연재,mon,mon
mon,월,53,공포 쯔꾸르 생존기,https://comic.naver.com/webtoon/list?titleId=854133&tab=mon,854133,2026-10-05 13:35:34,LICO,False,ok,연재,mon,mon
mon,월,54,강아지별,https://comic.naver.com/webtoon/list?titleId=843129&tab=mon,843129,2026-10-05 13:35:34,아음,False,ok,연재,mon,mon
mon,월,55,히어로메이커,https://comic.naver.com/webtoon/list?titleId=21815&tab=mon,21815,2026-10-05 13:35:34,빤쓰,False,ok,연재,mon,mon
mon,월,56,마왕의 친구,https://comic.naver.com/webtoon/list?titleId=854402&tab=mon,854402,2026-10-05 13:35:34,스컬리,False,ok,연재,mon,mon
mon,월,57,시간을 돌아온 황후의 납치 결혼,https://comic.naver.com/webtoon/list?titleId=834548&tab=mon,834548,2026-10-05 13:35:34,그리온,False,ok,연재,mon,mon
mon,월,58,피폐물을 힐링물로 만드는 방법,https://comic.naver.com/webtoon/list?titleId=826381&tab=mon,826381,2026-10-05 13:35:34,,True,login_or_adult_required,,mon,mon
mon,월,59,방과후 짝사랑 시네마,https://comic.naver.com/webtoon/list?titleId=854366&tab=mon,854366,2026-10-05 13:35:34,미킴,False,ok,연재,mon,mon
mon,월,60,더블클릭,https://comic.naver.com/webtoon/list?titleId=769663&tab=mon,769663,2026-10-05 13:35:34,박수봉,False,ok,연재,mon,mon
mon,월,61,해피 페이스,https://comic.naver.com/webtoon/list?titleId=838569&tab=mon,838569,2026-10-05 13:35:34,이저녁,False,ok,연재,mon,mon
mon,월,62,페일 블루 아이즈,https://comic.naver.com/webtoon/list?titleId=849898&tab=mon,849898,2026-10-05 13:35:34,,True,login_or_adult_required,,mon,mon
mon,월,63,개같이 탈출,https://comic.naver.com/webtoon/list?titleId=814594&tab=mon,814594,2026-10-05 13:35:34,갬쟈,False,ok,연재,mon,mon
mon,월,64,오매불망,https://comic.naver.com/webtoon/list?titleId=849508&tab=mon,849508,2026-10-05 13:35:34,2L,False,ok,연재,mon,mon
mon,월,65,라서드,https://comic.naver.com/webtoon/list?titleId=756140&tab=mon,756140,2026-10-05 13:35:34,감람,False,ok,연재,mon,mon
mon,월,66,애드립의 신,https://comic.naver.com/webtoon/list?titleId=848578&tab=mon,848578,2026-10-05 13:35:34,GO,False,ok,연재,mon,mon
mon,월,67,첩보원 악어새,https://comic.naver.com/webtoon/list?titleId=843425&tab=mon,843425,2026-10-05 13:35:34,배가봉,False,ok,연재,mon,mon
mon,월,68,K학원 생존기,https://comic.naver.com/webtoon/list?titleId=823190&tab=mon,823190,2026-10-05 13:35:34,양아최,False,ok,"월, 토 연재","mon,sat","mon,sat"
mon,월,69,함부로 친절하지 말라,https://comic.naver.com/webtoon/list?titleId=821095&tab=mon,821095,2026-10-05 13:35:34,아린,False,ok,연재,mon,mon
mon,월,70,물고 뜯고 속이고,https://comic.naver.com/webtoon/list?titleId=854643&tab=mon,854643,2026-10-05 13:35:34,나음,False,ok,연재,mon,mon
mon,월,71,박수진과 백서정,https://comic.naver.com/webtoon/list?titleId=854592&tab=mon,854592,2026-10-05 13:35:34,옹방,False,ok,연재,mon,mon
mon,월,72,오늘은 뭐하고 놀까?,https://comic.naver.com/webtoon/list?titleId=842116&tab=mon,842116,2026-10-05 13:35:34,햄김밥,False,ok,"월, 수 연재","mon,wed","mon,wed"
mon,월,73,남4친,https://comic.naver.com/webtoon/list?titleId=841069&tab=mon,841069,2026-10-05 13:35:34,올챙구리,False,ok,연재,mon,mon
mon,월,74,나의 다정에게,https://comic.naver.com/webtoon/list?titleId=844388&tab=mon,844388,2026-10-05 13:35:34,쏘림,False,ok,연재,mon,mon
mon,월,75,기생번식,https://comic.naver.com/webtoon/list?titleId=845885&tab=mon,845885,2026-10-05 13:35:34,바쉬,False,ok,연재,mon,mon
mon,월,76,1인칭 혈육시점,https://comic.naver.com/webtoon/list?titleId=850236&tab=mon,850236,2026-10-05 13:35:34,모카빵,False,ok,연재,mon,mon
mon,월,77,제국 최고의 악녀를 사랑하게 되었습니다,https://comic.naver.com/webtoon/list?titleId=833908&tab=mon,833908,2026-10-05 13:35:34,아지,False,ok,연재,mon,mon
mon,월,78,머저리 M수생,https://comic.naver.com/webtoon/list?titleId=845214&tab=mon,845214,2026-10-05 13:35:34,규정,False,ok,연재,mon,mon
mon,월,79,모솔대첩,https://comic.naver.com/webtoon/list?titleId=833596&tab=mon,833596,2026-10-05 13:35:35,진자,False,ok,연재,mon,mon
mon,월,80,양심과외,https://comic.naver.com/webtoon/list?titleId=847903&tab=mon,847903,2026-10-05 13:35:35,리나,False,ok,연재,mon,mon
mon,월,81,꽃과 재,https://comic.naver.com/webtoon/list?titleId=848711&tab=mon,848711,2026-10-05 13:35:35,우루,False,ok,연재,mon,mon
mon,월,82,Lv.99 흑염의 프린세스,https://comic.naver.com/webtoon/list?titleId=838075&tab=mon,838075,2026-10-05 13:35:35,YDR,False,ok,연재,mon,mon
mon,월,83,마왕의 빛나는 별,https://comic.naver.com/webtoon/list?titleId=843072&tab=mon,843072,2026-10-05 13:35:35,이잉간,False,ok,연재,mon,mon
mon,월,84,NPC를 죽였다,https://comic.naver.com/webtoon/list?titleId=846079&tab=mon,846079,2026-10-05 13:35:35,무공,False,ok,연재,mon,mon
mon,월,85,언스탯,https://comic.naver.com/webtoon/list?titleId=846057&tab=mon,846057,2026-10-05 13:35:35,쏜,False,ok,연재,mon,mon
mon,월,86,어떻게 용사 이름이 아아아아,https://comic.naver.com/webtoon/list?titleId=842370&tab=mon,842370,2026-10-05 13:35:35,알그,False,ok,연재,mon,mon
mon,월,87,사랑해줄까?,https://comic.naver.com/webtoon/list?titleId=854423&tab=mon,854423,2026-10-05 13:35:35,히히,False,ok,연재,mon,mon
mon,월,89,누가 죄인인가,https://comic.naver.com/webtoon/list?titleId=846782&tab=mon,846782,2026-10-05 13:35:35,,True,login_or_adult_required,,mon,mon
mon,월,90,헤어져서 팝니다,https://comic.naver.com/webtoon/list?titleId=850709&tab=mon,850709,2026-10-05 13:35:35,헛둘,False,ok,연재,mon,mon
mon,월,91,기로의 밤,https://comic.naver.com/webtoon/list?titleId=853687&tab=mon,853687,2026-10-05 13:35:35,DOCI,False,ok,연재,mon,mon
mon,월,92,채널명 : 구찬지아,https://comic.naver.com/webtoon/list?titleId=841486&tab=mon,841486,2026-10-05 13:35:35,김기현,False,ok,연재,mon,mon
mon,월,93,마귀공주,https://comic.naver.com/webtoon/list?titleId=852115&tab=mon,852115,2026-10-05 13:35:35,햄스터빵디,False,ok,연재,mon,mon
mon,월,94,나의 보이소프렌드,https://comic.naver.com/webtoon/list?titleId=819698&tab=mon,819698,2026-10-05 13:35:35,망공이,False,ok,연재,mon,mon
mon,월,95,게임마스터,https://comic.naver.com/webtoon/list?titleId=832104&tab=mon,832104,2026-10-05 13:35:35,둥치,False,ok,연재,mon,mon
mon,월,96,불완전한 이혼의 결말,https://comic.naver.com/webtoon/list?titleId=838556&tab=mon,838556,2026-10-05 13:35:35,진원,False,ok,연재,mon,mon
mon,월,97,프로젝트 마르스,https://comic.naver.com/webtoon/list?titleId=837999&tab=mon,837999,2026-10-05 13:35:35,영주,False,ok,연재,mon,mon
mon,월,98,코너트 성 집사로 살아남기,https://comic.naver.com/webtoon/list?titleId=844064&tab=mon,844064,2026-10-05 13:35:35,LICO,False,ok,연재,mon,mon
mon,월,99,너의 완두콩을 먹고 싶어!,https://comic.naver.com/webtoon/list?titleId=839082&tab=mon,839082,2026-10-05 13:35:35,니소라스,False,ok,연재,mon,mon
mon,월,100,공주는 헬스장에 간다,https://comic.naver.com/webtoon/list?titleId=852173&tab=mon,852173,2026-10-05 13:35:35,콕,False,ok,연재,mon,mon
mon,월,101,네 앞에서만 부끄러운 나는,https://comic.naver.com/webtoon/list?titleId=845496&tab=mon,845496,2026-10-05 13:35:35,김현아,False,ok,연재,mon,mon
mon,월,102,"28, 청춘!",https://comic.naver.com/webtoon/list?titleId=853838&tab=mon,853838,2026-10-05 13:35:35,이나라,False,ok,연재,mon,mon
mon,월,103,뻐꾸기는 운다,https://comic.naver.com/webtoon/list?titleId=850661&tab=mon,850661,2026-10-05 13:35:35,진요,False,ok,연재,mon,mon
mon,월,104,한국에서 히어로 하기 힘들더라,https://comic.naver.com/webtoon/list?titleId=829666&tab=mon,829666,2026-10-05 13:35:35,이해력,False,ok,연재,mon,mon
mon,월,105,아직 제목 없음,https://comic.naver.com/webtoon/list?titleId=831547&tab=mon,831547,2026-10-05 13:35:35,주영현,False,ok,연재,mon,mon
mon,월,106,주희의 주위,https://comic.naver.com/webtoon/list?titleId=849058&tab=mon,849058,2026-10-05 13:35:35,G5,False,ok,연재,mon,mon
mon,월,107,솔로스쿨,https://comic.naver.com/webtoon/list?titleId=824208&tab=mon,824208,2026-10-05 13:35:35,랑쓰,False,ok,연재,mon,mon
mon,월,108,비터사이드 크렌베리스,https://comic.naver.com/webtoon/list?titleId=841755&tab=mon,841755,2026-10-05 13:35:35,챠콜,False,ok,연재,mon,mon
mon,월,109,달로 만든 아이,https://comic.naver.com/webtoon/list?titleId=784107&tab=mon,784107,2026-10-05 13:35:35,온윤,False,ok,연재,mon,mon
mon,월,110,킬링가드,https://comic.naver.com/webtoon/list?titleId=853116&tab=mon,853116,2026-10-05 13:35:35,이제환,False,ok,연재,mon,mon
mon,월,111,부활성녀,https://comic.naver.com/webtoon/list?titleId=853115&tab=mon,853115,2026-10-05 13:35:35,사리앵,False,ok,연재,mon,mon
mon,월,112,반도대탈출,https://comic.naver.com/webtoon/list?titleId=851869&tab=mon,851869,2026-10-05 13:35:36,카시모프,False,ok,연재,mon,mon
mon,월,113,귀신이 곡할 노릇,https://comic.naver.com/webtoon/list?titleId=849480&tab=mon,849480,2026-10-05 13:35:36,배아령,False,ok,연재,mon,mon
mon,월,114,데빌 캐피탈,https://comic.naver.com/webtoon/list?titleId=846866&tab=mon,846866,2026-10-05 13:35:36,정민용,False,ok,연재,mon,mon
mon,월,115,웅녀님이 보우하사,https://comic.naver.com/webtoon/list?titleId=842322&tab=mon,842322,2026-10-05 13:35:36,영파카,False,ok,연재,mon,mon
mon,월,116,철이 없어서 그래,https://comic.naver.com/webtoon/list?titleId=847435&tab=mon,847435,2026-10-05 13:35:36,심도수,False,ok,연재,mon,mon
mon,월,117,슬로우 다이브,https://comic.naver.com/webtoon/list?titleId=839087&tab=mon,839087,2026-10-05 13:35:36,고다,False,ok,연재,mon,mon
mon,월,118,좋아하면 닮는댔어,https://comic.naver.com/webtoon/list?titleId=842184&tab=mon,842184,2026-10-05 13:35:36,문주,False,ok,연재,mon,mon
mon,월,119,유체를 이탈하였습니다,https://comic.naver.com/webtoon/list?titleId=851839&tab=mon,851839,2026-10-05 13:35:36,이슬,False,ok,연재,mon,mon
mon,월,120,인생도 도네가 되나요,https://comic.naver.com/webtoon/list?titleId=855297&tab=mon,855297,2026-10-05 13:35:36,깜돌,False,ok,연재,mon,mon
mon,월,121,미친 도련님은 일상이 계략,https://comic.naver.com/webtoon/list?titleId=855298&tab=mon,855298,2026-10-05 13:35:36,배조,False,ok,연재,mon,mon
tue,화,1,괴력 난신,https://comic.naver.com/webtoon/list?titleId=821597&tab=tue,821597,2026-10-05 13:35:36,매드버드,False,ok,연재,tue,tue
tue,화,2,44교시 생존수업,https://comic.naver.com/webtoon/list?titleId=836848&tab=tue,836848,2026-10-05 13:35:36,상C,False,ok,연재,tue,tue
tue,화,3,절대회귀,https://comic.naver.com/webtoon/list?titleId=828715&tab=tue,828715,2026-10-05 13:35:36,JP,False,ok,연재,tue,tue
tue,화,4,오! 나의 교주님,https://comic.naver.com/webtoon/list?titleId=841624&tab=tue,841624,2026-10-05 13:35:36,,True,login_or_adult_required,,"tue,fri","tue,fri"
tue,화,5,회귀한 용병은 다 계획이 있다,https://comic.naver.com/webtoon/list?titleId=832557&tab=tue,832557,2026-10-05 13:35:36,골드행,False,ok,연재,tue,tue
tue,화,6,김부장,https://comic.naver.com/webtoon/list?titleId=783053&tab=tue,783053,2026-10-05 13:35:36,박만사,False,ok,연재,tue,tue
tue,화,7,예쁨 컬렉션,https://comic.naver.com/webtoon/list?titleId=844519&tab=tue,844519,2026-10-05 13:35:36,,True,login_or_adult_required,,tue,tue
tue,화,8,내가 키운 S급들,https://comic.naver.com/webtoon/list?titleId=784248&tab=tue,784248,2026-10-05 13:35:36,seri,False,ok,연재,tue,tue
tue,화,9,포그랜드,https://comic.naver.com/webtoon/list?titleId=843116&tab=tue,843116,2026-10-05 13:35:36,,True,login_or_adult_required,,tue,tue
tue,화,10,양치기 마법사,https://comic.naver.com/webtoon/list?titleId=848349&tab=tue,848349,2026-10-05 13:35:36,박만사,False,ok,연재,tue,tue
tue,화,11,멸망 이후의 세계,https://comic.naver.com/webtoon/list?titleId=789979&tab=tue,789979,2026-10-05 13:35:36,언데드딸기,False,ok,연재,tue,tue
tue,화,12,제물 투표,https://comic.naver.com/webtoon/list?titleId=850211&tab=tue,850211,2026-10-05 13:35:36,이아거,False,ok,연재,tue,tue
tue,화,13,아카데미 플레이어를 죽였다,https://comic.naver.com/webtoon/list?titleId=818434&tab=tue,818434,2026-10-05 13:35:36,기린그린,False,ok,연재,tue,tue
tue,화,14,중증외상센터 : 외과의사 백강혁,https://comic.naver.com/webtoon/list?titleId=835736&tab=tue,835736,2026-10-05 13:35:36,홍비치라,False,ok,연재,tue,tue
tue,화,15,백작가의 비밀스런 시녀님,https://comic.naver.com/webtoon/list?titleId=830106&tab=tue,830106,2026-10-05 13:35:36,MIDNIGHT STUDIO,False,ok,연재,tue,tue
tue,화,16,사신소년,https://comic.naver.com/webtoon/list?titleId=730656&tab=tue,730656,2026-10-05 13:35:36,류,False,ok,연재,tue,tue
tue,화,17,염라강림,https://comic.naver.com/webtoon/list?titleId=818192&tab=tue,818192,2026-10-05 13:35:36,바른꽃,False,ok,연재,tue,tue
tue,화,18,불꽃,https://comic.naver.com/webtoon/list?titleId=847033&tab=tue,847033,2026-10-05 13:35:36,오세형,False,ok,연재,tue,tue
tue,화,19,분신,https://comic.naver.com/webtoon/list?titleId=845407&tab=tue,845407,2026-10-05 13:35:36,,True,login_or_adult_required,,tue,tue
tue,화,20,천씨세가의 망나니가 되었다,https://comic.naver.com/webtoon/list?titleId=847541&tab=tue,847541,2026-10-05 13:35:36,오수휘,False,ok,연재,tue,tue
tue,화,21,벙커의 낮,https://comic.naver.com/webtoon/list?titleId=846643&tab=tue,846643,2026-10-05 13:35:36,2면지,False,ok,연재,tue,tue
tue,화,22,하수전설,https://comic.naver.com/webtoon/list?titleId=850653&tab=tue,850653,2026-10-05 13:35:36,밥푸울,False,ok,연재,tue,tue
tue,화,23,사채지간,https://comic.naver.com/webtoon/list?titleId=846114&tab=tue,846114,2026-10-05 13:35:36,흑백,False,ok,연재,tue,tue
tue,화,24,오늘도 퇴근,https://comic.naver.com/webtoon/list?titleId=842815&tab=tue,842815,2026-10-05 13:35:36,백초,False,ok,연재,tue,tue
tue,화,25,내가 죽인 드래곤과 결혼했다,https://comic.naver.com/webtoon/list?titleId=852628&tab=tue,852628,2026-10-05 13:35:37,만둣불,False,ok,연재,tue,tue
tue,화,26,나쁜남자가 돼라!,https://comic.naver.com/webtoon/list?titleId=847491&tab=tue,847491,2026-10-05 13:35:37,,True,login_or_adult_required,,tue,tue
tue,화,27,동생 왔다,https://comic.naver.com/webtoon/list?titleId=851503&tab=tue,851503,2026-10-05 13:35:37,모나,False,ok,"화, 토 연재","tue,sat","tue,sat"
tue,화,28,이세계서 유부남된 썰,https://comic.naver.com/webtoon/list?titleId=850103&tab=tue,850103,2026-10-05 13:35:37,판테라,False,ok,연재,tue,tue
tue,화,29,신과함께 돌아온 기사왕님,https://comic.naver.com/webtoon/list?titleId=809618&tab=tue,809618,2026-10-05 13:35:37,지대공마법소년,False,ok,연재,tue,tue
tue,화,30,방랑기사로 살아가는 법,https://comic.naver.com/webtoon/list?titleId=844589&tab=tue,844589,2026-10-05 13:35:37,박준호,False,ok,연재,tue,tue
tue,화,31,그랬더니 남친임니다,https://comic.naver.com/webtoon/list?titleId=853326&tab=tue,853326,2026-10-05 13:35:37,뽀꼬,False,ok,"화, 금 연재","tue,fri","tue,fri"
tue,화,32,사람의 탈,https://comic.naver.com/webtoon/list?titleId=822198&tab=tue,822198,2026-10-05 13:35:37,우주돌,False,ok,연재,tue,tue
tue,화,33,약 파는 황태자,https://comic.naver.com/webtoon/list?titleId=818969&tab=tue,818969,2026-10-05 13:35:37,하강호,False,ok,연재,tue,tue
tue,화,34,어느 날 해츨링이 되었다,https://comic.naver.com/webtoon/list?titleId=850266&tab=tue,850266,2026-10-05 13:35:37,판테라,False,ok,연재,tue,tue
tue,화,35,커플이상 부부미만,https://comic.naver.com/webtoon/list?titleId=850026&tab=tue,850026,2026-10-05 13:35:37,마자,False,ok,"화, 금 연재","tue,fri","tue,fri"
tue,화,36,안 멋진 어른 지혜 양,https://comic.naver.com/webtoon/list?titleId=850746&tab=tue,850746,2026-10-05 13:35:37,호리호,False,ok,연재,tue,tue
tue,화,37,타락면역이라 재앙급 마검 들고 시작한다,https://comic.naver.com/webtoon/list?titleId=853004&tab=tue,853004,2026-10-05 13:35:37,김상민,False,ok,연재,tue,tue
tue,화,38,사표내고 이계에서 힐링합니다,https://comic.naver.com/webtoon/list?titleId=800726&tab=tue,800726,2026-10-05 13:35:37,덤보,False,ok,연재,tue,tue
tue,화,39,결혼사수스캔들,https://comic.naver.com/webtoon/list?titleId=849563&tab=tue,849563,2026-10-05 13:35:37,해수,False,ok,연재,tue,tue
tue,화,40,나만 보는 탑 공략집,https://comic.naver.com/webtoon/list?titleId=823434&tab=tue,823434,2026-10-05 13:35:37,쿡,False,ok,연재,tue,tue
tue,화,41,생활의 참견 2 : 지금은 가족시절,https://comic.naver.com/webtoon/list?titleId=849676&tab=tue,849676,2026-10-05 13:35:37,김양수,False,ok,"화, 금 연재","tue,fri","tue,fri"
tue,화,42,천만청춘,https://comic.naver.com/webtoon/list?titleId=828402&tab=tue,828402,2026-10-05 13:35:37,유월,False,ok,연재,tue,tue
tue,화,43,원주민 공포만화,https://comic.naver.com/webtoon/list?titleId=698918&tab=tue,698918,2026-10-05 13:35:37,원주민,False,ok,연재,tue,tue
tue,화,44,주차장,https://comic.naver.com/webtoon/list?titleId=849647&tab=tue,849647,2026-10-05 13:35:37,곽백수,False,ok,연재,tue,tue
tue,화,45,육아부터 하는 연애,https://comic.naver.com/webtoon/list?titleId=847997&tab=tue,847997,2026-10-05 13:35:37,S,False,ok,연재,tue,tue
tue,화,46,풍요의 여신과 천재 망나니 사도님,https://comic.naver.com/webtoon/list?titleId=842346&tab=tue,842346,2026-10-05 13:35:37,성구,False,ok,연재,tue,tue
tue,화,47,환생했더니 단종의 보모나인,https://comic.naver.com/webtoon/list?titleId=843921&tab=tue,843921,2026-10-05 13:35:37,비단가리비,False,ok,연재,tue,tue
tue,화,48,원수의 아기를 가졌다,https://comic.naver.com/webtoon/list?titleId=846110&tab=tue,846110,2026-10-05 13:35:37,,True,login_or_adult_required,,tue,tue
tue,화,49,긁지 않은 복권,https://comic.naver.com/webtoon/list?titleId=828908&tab=tue,828908,2026-10-05 13:35:37,보로리,False,ok,연재,tue,tue
tue,화,50,화분,https://comic.naver.com/webtoon/list?titleId=851671&tab=tue,851671,2026-10-05 13:35:37,,True,login_or_adult_required,,tue,tue
tue,화,51,인간은 썩었어,https://comic.naver.com/webtoon/list?titleId=853936&tab=tue,853936,2026-10-05 13:35:37,차흐,False,ok,연재,tue,tue
tue,화,52,대공가의 새아가는 조금 사나워요,https://comic.naver.com/webtoon/list?titleId=851388&tab=tue,851388,2026-10-05 13:35:37,심상,False,ok,연재,tue,tue
tue,화,53,후원 낙인,https://comic.naver.com/webtoon/list?titleId=853895&tab=tue,853895,2026-10-05 13:35:37,송의영,False,ok,연재,tue,tue
tue,화,54,표현이 서툰 여자애,https://comic.naver.com/webtoon/list?titleId=855294&tab=tue,855294,2026-10-05 13:35:37,게게겍,False,ok,연재,tue,tue
tue,화,55,괴이현상 하나,https://comic.naver.com/webtoon/list?titleId=848549&tab=tue,848549,2026-10-05 13:35:37,머클,False,ok,연재,tue,tue
tue,화,56,폭풍의 전학생 시즌3,https://comic.naver.com/webtoon/list?titleId=851257&tab=tue,851257,2026-10-05 13:35:37,강냉이,False,ok,연재,tue,tue
tue,화,57,심판,https://comic.naver.com/webtoon/list?titleId=852505&tab=tue,852505,2026-10-05 13:35:37,뿌엑이,False,ok,연재,tue,tue
tue,화,58,블러드레인 3,https://comic.naver.com/webtoon/list?titleId=845665&tab=tue,845665,2026-10-05 13:35:37,백두,False,ok,연재,tue,tue
tue,화,59,브레이커즈,https://comic.naver.com/webtoon/list?titleId=841810&tab=tue,841810,2026-10-05 13:35:37,JDL,False,ok,"화, 금 연재","tue,fri","tue,fri"
tue,화,60,가공낙원,https://comic.naver.com/webtoon/list?titleId=830053&tab=tue,830053,2026-10-05 13:35:37,삼촌,False,ok,연재,tue,tue
tue,화,61,혈마전기,https://comic.naver.com/webtoon/list?titleId=854518&tab=tue,854518,2026-10-05 13:35:38,자몽소년,False,ok,연재,tue,tue
tue,화,62,아름다운 줄리엣을 위하여,https://comic.naver.com/webtoon/list?titleId=829139&tab=tue,829139,2026-10-05 13:35:38,나사못,False,ok,연재,tue,tue
tue,화,63,개집사,https://comic.naver.com/webtoon/list?titleId=828292&tab=tue,828292,2026-10-05 13:35:38,고추참치,False,ok,"화, 금 연재","tue,fri","tue,fri"
tue,화,64,역변! 첫사랑,https://comic.naver.com/webtoon/list?titleId=853903&tab=tue,853903,2026-10-05 13:35:38,혁상,False,ok,연재,tue,tue
tue,화,65,윌유메리미,https://comic.naver.com/webtoon/list?titleId=616239&tab=tue,616239,2026-10-05 13:35:38,마인드C,False,ok,"화, 토 연재","tue,sat","tue,sat"
tue,화,66,빌런투킬,https://comic.naver.com/webtoon/list?titleId=765156&tab=tue,765156,2026-10-05 13:35:38,퓨핀,False,ok,연재,tue,tue
tue,화,67,클래스메이트,https://comic.naver.com/webtoon/list?titleId=842086&tab=tue,842086,2026-10-05 13:35:38,수리부,False,ok,연재,tue,tue
tue,화,68,착한 여자 안선해,https://comic.naver.com/webtoon/list?titleId=812576&tab=tue,812576,2026-10-05 13:35:38,선우,False,ok,연재,tue,tue
tue,화,69,딜리버리 임파서블,https://comic.naver.com/webtoon/list?titleId=854757&tab=tue,854757,2026-10-05 13:35:38,담객,False,ok,연재,tue,tue
tue,화,70,야만의 청혼,https://comic.naver.com/webtoon/list?titleId=833873&tab=tue,833873,2026-10-05 13:35:38,team IRUKA,False,ok,연재,tue,tue
tue,화,71,고고밍밍고,https://comic.naver.com/webtoon/list?titleId=841824&tab=tue,841824,2026-10-05 13:35:38,밍밍고,False,ok,"화, 목 연재","tue,thu","tue,thu"
tue,화,72,색시한 내 우렁이,https://comic.naver.com/webtoon/list?titleId=849507&tab=tue,849507,2026-10-05 13:35:38,수오수,False,ok,연재,tue,tue
tue,화,73,대졸백수 400만 시대의 하여자들,https://comic.naver.com/webtoon/list?titleId=848026&tab=tue,848026,2026-10-05 13:35:38,최정아,False,ok,연재,tue,tue
tue,화,74,내 남편의 정부에게,https://comic.naver.com/webtoon/list?titleId=817366&tab=tue,817366,2026-10-05 13:35:38,에리카,False,ok,연재,tue,tue
tue,화,75,하트는 파랑,https://comic.naver.com/webtoon/list?titleId=852620&tab=tue,852620,2026-10-05 13:35:38,5보2,False,ok,연재,tue,tue
tue,화,76,스마일 복서,https://comic.naver.com/webtoon/list?titleId=841320&tab=tue,841320,2026-10-05 13:35:38,상상어,False,ok,연재,tue,tue
tue,화,77,터닝포인트,https://comic.naver.com/webtoon/list?titleId=843450&tab=tue,843450,2026-10-05 13:35:38,숭어,False,ok,연재,tue,tue
tue,화,78,죽어 천국에 가다,https://comic.naver.com/webtoon/list?titleId=826887&tab=tue,826887,2026-10-05 13:35:38,수사반장,False,ok,연재,tue,tue
tue,화,79,보이드맨,https://comic.naver.com/webtoon/list?titleId=827173&tab=tue,827173,2026-10-05 13:35:38,한건희,False,ok,연재,tue,tue
tue,화,80,인그레이브,https://comic.naver.com/webtoon/list?titleId=851854&tab=tue,851854,2026-10-05 13:35:38,도마,False,ok,연재,tue,tue
tue,화,81,재난은 늘 곁에 있다,https://comic.naver.com/webtoon/list?titleId=827333&tab=tue,827333,2026-10-05 13:35:38,이혜,False,ok,연재,tue,tue
tue,화,82,비밀의 정원,https://comic.naver.com/webtoon/list?titleId=844592&tab=tue,844592,2026-10-05 13:35:38,쑤녕,False,ok,연재,tue,tue
tue,화,83,포 더 퀸덤,https://comic.naver.com/webtoon/list?titleId=812414&tab=tue,812414,2026-10-05 13:35:38,,True,login_or_adult_required,,tue,tue
tue,화,84,맞불결혼,https://comic.naver.com/webtoon/list?titleId=855152&tab=tue,855152,2026-10-05 13:35:38,LICO,False,ok,연재,tue,tue
tue,화,85,마도애를 사랑하는 법,https://comic.naver.com/webtoon/list?titleId=849913&tab=tue,849913,2026-10-05 13:35:38,서,False,ok,연재,tue,tue
tue,화,86,콩에서 새싹이!,https://comic.naver.com/webtoon/list?titleId=843325&tab=tue,843325,2026-10-05 13:35:38,숙희,False,ok,연재,tue,tue
tue,화,87,디펜스 브레이커,https://comic.naver.com/webtoon/list?titleId=840348&tab=tue,840348,2026-10-05 13:35:38,주신,False,ok,연재,tue,tue
tue,화,88,불순물 연애,https://comic.naver.com/webtoon/list?titleId=842335&tab=tue,842335,2026-10-05 13:35:38,우짜,False,ok,연재,tue,tue
tue,화,89,레디액션,https://comic.naver.com/webtoon/list?titleId=855128&tab=tue,855128,2026-10-05 13:35:38,나근H,False,ok,연재,tue,tue
tue,화,90,없는 사람,https://comic.naver.com/webtoon/list?titleId=844571&tab=tue,844571,2026-10-05 13:35:38,오리,False,ok,연재,tue,tue
tue,화,91,불로불사로 산다는 것은,https://comic.naver.com/webtoon/list?titleId=849301&tab=tue,849301,2026-10-05 13:35:38,차원,False,ok,연재,tue,tue
tue,화,92,내남친 킹카만들기,https://comic.naver.com/webtoon/list?titleId=791126&tab=tue,791126,2026-10-05 13:35:38,랑쓰,False,ok,연재,tue,tue
tue,화,93,붉은 이정표,https://comic.naver.com/webtoon/list?titleId=790776&tab=tue,790776,2026-10-05 13:35:38,달뜬,False,ok,연재,tue,tue
tue,화,94,인생내꺼,https://comic.naver.com/webtoon/list?titleId=835582&tab=tue,835582,2026-10-05 13:35:39,미티,False,ok,연재,tue,tue
tue,화,95,남자가 되기 싫어,https://comic.naver.com/webtoon/list?titleId=852887&tab=tue,852887,2026-10-05 13:35:39,성은,False,ok,연재,tue,tue
tue,화,96,스타코인,https://comic.naver.com/webtoon/list?titleId=851412&tab=tue,851412,2026-10-05 13:35:39,지나무,False,ok,연재,tue,tue
tue,화,97,힐링사무소,https://comic.naver.com/webtoon/list?titleId=849149&tab=tue,849149,2026-10-05 13:35:39,박태희,False,ok,연재,tue,tue
tue,화,98,선 넘는 결혼생활,https://comic.naver.com/webtoon/list?titleId=834750&tab=tue,834750,2026-10-05 13:35:39,맹,False,ok,연재,tue,tue
tue,화,99,살찐청부업자,https://comic.naver.com/webtoon/list?titleId=845883&tab=tue,845883,2026-10-05 13:35:39,다색,False,ok,연재,tue,tue
tue,화,100,너의 세계,https://comic.naver.com/webtoon/list?titleId=848902&tab=tue,848902,2026-10-05 13:35:39,이에내,False,ok,연재,tue,tue
tue,화,101,아폴론 저축은행,https://comic.naver.com/webtoon/list?titleId=842845&tab=tue,842845,2026-10-05 13:35:39,차무진,False,ok,연재,tue,tue
tue,화,102,써니서프,https://comic.naver.com/webtoon/list?titleId=848710&tab=tue,848710,2026-10-05 13:35:39,두한,False,ok,연재,tue,tue
tue,화,103,레벨업! 여신님,https://comic.naver.com/webtoon/list?titleId=852169&tab=tue,852169,2026-10-05 13:35:39,도롱뇽,False,ok,연재,tue,tue
tue,화,104,존X킬러,https://comic.naver.com/webtoon/list?titleId=841930&tab=tue,841930,2026-10-05 13:35:39,메론뽀이,False,ok,연재,tue,tue
tue,화,105,시한부 황후의 나쁜 짓,https://comic.naver.com/webtoon/list?titleId=819054&tab=tue,819054,2026-10-05 13:35:39,굄,False,ok,연재,tue,tue
tue,화,106,한계돌파,https://comic.naver.com/webtoon/list?titleId=847436&tab=tue,847436,2026-10-05 13:35:39,정우리,False,ok,연재,tue,tue
tue,화,107,비기닝즈,https://comic.naver.com/webtoon/list?titleId=840344&tab=tue,840344,2026-10-05 13:35:39,박정운,False,ok,연재,tue,tue
tue,화,108,시냅틱 에러,https://comic.naver.com/webtoon/list?titleId=852168&tab=tue,852168,2026-10-05 13:35:39,연제원,False,ok,연재,tue,tue
tue,화,109,썸머문: 더 큐프리즈,https://comic.naver.com/webtoon/list?titleId=840900&tab=tue,840900,2026-10-05 13:35:39,HYBE,False,ok,연재,tue,tue
tue,화,110,불완전X스타,https://comic.naver.com/webtoon/list?titleId=841333&tab=tue,841333,2026-10-05 13:35:39,성목,False,ok,연재,tue,tue
tue,화,111,에투알의 비밀,https://comic.naver.com/webtoon/list?titleId=851384&tab=tue,851384,2026-10-05 13:35:39,허니비,False,ok,연재,tue,tue
tue,화,112,소녀*구원대행,https://comic.naver.com/webtoon/list?titleId=849744&tab=tue,849744,2026-10-05 13:35:39,한기주,False,ok,연재,tue,tue
wed,수,1,화산귀환,https://comic.naver.com/webtoon/list?titleId=769209&tab=wed,769209,2026-10-05 13:35:39,ARCHE,False,ok,연재,wed,wed
wed,수,2,별을 품은 소드마스터,https://comic.naver.com/webtoon/list?titleId=816809&tab=wed,816809,2026-10-05 13:35:39,홍대의,False,ok,연재,wed,wed
wed,수,3,종말이 찾아왔다,https://comic.naver.com/webtoon/list?titleId=838002&tab=wed,838002,2026-10-05 13:35:39,전선욱,False,ok,연재,wed,wed
wed,수,4,조의 영역: 여의도,https://comic.naver.com/webtoon/list?titleId=854589&tab=wed,854589,2026-10-05 13:35:39,조석,False,ok,연재,wed,wed
wed,수,5,싸이코패스 in 무림,https://comic.naver.com/webtoon/list?titleId=846109&tab=wed,846109,2026-10-05 13:35:39,,True,login_or_adult_required,,wed,wed
wed,수,6,쪽팔려게임,https://comic.naver.com/webtoon/list?titleId=847135&tab=wed,847135,2026-10-05 13:35:39,봉수,False,ok,연재,wed,wed
wed,수,7,천마는 조용히 살고싶다,https://comic.naver.com/webtoon/list?titleId=834502&tab=wed,834502,2026-10-05 13:35:39,기제마,False,ok,연재,wed,wed
wed,수,8,일렉시드,https://comic.naver.com/webtoon/list?titleId=717481&tab=wed,717481,2026-10-05 13:35:39,손제호,False,ok,연재,wed,wed
wed,수,9,썰:관계주의,https://comic.naver.com/webtoon/list?titleId=834033&tab=wed,834033,2026-10-05 13:35:39,,True,login_or_adult_required,,wed,wed
wed,수,10,운명을 보는 회사원,https://comic.naver.com/webtoon/list?titleId=797443&tab=wed,797443,2026-10-05 13:35:39,영완(映完),False,ok,연재,wed,wed
wed,수,11,백XX,https://comic.naver.com/webtoon/list?titleId=804862&tab=wed,804862,2026-10-05 13:35:39,병장,False,ok,연재,wed,wed
wed,수,12,66666년 만에 환생한 흑마법사,https://comic.naver.com/webtoon/list?titleId=775141&tab=wed,775141,2026-10-05 13:35:39,모도,False,ok,연재,wed,wed
wed,수,13,1등급 싸움과외,https://comic.naver.com/webtoon/list?titleId=821321&tab=wed,821321,2026-10-05 13:35:39,김태경,False,ok,연재,wed,wed
wed,수,14,중간에서 만나,https://comic.naver.com/webtoon/list?titleId=808455&tab=wed,808455,2026-10-05 13:35:39,조흰,False,ok,연재,wed,wed
wed,수,15,흑사,https://comic.naver.com/webtoon/list?titleId=828170&tab=wed,828170,2026-10-05 13:35:39,안경알,False,ok,연재,wed,wed
wed,수,16,어느 마법사의 식당,https://comic.naver.com/webtoon/list?titleId=818888&tab=wed,818888,2026-10-05 13:35:40,차씨,False,ok,연재,wed,wed
wed,수,17,미래의 골동품 가게,https://comic.naver.com/webtoon/list?titleId=742105&tab=wed,742105,2026-10-05 13:35:40,구아진,False,ok,연재,wed,wed
wed,수,18,방구석 재민이,https://comic.naver.com/webtoon/list?titleId=839712&tab=wed,839712,2026-10-05 13:35:40,뽈쟁이,False,ok,연재,wed,wed
wed,수,19,멸귀수도전,https://comic.naver.com/webtoon/list?titleId=851689&tab=wed,851689,2026-10-05 13:35:40,이산책,False,ok,연재,wed,wed
wed,수,20,건곤불이기,https://comic.naver.com/webtoon/list?titleId=829211&tab=wed,829211,2026-10-05 13:35:40,박만사,False,ok,연재,wed,wed
wed,수,21,원더랜드,https://comic.naver.com/webtoon/list?titleId=852503&tab=wed,852503,2026-10-05 13:35:40,까말솔,False,ok,연재,wed,wed
wed,수,22,천재는 평범하게 살기로 했더,https://comic.naver.com/webtoon/list?titleId=835042&tab=wed,835042,2026-10-05 13:35:40,비단가리비,False,ok,연재,wed,wed
wed,수,23,나쁜사람,https://comic.naver.com/webtoon/list?titleId=750184&tab=wed,750184,2026-10-05 13:35:40,둠스,False,ok,연재,wed,wed
wed,수,24,왕따가 격투기를 너무 잘함,https://comic.naver.com/webtoon/list?titleId=806888&tab=wed,806888,2026-10-05 13:35:40,김꿀빨,False,ok,연재,wed,wed
wed,수,25,공작님의 아이만 필요합니다,https://comic.naver.com/webtoon/list?titleId=849451&tab=wed,849451,2026-10-05 13:35:40,라뇽,False,ok,연재,wed,wed
wed,수,26,좋아하면 멍청해진다,https://comic.naver.com/webtoon/list?titleId=850214&tab=wed,850214,2026-10-05 13:35:40,뀌옥,False,ok,연재,wed,wed
wed,수,27,밥먹고가라,https://comic.naver.com/webtoon/list?titleId=838956&tab=wed,838956,2026-10-05 13:35:40,차우민,False,ok,연재,wed,wed
wed,수,28,첩자의 마교생활,https://comic.naver.com/webtoon/list?titleId=836382&tab=wed,836382,2026-10-05 13:35:40,DALGON,False,ok,연재,wed,wed
wed,수,29,중대장은 실망했다,https://comic.naver.com/webtoon/list?titleId=841639&tab=wed,841639,2026-10-05 13:35:40,이량,False,ok,"수, 토 연재","wed,sat","wed,sat"
wed,수,30,내 분신이 거물이 되어간다,https://comic.naver.com/webtoon/list?titleId=832667&tab=wed,832667,2026-10-05 13:35:40,LICO,False,ok,연재,wed,wed
wed,수,31,표절의혹,https://comic.naver.com/webtoon/list?titleId=846106&tab=wed,846106,2026-10-05 13:35:40,,True,login_or_adult_required,,wed,wed
wed,수,32,어린이집 다니는 구나,https://comic.naver.com/webtoon/list?titleId=817945&tab=wed,817945,2026-10-05 13:35:40,구나,False,ok,"월, 수 연재","mon,wed","mon,wed"
wed,수,33,드래곤 여친이 귀환했다,https://comic.naver.com/webtoon/list?titleId=855153&tab=wed,855153,2026-10-05 13:35:40,LICO,False,ok,연재,wed,wed
wed,수,34,강철을 먹는 플레이어,https://comic.naver.com/webtoon/list?titleId=814421&tab=wed,814421,2026-10-05 13:35:40,황동,False,ok,연재,wed,wed
wed,수,35,해일주의보,https://comic.naver.com/webtoon/list?titleId=853833&tab=wed,853833,2026-10-05 13:35:40,맛곰,False,ok,연재,wed,wed
wed,수,36,싸움배달,https://comic.naver.com/webtoon/list?titleId=850079&tab=wed,850079,2026-10-05 13:35:40,하우진,False,ok,연재,wed,wed
wed,수,37,완벽한 선배의 Hide!,https://comic.naver.com/webtoon/list?titleId=849742&tab=wed,849742,2026-10-05 13:35:40,두지,False,ok,연재,wed,wed
wed,수,38,다 때려치고 콜라 팝니다,https://comic.naver.com/webtoon/list?titleId=852631&tab=wed,852631,2026-10-05 13:35:40,윤재호,False,ok,연재,wed,wed
wed,수,39,서른의 봄,https://comic.naver.com/webtoon/list?titleId=850933&tab=wed,850933,2026-10-05 13:35:40,면지,False,ok,연재,wed,wed
wed,수,40,빌드업,https://comic.naver.com/webtoon/list?titleId=750826&tab=wed,750826,2026-10-05 13:35:40,911,False,ok,연재,wed,wed
wed,수,41,2026 루키 단편선,https://comic.naver.com/webtoon/list?titleId=853869&tab=wed,853869,2026-10-05 13:35:40,네이버웹툰,False,ok,"월, 수, 목, 일 연재","mon,wed,thu,sun","mon,wed,thu,sun"
wed,수,42,신수 유치원,https://comic.naver.com/webtoon/list?titleId=835762&tab=wed,835762,2026-10-05 13:35:40,여눅,False,ok,연재,wed,wed
wed,수,43,모닥불 친구들,https://comic.naver.com/webtoon/list?titleId=837439&tab=wed,837439,2026-10-05 13:35:40,다롱다리,False,ok,연재,wed,wed
wed,수,44,쾌변일지,https://comic.naver.com/webtoon/list?titleId=851264&tab=wed,851264,2026-10-05 13:35:40,도다,False,ok,연재,wed,wed
wed,수,45,폐쇄교실,https://comic.naver.com/webtoon/list?titleId=855285&tab=wed,855285,2026-10-05 13:35:40,김갈마,False,ok,연재,wed,wed
wed,수,46,로열패밀리,https://comic.naver.com/webtoon/list?titleId=845917&tab=wed,845917,2026-10-05 13:35:40,옥한돌,False,ok,연재,wed,wed
wed,수,47,두 번 사는 프로듀서,https://comic.naver.com/webtoon/list?titleId=780253&tab=wed,780253,2026-10-05 13:35:40,여로운,False,ok,연재,wed,wed
wed,수,48,수인 보호소에서 남주를 입양해 버렸다,https://comic.naver.com/webtoon/list?titleId=814599&tab=wed,814599,2026-10-05 13:35:40,유지별이,False,ok,연재,wed,wed
wed,수,49,칼부림,https://comic.naver.com/webtoon/list?titleId=602916&tab=wed,602916,2026-10-05 13:35:40,고일권,False,ok,연재,wed,wed
wed,수,50,별과 사슬이 뜨는 섬,https://comic.naver.com/webtoon/list?titleId=837100&tab=wed,837100,2026-10-05 13:35:40,어패류메기,False,ok,연재,wed,wed
wed,수,51,결혼은 당신 형과,https://comic.naver.com/webtoon/list?titleId=835753&tab=wed,835753,2026-10-05 13:35:41,서각,False,ok,연재,wed,wed
wed,수,52,뽀대작렬,https://comic.naver.com/webtoon/list?titleId=820923&tab=wed,820923,2026-10-05 13:35:41,상하,False,ok,연재,wed,wed
wed,수,53,귀령,https://comic.naver.com/webtoon/list?titleId=832095&tab=wed,832095,2026-10-05 13:35:41,가나라,False,ok,연재,wed,wed
wed,수,54,게임에서 남자를 만나지 마세요,https://comic.naver.com/webtoon/list?titleId=845675&tab=wed,845675,2026-10-05 13:35:41,부메랑 마스터,False,ok,연재,wed,wed
wed,수,55,용한소녀,https://comic.naver.com/webtoon/list?titleId=803891&tab=wed,803891,2026-10-05 13:35:41,올소,False,ok,연재,wed,wed
wed,수,56,숙녀가 대머리이면 어떻단말인가,https://comic.naver.com/webtoon/list?titleId=853619&tab=wed,853619,2026-10-05 13:35:41,,True,login_or_adult_required,,wed,wed
wed,수,57,해골전령 이야기,https://comic.naver.com/webtoon/list?titleId=842620&tab=wed,842620,2026-10-05 13:35:41,kain_y,False,ok,연재,wed,wed
wed,수,58,마님이네 미국 시골집 이야기,https://comic.naver.com/webtoon/list?titleId=814048&tab=wed,814048,2026-10-05 13:35:41,마님,False,ok,"수, 토 연재","wed,sat","wed,sat"
wed,수,59,함부로 길들이지 마시오!,https://comic.naver.com/webtoon/list?titleId=845656&tab=wed,845656,2026-10-05 13:35:41,해마,False,ok,연재,wed,wed
wed,수,60,달마건,https://comic.naver.com/webtoon/list?titleId=835801&tab=wed,835801,2026-10-05 13:35:41,양영순,False,ok,연재,wed,wed
wed,수,61,상속자들 사이에서 살아남기,https://comic.naver.com/webtoon/list?titleId=854560&tab=wed,854560,2026-10-05 13:35:41,소어링,False,ok,연재,wed,wed
wed,수,62,조상님이 보고계셔,https://comic.naver.com/webtoon/list?titleId=850971&tab=wed,850971,2026-10-05 13:35:41,문찌,False,ok,연재,wed,wed
wed,수,63,고하이런,https://comic.naver.com/webtoon/list?titleId=853092&tab=wed,853092,2026-10-05 13:35:41,지민수,False,ok,연재,wed,wed
wed,수,64,두 번 빼앗긴 남편,https://comic.naver.com/webtoon/list?titleId=839880&tab=wed,839880,2026-10-05 13:35:41,홀림,False,ok,연재,wed,wed
wed,수,65,언덕 위의 제임스,https://comic.naver.com/webtoon/list?titleId=671421&tab=wed,671421,2026-10-05 13:35:41,쿠당탕,False,ok,연재,wed,wed
wed,수,66,우리 커플 아님!,https://comic.naver.com/webtoon/list?titleId=853820&tab=wed,853820,2026-10-05 13:35:41,봄소희,False,ok,연재,wed,wed
wed,수,67,헤르몬트 공작의 남자 정부,https://comic.naver.com/webtoon/list?titleId=854343&tab=wed,854343,2026-10-05 13:35:41,몽찌,False,ok,연재,wed,wed
wed,수,68,착각 연애,https://comic.naver.com/webtoon/list?titleId=854786&tab=wed,854786,2026-10-05 13:35:41,89,False,ok,연재,wed,wed
wed,수,69,냥냥찍찍!,https://comic.naver.com/webtoon/list?titleId=844952&tab=wed,844952,2026-10-05 13:35:41,꾀돌이,False,ok,"수, 토 연재","wed,sat","wed,sat"
wed,수,70,헬 로그인,https://comic.naver.com/webtoon/list?titleId=853159&tab=wed,853159,2026-10-05 13:35:41,보고싶었어요,False,ok,연재,wed,wed
wed,수,71,오늘은 뭐하고 놀까?,https://comic.naver.com/webtoon/list?titleId=842116&tab=wed,842116,2026-10-05 13:35:41,햄김밥,False,ok,"월, 수 연재","mon,wed","mon,wed"
wed,수,72,"양아치, 순애합니다",https://comic.naver.com/webtoon/list?titleId=847748&tab=wed,847748,2026-10-05 13:35:41,서난,False,ok,연재,wed,wed
wed,수,73,남자친구의 결혼식,https://comic.naver.com/webtoon/list?titleId=855391&tab=wed,855391,2026-10-05 13:35:41,비티,False,ok,연재,wed,wed
wed,수,74,댄서,https://comic.naver.com/webtoon/list?titleId=848316&tab=wed,848316,2026-10-05 13:35:41,영일보이,False,ok,연재,wed,wed
wed,수,75,사라지게,https://comic.naver.com/webtoon/list?titleId=852270&tab=wed,852270,2026-10-05 13:35:41,ㅎㅂㅆ,False,ok,연재,wed,wed
wed,수,76,계약 결혼 종료,https://comic.naver.com/webtoon/list?titleId=839331&tab=wed,839331,2026-10-05 13:35:41,꾸리,False,ok,연재,wed,wed
wed,수,77,귀여WAR,https://comic.naver.com/webtoon/list?titleId=845456&tab=wed,845456,2026-10-05 13:35:41,이난,False,ok,연재,wed,wed
wed,수,78,검은머리 기사왕,https://comic.naver.com/webtoon/list?titleId=846824&tab=wed,846824,2026-10-05 13:35:41,나인,False,ok,연재,wed,wed
wed,수,79,레몬나무숲,https://comic.naver.com/webtoon/list?titleId=848317&tab=wed,848317,2026-10-05 13:35:41,해소금,False,ok,연재,wed,wed
wed,수,80,하렘의 남자들,https://comic.naver.com/webtoon/list?titleId=760001&tab=wed,760001,2026-10-05 13:35:41,히어리,False,ok,연재,wed,wed
wed,수,81,0의 온도,https://comic.naver.com/webtoon/list?titleId=850650&tab=wed,850650,2026-10-05 13:35:41,0g,False,ok,연재,wed,wed
wed,수,82,사자의 코털을 건드린 것 같아요,https://comic.naver.com/webtoon/list?titleId=854832&tab=wed,854832,2026-10-05 13:35:41,이깜누,False,ok,연재,wed,wed
wed,수,83,경성배달꾼,https://comic.naver.com/webtoon/list?titleId=850967&tab=wed,850967,2026-10-05 13:35:41,열오,False,ok,연재,wed,wed
wed,수,84,여명의 등불,https://comic.naver.com/webtoon/list?titleId=822109&tab=wed,822109,2026-10-05 13:35:41,구크,False,ok,연재,wed,wed
wed,수,85,불완전 자매,https://comic.naver.com/webtoon/list?titleId=850656&tab=wed,850656,2026-10-05 13:35:41,냠냠이,False,ok,연재,wed,wed
wed,수,86,철릉고등학교,https://comic.naver.com/webtoon/list?titleId=848318&tab=wed,848318,2026-10-05 13:35:42,분발맨,False,ok,연재,wed,wed
wed,수,87,언플러그드 보이,https://comic.naver.com/webtoon/list?titleId=852504&tab=wed,852504,2026-10-05 13:35:42,천계영,False,ok,연재,wed,wed
wed,수,88,일곱 번째 의뢰인,https://comic.naver.com/webtoon/list?titleId=850210&tab=wed,850210,2026-10-05 13:35:42,,True,login_or_adult_required,,wed,wed
wed,수,89,마누의 딸들,https://comic.naver.com/webtoon/list?titleId=841087&tab=wed,841087,2026-10-05 13:35:42,신일숙,False,ok,연재,wed,wed
wed,수,90,카르텔,https://comic.naver.com/webtoon/list?titleId=849144&tab=wed,849144,2026-10-05 13:35:42,박수봉,False,ok,연재,wed,wed
wed,수,91,불로남친,https://comic.naver.com/webtoon/list?titleId=852783&tab=wed,852783,2026-10-05 13:35:42,율로,False,ok,연재,wed,wed
wed,수,92,아이스크림 소년,https://comic.naver.com/webtoon/list?titleId=834349&tab=wed,834349,2026-10-05 13:35:42,은풀,False,ok,연재,wed,wed
wed,수,93,나태한 마왕은 신과 싸우기로 결심한다.,https://comic.naver.com/webtoon/list?titleId=826853&tab=wed,826853,2026-10-05 13:35:42,백창훈,False,ok,연재,wed,wed
wed,수,94,은빛 눈이 반짝이던,https://comic.naver.com/webtoon/list?titleId=853653&tab=wed,853653,2026-10-05 13:35:42,조이은,False,ok,연재,wed,wed
wed,수,95,더킹,https://comic.naver.com/webtoon/list?titleId=851029&tab=wed,851029,2026-10-05 13:35:42,세모,False,ok,연재,wed,wed
wed,수,96,비인간서사,https://comic.naver.com/webtoon/list?titleId=849747&tab=wed,849747,2026-10-05 13:35:42,호밀밭,False,ok,연재,wed,wed
wed,수,97,반짝반짝 작은 눈,https://comic.naver.com/webtoon/list?titleId=772729&tab=wed,772729,2026-10-05 13:35:42,억수씨,False,ok,연재,wed,wed
wed,수,98,어시스턴트,https://comic.naver.com/webtoon/list?titleId=839587&tab=wed,839587,2026-10-05 13:35:42,38,False,ok,연재,wed,wed
wed,수,99,멸종위기종인간,https://comic.naver.com/webtoon/list?titleId=791892&tab=wed,791892,2026-10-05 13:35:42,사하라,False,ok,연재,wed,wed
wed,수,100,연애 전공 새내기입니다,https://comic.naver.com/webtoon/list?titleId=852623&tab=wed,852623,2026-10-05 13:35:42,교진,False,ok,연재,wed,wed
wed,수,101,유사품에 주의하세요,https://comic.naver.com/webtoon/list?titleId=838943&tab=wed,838943,2026-10-05 13:35:42,초롱이,False,ok,연재,wed,wed
wed,수,102,스톤에이지,https://comic.naver.com/webtoon/list?titleId=849283&tab=wed,849283,2026-10-05 13:35:42,JA,False,ok,연재,wed,wed
wed,수,103,향기로운 계약관계,https://comic.naver.com/webtoon/list?titleId=847910&tab=wed,847910,2026-10-05 13:35:42,토랑,False,ok,연재,wed,wed
wed,수,104,레베카의 기도,https://comic.naver.com/webtoon/list?titleId=834987&tab=wed,834987,2026-10-05 13:35:42,주은,False,ok,연재,wed,wed
wed,수,105,우리애 대한,https://comic.naver.com/webtoon/list?titleId=848028&tab=wed,848028,2026-10-05 13:35:42,차미슬,False,ok,연재,wed,wed
wed,수,106,낙화의별,https://comic.naver.com/webtoon/list?titleId=843318&tab=wed,843318,2026-10-05 13:35:42,MOOHAK,False,ok,연재,wed,wed
wed,수,107,데드포인트,https://comic.naver.com/webtoon/list?titleId=830004&tab=wed,830004,2026-10-05 13:35:42,마요락,False,ok,연재,wed,wed
wed,수,108,털썩...너에게 반해버렸달까?,https://comic.naver.com/webtoon/list?titleId=844559&tab=wed,844559,2026-10-05 13:35:42,후야,False,ok,연재,wed,wed
wed,수,109,더 스트리머,https://comic.naver.com/webtoon/list?titleId=851409&tab=wed,851409,2026-10-05 13:35:42,란,False,ok,연재,wed,wed
wed,수,110,1등을 위해,https://comic.naver.com/webtoon/list?titleId=841826&tab=wed,841826,2026-10-05 13:35:42,재른,False,ok,연재,wed,wed
wed,수,111,포비든 플레저,https://comic.naver.com/webtoon/list?titleId=843209&tab=wed,843209,2026-10-05 13:35:42,탐포포에이키,False,ok,연재,wed,wed
wed,수,112,S급 공무수행에 협조 부탁드립니다,https://comic.naver.com/webtoon/list?titleId=843070&tab=wed,843070,2026-10-05 13:35:42,마귀,False,ok,연재,wed,wed
thu,목,1,나의 경험,https://comic.naver.com/webtoon/list?titleId=853278&tab=thu,853278,2026-10-05 13:35:42,,True,login_or_adult_required,,thu,thu
thu,목,2,나노마신,https://comic.naver.com/webtoon/list?titleId=747271&tab=thu,747271,2026-10-05 13:35:42,현절무,False,ok,연재,thu,thu
thu,목,3,마흔 즈음에,https://comic.naver.com/webtoon/list?titleId=836052&tab=thu,836052,2026-10-05 13:35:42,서쿤스,False,ok,연재,thu,thu
thu,목,4,육아일기,https://comic.naver.com/webtoon/list?titleId=812354&tab=thu,812354,2026-10-05 13:35:43,자까,False,ok,"목, 일 연재","thu,sun","thu,sun"
thu,목,5,재벌집 막내아들,https://comic.naver.com/webtoon/list?titleId=800770&tab=thu,800770,2026-10-05 13:35:43,JP,False,ok,연재,thu,thu
thu,목,6,게임 속 바바리안으로 살아남기,https://comic.naver.com/webtoon/list?titleId=808482&tab=thu,808482,2026-10-05 13:35:43,팀 더 지크,False,ok,연재,thu,thu
thu,목,7,천마육성,https://comic.naver.com/webtoon/list?titleId=776255&tab=thu,776255,2026-10-05 13:35:43,광휘,False,ok,연재,thu,thu
thu,목,8,럭키비치,https://comic.naver.com/webtoon/list?titleId=852498&tab=thu,852498,2026-10-05 13:35:43,,True,login_or_adult_required,,"thu,sun","thu,sun"
thu,목,9,무사만리행,https://comic.naver.com/webtoon/list?titleId=746857&tab=thu,746857,2026-10-05 13:35:43,운,False,ok,연재,thu,thu
thu,목,10,소꿉친구 컴플렉스,https://comic.naver.com/webtoon/list?titleId=822640&tab=thu,822640,2026-10-05 13:35:43,,True,login_or_adult_required,,thu,thu
thu,목,11,"풍작이에요, 마왕님!",https://comic.naver.com/webtoon/list?titleId=837486&tab=thu,837486,2026-10-05 13:35:43,이현민,False,ok,연재,thu,thu
thu,목,12,전직지존,https://comic.naver.com/webtoon/list?titleId=852845&tab=thu,852845,2026-10-05 13:35:43,KHJ,False,ok,연재,thu,thu
thu,목,13,할배무사와 지존 손녀,https://comic.naver.com/webtoon/list?titleId=817246&tab=thu,817246,2026-10-05 13:35:43,신의철,False,ok,연재,thu,thu
thu,목,14,작두,https://comic.naver.com/webtoon/list?titleId=828294&tab=thu,828294,2026-10-05 13:35:43,232,False,ok,연재,thu,thu
thu,목,15,정글쥬스,https://comic.naver.com/webtoon/list?titleId=762279&tab=thu,762279,2026-10-05 13:35:43,형은,False,ok,연재,thu,thu
thu,목,16,먹는 인생2,https://comic.naver.com/webtoon/list?titleId=845271&tab=thu,845271,2026-10-05 13:35:43,홍끼,False,ok,"월, 목 연재","mon,thu","mon,thu"
thu,목,17,사시미 한 자루로 아카데미를 씹어먹음,https://comic.naver.com/webtoon/list?titleId=829875&tab=thu,829875,2026-10-05 13:35:43,GMAN,False,ok,연재,thu,thu
thu,목,18,까맣지만 새하얀,https://comic.naver.com/webtoon/list?titleId=854126&tab=thu,854126,2026-10-05 13:35:43,최준영,False,ok,연재,thu,thu
thu,목,19,무림사채왕,https://comic.naver.com/webtoon/list?titleId=851610&tab=thu,851610,2026-10-05 13:35:43,홍실,False,ok,연재,thu,thu
thu,목,20,이세계 캠핑으로 힐링 라이프,https://comic.naver.com/webtoon/list?titleId=823971&tab=thu,823971,2026-10-05 13:35:43,일인분,False,ok,연재,thu,thu
thu,목,21,대마법사 커리큘럼,https://comic.naver.com/webtoon/list?titleId=844951&tab=thu,844951,2026-10-05 13:35:43,덩배,False,ok,연재,thu,thu
thu,목,22,현실퀘스트,https://comic.naver.com/webtoon/list?titleId=783888&tab=thu,783888,2026-10-05 13:35:43,이주운,False,ok,연재,thu,thu
thu,목,23,사내연애 사절!,https://comic.naver.com/webtoon/list?titleId=814512&tab=thu,814512,2026-10-05 13:35:43,두부,False,ok,연재,thu,thu
thu,목,24,이과장 생존기,https://comic.naver.com/webtoon/list?titleId=847568&tab=thu,847568,2026-10-05 13:35:43,맷집왕,False,ok,연재,thu,thu
thu,목,25,회귀한 천재 헌터의 슬기로운 청소생활,https://comic.naver.com/webtoon/list?titleId=796827&tab=thu,796827,2026-10-05 13:35:43,고일고일,False,ok,연재,thu,thu
thu,목,26,국정원 말단직원,https://comic.naver.com/webtoon/list?titleId=847892&tab=thu,847892,2026-10-05 13:35:43,MUTE,False,ok,연재,thu,thu
thu,목,27,같이 장볼래?,https://comic.naver.com/webtoon/list?titleId=850928&tab=thu,850928,2026-10-05 13:35:43,집손이,False,ok,"목, 일 연재","thu,sun","thu,sun"
thu,목,28,배드 본 블러드,https://comic.naver.com/webtoon/list?titleId=833388&tab=thu,833388,2026-10-05 13:35:43,지누리,False,ok,연재,thu,thu
thu,목,29,종말에서 살아남기,https://comic.naver.com/webtoon/list?titleId=826321&tab=thu,826321,2026-10-05 13:35:43,송,False,ok,연재,thu,thu
thu,목,30,월스트리트 천재의 시한부 투자법,https://comic.naver.com/webtoon/list?titleId=854407&tab=thu,854407,2026-10-05 13:35:43,박성현,False,ok,연재,thu,thu
thu,목,31,홍은영의 이집트 신화,https://comic.naver.com/webtoon/list?titleId=853034&tab=thu,853034,2026-10-05 13:35:43,조수현,False,ok,연재,thu,thu
thu,목,32,사형집행관,https://comic.naver.com/webtoon/list?titleId=822765&tab=thu,822765,2026-10-05 13:35:43,이제환,False,ok,연재,thu,thu
thu,목,33,삼이는 재생한다,https://comic.naver.com/webtoon/list?titleId=822874&tab=thu,822874,2026-10-05 13:35:43,강은영,False,ok,연재,thu,thu
thu,목,34,쿠베라,https://comic.naver.com/webtoon/list?titleId=131385&tab=thu,131385,2026-10-05 13:35:43,카레곰,False,ok,연재,thu,thu
thu,목,35,시한부 천재 암흑기사,https://comic.naver.com/webtoon/list?titleId=809625&tab=thu,809625,2026-10-05 13:35:43,판테라,False,ok,연재,thu,thu
thu,목,36,김오진과 이상한 동물들,https://comic.naver.com/webtoon/list?titleId=838262&tab=thu,838262,2026-10-05 13:35:43,기선,False,ok,연재,thu,thu
thu,목,37,스캔들 메이커가 돌아왔다,https://comic.naver.com/webtoon/list?titleId=849277&tab=thu,849277,2026-10-05 13:35:43,동쪽,False,ok,연재,thu,thu
thu,목,38,천재 회사원이 선넘으면 생기는일,https://comic.naver.com/webtoon/list?titleId=840902&tab=thu,840902,2026-10-05 13:35:44,오십이,False,ok,연재,thu,thu
thu,목,39,강남싱크,https://comic.naver.com/webtoon/list?titleId=852904&tab=thu,852904,2026-10-05 13:35:44,필원,False,ok,연재,thu,thu
thu,목,40,이레즈미 소개팅남,https://comic.naver.com/webtoon/list?titleId=850952&tab=thu,850952,2026-10-05 13:35:44,토깽이,False,ok,"목, 일 연재","thu,sun","thu,sun"
thu,목,41,나의 죄,https://comic.naver.com/webtoon/list?titleId=853249&tab=thu,853249,2026-10-05 13:35:44,젤리피쉬,False,ok,연재,thu,thu
thu,목,42,신들의 단톡방에 김치사발면을 바쳤다,https://comic.naver.com/webtoon/list?titleId=855151&tab=thu,855151,2026-10-05 13:35:44,LICO,False,ok,연재,thu,thu
thu,목,43,2026 루키 단편선,https://comic.naver.com/webtoon/list?titleId=853869&tab=thu,853869,2026-10-05 13:35:44,네이버웹툰,False,ok,"월, 수, 목, 일 연재","mon,wed,thu,sun","mon,wed,thu,sun"
thu,목,44,문과X이과,https://comic.naver.com/webtoon/list?titleId=839913&tab=thu,839913,2026-10-05 13:35:44,다빈,False,ok,연재,thu,thu
thu,목,45,내향남녀,https://comic.naver.com/webtoon/list?titleId=812629&tab=thu,812629,2026-10-05 13:35:44,나,False,ok,연재,thu,thu
thu,목,46,세계멸망전,https://comic.naver.com/webtoon/list?titleId=854580&tab=thu,854580,2026-10-05 13:35:44,펀치킥,False,ok,연재,thu,thu
thu,목,47,최강전설 강해효,https://comic.naver.com/webtoon/list?titleId=570506&tab=thu,570506,2026-10-05 13:35:44,최병열,False,ok,연재,thu,thu
thu,목,48,그림으로 승부,https://comic.naver.com/webtoon/list?titleId=853095&tab=thu,853095,2026-10-05 13:35:44,웡웡이,False,ok,연재,thu,thu
thu,목,49,판타지 입소대,https://comic.naver.com/webtoon/list?titleId=845515&tab=thu,845515,2026-10-05 13:35:44,서패스,False,ok,연재,thu,thu
thu,목,50,안녕 오목눈이 그리핀!,https://comic.naver.com/webtoon/list?titleId=840358&tab=thu,840358,2026-10-05 13:35:44,임형,False,ok,연재,thu,thu
thu,목,51,영혼을 보는 변호사,https://comic.naver.com/webtoon/list?titleId=850022&tab=thu,850022,2026-10-05 13:35:44,이노안,False,ok,연재,thu,thu
thu,목,52,종이호랑이,https://comic.naver.com/webtoon/list?titleId=833489&tab=thu,833489,2026-10-05 13:35:44,몹시찰진우럭,False,ok,연재,thu,thu
thu,목,53,새벽인력,https://comic.naver.com/webtoon/list?titleId=853096&tab=thu,853096,2026-10-05 13:35:44,김주현,False,ok,연재,thu,thu
thu,목,54,일립예고 학생들,https://comic.naver.com/webtoon/list?titleId=812962&tab=thu,812962,2026-10-05 13:35:44,백본,False,ok,연재,thu,thu
thu,목,55,화림신필,https://comic.naver.com/webtoon/list?titleId=852506&tab=thu,852506,2026-10-05 13:35:44,레다판다,False,ok,연재,thu,thu
thu,목,56,전생혈마,https://comic.naver.com/webtoon/list?titleId=837022&tab=thu,837022,2026-10-05 13:35:44,장,False,ok,연재,thu,thu
thu,목,57,서울밤피어,https://comic.naver.com/webtoon/list?titleId=807537&tab=thu,807537,2026-10-05 13:35:44,송지형,False,ok,연재,thu,thu
thu,목,58,최서연의 회피한 날들,https://comic.naver.com/webtoon/list?titleId=842345&tab=thu,842345,2026-10-05 13:35:44,김노이,False,ok,연재,thu,thu
thu,목,59,사회초년캣,https://comic.naver.com/webtoon/list?titleId=850237&tab=thu,850237,2026-10-05 13:35:44,잇선,False,ok,"목, 토 연재","thu,sat","thu,sat"
thu,목,60,경계선,https://comic.naver.com/webtoon/list?titleId=838217&tab=thu,838217,2026-10-05 13:35:44,파트,False,ok,연재,thu,thu
thu,목,61,괴이호텔,https://comic.naver.com/webtoon/list?titleId=849851&tab=thu,849851,2026-10-05 13:35:44,안은평,False,ok,연재,thu,thu
thu,목,62,장난질,https://comic.naver.com/webtoon/list?titleId=854375&tab=thu,854375,2026-10-05 13:35:44,,True,login_or_adult_required,,thu,thu
thu,목,63,언더복서,https://comic.naver.com/webtoon/list?titleId=842449&tab=thu,842449,2026-10-05 13:35:44,눈매,False,ok,연재,thu,thu
thu,목,64,고고밍밍고,https://comic.naver.com/webtoon/list?titleId=841824&tab=thu,841824,2026-10-05 13:35:44,밍밍고,False,ok,"화, 목 연재","tue,thu","tue,thu"
thu,목,65,애무지구,https://comic.naver.com/webtoon/list?titleId=850666&tab=thu,850666,2026-10-05 13:35:44,박지독,False,ok,연재,thu,thu
thu,목,66,사랑받고 자란,https://comic.naver.com/webtoon/list?titleId=854549&tab=thu,854549,2026-10-05 13:35:44,주키,False,ok,연재,thu,thu
thu,목,67,헤어지기 싫어!,https://comic.naver.com/webtoon/list?titleId=854825&tab=thu,854825,2026-10-05 13:35:44,해례,False,ok,연재,thu,thu
thu,목,68,공작가의 남장 하인이 되었다,https://comic.naver.com/webtoon/list?titleId=834512&tab=thu,834512,2026-10-05 13:35:44,HBR,False,ok,연재,thu,thu
thu,목,69,간병동맹,https://comic.naver.com/webtoon/list?titleId=850962&tab=thu,850962,2026-10-05 13:35:44,안수민,False,ok,연재,thu,thu
thu,목,70,공허의 절대적 미학,https://comic.naver.com/webtoon/list?titleId=855162&tab=thu,855162,2026-10-05 13:35:45,,True,login_or_adult_required,,thu,thu
thu,목,71,미모사,https://comic.naver.com/webtoon/list?titleId=842646&tab=thu,842646,2026-10-05 13:35:45,삼중,False,ok,연재,thu,thu
thu,목,72,운명해주세요,https://comic.naver.com/webtoon/list?titleId=835004&tab=thu,835004,2026-10-05 13:35:45,노뱀,False,ok,연재,thu,thu
thu,목,73,신의 요리,https://comic.naver.com/webtoon/list?titleId=838183&tab=thu,838183,2026-10-05 13:35:45,차정평,False,ok,연재,thu,thu
thu,목,74,폐급연애,https://comic.naver.com/webtoon/list?titleId=843473&tab=thu,843473,2026-10-05 13:35:45,멜리,False,ok,연재,thu,thu
thu,목,75,하이클래스,https://comic.naver.com/webtoon/list?titleId=833418&tab=thu,833418,2026-10-05 13:35:45,르티,False,ok,연재,thu,thu
thu,목,76,당신에게 얽힌 채,https://comic.naver.com/webtoon/list?titleId=849879&tab=thu,849879,2026-10-05 13:35:45,,True,login_or_adult_required,,thu,thu
thu,목,77,붉은 야차,https://comic.naver.com/webtoon/list?titleId=850110&tab=thu,850110,2026-10-05 13:35:45,돼지토끼,False,ok,연재,thu,thu
thu,목,78,개는 헤엄치는 꿈을 꾼다,https://comic.naver.com/webtoon/list?titleId=854250&tab=thu,854250,2026-10-05 13:35:45,권,False,ok,연재,thu,thu
thu,목,79,소심한 호랭이 코코,https://comic.naver.com/webtoon/list?titleId=825415&tab=thu,825415,2026-10-05 13:35:45,키몽,False,ok,연재,thu,thu
thu,목,80,사랑이 끝나면 네가 끝난다,https://comic.naver.com/webtoon/list?titleId=849864&tab=thu,849864,2026-10-05 13:35:45,류길삼,False,ok,연재,thu,thu
thu,목,81,우리를 안아줘,https://comic.naver.com/webtoon/list?titleId=849721&tab=thu,849721,2026-10-05 13:35:45,아니영,False,ok,연재,thu,thu
thu,목,82,호수의 백조,https://comic.naver.com/webtoon/list?titleId=851866&tab=thu,851866,2026-10-05 13:35:45,과일차,False,ok,연재,thu,thu
thu,목,83,컬러리스트,https://comic.naver.com/webtoon/list?titleId=844352&tab=thu,844352,2026-10-05 13:35:45,89line,False,ok,연재,thu,thu
thu,목,84,그아비에 그아들,https://comic.naver.com/webtoon/list?titleId=849537&tab=thu,849537,2026-10-05 13:35:45,송,False,ok,연재,thu,thu
thu,목,85,저승침공,https://comic.naver.com/webtoon/list?titleId=845946&tab=thu,845946,2026-10-05 13:35:45,신선젬,False,ok,연재,thu,thu
thu,목,86,이런 게 사랑일리 없어,https://comic.naver.com/webtoon/list?titleId=851709&tab=thu,851709,2026-10-05 13:35:45,강환영,False,ok,연재,thu,thu
thu,목,87,숨이 차도 괜찮아,https://comic.naver.com/webtoon/list?titleId=850521&tab=thu,850521,2026-10-05 13:35:45,황주영,False,ok,연재,thu,thu
thu,목,88,천만배우의 딸이 되었다,https://comic.naver.com/webtoon/list?titleId=844390&tab=thu,844390,2026-10-05 13:35:45,마로,False,ok,연재,thu,thu
thu,목,89,히든클래스 중력자로 최강을 노린다,https://comic.naver.com/webtoon/list?titleId=817369&tab=thu,817369,2026-10-05 13:35:45,네코코,False,ok,연재,thu,thu
thu,목,90,최강의 로맨티스트,https://comic.naver.com/webtoon/list?titleId=847996&tab=thu,847996,2026-10-05 13:35:45,한별,False,ok,연재,thu,thu
thu,목,91,짐승같은 것들,https://comic.naver.com/webtoon/list?titleId=835925&tab=thu,835925,2026-10-05 13:35:45,김태희,False,ok,연재,thu,thu
thu,목,92,슬라임 증후군,https://comic.naver.com/webtoon/list?titleId=849089&tab=thu,849089,2026-10-05 13:35:45,시카,False,ok,연재,thu,thu
thu,목,93,이세계 싱글대디,https://comic.naver.com/webtoon/list?titleId=840880&tab=thu,840880,2026-10-05 13:35:45,찹도리,False,ok,연재,thu,thu
thu,목,94,대타용사,https://comic.naver.com/webtoon/list?titleId=849541&tab=thu,849541,2026-10-05 13:35:45,밭,False,ok,연재,thu,thu
thu,목,95,우리 아이는 외계인에게 납치됐어요,https://comic.naver.com/webtoon/list?titleId=850212&tab=thu,850212,2026-10-05 13:35:45,PiT,False,ok,연재,thu,thu
thu,목,96,오버워치: 하나된 마음,https://comic.naver.com/webtoon/list?titleId=850218&tab=thu,850218,2026-10-05 13:35:45,Sam King,False,ok,연재,thu,thu
thu,목,97,작성자OO,https://comic.naver.com/webtoon/list?titleId=844981&tab=thu,844981,2026-10-05 13:35:45,이배,False,ok,연재,thu,thu
thu,목,98,미로 인 메모리,https://comic.naver.com/webtoon/list?titleId=833040&tab=thu,833040,2026-10-05 13:35:45,유이수,False,ok,연재,thu,thu
thu,목,99,카루나,https://comic.naver.com/webtoon/list?titleId=754876&tab=thu,754876,2026-10-05 13:35:45,강호진,False,ok,연재,thu,thu
thu,목,100,이기적 동맹,https://comic.naver.com/webtoon/list?titleId=850248&tab=thu,850248,2026-10-05 13:35:45,구직신사,False,ok,연재,thu,thu
thu,목,101,풀 보이,https://comic.naver.com/webtoon/list?titleId=838513&tab=thu,838513,2026-10-05 13:35:46,커북이,False,ok,연재,thu,thu
thu,목,102,수사9단0,https://comic.naver.com/webtoon/list?titleId=832244&tab=thu,832244,2026-10-05 13:35:46,김선권,False,ok,연재,thu,thu
thu,목,103,어느 날 갑자기 최애가 생겼다,https://comic.naver.com/webtoon/list?titleId=837424&tab=thu,837424,2026-10-05 13:35:46,맛스타,False,ok,연재,thu,thu
thu,목,104,내 어디가 좋아?,https://comic.naver.com/webtoon/list?titleId=843042&tab=thu,843042,2026-10-05 13:35:46,아르몽,False,ok,연재,thu,thu
thu,목,105,염매,https://comic.naver.com/webtoon/list?titleId=840593&tab=thu,840593,2026-10-05 13:35:46,갯첨서,False,ok,연재,thu,thu
thu,목,106,추억이 찾아오는 가게,https://comic.naver.com/webtoon/list?titleId=827328&tab=thu,827328,2026-10-05 13:35:46,꼬모소이,False,ok,연재,thu,thu
thu,목,107,좋은 하루 보내,https://comic.naver.com/webtoon/list?titleId=852274&tab=thu,852274,2026-10-05 13:35:46,한구,False,ok,연재,thu,thu
thu,목,108,땅의 기록,https://comic.naver.com/webtoon/list?titleId=849030&tab=thu,849030,2026-10-05 13:35:46,WINSTON,False,ok,연재,thu,thu
thu,목,109,누가 어른 되면 다 된댔어?,https://comic.naver.com/webtoon/list?titleId=823779&tab=thu,823779,2026-10-05 13:35:46,정오,False,ok,연재,thu,thu
thu,목,110,최강 매니저,https://comic.naver.com/webtoon/list?titleId=840894&tab=thu,840894,2026-10-05 13:35:46,현마담,False,ok,연재,thu,thu
thu,목,111,수사중 연애금지!,https://comic.naver.com/webtoon/list?titleId=846335&tab=thu,846335,2026-10-05 13:35:46,이재홍,False,ok,"목, 일 연재","thu,sun","thu,sun"
thu,목,112,내 여자친구는 이세계 용사?!,https://comic.naver.com/webtoon/list?titleId=827902&tab=thu,827902,2026-10-05 13:35:46,사다함,False,ok,연재,thu,thu
fri,금,1,광마회귀,https://comic.naver.com/webtoon/list?titleId=776601&tab=fri,776601,2026-10-05 13:35:46,JP,False,ok,연재,fri,fri
fri,금,2,오! 나의 교주님,https://comic.naver.com/webtoon/list?titleId=841624&tab=fri,841624,2026-10-05 13:35:46,,True,login_or_adult_required,,"tue,fri","tue,fri"
fri,금,3,외모지상주의,https://comic.naver.com/webtoon/list?titleId=641253&tab=fri,641253,2026-10-05 13:35:46,박태준,False,ok,연재,fri,fri
fri,금,4,나 혼자 만렙 뉴비,https://comic.naver.com/webtoon/list?titleId=773797&tab=fri,773797,2026-10-05 13:35:46,WAN.Z,False,ok,연재,fri,fri
fri,금,5,상남자,https://comic.naver.com/webtoon/list?titleId=751168&tab=fri,751168,2026-10-05 13:35:46,하늘소,False,ok,연재,fri,fri
fri,금,6,아카데미에서 살아남기,https://comic.naver.com/webtoon/list?titleId=820097&tab=fri,820097,2026-10-05 13:35:46,기린그린,False,ok,연재,fri,fri
fri,금,7,나 혼자 탑에서 농사,https://comic.naver.com/webtoon/list?titleId=808389&tab=fri,808389,2026-10-05 13:35:46,한치,False,ok,연재,fri,fri
fri,금,8,악당들의 후원자가 되었다,https://comic.naver.com/webtoon/list?titleId=844063&tab=fri,844063,2026-10-05 13:35:46,LICO,False,ok,연재,fri,fri
fri,금,9,네가 사는 그 집,https://comic.naver.com/webtoon/list?titleId=842465&tab=fri,842465,2026-10-05 13:35:46,,True,login_or_adult_required,,fri,fri
fri,금,10,두 얼굴,https://comic.naver.com/webtoon/list?titleId=845646&tab=fri,845646,2026-10-05 13:35:46,,True,login_or_adult_required,,fri,fri
fri,금,11,A.I. 닥터,https://comic.naver.com/webtoon/list?titleId=765804&tab=fri,765804,2026-10-05 13:35:46,ZAINO,False,ok,연재,fri,fri
fri,금,12,그리디,https://comic.naver.com/webtoon/list?titleId=845919&tab=fri,845919,2026-10-05 13:35:46,,True,login_or_adult_required,,fri,fri
fri,금,13,천하제일 대사형,https://comic.naver.com/webtoon/list?titleId=802278&tab=fri,802278,2026-10-05 13:35:46,YooN,False,ok,연재,fri,fri
fri,금,14,신마 환생,https://comic.naver.com/webtoon/list?titleId=843194&tab=fri,843194,2026-10-05 13:35:46,더블디,False,ok,연재,fri,fri
fri,금,15,마왕인데 용사가 너무 많음,https://comic.naver.com/webtoon/list?titleId=845002&tab=fri,845002,2026-10-05 13:35:46,윤선웅,False,ok,연재,fri,fri
fri,금,16,1초,https://comic.naver.com/webtoon/list?titleId=725586&tab=fri,725586,2026-10-05 13:35:47,시니,False,ok,연재,fri,fri
fri,금,17,히든 특성 13개 들고 시작한다,https://comic.naver.com/webtoon/list?titleId=844731&tab=fri,844731,2026-10-05 13:35:47,엄키,False,ok,연재,fri,fri
fri,금,18,현질무신,https://comic.naver.com/webtoon/list?titleId=849031&tab=fri,849031,2026-10-05 13:35:47,황토,False,ok,연재,fri,fri
fri,금,19,검술명가의 네크로맨서,https://comic.naver.com/webtoon/list?titleId=850499&tab=fri,850499,2026-10-05 13:35:47,해귤,False,ok,연재,fri,fri
fri,금,20,곤륜에 용이 산다,https://comic.naver.com/webtoon/list?titleId=852601&tab=fri,852601,2026-10-05 13:35:47,정범구,False,ok,연재,fri,fri
fri,금,21,여우놀이,https://comic.naver.com/webtoon/list?titleId=768469&tab=fri,768469,2026-10-05 13:35:47,황혜진,False,ok,연재,fri,fri
fri,금,22,용사파티만화,https://comic.naver.com/webtoon/list?titleId=842647&tab=fri,842647,2026-10-05 13:35:47,칰타,False,ok,"금, 토, 일 연재","fri,sat,sun","fri,sat,sun"
fri,금,23,열렙전사 3부,https://comic.naver.com/webtoon/list?titleId=817032&tab=fri,817032,2026-10-05 13:35:47,김세훈,False,ok,연재,fri,fri
fri,금,24,그랬더니 남친임니다,https://comic.naver.com/webtoon/list?titleId=853326&tab=fri,853326,2026-10-05 13:35:47,뽀꼬,False,ok,"화, 금 연재","tue,fri","tue,fri"
fri,금,25,"언니, 이번 생엔 내가 왕비야",https://comic.naver.com/webtoon/list?titleId=798917&tab=fri,798917,2026-10-05 13:35:47,착견,False,ok,연재,fri,fri
fri,금,26,이세계 영주가 밥을 잘 먹임,https://comic.naver.com/webtoon/list?titleId=847782&tab=fri,847782,2026-10-05 13:35:47,판테라,False,ok,연재,fri,fri
fri,금,27,가장 썩은 것을 줄게,https://comic.naver.com/webtoon/list?titleId=821814&tab=fri,821814,2026-10-05 13:35:47,윤다,False,ok,연재,fri,fri
fri,금,28,고독살인,https://comic.naver.com/webtoon/list?titleId=850749&tab=fri,850749,2026-10-05 13:35:47,부향연,False,ok,연재,fri,fri
fri,금,29,반로환동한 천마의 마경방송,https://comic.naver.com/webtoon/list?titleId=851642&tab=fri,851642,2026-10-05 13:35:47,리진,False,ok,연재,fri,fri
fri,금,30,연애의 기록,https://comic.naver.com/webtoon/list?titleId=803792&tab=fri,803792,2026-10-05 13:35:47,베어리,False,ok,연재,fri,fri
fri,금,31,회귀수선전,https://comic.naver.com/webtoon/list?titleId=839827&tab=fri,839827,2026-10-05 13:35:47,김무현,False,ok,연재,fri,fri
fri,금,32,말년용사,https://comic.naver.com/webtoon/list?titleId=773916&tab=fri,773916,2026-10-05 13:35:47,후딩,False,ok,연재,fri,fri
fri,금,33,커플이상 부부미만,https://comic.naver.com/webtoon/list?titleId=850026&tab=fri,850026,2026-10-05 13:35:47,마자,False,ok,"화, 금 연재","tue,fri","tue,fri"
fri,금,34,연상녀클럽,https://comic.naver.com/webtoon/list?titleId=851476&tab=fri,851476,2026-10-05 13:35:47,한성만,False,ok,연재,fri,fri
fri,금,35,사랑은 좀비를 찢고,https://comic.naver.com/webtoon/list?titleId=854591&tab=fri,854591,2026-10-05 13:35:47,투현,False,ok,연재,fri,fri
fri,금,36,천재소녀가 무림공적을 숨김,https://comic.naver.com/webtoon/list?titleId=843838&tab=fri,843838,2026-10-05 13:35:47,환운(還運),False,ok,연재,fri,fri
fri,금,37,히어로 킬러,https://comic.naver.com/webtoon/list?titleId=766563&tab=fri,766563,2026-10-05 13:35:47,꿀벌,False,ok,연재,fri,fri
fri,금,38,사자의 서,https://comic.naver.com/webtoon/list?titleId=823737&tab=fri,823737,2026-10-05 13:35:47,,True,login_or_adult_required,,fri,fri
fri,금,39,홍색인간,https://comic.naver.com/webtoon/list?titleId=852170&tab=fri,852170,2026-10-05 13:35:47,퀴니니,False,ok,연재,fri,fri
fri,금,40,생활의 참견 2 : 지금은 가족시절,https://comic.naver.com/webtoon/list?titleId=849676&tab=fri,849676,2026-10-05 13:35:47,김양수,False,ok,"화, 금 연재","tue,fri","tue,fri"
fri,금,41,새동네,https://comic.naver.com/webtoon/list?titleId=817752&tab=fri,817752,2026-10-05 13:35:47,림스,False,ok,연재,fri,fri
fri,금,42,보이스피싱인데 인생역전,https://comic.naver.com/webtoon/list?titleId=830144&tab=fri,830144,2026-10-05 13:35:47,왓더헬,False,ok,연재,fri,fri
fri,금,43,발모광마,https://comic.naver.com/webtoon/list?titleId=855573&tab=fri,855573,2026-10-05 13:35:47,이건,False,ok,연재,fri,fri
fri,금,44,이세계 만물슈퍼,https://comic.naver.com/webtoon/list?titleId=854823&tab=fri,854823,2026-10-05 13:35:47,손병준,False,ok,연재,fri,fri
fri,금,45,범상한 변호사의 아공간,https://comic.naver.com/webtoon/list?titleId=839007&tab=fri,839007,2026-10-05 13:35:47,혜낙,False,ok,연재,fri,fri
fri,금,46,가난한 영지의 주인이 되어 버렸다,https://comic.naver.com/webtoon/list?titleId=853073&tab=fri,853073,2026-10-05 13:35:47,환범,False,ok,연재,fri,fri
fri,금,47,하는 사이,https://comic.naver.com/webtoon/list?titleId=823437&tab=fri,823437,2026-10-05 13:35:48,안녕,False,ok,연재,fri,fri
fri,금,48,아포칼립스를 걷는 우체부,https://comic.naver.com/webtoon/list?titleId=847306&tab=fri,847306,2026-10-05 13:35:48,소구미,False,ok,연재,fri,fri
fri,금,49,용도의 차이,https://comic.naver.com/webtoon/list?titleId=855632&tab=fri,855632,2026-10-05 13:35:48,,True,login_or_adult_required,,fri,fri
fri,금,50,구야는 신입,https://comic.naver.com/webtoon/list?titleId=828167&tab=fri,828167,2026-10-05 13:35:48,구야,False,ok,"월, 금 연재","mon,fri","mon,fri"
fri,금,51,시체들의 전쟁,https://comic.naver.com/webtoon/list?titleId=836651&tab=fri,836651,2026-10-05 13:35:48,마요너구리,False,ok,연재,fri,fri
fri,금,52,천중용문,https://comic.naver.com/webtoon/list?titleId=835116&tab=fri,835116,2026-10-05 13:35:48,군주,False,ok,연재,fri,fri
fri,금,53,남편은 한 명으로 족하다,https://comic.naver.com/webtoon/list?titleId=823773&tab=fri,823773,2026-10-05 13:35:48,고선영,False,ok,연재,fri,fri
fri,금,54,공동급식구역,https://comic.naver.com/webtoon/list?titleId=817927&tab=fri,817927,2026-10-05 13:35:48,청건,False,ok,연재,fri,fri
fri,금,55,두근두근 대작전,https://comic.naver.com/webtoon/list?titleId=845717&tab=fri,845717,2026-10-05 13:35:48,최준영,False,ok,연재,fri,fri
fri,금,56,브레이커즈,https://comic.naver.com/webtoon/list?titleId=841810&tab=fri,841810,2026-10-05 13:35:48,JDL,False,ok,"화, 금 연재","tue,fri","tue,fri"
fri,금,57,가장 위대한 마술사,https://comic.naver.com/webtoon/list?titleId=848576&tab=fri,848576,2026-10-05 13:35:48,김윤찬,False,ok,연재,fri,fri
fri,금,58,개집사,https://comic.naver.com/webtoon/list?titleId=828292&tab=fri,828292,2026-10-05 13:35:48,고추참치,False,ok,"화, 금 연재","tue,fri","tue,fri"
fri,금,59,공주는 용의 뱃속에,https://comic.naver.com/webtoon/list?titleId=853535&tab=fri,853535,2026-10-05 13:35:48,마요너구리,False,ok,연재,fri,fri
fri,금,60,에러 디 에코,https://comic.naver.com/webtoon/list?titleId=854335&tab=fri,854335,2026-10-05 13:35:48,순수,False,ok,연재,fri,fri
fri,금,61,싸움 1티어 과외 쌤 구하기,https://comic.naver.com/webtoon/list?titleId=852547&tab=fri,852547,2026-10-05 13:35:48,버퍼링,False,ok,연재,fri,fri
fri,금,62,7황자는 애매해서 탈출합니다,https://comic.naver.com/webtoon/list?titleId=850682&tab=fri,850682,2026-10-05 13:35:48,건진,False,ok,연재,fri,fri
fri,금,63,나랑 한판,https://comic.naver.com/webtoon/list?titleId=848874&tab=fri,848874,2026-10-05 13:35:48,MIMIC,False,ok,연재,fri,fri
fri,금,64,첫정,https://comic.naver.com/webtoon/list?titleId=844061&tab=fri,844061,2026-10-05 13:35:48,혜윤,False,ok,연재,fri,fri
fri,금,65,감히 바라옵건대,https://comic.naver.com/webtoon/list?titleId=842215&tab=fri,842215,2026-10-05 13:35:48,LICO,False,ok,연재,fri,fri
fri,금,66,"감히, 내가 너를",https://comic.naver.com/webtoon/list?titleId=854088&tab=fri,854088,2026-10-05 13:35:48,이끼끼,False,ok,연재,fri,fri
fri,금,67,박제,https://comic.naver.com/webtoon/list?titleId=846363&tab=fri,846363,2026-10-05 13:35:48,,True,login_or_adult_required,,fri,fri
fri,금,68,고구려 태왕미천,https://comic.naver.com/webtoon/list?titleId=838875&tab=fri,838875,2026-10-05 13:35:48,이동욱,False,ok,연재,fri,fri
fri,금,69,죽음은 잠 못 이루고,https://comic.naver.com/webtoon/list?titleId=848496&tab=fri,848496,2026-10-05 13:35:48,새나,False,ok,연재,fri,fri
fri,금,70,여동생은 오늘 밤 나를 간택한다,https://comic.naver.com/webtoon/list?titleId=822557&tab=fri,822557,2026-10-05 13:35:48,네온비,False,ok,연재,fri,fri
fri,금,71,내가 쓴 공포 소설에서 살아남는 법,https://comic.naver.com/webtoon/list?titleId=854260&tab=fri,854260,2026-10-05 13:35:48,불보라,False,ok,연재,fri,fri
fri,금,72,미드우트,https://comic.naver.com/webtoon/list?titleId=800006&tab=fri,800006,2026-10-05 13:35:48,원김,False,ok,연재,fri,fri
fri,금,73,도무지 그애는,https://comic.naver.com/webtoon/list?titleId=761496&tab=fri,761496,2026-10-05 13:35:48,게코,False,ok,연재,fri,fri
fri,금,74,죽여주는 캐스팅,https://comic.naver.com/webtoon/list?titleId=843866&tab=fri,843866,2026-10-05 13:35:48,,True,login_or_adult_required,,fri,fri
fri,금,75,사탄의 순애,https://comic.naver.com/webtoon/list?titleId=845378&tab=fri,845378,2026-10-05 13:35:48,,True,login_or_adult_required,,fri,fri
fri,금,76,피도 눈물도 없는 용사,https://comic.naver.com/webtoon/list?titleId=839715&tab=fri,839715,2026-10-05 13:35:48,진,False,ok,연재,fri,fri
fri,금,77,초등생활 그림일기,https://comic.naver.com/webtoon/list?titleId=827863&tab=fri,827863,2026-10-05 13:35:49,은꼼지,False,ok,연재,fri,fri
fri,금,78,성북구 비둘기 이헌서,https://comic.naver.com/webtoon/list?titleId=826580&tab=fri,826580,2026-10-05 13:35:49,허새보,False,ok,연재,fri,fri
fri,금,79,남편을 죽이고 저택을 상속받았다,https://comic.naver.com/webtoon/list?titleId=854857&tab=fri,854857,2026-10-05 13:35:49,LICO,False,ok,연재,fri,fri
fri,금,80,이름 사이 공백,https://comic.naver.com/webtoon/list?titleId=846301&tab=fri,846301,2026-10-05 13:35:49,희DA,False,ok,연재,fri,fri
fri,금,81,인간천적,https://comic.naver.com/webtoon/list?titleId=840508&tab=fri,840508,2026-10-05 13:35:49,도국,False,ok,연재,fri,fri
fri,금,82,암살청과,https://comic.naver.com/webtoon/list?titleId=823070&tab=fri,823070,2026-10-05 13:35:49,나락,False,ok,연재,fri,fri
fri,금,83,와인파티에서 순애찾기,https://comic.naver.com/webtoon/list?titleId=845004&tab=fri,845004,2026-10-05 13:35:49,JJJAENG,False,ok,연재,fri,fri
fri,금,84,몽홀,https://comic.naver.com/webtoon/list?titleId=644112&tab=fri,644112,2026-10-05 13:35:49,장태산,False,ok,연재,fri,fri
fri,금,85,만두 생활기록부,https://comic.naver.com/webtoon/list?titleId=835089&tab=fri,835089,2026-10-05 13:35:49,킹만두,False,ok,연재,fri,fri
fri,금,86,너를 울린 비밀,https://comic.naver.com/webtoon/list?titleId=851715&tab=fri,851715,2026-10-05 13:35:49,연수,False,ok,연재,fri,fri
fri,금,87,미운오리새끼,https://comic.naver.com/webtoon/list?titleId=839542&tab=fri,839542,2026-10-05 13:35:49,펀지르르,False,ok,연재,fri,fri
fri,금,88,북설애담,https://comic.naver.com/webtoon/list?titleId=827578&tab=fri,827578,2026-10-05 13:35:49,휘요,False,ok,연재,fri,fri
fri,금,89,수풀사이로,https://comic.naver.com/webtoon/list?titleId=844535&tab=fri,844535,2026-10-05 13:35:49,신스카이,False,ok,연재,fri,fri
fri,금,90,오답 없는 방정식,https://comic.naver.com/webtoon/list?titleId=854036&tab=fri,854036,2026-10-05 13:35:49,곰지공,False,ok,연재,fri,fri
fri,금,91,당신의 사랑,https://comic.naver.com/webtoon/list?titleId=819647&tab=fri,819647,2026-10-05 13:35:49,오아,False,ok,연재,fri,fri
fri,금,92,만약은 없다,https://comic.naver.com/webtoon/list?titleId=850976&tab=fri,850976,2026-10-05 13:35:49,시니,False,ok,연재,fri,fri
fri,금,93,아라드의 빛: 먼저 걷는 자,https://comic.naver.com/webtoon/list?titleId=827759&tab=fri,827759,2026-10-05 13:35:49,제갈복자,False,ok,연재,fri,fri
fri,금,94,뼈왕,https://comic.naver.com/webtoon/list?titleId=816913&tab=fri,816913,2026-10-05 13:35:49,유성연,False,ok,연재,fri,fri
fri,금,95,다이어트 워리어,https://comic.naver.com/webtoon/list?titleId=840706&tab=fri,840706,2026-10-05 13:35:49,이선,False,ok,연재,fri,fri
fri,금,96,소곤소곤2,https://comic.naver.com/webtoon/list?titleId=818401&tab=fri,818401,2026-10-05 13:35:49,옛사람,False,ok,연재,fri,fri
fri,금,97,내가 죽인 전남편과 재혼하겠습니다,https://comic.naver.com/webtoon/list?titleId=849684&tab=fri,849684,2026-10-05 13:35:49,깜자,False,ok,연재,fri,fri
fri,금,98,단둘이는 안 돼!,https://comic.naver.com/webtoon/list?titleId=838944&tab=fri,838944,2026-10-05 13:35:49,멜로로,False,ok,연재,fri,fri
fri,금,99,세상 사람들이 모두가 고양이라면,https://comic.naver.com/webtoon/list?titleId=850657&tab=fri,850657,2026-10-05 13:35:49,기선,False,ok,연재,fri,fri
fri,금,100,"빚, 나는 연인",https://comic.naver.com/webtoon/list?titleId=849749&tab=fri,849749,2026-10-05 13:35:49,김순돌,False,ok,연재,fri,fri
fri,금,101,"꿇어보세요, 대공님!",https://comic.naver.com/webtoon/list?titleId=836707&tab=fri,836707,2026-10-05 13:35:49,가천가,False,ok,연재,fri,fri
fri,금,102,소년경찰,https://comic.naver.com/webtoon/list?titleId=834417&tab=fri,834417,2026-10-05 13:35:49,삼갱,False,ok,연재,fri,fri
fri,금,103,죽지 말아 줘!,https://comic.naver.com/webtoon/list?titleId=847441&tab=fri,847441,2026-10-05 13:35:49,지와,False,ok,연재,fri,fri
fri,금,104,합법해적 파르페,https://comic.naver.com/webtoon/list?titleId=729036&tab=fri,729036,2026-10-05 13:35:49,뼈피살,False,ok,연재,fri,fri
fri,금,105,미술 연작,https://comic.naver.com/webtoon/list?titleId=853280&tab=fri,853280,2026-10-05 13:35:49,설이,False,ok,연재,fri,fri
fri,금,106,절세미남 망나니 해골 되다,https://comic.naver.com/webtoon/list?titleId=828337&tab=fri,828337,2026-10-05 13:35:50,이루다,False,ok,연재,fri,fri
fri,금,107,우리집 로미오,https://comic.naver.com/webtoon/list?titleId=842321&tab=fri,842321,2026-10-05 13:35:50,뉸달,False,ok,연재,fri,fri
fri,금,108,지옥 최강 마금강,https://comic.naver.com/webtoon/list?titleId=850745&tab=fri,850745,2026-10-05 13:35:50,최봉수,False,ok,연재,fri,fri
fri,금,109,"바리, 별을 깨운 천둥",https://comic.naver.com/webtoon/list?titleId=843430&tab=fri,843430,2026-10-05 13:35:50,보또보,False,ok,연재,fri,fri
fri,금,110,타임머신 만들기,https://comic.naver.com/webtoon/list?titleId=842903&tab=fri,842903,2026-10-05 13:35:50,자드나인,False,ok,연재,fri,fri
fri,금,111,완벽한 게 다인,https://comic.naver.com/webtoon/list?titleId=841767&tab=fri,841767,2026-10-05 13:35:50,은솔,False,ok,연재,fri,fri
fri,금,112,킬링 달링 베이비-잉♡,https://comic.naver.com/webtoon/list?titleId=847842&tab=fri,847842,2026-10-05 13:35:50,고래짱,False,ok,연재,fri,fri
fri,금,113,조선 개스키,https://comic.naver.com/webtoon/list?titleId=848861&tab=fri,848861,2026-10-05 13:35:50,송세현,False,ok,연재,fri,fri
fri,금,114,프라이팬: 툴 마스터,https://comic.naver.com/webtoon/list?titleId=846337&tab=fri,846337,2026-10-05 13:35:50,기운찬,False,ok,연재,fri,fri
fri,금,115,백년게임,https://comic.naver.com/webtoon/list?titleId=751999&tab=fri,751999,2026-10-05 13:35:50,하람,False,ok,연재,fri,fri
fri,금,116,아이돌리,https://comic.naver.com/webtoon/list?titleId=840875&tab=fri,840875,2026-10-05 13:35:50,로로,False,ok,연재,fri,fri
fri,금,117,우리는 후라이족,https://comic.naver.com/webtoon/list?titleId=818360&tab=fri,818360,2026-10-05 13:35:50,켄타,False,ok,연재,fri,fri
fri,금,118,후키,https://comic.naver.com/webtoon/list?titleId=850943&tab=fri,850943,2026-10-05 13:35:50,미리암 보나스트레,False,ok,연재,fri,fri
fri,금,119,도원향,https://comic.naver.com/webtoon/list?titleId=848864&tab=fri,848864,2026-10-05 13:35:50,이하진,False,ok,연재,fri,fri
fri,금,120,나의 모르는 여자친구,https://comic.naver.com/webtoon/list?titleId=841923&tab=fri,841923,2026-10-05 13:35:50,이정빈,False,ok,연재,fri,fri
fri,금,121,재입대만 7번째,https://comic.naver.com/webtoon/list?titleId=837665&tab=fri,837665,2026-10-05 13:35:50,이진수,False,ok,연재,fri,fri
fri,금,122,원타이머,https://comic.naver.com/webtoon/list?titleId=845862&tab=fri,845862,2026-10-05 13:35:50,Two-zero,False,ok,연재,fri,fri
sat,토,1,호랑이형님,https://comic.naver.com/webtoon/list?titleId=650305&tab=sat,650305,2026-10-05 13:35:50,이상규,False,ok,연재,sat,sat
sat,토,2,절대군림,https://comic.naver.com/webtoon/list?titleId=832677&tab=sat,832677,2026-10-05 13:35:50,박시대,False,ok,연재,sat,sat
sat,토,3,마도전생기,https://comic.naver.com/webtoon/list?titleId=807777&tab=sat,807777,2026-10-05 13:35:50,포스스튜디오,False,ok,연재,sat,sat
sat,토,4,시든 꽃에 눈물을,https://comic.naver.com/webtoon/list?titleId=827190&tab=sat,827190,2026-10-05 13:35:50,,True,login_or_adult_required,,sat,sat
sat,토,5,만취남녀,https://comic.naver.com/webtoon/list?titleId=846883&tab=sat,846883,2026-10-05 13:35:50,,True,login_or_adult_required,,sat,sat
sat,토,6,킬러 배드로,https://comic.naver.com/webtoon/list?titleId=816798&tab=sat,816798,2026-10-05 13:35:50,김정현,False,ok,연재,sat,sat
sat,토,7,초인의 시대,https://comic.naver.com/webtoon/list?titleId=730694&tab=sat,730694,2026-10-05 13:35:50,섭이,False,ok,연재,sat,sat
sat,토,8,둘째에게,https://comic.naver.com/webtoon/list?titleId=845711&tab=sat,845711,2026-10-05 13:35:50,,True,login_or_adult_required,,sat,sat
sat,토,9,"나태 공자, 노력 천재 되다",https://comic.naver.com/webtoon/list?titleId=772853&tab=sat,772853,2026-10-05 13:35:50,doip,False,ok,연재,sat,sat
sat,토,10,디펜스 게임의 폭군이 되었다,https://comic.naver.com/webtoon/list?titleId=798182&tab=sat,798182,2026-10-05 13:35:50,하정,False,ok,연재,sat,sat
sat,토,11,짜장 한 그릇에 제갈세가 데릴사위,https://comic.naver.com/webtoon/list?titleId=822114&tab=sat,822114,2026-10-05 13:35:50,홍민석,False,ok,연재,sat,sat
sat,토,12,세레나,https://comic.naver.com/webtoon/list?titleId=801475&tab=sat,801475,2026-10-05 13:35:51,정이나,False,ok,연재,sat,sat
sat,토,13,99강화나무몽둥이,https://comic.naver.com/webtoon/list?titleId=792651&tab=sat,792651,2026-10-05 13:35:51,홍실,False,ok,연재,sat,sat
sat,토,14,멸망한 가문의 회귀자,https://comic.naver.com/webtoon/list?titleId=819946&tab=sat,819946,2026-10-05 13:35:51,양평,False,ok,연재,sat,sat
sat,토,15,귀환했는데 입대 전날이다,https://comic.naver.com/webtoon/list?titleId=807393&tab=sat,807393,2026-10-05 13:35:51,해일,False,ok,연재,sat,sat
sat,토,16,환생했더니 대공의 셋째 아들,https://comic.naver.com/webtoon/list?titleId=845380&tab=sat,845380,2026-10-05 13:35:51,밤이밤,False,ok,연재,sat,sat
sat,토,17,동생 왔다,https://comic.naver.com/webtoon/list?titleId=851503&tab=sat,851503,2026-10-05 13:35:51,모나,False,ok,"화, 토 연재","tue,sat","tue,sat"
sat,토,18,용사파티만화,https://comic.naver.com/webtoon/list?titleId=842647&tab=sat,842647,2026-10-05 13:35:51,칰타,False,ok,"금, 토, 일 연재","fri,sat,sun","fri,sat,sun"
sat,토,19,킬러경찰,https://comic.naver.com/webtoon/list?titleId=808439&tab=sat,808439,2026-10-05 13:35:51,이제환,False,ok,연재,sat,sat
sat,토,20,황제의 검,https://comic.naver.com/webtoon/list?titleId=813443&tab=sat,813443,2026-10-05 13:35:51,레드훅,False,ok,연재,sat,sat
sat,토,21,플레이어가 과거를 숨김,https://comic.naver.com/webtoon/list?titleId=811707&tab=sat,811707,2026-10-05 13:35:51,콘차,False,ok,연재,sat,sat
sat,토,22,중대장은 실망했다,https://comic.naver.com/webtoon/list?titleId=841639&tab=sat,841639,2026-10-05 13:35:51,이량,False,ok,"수, 토 연재","wed,sat","wed,sat"
sat,토,23,미스 펜들턴,https://comic.naver.com/webtoon/list?titleId=835526&tab=sat,835526,2026-10-05 13:35:51,꼬막,False,ok,연재,sat,sat
sat,토,24,사천패왕,https://comic.naver.com/webtoon/list?titleId=846570&tab=sat,846570,2026-10-05 13:35:51,성구,False,ok,연재,sat,sat
sat,토,25,집구석 절대자,https://comic.naver.com/webtoon/list?titleId=834351&tab=sat,834351,2026-10-05 13:35:51,리원,False,ok,연재,sat,sat
sat,토,26,나이트런,https://comic.naver.com/webtoon/list?titleId=64997&tab=sat,64997,2026-10-05 13:35:51,김성민,False,ok,연재,sat,sat
sat,토,27,나를 바꿔줘,https://comic.naver.com/webtoon/list?titleId=733280&tab=sat,733280,2026-10-05 13:35:51,이지호,False,ok,연재,sat,sat
sat,토,28,우리 길드 아이돌,https://comic.naver.com/webtoon/list?titleId=835557&tab=sat,835557,2026-10-05 13:35:51,꼬보,False,ok,연재,sat,sat
sat,토,29,초임계지옥,https://comic.naver.com/webtoon/list?titleId=854340&tab=sat,854340,2026-10-05 13:35:51,,True,login_or_adult_required,,sat,sat
sat,토,30,스터디그룹,https://comic.naver.com/webtoon/list?titleId=721948&tab=sat,721948,2026-10-05 13:35:51,신형욱,False,ok,연재,sat,sat
sat,토,31,야매 힐러로 사는 법,https://comic.naver.com/webtoon/list?titleId=808757&tab=sat,808757,2026-10-05 13:35:51,14획,False,ok,연재,sat,sat
sat,토,32,지옥도시,https://comic.naver.com/webtoon/list?titleId=842093&tab=sat,842093,2026-10-05 13:35:51,기호,False,ok,연재,sat,sat
sat,토,33,르르르,https://comic.naver.com/webtoon/list?titleId=844505&tab=sat,844505,2026-10-05 13:35:51,우파람,False,ok,연재,sat,sat
sat,토,34,오브차카,https://comic.naver.com/webtoon/list?titleId=846365&tab=sat,846365,2026-10-05 13:35:51,해태,False,ok,연재,sat,sat
sat,토,35,왕의 힘으로 회귀한다,https://comic.naver.com/webtoon/list?titleId=817958&tab=sat,817958,2026-10-05 13:35:51,재키레이,False,ok,연재,sat,sat
sat,토,36,정권으로 세계최강,https://comic.naver.com/webtoon/list?titleId=851800&tab=sat,851800,2026-10-05 13:35:51,레블스튜디오,False,ok,연재,sat,sat
sat,토,37,마수 사냥꾼이 살아가는 법,https://comic.naver.com/webtoon/list?titleId=848239&tab=sat,848239,2026-10-05 13:35:51,버퍼링,False,ok,연재,sat,sat
sat,토,38,같은 학교 친구,https://comic.naver.com/webtoon/list?titleId=774832&tab=sat,774832,2026-10-05 13:35:51,유유,False,ok,연재,sat,sat
sat,토,39,연애 못하면 죽음!,https://comic.naver.com/webtoon/list?titleId=846662&tab=sat,846662,2026-10-05 13:35:51,,True,login_or_adult_required,,sat,sat
sat,토,40,회귀자의 은퇴 라이프,https://comic.naver.com/webtoon/list?titleId=814509&tab=sat,814509,2026-10-05 13:35:51,서희,False,ok,연재,sat,sat
sat,토,41,새끼부터 시작하는 악마생활,https://comic.naver.com/webtoon/list?titleId=854302&tab=sat,854302,2026-10-05 13:35:51,화현,False,ok,연재,sat,sat
sat,토,42,무무무,https://comic.naver.com/webtoon/list?titleId=850649&tab=sat,850649,2026-10-05 13:35:51,박용제,False,ok,연재,sat,sat
sat,토,43,작전명 순정,https://comic.naver.com/webtoon/list?titleId=793275&tab=sat,793275,2026-10-05 13:35:51,꼬까리,False,ok,연재,sat,sat
sat,토,44,윌유메리미,https://comic.naver.com/webtoon/list?titleId=616239&tab=sat,616239,2026-10-05 13:35:52,마인드C,False,ok,"화, 토 연재","tue,sat","tue,sat"
sat,토,45,탑아이돌의 막내 멤버가 되었다,https://comic.naver.com/webtoon/list?titleId=819748&tab=sat,819748,2026-10-05 13:35:52,맛곰,False,ok,연재,sat,sat
sat,토,46,용사는 쉴 수 없다,https://comic.naver.com/webtoon/list?titleId=855296&tab=sat,855296,2026-10-05 13:35:52,판테라,False,ok,연재,sat,sat
sat,토,47,엄마는 남자만 좋아해,https://comic.naver.com/webtoon/list?titleId=848901&tab=sat,848901,2026-10-05 13:35:52,타리,False,ok,연재,sat,sat
sat,토,48,마님이네 미국 시골집 이야기,https://comic.naver.com/webtoon/list?titleId=814048&tab=sat,814048,2026-10-05 13:35:52,마님,False,ok,"수, 토 연재","wed,sat","wed,sat"
sat,토,49,멸망한 세계의 취사병,https://comic.naver.com/webtoon/list?titleId=818409&tab=sat,818409,2026-10-05 13:35:52,진석,False,ok,연재,sat,sat
sat,토,50,철과 얼음의 여정,https://comic.naver.com/webtoon/list?titleId=846781&tab=sat,846781,2026-10-05 13:35:52,울롱,False,ok,연재,sat,sat
sat,토,51,드블리와 힐링합니다.,https://comic.naver.com/webtoon/list?titleId=850505&tab=sat,850505,2026-10-05 13:35:52,지대공마법소년,False,ok,연재,sat,sat
sat,토,52,사회초년캣,https://comic.naver.com/webtoon/list?titleId=850237&tab=sat,850237,2026-10-05 13:35:52,잇선,False,ok,"목, 토 연재","thu,sat","thu,sat"
sat,토,53,세상에 나쁜 용사는 없다,https://comic.naver.com/webtoon/list?titleId=833358&tab=sat,833358,2026-10-05 13:35:52,유령두부,False,ok,연재,sat,sat
sat,토,54,억만무림,https://comic.naver.com/webtoon/list?titleId=845867&tab=sat,845867,2026-10-05 13:35:52,매일,False,ok,연재,sat,sat
sat,토,55,남편이 아이를 숨겼다,https://comic.naver.com/webtoon/list?titleId=854412&tab=sat,854412,2026-10-05 13:35:52,개굴,False,ok,연재,sat,sat
sat,토,56,K학원 생존기,https://comic.naver.com/webtoon/list?titleId=823190&tab=sat,823190,2026-10-05 13:35:52,양아최,False,ok,"월, 토 연재","mon,sat","mon,sat"
sat,토,57,문양전,https://comic.naver.com/webtoon/list?titleId=841762&tab=sat,841762,2026-10-05 13:35:52,강한,False,ok,연재,sat,sat
sat,토,58,차라리 빌런으로 살겠다,https://comic.naver.com/webtoon/list?titleId=842601&tab=sat,842601,2026-10-05 13:35:52,덤보,False,ok,연재,sat,sat
sat,토,59,과학고 생존일지,https://comic.naver.com/webtoon/list?titleId=841608&tab=sat,841608,2026-10-05 13:35:52,윤찐빵,False,ok,연재,sat,sat
sat,토,60,데스루프,https://comic.naver.com/webtoon/list?titleId=852086&tab=sat,852086,2026-10-05 13:35:52,,True,login_or_adult_required,,sat,sat
sat,토,61,어글리후드,https://comic.naver.com/webtoon/list?titleId=703630&tab=sat,703630,2026-10-05 13:35:52,미애,False,ok,연재,sat,sat
sat,토,62,오사카 환상선,https://comic.naver.com/webtoon/list?titleId=838885&tab=sat,838885,2026-10-05 13:35:52,혀나현,False,ok,연재,sat,sat
sat,토,63,냥냥찍찍!,https://comic.naver.com/webtoon/list?titleId=844952&tab=sat,844952,2026-10-05 13:35:52,꾀돌이,False,ok,"수, 토 연재","wed,sat","wed,sat"
sat,토,64,아주 사적인 영역,https://comic.naver.com/webtoon/list?titleId=852616&tab=sat,852616,2026-10-05 13:35:52,숲,False,ok,연재,sat,sat
sat,토,65,싸움이 너무 쉽다,https://comic.naver.com/webtoon/list?titleId=855035&tab=sat,855035,2026-10-05 13:35:52,정상,False,ok,연재,sat,sat
sat,토,66,남편 도둑,https://comic.naver.com/webtoon/list?titleId=849266&tab=sat,849266,2026-10-05 13:35:52,알파타르트,False,ok,연재,sat,sat
sat,토,67,블랙 옵스,https://comic.naver.com/webtoon/list?titleId=852377&tab=sat,852377,2026-10-05 13:35:52,신진우,False,ok,연재,sat,sat
sat,토,68,스쿨 오브 스트릿,https://comic.naver.com/webtoon/list?titleId=822642&tab=sat,822642,2026-10-05 13:35:52,슬랭킷,False,ok,연재,sat,sat
sat,토,69,나랑 같이살아,https://comic.naver.com/webtoon/list?titleId=853327&tab=sat,853327,2026-10-05 13:35:52,수현,False,ok,연재,sat,sat
sat,토,70,고고농구,https://comic.naver.com/webtoon/list?titleId=845463&tab=sat,845463,2026-10-05 13:35:52,이명재,False,ok,연재,sat,sat
sat,토,71,호붕빵 아저씨,https://comic.naver.com/webtoon/list?titleId=833361&tab=sat,833361,2026-10-05 13:35:52,정다운,False,ok,연재,sat,sat
sat,토,72,로스트 미디어샵 아코드,https://comic.naver.com/webtoon/list?titleId=844728&tab=sat,844728,2026-10-05 13:35:52,육공,False,ok,연재,sat,sat
sat,토,73,조은학생,https://comic.naver.com/webtoon/list?titleId=835189&tab=sat,835189,2026-10-05 13:35:52,이한솔,False,ok,연재,sat,sat
sat,토,74,살아생전,https://comic.naver.com/webtoon/list?titleId=832575&tab=sat,832575,2026-10-05 13:35:52,지도,False,ok,연재,sat,sat
sat,토,75,호감도로 스킬 복사!,https://comic.naver.com/webtoon/list?titleId=855599&tab=sat,855599,2026-10-05 13:35:52,지대공마법소년,False,ok,연재,sat,sat
sat,토,76,예쁜 개차반,https://comic.naver.com/webtoon/list?titleId=850885&tab=sat,850885,2026-10-05 13:35:53,박로세,False,ok,연재,sat,sat
sat,토,77,꽤애액,https://comic.naver.com/webtoon/list?titleId=847483&tab=sat,847483,2026-10-05 13:35:53,고래군,False,ok,연재,sat,sat
sat,토,78,로도스도 전기 : 사령의 여왕,https://comic.naver.com/webtoon/list?titleId=849587&tab=sat,849587,2026-10-05 13:35:53,남부낙타,False,ok,연재,sat,sat
sat,토,79,연애지옥,https://comic.naver.com/webtoon/list?titleId=846650&tab=sat,846650,2026-10-05 13:35:53,용오름,False,ok,연재,sat,sat
sat,토,80,위탁가족!,https://comic.naver.com/webtoon/list?titleId=840736&tab=sat,840736,2026-10-05 13:35:53,조똘복,False,ok,연재,sat,sat
sat,토,81,장인의 거리,https://comic.naver.com/webtoon/list?titleId=847612&tab=sat,847612,2026-10-05 13:35:53,kain_y,False,ok,연재,sat,sat
sat,토,82,복수를 위한 결혼동맹,https://comic.naver.com/webtoon/list?titleId=794161&tab=sat,794161,2026-10-05 13:35:53,EMMA,False,ok,연재,sat,sat
sat,토,83,고교야구 타이쿤,https://comic.naver.com/webtoon/list?titleId=849538&tab=sat,849538,2026-10-05 13:35:53,박대혁,False,ok,연재,sat,sat
sat,토,84,죽었는데 왜 집착하세요,https://comic.naver.com/webtoon/list?titleId=826529&tab=sat,826529,2026-10-05 13:35:53,미카,False,ok,연재,sat,sat
sat,토,85,천 살 연하 황제가 집착한다,https://comic.naver.com/webtoon/list?titleId=821378&tab=sat,821378,2026-10-05 13:35:53,이윤희,False,ok,연재,sat,sat
sat,토,86,설탕에 곁들인 로맨스,https://comic.naver.com/webtoon/list?titleId=840179&tab=sat,840179,2026-10-05 13:35:53,을승,False,ok,연재,sat,sat
sat,토,87,태은민호만화,https://comic.naver.com/webtoon/list?titleId=854519&tab=sat,854519,2026-10-05 13:35:53,가량,False,ok,연재,sat,sat
sat,토,88,용사참수인,https://comic.naver.com/webtoon/list?titleId=783590&tab=sat,783590,2026-10-05 13:35:53,김세래,False,ok,연재,sat,sat
sat,토,89,꿈의 엔트리,https://comic.naver.com/webtoon/list?titleId=843001&tab=sat,843001,2026-10-05 13:35:53,울리,False,ok,연재,sat,sat
sat,토,90,결혼 청약 당첨,https://comic.naver.com/webtoon/list?titleId=851265&tab=sat,851265,2026-10-05 13:35:53,권계림,False,ok,연재,sat,sat
sat,토,91,나만 최강 초월자,https://comic.naver.com/webtoon/list?titleId=827423&tab=sat,827423,2026-10-05 13:35:53,에토 슌지,False,ok,연재,sat,sat
sat,토,92,우리집에 온 여우들,https://comic.naver.com/webtoon/list?titleId=837101&tab=sat,837101,2026-10-05 13:35:53,김현,False,ok,연재,sat,sat
sat,토,93,마왕의 채널,https://comic.naver.com/webtoon/list?titleId=845026&tab=sat,845026,2026-10-05 13:35:53,말랭2,False,ok,연재,sat,sat
sat,토,94,용사 출연 마왕 연출,https://comic.naver.com/webtoon/list?titleId=847812&tab=sat,847812,2026-10-05 13:35:53,희또,False,ok,연재,sat,sat
sat,토,95,마법사가 죽음을 맞이하는 방법,https://comic.naver.com/webtoon/list?titleId=786269&tab=sat,786269,2026-10-05 13:35:53,박젶,False,ok,연재,sat,sat
sat,토,96,"대디, 대디",https://comic.naver.com/webtoon/list?titleId=855057&tab=sat,855057,2026-10-05 13:35:53,정언,False,ok,연재,sat,sat
sat,토,97,육각,https://comic.naver.com/webtoon/list?titleId=826660&tab=sat,826660,2026-10-05 13:35:53,권라드,False,ok,연재,sat,sat
sat,토,98,내 호수에 가둔 인어,https://comic.naver.com/webtoon/list?titleId=834391&tab=sat,834391,2026-10-05 13:35:53,밋츄,False,ok,연재,sat,sat
sat,토,99,유령의 노래,https://comic.naver.com/webtoon/list?titleId=823239&tab=sat,823239,2026-10-05 13:35:53,김문경,False,ok,연재,sat,sat
sat,토,100,들개전쟁,https://comic.naver.com/webtoon/list?titleId=846820&tab=sat,846820,2026-10-05 13:35:53,서패스,False,ok,연재,sat,sat
sat,토,101,쌍둥이에게 아내 자리를 빼앗겼다,https://comic.naver.com/webtoon/list?titleId=852058&tab=sat,852058,2026-10-05 13:35:53,해민,False,ok,연재,sat,sat
sat,토,102,말없는 전학생,https://comic.naver.com/webtoon/list?titleId=839102&tab=sat,839102,2026-10-05 13:35:53,이유정,False,ok,연재,sat,sat
sat,토,103,배고픈 새가 일찍 일어난다,https://comic.naver.com/webtoon/list?titleId=848896&tab=sat,848896,2026-10-05 13:35:53,세싸미,False,ok,연재,sat,sat
sat,토,104,불량순정,https://comic.naver.com/webtoon/list?titleId=849365&tab=sat,849365,2026-10-05 13:35:53,김수박,False,ok,연재,sat,sat
sat,토,105,펫로스클럽,https://comic.naver.com/webtoon/list?titleId=842838&tab=sat,842838,2026-10-05 13:35:53,올드독,False,ok,연재,sat,sat
sat,토,106,짝사랑을 망치고 싶어,https://comic.naver.com/webtoon/list?titleId=841562&tab=sat,841562,2026-10-05 13:35:53,신여름,False,ok,연재,sat,sat
sat,토,107,모두가 날 싫어한다,https://comic.naver.com/webtoon/list?titleId=843426&tab=sat,843426,2026-10-05 13:35:54,산하,False,ok,연재,sat,sat
sat,토,108,짝사랑 사생결단,https://comic.naver.com/webtoon/list?titleId=849079&tab=sat,849079,2026-10-05 13:35:54,만깍,False,ok,연재,sat,sat
sat,토,109,신이 되겠다,https://comic.naver.com/webtoon/list?titleId=826667&tab=sat,826667,2026-10-05 13:35:54,정연호,False,ok,연재,sat,sat
sat,토,110,그 냉장고 안에서는,https://comic.naver.com/webtoon/list?titleId=843427&tab=sat,843427,2026-10-05 13:35:54,냉친,False,ok,연재,sat,sat
sat,토,111,오싹한 연애,https://comic.naver.com/webtoon/list?titleId=852570&tab=sat,852570,2026-10-05 13:35:54,꼉,False,ok,연재,sat,sat
sat,토,112,이매망량,https://comic.naver.com/webtoon/list?titleId=819506&tab=sat,819506,2026-10-05 13:35:54,관절,False,ok,연재,sat,sat
sat,토,113,사신님과 3년 계약,https://comic.naver.com/webtoon/list?titleId=847850&tab=sat,847850,2026-10-05 13:35:54,사쿠라다 린,False,ok,연재,sat,sat
sat,토,114,내 남자친구는 고양이다옹,https://comic.naver.com/webtoon/list?titleId=846330&tab=sat,846330,2026-10-05 13:35:54,이하,False,ok,연재,sat,sat
sat,토,115,S.K.T(Swallow Knights Tales),https://comic.naver.com/webtoon/list?titleId=816817&tab=sat,816817,2026-10-05 13:35:54,한흔,False,ok,연재,sat,sat
sat,토,116,소마소응,https://comic.naver.com/webtoon/list?titleId=826530&tab=sat,826530,2026-10-05 13:35:54,예조,False,ok,연재,sat,sat
sat,토,117,결혼파행,https://comic.naver.com/webtoon/list?titleId=850960&tab=sat,850960,2026-10-05 13:35:54,한지,False,ok,연재,sat,sat
sat,토,118,DARK MOON: 두 개의 달,https://comic.naver.com/webtoon/list?titleId=843898&tab=sat,843898,2026-10-05 13:35:54,HYBE,False,ok,연재,sat,sat
sat,토,119,동그란 그녀와 소심한 그 남자,https://comic.naver.com/webtoon/list?titleId=812156&tab=sat,812156,2026-10-05 13:35:54,하야마 이즈미,False,ok,연재,sat,sat
sat,토,120,썩어도 혈육,https://comic.naver.com/webtoon/list?titleId=842395&tab=sat,842395,2026-10-05 13:35:54,bunny,False,ok,연재,sat,sat
sat,토,121,행운의 여신,https://comic.naver.com/webtoon/list?titleId=849092&tab=sat,849092,2026-10-05 13:35:54,허니비,False,ok,연재,sat,sat
sat,토,122,스트레이 불렛,https://comic.naver.com/webtoon/list?titleId=850708&tab=sat,850708,2026-10-05 13:35:54,모카개,False,ok,연재,sat,sat
sat,토,123,빅 샤이닝,https://comic.naver.com/webtoon/list?titleId=847913&tab=sat,847913,2026-10-05 13:35:54,바리,False,ok,연재,sat,sat
sat,토,124,한판,https://comic.naver.com/webtoon/list?titleId=828310&tab=sat,828310,2026-10-05 13:35:54,백시우,False,ok,연재,sat,sat
sat,토,125,비밀복식클럽,https://comic.naver.com/webtoon/list?titleId=837336&tab=sat,837336,2026-10-05 13:35:54,소영,False,ok,연재,sat,sat
sat,토,126,세이브 디 어스!,https://comic.naver.com/webtoon/list?titleId=840092&tab=sat,840092,2026-10-05 13:35:54,맴,False,ok,연재,sat,sat
sat,토,127,청춘 관찰기,https://comic.naver.com/webtoon/list?titleId=844048&tab=sat,844048,2026-10-05 13:35:54,한민기,False,ok,연재,sat,sat
sat,토,128,백 킥!,https://comic.naver.com/webtoon/list?titleId=849881&tab=sat,849881,2026-10-05 13:35:54,최 강,False,ok,연재,sat,sat
sat,토,129,너랑 걷는 개 좋아,https://comic.naver.com/webtoon/list?titleId=836908&tab=sat,836908,2026-10-05 13:35:54,누리아 산귀노,False,ok,연재,sat,sat
sat,토,130,"다시, 순정퀘스트",https://comic.naver.com/webtoon/list?titleId=852275&tab=sat,852275,2026-10-05 13:35:54,이온도,False,ok,연재,sat,sat
sun,일,1,육아일기,https://comic.naver.com/webtoon/list?titleId=812354&tab=sun,812354,2026-10-05 13:35:54,자까,False,ok,"목, 일 연재","thu,sun","thu,sun"
sun,일,2,범죄도시0,https://comic.naver.com/webtoon/list?titleId=848000&tab=sun,848000,2026-10-05 13:35:54,박태준,False,ok,연재,sun,sun
sun,일,3,럭키비치,https://comic.naver.com/webtoon/list?titleId=852498&tab=sun,852498,2026-10-05 13:35:54,,True,login_or_adult_required,,"thu,sun","thu,sun"
sun,일,4,권왕환생,https://comic.naver.com/webtoon/list?titleId=839568&tab=sun,839568,2026-10-05 13:35:54,최진형,False,ok,연재,sun,sun
sun,일,5,태존비록,https://comic.naver.com/webtoon/list?titleId=840687&tab=sun,840687,2026-10-05 13:35:54,김꿀빨,False,ok,연재,sun,sun
sun,일,6,2회차 환관이 남성을 되찾음,https://comic.naver.com/webtoon/list?titleId=832566&tab=sun,832566,2026-10-05 13:35:54,,True,login_or_adult_required,,sun,sun
sun,일,7,모든걸 기억하는 천재무사,https://comic.naver.com/webtoon/list?titleId=849611&tab=sun,849611,2026-10-05 13:35:54,Omin,False,ok,연재,sun,sun
sun,일,8,프롤로그에서 30년이 흘렀다,https://comic.naver.com/webtoon/list?titleId=852765&tab=sun,852765,2026-10-05 13:35:54,기린그린,False,ok,연재,sun,sun
sun,일,9,일타강사 백사부,https://comic.naver.com/webtoon/list?titleId=779632&tab=sun,779632,2026-10-05 13:35:54,사내,False,ok,연재,sun,sun
sun,일,10,하남자의 탑 공략법,https://comic.naver.com/webtoon/list?titleId=845508&tab=sun,845508,2026-10-05 13:35:54,표표,False,ok,연재,sun,sun
sun,일,11,시루/24/1km,https://comic.naver.com/webtoon/list?titleId=850068&tab=sun,850068,2026-10-05 13:35:54,,True,login_or_adult_required,,sun,sun
sun,일,12,어린 아내와 나쁜 짓,https://comic.naver.com/webtoon/list?titleId=851385&tab=sun,851385,2026-10-05 13:35:55,,True,login_or_adult_required,,sun,sun
sun,일,13,귀농했더니 국가급 거물 후배들이 몰려든다,https://comic.naver.com/webtoon/list?titleId=853943&tab=sun,853943,2026-10-05 13:35:55,우기,False,ok,연재,sun,sun
sun,일,14,아카데미의 천재칼잡이,https://comic.naver.com/webtoon/list?titleId=813564&tab=sun,813564,2026-10-05 13:35:55,시치,False,ok,연재,sun,sun
sun,일,15,아리도록,https://comic.naver.com/webtoon/list?titleId=849736&tab=sun,849736,2026-10-05 13:35:55,잔디롤빵,False,ok,연재,sun,sun
sun,일,16,인간의 식탁,https://comic.naver.com/webtoon/list?titleId=852761&tab=sun,852761,2026-10-05 13:35:55,김규삼,False,ok,연재,sun,sun
sun,일,17,세상에 나쁜 영애는 없다,https://comic.naver.com/webtoon/list?titleId=846779&tab=sun,846779,2026-10-05 13:35:55,신희빈,False,ok,연재,sun,sun
sun,일,18,축구천재로 오해받는 중입니다,https://comic.naver.com/webtoon/list?titleId=835119&tab=sun,835119,2026-10-05 13:35:55,이보테,False,ok,연재,sun,sun
sun,일,19,용사파티만화,https://comic.naver.com/webtoon/list?titleId=842647&tab=sun,842647,2026-10-05 13:35:55,칰타,False,ok,"금, 토, 일 연재","fri,sat,sun","fri,sat,sun"
sun,일,20,천재 무림 트레이너,https://comic.naver.com/webtoon/list?titleId=824295&tab=sun,824295,2026-10-05 13:35:55,코울,False,ok,연재,sun,sun
sun,일,21,너만 보인단 말이야,https://comic.naver.com/webtoon/list?titleId=849279&tab=sun,849279,2026-10-05 13:35:55,채군,False,ok,연재,sun,sun
sun,일,22,같이 장볼래?,https://comic.naver.com/webtoon/list?titleId=850928&tab=sun,850928,2026-10-05 13:35:55,집손이,False,ok,"목, 일 연재","thu,sun","thu,sun"
sun,일,23,맹종,https://comic.naver.com/webtoon/list?titleId=850546&tab=sun,850546,2026-10-05 13:35:55,해무리,False,ok,연재,sun,sun
sun,일,24,용사의 발라드,https://comic.naver.com/webtoon/list?titleId=854122&tab=sun,854122,2026-10-05 13:35:55,남웅,False,ok,연재,sun,sun
sun,일,25,부활소년,https://comic.naver.com/webtoon/list?titleId=848075&tab=sun,848075,2026-10-05 13:35:55,류,False,ok,연재,sun,sun
sun,일,26,용사보다 너무 강해서 힘을 숨김,https://comic.naver.com/webtoon/list?titleId=814213&tab=sun,814213,2026-10-05 13:35:55,승한,False,ok,연재,sun,sun
sun,일,27,스페이스 마린에게 상태창이 생김,https://comic.naver.com/webtoon/list?titleId=854613&tab=sun,854613,2026-10-05 13:35:55,꿀범,False,ok,연재,sun,sun
sun,일,28,내 최애는 막차를 탄다,https://comic.naver.com/webtoon/list?titleId=834896&tab=sun,834896,2026-10-05 13:35:55,직씨,False,ok,연재,sun,sun
sun,일,29,해시태그는 첫사랑,https://comic.naver.com/webtoon/list?titleId=844730&tab=sun,844730,2026-10-05 13:35:55,KAN,False,ok,연재,sun,sun
sun,일,30,재벌의 품격,https://comic.naver.com/webtoon/list?titleId=823025&tab=sun,823025,2026-10-05 13:35:55,아쿠아콘,False,ok,연재,sun,sun
sun,일,31,환생좌,https://comic.naver.com/webtoon/list?titleId=819912&tab=sun,819912,2026-10-05 13:35:55,ALLA,False,ok,연재,sun,sun
sun,일,32,"20 중반, 성공이란 무엇인가",https://comic.naver.com/webtoon/list?titleId=843922&tab=sun,843922,2026-10-05 13:35:55,김동훈,False,ok,연재,sun,sun
sun,일,33,인터뷰,https://comic.naver.com/webtoon/list?titleId=854396&tab=sun,854396,2026-10-05 13:35:55,,True,login_or_adult_required,,sun,sun
sun,일,34,던전짐꾼,https://comic.naver.com/webtoon/list?titleId=835423&tab=sun,835423,2026-10-05 13:35:55,나진수,False,ok,연재,sun,sun
sun,일,35,소녀바둑,https://comic.naver.com/webtoon/list?titleId=842839&tab=sun,842839,2026-10-05 13:35:55,큐띠뿅,False,ok,연재,sun,sun
sun,일,36,고대동물기,https://comic.naver.com/webtoon/list?titleId=835910&tab=sun,835910,2026-10-05 13:35:55,고제형,False,ok,연재,sun,sun
sun,일,37,나의 비발디,https://comic.naver.com/webtoon/list?titleId=854344&tab=sun,854344,2026-10-05 13:35:55,,True,login_or_adult_required,,sun,sun
sun,일,38,양아치의 첫사랑,https://comic.naver.com/webtoon/list?titleId=844812&tab=sun,844812,2026-10-05 13:35:55,치치,False,ok,연재,sun,sun
sun,일,39,지옥심판,https://comic.naver.com/webtoon/list?titleId=854096&tab=sun,854096,2026-10-05 13:35:55,,True,login_or_adult_required,,sun,sun
sun,일,40,이레즈미 소개팅남,https://comic.naver.com/webtoon/list?titleId=850952&tab=sun,850952,2026-10-05 13:35:55,토깽이,False,ok,"목, 일 연재","thu,sun","thu,sun"
sun,일,41,장풍전,https://comic.naver.com/webtoon/list?titleId=789966&tab=sun,789966,2026-10-05 13:35:55,신영우,False,ok,연재,sun,sun
sun,일,42,레드셔츠,https://comic.naver.com/webtoon/list?titleId=838553&tab=sun,838553,2026-10-05 13:35:55,펀치킥,False,ok,연재,sun,sun
sun,일,43,무조건 이혼한다,https://comic.naver.com/webtoon/list?titleId=842623&tab=sun,842623,2026-10-05 13:35:55,모닥불,False,ok,연재,sun,sun
sun,일,44,2026 루키 단편선,https://comic.naver.com/webtoon/list?titleId=853869&tab=sun,853869,2026-10-05 13:35:55,네이버웹툰,False,ok,"월, 수, 목, 일 연재","mon,wed,thu,sun","mon,wed,thu,sun"
sun,일,45,소년교도소,https://comic.naver.com/webtoon/list?titleId=827335&tab=sun,827335,2026-10-05 13:35:55,청민,False,ok,연재,sun,sun
sun,일,46,솔플의 제왕,https://comic.naver.com/webtoon/list?titleId=837506&tab=sun,837506,2026-10-05 13:35:55,봄 버스터즈,False,ok,연재,sun,sun
sun,일,47,위닝샷!,https://comic.naver.com/webtoon/list?titleId=778578&tab=sun,778578,2026-10-05 13:35:55,강견,False,ok,연재,sun,sun
sun,일,48,흉가에 들어가면 안되는 이유,https://comic.naver.com/webtoon/list?titleId=834250&tab=sun,834250,2026-10-05 13:35:55,벽돌,False,ok,연재,sun,sun
sun,일,49,괴물 천재선수들이 날 너무 좋아함,https://comic.naver.com/webtoon/list?titleId=843901&tab=sun,843901,2026-10-05 13:35:55,조약돌,False,ok,연재,sun,sun
sun,일,50,꿈에서 본 그놈이 대단해!,https://comic.naver.com/webtoon/list?titleId=854132&tab=sun,854132,2026-10-05 13:35:56,,True,login_or_adult_required,,sun,sun
sun,일,51,서바이브,https://comic.naver.com/webtoon/list?titleId=838594&tab=sun,838594,2026-10-05 13:35:56,,True,login_or_adult_required,,sun,sun
sun,일,52,엄마는 돼지가 되었다,https://comic.naver.com/webtoon/list?titleId=854129&tab=sun,854129,2026-10-05 13:35:56,사자베기,False,ok,연재,sun,sun
sun,일,53,마탑의 문제아들,https://comic.naver.com/webtoon/list?titleId=837812&tab=sun,837812,2026-10-05 13:35:56,샘미,False,ok,연재,sun,sun
sun,일,54,아마도 무적불패,https://comic.naver.com/webtoon/list?titleId=834396&tab=sun,834396,2026-10-05 13:35:56,2Poet,False,ok,연재,sun,sun
sun,일,55,원 앤 온리,https://comic.naver.com/webtoon/list?titleId=838102&tab=sun,838102,2026-10-05 13:35:56,임주이,False,ok,연재,sun,sun
sun,일,56,두근두근 귀연시,https://comic.naver.com/webtoon/list?titleId=836426&tab=sun,836426,2026-10-05 13:35:56,동우,False,ok,연재,sun,sun
sun,일,57,천도박멸,https://comic.naver.com/webtoon/list?titleId=852078&tab=sun,852078,2026-10-05 13:35:56,와나나,False,ok,연재,sun,sun
sun,일,58,숨쉬지마,https://comic.naver.com/webtoon/list?titleId=841941&tab=sun,841941,2026-10-05 13:35:56,린세,False,ok,연재,sun,sun
sun,일,59,빌런의 프로파일러,https://comic.naver.com/webtoon/list?titleId=839959&tab=sun,839959,2026-10-05 13:35:56,파스타 코인,False,ok,연재,sun,sun
sun,일,60,내 조선에 세종은 없다,https://comic.naver.com/webtoon/list?titleId=854524&tab=sun,854524,2026-10-05 13:35:56,이재헌,False,ok,연재,sun,sun
sun,일,61,살인 알고리즘,https://comic.naver.com/webtoon/list?titleId=853270&tab=sun,853270,2026-10-05 13:35:56,삼수,False,ok,연재,sun,sun
sun,일,62,용사생활기록부,https://comic.naver.com/webtoon/list?titleId=840332&tab=sun,840332,2026-10-05 13:35:56,땅콩,False,ok,연재,sun,sun
sun,일,63,적귀,https://comic.naver.com/webtoon/list?titleId=855665&tab=sun,855665,2026-10-05 13:35:56,,True,login_or_adult_required,,sun,sun
sun,일,64,고덕춘의 푸드트럭,https://comic.naver.com/webtoon/list?titleId=844982&tab=sun,844982,2026-10-05 13:35:56,포포,False,ok,연재,sun,sun
sun,일,65,상사불상사,https://comic.naver.com/webtoon/list?titleId=814820&tab=sun,814820,2026-10-05 13:35:56,영하,False,ok,연재,sun,sun
sun,일,66,공정거래위원회,https://comic.naver.com/webtoon/list?titleId=837139&tab=sun,837139,2026-10-05 13:35:56,권오준,False,ok,연재,sun,sun
sun,일,67,경자 전성시대,https://comic.naver.com/webtoon/list?titleId=769658&tab=sun,769658,2026-10-05 13:35:56,김호드,False,ok,연재,sun,sun
sun,일,68,밀실남녀,https://comic.naver.com/webtoon/list?titleId=851705&tab=sun,851705,2026-10-05 13:35:56,후,False,ok,연재,sun,sun
sun,일,69,논 투아,https://comic.naver.com/webtoon/list?titleId=843754&tab=sun,843754,2026-10-05 13:35:56,나윤희,False,ok,연재,sun,sun
sun,일,70,심검의 용사,https://comic.naver.com/webtoon/list?titleId=839585&tab=sun,839585,2026-10-05 13:35:56,문도현,False,ok,연재,sun,sun
sun,일,71,사이코패스 흑막과 파혼하는 50가지 방법,https://comic.naver.com/webtoon/list?titleId=847615&tab=sun,847615,2026-10-05 13:35:56,무지,False,ok,연재,sun,sun
sun,일,72,모럴리스 스캔들,https://comic.naver.com/webtoon/list?titleId=838705&tab=sun,838705,2026-10-05 13:35:56,둥그라미,False,ok,연재,sun,sun
sun,일,73,덤벙덤벙 내인생,https://comic.naver.com/webtoon/list?titleId=841876&tab=sun,841876,2026-10-05 13:35:56,덤덤,False,ok,연재,sun,sun
sun,일,74,연산군의 셰프로 살아남기,https://comic.naver.com/webtoon/list?titleId=842674&tab=sun,842674,2026-10-05 13:35:56,뉴로크 스튜디오,False,ok,연재,sun,sun
sun,일,75,남들 로판 여주 할 때 나는 장롱 괴물 됨,https://comic.naver.com/webtoon/list?titleId=852333&tab=sun,852333,2026-10-05 13:35:56,굿람,False,ok,연재,sun,sun
sun,일,76,청춘정식,https://comic.naver.com/webtoon/list?titleId=839992&tab=sun,839992,2026-10-05 13:35:56,봄소희,False,ok,연재,sun,sun
sun,일,77,첫 고백,https://comic.naver.com/webtoon/list?titleId=840969&tab=sun,840969,2026-10-05 13:35:56,희똑,False,ok,연재,sun,sun
sun,일,78,와인의 신,https://comic.naver.com/webtoon/list?titleId=852403&tab=sun,852403,2026-10-05 13:35:56,성혜,False,ok,연재,sun,sun
sun,일,79,과학고 사변,https://comic.naver.com/webtoon/list?titleId=849907&tab=sun,849907,2026-10-05 13:35:56,고태린,False,ok,연재,sun,sun
sun,일,80,아무래도 결혼을 잘못한 것 같다,https://comic.naver.com/webtoon/list?titleId=817122&tab=sun,817122,2026-10-05 13:35:56,빗잘,False,ok,연재,sun,sun
sun,일,81,무능력자,https://comic.naver.com/webtoon/list?titleId=821085&tab=sun,821085,2026-10-05 13:35:56,치킨무,False,ok,연재,sun,sun
sun,일,82,악녀의 시집살이는 즐겁다,https://comic.naver.com/webtoon/list?titleId=853972&tab=sun,853972,2026-10-05 13:35:56,최무탁,False,ok,연재,sun,sun
sun,일,83,태엽 위를 걷는 연인,https://comic.naver.com/webtoon/list?titleId=854367&tab=sun,854367,2026-10-05 13:35:56,아르누니,False,ok,연재,sun,sun
sun,일,84,오리짱!,https://comic.naver.com/webtoon/list?titleId=842892&tab=sun,842892,2026-10-05 13:35:56,우영영,False,ok,연재,sun,sun
sun,일,85,"아임 파인 땡큐, 앤유?",https://comic.naver.com/webtoon/list?titleId=829495&tab=sun,829495,2026-10-05 13:35:56,벼락,False,ok,연재,sun,sun
sun,일,86,공작의 첫날밤을 빼앗은 쓰레기 영애,https://comic.naver.com/webtoon/list?titleId=855069&tab=sun,855069,2026-10-05 13:35:57,ON,False,ok,연재,sun,sun
sun,일,87,리히트,https://comic.naver.com/webtoon/list?titleId=853411&tab=sun,853411,2026-10-05 13:35:57,용과,False,ok,연재,sun,sun
sun,일,88,극야 : 애프터폴,https://comic.naver.com/webtoon/list?titleId=792694&tab=sun,792694,2026-10-05 13:35:57,운,False,ok,연재,sun,sun
sun,일,89,뼈삼촌,https://comic.naver.com/webtoon/list?titleId=850220&tab=sun,850220,2026-10-05 13:35:57,깡준치,False,ok,연재,sun,sun
sun,일,90,나는 참지 못한다,https://comic.naver.com/webtoon/list?titleId=823476&tab=sun,823476,2026-10-05 13:35:57,,True,login_or_adult_required,,sun,sun
sun,일,91,고백대리,https://comic.naver.com/webtoon/list?titleId=838945&tab=sun,838945,2026-10-05 13:35:57,문조,False,ok,연재,sun,sun
sun,일,92,중사의 드래곤,https://comic.naver.com/webtoon/list?titleId=851032&tab=sun,851032,2026-10-05 13:35:57,워티,False,ok,연재,sun,sun
sun,일,93,몰락 끝에 네가 있다,https://comic.naver.com/webtoon/list?titleId=850503&tab=sun,850503,2026-10-05 13:35:57,호랭이콩,False,ok,연재,sun,sun
sun,일,94,악몽무당,https://comic.naver.com/webtoon/list?titleId=853837&tab=sun,853837,2026-10-05 13:35:57,공현곤,False,ok,연재,sun,sun
sun,일,95,헤이트걸,https://comic.naver.com/webtoon/list?titleId=851934&tab=sun,851934,2026-10-05 13:35:57,나솔,False,ok,연재,sun,sun
sun,일,96,죽거나 혹은 사랑에 빠지거나,https://comic.naver.com/webtoon/list?titleId=819696&tab=sun,819696,2026-10-05 13:35:57,,True,login_or_adult_required,,sun,sun
sun,일,97,빙의자 베네핏이 없음,https://comic.naver.com/webtoon/list?titleId=835066&tab=sun,835066,2026-10-05 13:35:57,곽나나,False,ok,연재,sun,sun
sun,일,98,그 애의 교환일기,https://comic.naver.com/webtoon/list?titleId=848297&tab=sun,848297,2026-10-05 13:35:57,흑빼,False,ok,연재,sun,sun
sun,일,99,살인예정자,https://comic.naver.com/webtoon/list?titleId=834765&tab=sun,834765,2026-10-05 13:35:57,유령아이,False,ok,연재,sun,sun
sun,일,100,구제는 없다,https://comic.naver.com/webtoon/list?titleId=849026&tab=sun,849026,2026-10-05 13:35:57,우시목,False,ok,연재,sun,sun
sun,일,101,감정전이,https://comic.naver.com/webtoon/list?titleId=832317&tab=sun,832317,2026-10-05 13:35:57,향유,False,ok,연재,sun,sun
sun,일,102,악마 임시 보호 중!,https://comic.naver.com/webtoon/list?titleId=849730&tab=sun,849730,2026-10-05 13:35:57,박성원,False,ok,연재,sun,sun
sun,일,103,다 해 주는 오빠,https://comic.naver.com/webtoon/list?titleId=855385&tab=sun,855385,2026-10-05 13:35:57,라뇽,False,ok,연재,sun,sun
sun,일,104,미래의 할 일,https://comic.naver.com/webtoon/list?titleId=852611&tab=sun,852611,2026-10-05 13:35:57,복슬,False,ok,연재,sun,sun
sun,일,105,사랑 안 해!,https://comic.naver.com/webtoon/list?titleId=843128&tab=sun,843128,2026-10-05 13:35:57,님니,False,ok,연재,sun,sun
sun,일,106,미스테리 쇼크,https://comic.naver.com/webtoon/list?titleId=848103&tab=sun,848103,2026-10-05 13:35:57,하랑,False,ok,연재,sun,sun
sun,일,107,수사중 연애금지!,https://comic.naver.com/webtoon/list?titleId=846335&tab=sun,846335,2026-10-05 13:35:57,이재홍,False,ok,"목, 일 연재","thu,sun","thu,sun"
sun,일,108,챗윗미,https://comic.naver.com/webtoon/list?titleId=849349&tab=sun,849349,2026-10-05 13:35:57,조니조,False,ok,연재,sun,sun
sun,일,109,우리의 공백,https://comic.naver.com/webtoon/list?titleId=836948&tab=sun,836948,2026-10-05 13:35:57,조예빈,False,ok,연재,sun,sun
sun,일,110,Mickey x F1 정상을 향한 질주,https://comic.naver.com/webtoon/list?titleId=849113&tab=sun,849113,2026-10-05 13:35:57,Brandon Chen,False,ok,연재,sun,sun
