weekday,rank,webtoon_title,webtoon_author,webtoon_title_id,webtoon_url,series_product_no,series_title,series_title_raw,series_episode_info,series_total_episode_count,series_completion_status,series_author,series_author_raw,series_url,match_status,download_status,series_result_text,weekday_list,weekday_row_count,serial_weekdays,serial_weekday_count,pre_collect_weekdays,post_24h_collect_weekdays,is_download_collectable,release_weekday,release_weekday_ko,pre_collect_weekday,post_24h_collect_weekday,release_event_key,collection_context,target_reason,series_download_text,series_download_count,current_url,snapshot_id,snapshot_weekday,snapshot_weekday_ko,snapshot_started_at_kst,snapshot_date_kst,snapshot_time_kst,item_collect_started_at_kst,item_collect_finished_at_kst,item_collect_elapsed_seconds,collected_at_kst,collected_date_kst,collected_time_kst,snapshot_finished_at_kst,snapshot_elapsed_seconds,baseline_found,baseline_snapshot_id,baseline_collected_at_kst,baseline_download_text,baseline_download_count,download_increase,download_increase_rate,dt
tue,65,윌유메리미,마인드C,616239,https://comic.naver.com/webtoon/list?titleId=616239&tab=tue,2505304,윌유메리미,윌유메리미 (총 1262화/미완결),총 1262화/미완결,1262.0,미완결,,,https://series.naver.com/comic/detail.series?productNo=2505304,matched,ok,"윌유메리미 (총 1262화/미완결)
평점
9.8 | 마인드C 마인드C | 2026.06.08. | 총1262화/미완결 | 1256화 무료
마인드C 작가의 실제 연애경험담을 일상툰으로 풀어낸 작품 <윌유메리미>서울과 부산이라는 지역차, 12살이라는 나이 차, 그리고 정 반대의 성격차까지!서울 남자 '윌(마인드C 본인)'과 부산 여자 '메리' 서로 다른 두 사람..","tue,sat",2,"tue,sat",2,"mon,fri","tue,sat",True,tue,화,mon,tue,2505304_tue,post_24h,어제 밤 10시 공개 이후 증가분 확인용 수집,564.9만,5649000.0,https://series.naver.com/comic/detail.series?productNo=2505304,20260929_002104,tue,화,2026-09-29 00:21:04,2026-09-29,00:21:04,2026-09-29 00:29:00,2026-09-29 00:29:03,2.48,2026-09-29 00:29:03,2026-09-29,00:29:03,2026-09-29 00:37:29,985.66,True,20260921_225919,2026-09-21 22:59:27,564.6만,5646000.0,3000.0,0.0005313496280552603,2026-09-29 00:29:03
tue,44,원주민 공포만화,원주민,698918,https://comic.naver.com/webtoon/list?titleId=698918&tab=tue,3014520,원주민 공포만화,원주민 공포만화 (총 463화/미완결),총 463화/미완결,463.0,미완결,,,https://series.naver.com/comic/detail.series?productNo=3014520,matched,ok,"원주민 공포만화 (총 463화/미완결)
평점
9.7 | 원주민 원주민 | 2026.06.08. | 총463화/미완결 | 460화 무료
끝까지 방심하지 말 것!당신의 상상을 뛰어넘는 본격 반전 공포 스릴러가 온다!",tue,1,tue,1,mon,tue,True,tue,화,mon,tue,3014520_tue,post_24h,어제 밤 10시 공개 이후 증가분 확인용 수집,914.8만,9148000.0,https://series.naver.com/comic/detail.series?productNo=3014520,20260929_002104,tue,화,2026-09-29 00:21:04,2026-09-29,00:21:04,2026-09-29 00:29:04,2026-09-29 00:29:07,2.55,2026-09-29 00:29:07,2026-09-29,00:29:07,2026-09-29 00:37:29,985.66,True,20260921_225919,2026-09-21 22:59:31,914만,9140000.0,8000.0,0.00087527352297593,2026-09-29 00:29:07
tue,17,사신소년,류,730656,https://comic.naver.com/webtoon/list?titleId=730656&tab=tue,4312666,사신소년,사신소년 (총 335화/미완결),총 335화/미완결,335.0,미완결,,,https://series.naver.com/comic/detail.series?productNo=4312666,matched,ok,"사신소년 (총 335화/미완결)
평점
9.5 | 류 류 | 2026.06.08. | 총335화/미완결 | 330화 무료
수명을 대가로 죽은 자의 능력을 빌리는 소년",tue,1,tue,1,mon,tue,True,tue,화,mon,tue,4312666_tue,post_24h,어제 밤 10시 공개 이후 증가분 확인용 수집,"5,637만",56370000.0,https://series.naver.com/comic/detail.series?productNo=4312666,20260929_002104,tue,화,2026-09-29 00:21:04,2026-09-29,00:21:04,2026-09-29 00:29:08,2026-09-29 00:29:10,2.38,2026-09-29 00:29:10,2026-09-29,00:29:10,2026-09-29 00:37:29,985.66,True,20260921_225919,2026-09-21 22:59:34,"5,629만",56290000.0,80000.0,0.0014212115828744004,2026-09-29 00:29:10
tue,68,빌런투킬,퓨핀,765156,https://comic.naver.com/webtoon/list?titleId=765156&tab=tue,5923894,빌런투킬[독점],빌런투킬[독점] (총 242화/미완결),총 242화/미완결,242.0,미완결,,,https://series.naver.com/comic/detail.series?productNo=5923894,matched,ok,"빌런투킬[독점] (총 242화/미완결)
평점
9.9 | 퓨핀 은지 | 2026.06.08. | 총242화/미완결 | 237화 무료
동료를 살해했다는 억울한 누명을 쓰고 사망한 카시안. 모든 게 끝이라고 생각한 순간.그의 영혼은 어느 소년의 몸에 빙의되어 빌런으로 각성한다.선망의 대상이자 대중의 지지를 받던 탑클래스 싸이커였던 그가 하루아침에 빌..",tue,1,tue,1,mon,tue,True,tue,화,mon,tue,5923894_tue,post_24h,어제 밤 10시 공개 이후 증가분 확인용 수집,965.7만,9657000.0,https://series.naver.com/comic/detail.series?productNo=5923894,20260929_002104,tue,화,2026-09-29 00:21:04,2026-09-29,00:21:04,2026-09-29 00:29:12,2026-09-29 00:29:14,2.4,2026-09-29 00:29:14,2026-09-29,00:29:14,2026-09-29 00:37:29,985.66,True,20260921_225919,2026-09-21 22:59:42,963.3만,9633000.0,24000.0,0.002491435689816257,2026-09-29 00:29:14
tue,6,김부장,박만사,783053,https://comic.naver.com/webtoon/list?titleId=783053&tab=tue,6732898,김부장,김부장 (총 246화/미완결),총 246화/미완결,246.0,미완결,,,https://series.naver.com/comic/detail.series?productNo=6732898,matched,ok,"김부장 (총 246화/미완결)
평점
9.3 | 박만사, 남자의 이야기 정종택 | 2026.06.08. | 총246화/미완결 | 241화 무료
제발 안경 쓴 아저씨는 건들지 말자.오직 자신의 딸 '민지'를 위해 특수요원직을 관두고 평범함을 선택한 가장 김부장.그러던 어느 날 민지가 소리소문 없이 사라지고, 김부장은 자신을 감시하는 국가를 적으로 돌리면서까지 딸..",tue,1,tue,1,mon,tue,True,tue,화,mon,tue,6732898_tue,post_24h,어제 밤 10시 공개 이후 증가분 확인용 수집,"6,714만",67140000.0,https://series.naver.com/comic/detail.series?productNo=6732898,20260929_002104,tue,화,2026-09-29 00:21:04,2026-09-29,00:21:04,2026-09-29 00:29:15,2026-09-29 00:29:17,1.77,2026-09-29 00:29:17,2026-09-29,00:29:17,2026-09-29 00:37:29,985.66,True,20260921_225919,2026-09-21 22:59:45,"6,704만",67040000.0,100000.0,0.0014916467780429594,2026-09-29 00:29:17
tue,8,내가 키운 S급들,seri,784248,https://comic.naver.com/webtoon/list?titleId=784248&tab=tue,6763216,내가 키운 S급들 [독점],내가 키운 S급들 [독점] (총 171화/미완결),총 171화/미완결,171.0,미완결,,,https://series.naver.com/comic/detail.series?productNo=6763216,matched,ok,"내가 키운 S급들 [독점] (총 171화/미완결)
평점
9.7 | 근서, seri 비완 | 2026.06.08. | 총171화/미완결 | 164화 무료
F급 헌터.그것도 잘나가는 S급 동생 발목이나 잡는 쓸모없고 찌질한 F급 형.개판된 인생 대충 살다가 결국 동생 목숨까지 잡아먹고 회귀한 내게 주어진 칭호,'완벽한 양육자'.그래, 이번에는 나대지 말고 얌전히 잘난놈들 뒷바..",tue,1,tue,1,mon,tue,True,tue,화,mon,tue,6763216_tue,post_24h,어제 밤 10시 공개 이후 증가분 확인용 수집,"3,146만",31460000.0,https://series.naver.com/comic/detail.series?productNo=6763216,20260929_002104,tue,화,2026-09-29 00:21:04,2026-09-29,00:21:04,2026-09-29 00:29:18,2026-09-29 00:29:20,1.94,2026-09-29 00:29:20,2026-09-29,00:29:20,2026-09-29 00:37:29,985.66,True,20260921_225919,2026-09-21 22:59:48,"3,136만",31360000.0,100000.0,0.0031887755102040817,2026-09-29 00:29:20
tue,11,멸망 이후의 세계,언데드딸기,789979,https://comic.naver.com/webtoon/list?titleId=789979&tab=tue,8144546,멸망 이후의 세계 [독점],멸망 이후의 세계 [독점] (총 239화/미완결),총 239화/미완결,239.0,미완결,,,https://series.naver.com/comic/detail.series?productNo=8144546,matched,ok,"멸망 이후의 세계 [독점] (총 239화/미완결)
평점
9.9 | 언데드딸기, 싱숑 언데드감자 | 2026.06.08. | 총239화/미완결 | 228화 무료
<전지적 독자 시점> 싱숑 작가 원작.이것은 모두가 과거로 돌아갈 때 마지막까지 회귀하지 않았던 한 사나이의 이야기다.",tue,1,tue,1,mon,tue,True,tue,화,mon,tue,8144546_tue,post_24h,어제 밤 10시 공개 이후 증가분 확인용 수집,"2,291만",22910000.0,https://series.naver.com/comic/detail.series?productNo=8144546,20260929_002104,tue,화,2026-09-29 00:21:04,2026-09-29,00:21:04,2026-09-29 00:29:21,2026-09-29 00:29:23,2.1,2026-09-29 00:29:23,2026-09-29,00:29:23,2026-09-29 00:37:29,985.66,True,20260921_225919,2026-09-21 22:59:51,"2,281만",22810000.0,100000.0,0.004384042086804033,2026-09-29 00:29:23
tue,92,붉은 이정표,달뜬,790776,https://comic.naver.com/webtoon/list?titleId=790776&tab=tue,8290637,붉은 이정표,붉은 이정표 (총 174화/미완결),총 174화/미완결,174.0,미완결,,,https://series.naver.com/comic/detail.series?productNo=8290637,matched,ok,"붉은 이정표 (총 174화/미완결)
평점
9.9 | 달뜬 달뜬 | 2026.06.08. | 총174화/미완결 | 171화 무료
세상의 평화를 유지하던 최강의 도깨비 집단 '홍혜.' 그러던 어느 날 동료의 배신으로 도깨비 '린'은 홍혜와 친구들 모두를 잃게 된다.분노로 가득 찬 그는 홍혜의 최강전력 '검은 귀신' 으로서 복수를 향해 길을 떠난다.",tue,1,tue,1,mon,tue,True,tue,화,mon,tue,8290637_tue,post_24h,어제 밤 10시 공개 이후 증가분 확인용 수집,142.6만,1426000.0,https://series.naver.com/comic/detail.series?productNo=8290637,20260929_002104,tue,화,2026-09-29 00:21:04,2026-09-29,00:21:04,2026-09-29 00:29:24,2026-09-29 00:29:26,2.71,2026-09-29 00:29:26,2026-09-29,00:29:26,2026-09-29 00:37:29,985.66,True,20260921_225919,2026-09-21 22:59:56,141.7만,1417000.0,9000.0,0.006351446718419196,2026-09-29 00:29:26
tue,91,내남친 킹카만들기,랑쓰,791126,https://comic.naver.com/webtoon/list?titleId=791126&tab=tue,8212775,내남친 킹카만들기,내남친 킹카만들기 (총 185화/미완결),총 185화/미완결,185.0,미완결,,,https://series.naver.com/comic/detail.series?productNo=8212775,matched,ok,"내남친 킹카만들기 (총 185화/미완결)
평점
9.9 | 랑쓰 섯끼 | 2026.06.08. | 총185화/미완결 | 182화 무료
사랑스러운 외모의 SNS 스타 윤시아는 관리라고는 한번도 해본 적 없는 방구석 아싸 김민호를 킹카로 만드는 콘텐츠를 시작한다.과연.. 그는 긁지 않은 복권이 맞을까? 두근두근 k-하이틴 로맨스!",tue,1,tue,1,mon,tue,True,tue,화,mon,tue,8212775_tue,post_24h,어제 밤 10시 공개 이후 증가분 확인용 수집,290.1만,2901000.0,https://series.naver.com/comic/detail.series?productNo=8212775,20260929_002104,tue,화,2026-09-29 00:21:04,2026-09-29,00:21:04,2026-09-29 00:29:28,2026-09-29 00:29:31,2.39,2026-09-29 00:29:31,2026-09-29,00:29:31,2026-09-29 00:37:29,985.66,True,20260921_225919,2026-09-21 23:00:00,290만,2900000.0,1000.0,0.0003448275862068965,2026-09-29 00:29:31
tue,41,사표내고 이계에서 힐링합니다,덤보,800726,https://comic.naver.com/webtoon/list?titleId=800726&tab=tue,8905038,사표내고 이계에서 힐링합니다,사표내고 이계에서 힐링합니다 (총 174화/미완결),총 174화/미완결,174.0,미완결,"딥블랙, 덤보 파란","평점 9.9 | 딥블랙, 덤보 파란 | 2026.06.08. | 총174화/미완결 | 전화 무료",https://series.naver.com/comic/detail.series?productNo=8905038,matched,ok,"사표내고 이계에서 힐링합니다 (총 174화/미완결)
평점
9.9 | 딥블랙, 덤보 파란 | 2026.06.08. | 총174화/미완결 | 전화 무료
※매주 화요일 연재평범하지만 행복한 삶을 살던 주인공 이수.5년 전 갑작스레 부모님을 잃고 폐인이 되어 하루하루를 힘겹게 살아간다.숨 막히는 일상에 메말라가던 그때, 다용도실에서 차원문이 열렸다. 가본 적 없는 곳, 무..",tue,1,tue,1,mon,tue,True,tue,화,mon,tue,8905038_tue,post_24h,어제 밤 10시 공개 이후 증가분 확인용 수집,519.3만,5193000.0,https://series.naver.com/comic/detail.series?productNo=8905038,20260929_002104,tue,화,2026-09-29 00:21:04,2026-09-29,00:21:04,2026-09-29 00:29:32,2026-09-29 00:29:34,2.28,2026-09-29 00:29:34,2026-09-29,00:29:34,2026-09-29 00:37:29,985.66,True,20260921_225919,2026-09-21 23:00:03,516.8만,5168000.0,25000.0,0.004837461300309598,2026-09-29 00:29:34
tue,53,저 그런 인재 아닙니다,에몽,802840,https://comic.naver.com/webtoon/list?titleId=802840&tab=tue,9099632,저 그런 인재 아닙니다 [독점],저 그런 인재 아닙니다 [독점] (총 118화/미완결),총 118화/미완결,118.0,미완결,"에몽, 덴피 머나","평점 10.0 | 에몽, 덴피 머나 | 2026.02.16. | 총118화/미완결 | 전화 무료",https://series.naver.com/comic/detail.series?productNo=9099632,matched,ok,"저 그런 인재 아닙니다 [독점] (총 118화/미완결)
평점
10.0 | 에몽, 덴피 머나 | 2026.02.16. | 총118화/미완결 | 전화 무료
스트레스만 받으면 피를 토하는 병약하기 짝이 없는 나, 데온 하르트.하지만 어쩐지 강하다는 오해를 받고 제국에서는 모두의 두려움을 받는 하르트 명예 백작인 동시에, 마계에서는 마왕이 가장 신임하는 0군단장이 되었는데..",tue,1,tue,1,mon,tue,True,tue,화,mon,tue,9099632_tue,post_24h,어제 밤 10시 공개 이후 증가분 확인용 수집,632.1만,6321000.0,https://series.naver.com/comic/detail.series?productNo=9099632,20260929_002104,tue,화,2026-09-29 00:21:04,2026-09-29,00:21:04,2026-09-29 00:29:35,2026-09-29 00:29:38,2.22,2026-09-29 00:29:38,2026-09-29,00:29:38,2026-09-29 00:37:29,985.66,True,20260921_225919,2026-09-21 23:00:07,630.5만,6305000.0,16000.0,0.0025376685170499604,2026-09-29 00:29:38
tue,28,신과함께 돌아온 기사왕님,지대공마법소년,809618,https://comic.naver.com/webtoon/list?titleId=809618&tab=tue,9763831,신과함께 돌아온 기사왕님[독점],신과함께 돌아온 기사왕님[독점] (총 168화/미완결),총 168화/미완결,168.0,미완결,,,https://series.naver.com/comic/detail.series?productNo=9763831,matched,ok,"신과함께 돌아온 기사왕님[독점] (총 168화/미완결)
평점
9.7 | 사람살려. 전천후마검사 | 2026.06.08. | 총168화/미완결 | 160화 무료
이세계에서 300년동안 악마사냥을 하다 지구로 귀환했다.하지만 나 혼자 오진 않았다.",tue,1,tue,1,mon,tue,True,tue,화,mon,tue,9763831_tue,post_24h,어제 밤 10시 공개 이후 증가분 확인용 수집,775.8만,7758000.0,https://series.naver.com/comic/detail.series?productNo=9763831,20260929_002104,tue,화,2026-09-29 00:21:04,2026-09-29,00:21:04,2026-09-29 00:29:39,2026-09-29 00:29:42,2.69,2026-09-29 00:29:42,2026-09-29,00:29:42,2026-09-29 00:37:29,985.66,True,20260921_225919,2026-09-21 23:00:10,771.9만,7719000.0,39000.0,0.005052467936261173,2026-09-29 00:29:42
tue,84,포 더 퀸덤,,812414,https://comic.naver.com/webtoon/list?titleId=812414&tab=tue,9895056,포 더 퀸덤,포 더 퀸덤 (총 128화/미완결),총 128화/미완결,128.0,미완결,로즈옹 로즈옹,평점 9.0 | 로즈옹 로즈옹 | 2026.06.15. | 총128화/미완결 | 123화 무료,https://series.naver.com/comic/detail.series?productNo=9895056,review_needed,not_found,"포 더 퀸덤 (총 128화/미완결)
평점
9.0 | 로즈옹 로즈옹 | 2026.06.15. | 총128화/미완결 | 123화 무료
악마 아벨은 인간 여자 연리에게 사랑하는 형, 카인을 잃고 만다.분노에 가득 차 연리를 찾아간 아벨은 사랑에 빠지는 금총알을 맞게 되면서, 연리에게 끓어오르는 사랑을 느끼게 되는데…그는 과연 형제의 복수를 택할 것인가..",tue,1,tue,1,mon,tue,True,tue,화,mon,tue,9895056_tue,post_24h,어제 밤 10시 공개 이후 증가분 확인용 수집,,,https://nid.naver.com/nidlogin.login?svctype=128&a_version=2&viewtype=1&url=http%3A%2F%2Fseries.naver.com%2Fcomic%2Fdetail.series%3FproductNo%3D9895056&surl=https%3A%2F%2Fseries.naver.com,20260929_002104,tue,화,2026-09-29 00:21:04,2026-09-29,00:21:04,2026-09-29 00:29:43,2026-09-29 00:29:58,14.68,2026-09-29 00:29:58,2026-09-29,00:29:58,2026-09-29 00:37:29,985.66,True,20260921_225919,2026-09-21 23:00:29,,,,,2026-09-29 00:29:58
tue,62,착한 여자 안선해,선우,812576,https://comic.naver.com/webtoon/list?titleId=812576&tab=tue,9908340,착한 여자 안선해,착한 여자 안선해 (총 115화/미완결),총 115화/미완결,115.0,미완결,,,https://series.naver.com/comic/detail.series?productNo=9908340,matched,ok,"착한 여자 안선해 (총 115화/미완결)
평점
10.0 | 선우 선우 | 2026.06.08. | 총115화/미완결 | 113화 무료
사람들이 생각하는 ‘착하다’는 무슨 뜻일까? 선해는 착하다는 말을 싫어한다. 어린 시절부터 사람들이 이유 없이 선해가 착하다고 말해왔기 때문이다. 착한 일을 한 적도 없는데 왜 그렇게 말하는 건지. 사람들의 세뇌 덕분에..",tue,1,tue,1,mon,tue,True,tue,화,mon,tue,9908340_tue,post_24h,어제 밤 10시 공개 이후 증가분 확인용 수집,117.4만,1174000.0,https://series.naver.com/comic/detail.series?productNo=9908340,20260929_002104,tue,화,2026-09-29 00:21:04,2026-09-29,00:21:04,2026-09-29 00:30:00,2026-09-29 00:30:02,2.62,2026-09-29 00:30:02,2026-09-29,00:30:02,2026-09-29 00:37:29,985.66,True,20260921_225919,2026-09-21 23:00:34,115.6만,1156000.0,18000.0,0.015570934256055362,2026-09-29 00:30:02
tue,98,내 남편의 정부에게,에리카,817366,https://comic.naver.com/webtoon/list?titleId=817366&tab=tue,10253512,내 남편의 정부에게 [독점],내 남편의 정부에게 [독점] (총 120화/미완결),총 120화/미완결,120.0,미완결,에리카 댄싱브레인,평점 9.7 | 에리카 댄싱브레인 | 2026.06.29. | 총120화/미완결 | 전화 무료,https://series.naver.com/comic/detail.series?productNo=10253512,matched,ok,"내 남편의 정부에게 [독점] (총 120화/미완결)
평점
9.7 | 에리카 댄싱브레인 | 2026.06.29. | 총120화/미완결 | 전화 무료
나, 레티시아 비올렛은 남편에게 헌신했지만, 모든 것을 잃었다.그대로 목숨까지 잃을 뻔하던 찰나, 한 남자가 나타난다.그 남자는 완벽한 복수를 이루도록 도와준다는데…""제 복수를 이루어 주겠다는 말… 꼭 지켜 주세요.""날 ..",tue,1,tue,1,mon,tue,True,tue,화,mon,tue,10253512_tue,post_24h,어제 밤 10시 공개 이후 증가분 확인용 수집,496.9만,4969000.0,https://series.naver.com/comic/detail.series?productNo=10253512,20260929_002104,tue,화,2026-09-29 00:21:04,2026-09-29,00:21:04,2026-09-29 00:30:04,2026-09-29 00:30:06,2.41,2026-09-29 00:30:06,2026-09-29,00:30:06,2026-09-29 00:37:29,985.66,True,20260921_225919,2026-09-21 23:00:38,495.7만,4957000.0,12000.0,0.0024208190437764775,2026-09-29 00:30:06
tue,15,염라강림,바른꽃,818192,https://comic.naver.com/webtoon/list?titleId=818192&tab=tue,10337552,염라강림 [독점],염라강림 [독점] (총 140화/미완결),총 140화/미완결,140.0,미완결,,,https://series.naver.com/comic/detail.series?productNo=10337552,matched,ok,"염라강림 [독점] (총 140화/미완결)
평점
9.8 | 바른꽃 바른꽃 | 2026.06.01. | 총140화/미완결 | 135화 무료
""그 어떤 자도, 내 앞에 설 때는 한낱 죄인이야.""지옥이 망했다.피가 흘러야 할 황천에는 맑은 물이 흐르고 망자들을 끓이던 솥은 차갑게 식은지 오래다. 은퇴한 '염라대왕'은 자신의 행복을 위해 윤회의 길을 택하고자 하지만,혼..",tue,1,tue,1,mon,tue,True,tue,화,mon,tue,10337552_tue,post_24h,어제 밤 10시 공개 이후 증가분 확인용 수집,795.1만,7951000.0,https://series.naver.com/comic/detail.series?productNo=10337552,20260929_002104,tue,화,2026-09-29 00:21:04,2026-09-29,00:21:04,2026-09-29 00:30:08,2026-09-29 00:30:10,2.64,2026-09-29 00:30:10,2026-09-29,00:30:10,2026-09-29 00:37:29,985.66,True,20260921_225919,2026-09-21 23:00:42,786.6만,7866000.0,85000.0,0.01080600050851767,2026-09-29 00:30:10
tue,13,아카데미 플레이어를 죽였다,기린그린,818434,https://comic.naver.com/webtoon/list?titleId=818434&tab=tue,10378077,아카데미 플레이어를 죽였다,아카데미 플레이어를 죽였다 (총 128화/미완결),총 128화/미완결,128.0,미완결,,,https://series.naver.com/comic/detail.series?productNo=10378077,matched,ok,"아카데미 플레이어를 죽였다 (총 128화/미완결)
평점
9.6 | 사람살려. 기린그린 | 2026.06.08. | 총128화/미완결 | 120화 무료
플레이어를 죽였다.죽일 만한 놈이었다. 아주 X새끼였거든.",tue,1,tue,1,mon,tue,True,tue,화,mon,tue,10378077_tue,post_24h,어제 밤 10시 공개 이후 증가분 확인용 수집,808.5만,8085000.0,https://series.naver.com/comic/detail.series?productNo=10378077,20260929_002104,tue,화,2026-09-29 00:21:04,2026-09-29,00:21:04,2026-09-29 00:30:11,2026-09-29 00:30:14,2.69,2026-09-29 00:30:14,2026-09-29,00:30:14,2026-09-29 00:37:29,985.66,True,20260921_225919,2026-09-21 23:00:45,803.9만,8039000.0,46000.0,0.005722104739395447,2026-09-29 00:30:14
tue,32,약 파는 황태자,하강호,818969,https://comic.naver.com/webtoon/list?titleId=818969&tab=tue,10402051,약 파는 황태자,약 파는 황태자 (총 118화/미완결),총 118화/미완결,118.0,미완결,,,https://series.naver.com/comic/detail.series?productNo=10402051,matched,ok,"약 파는 황태자 (총 118화/미완결)
평점
9.7 | 문백경, 하강호 히스 | 2026.06.08. | 총118화/미완결 | 113화 무료
내가 황태자라고? 소설 속 병약요절한 그 황태자?그런데 나, 한의사인데?어쩔 수 없다.체질개선, 원기회복, 자양강장, 활력증진까지.이제부터 내 몸은 내가 챙긴다.",tue,1,tue,1,mon,tue,True,tue,화,mon,tue,10402051_tue,post_24h,어제 밤 10시 공개 이후 증가분 확인용 수집,333.2만,3332000.0,https://series.naver.com/comic/detail.series?productNo=10402051,20260929_002104,tue,화,2026-09-29 00:21:04,2026-09-29,00:21:04,2026-09-29 00:30:15,2026-09-29 00:30:17,2.1,2026-09-29 00:30:17,2026-09-29,00:30:17,2026-09-29 00:37:29,985.66,True,20260921_225919,2026-09-21 23:00:50,331.2만,3312000.0,20000.0,0.006038647342995169,2026-09-29 00:30:17
tue,107,시한부 황후의 나쁜 짓,굄,819054,https://comic.naver.com/webtoon/list?titleId=819054&tab=tue,10468112,시한부 황후의 나쁜 짓,시한부 황후의 나쁜 짓 (총 104화/미완결),총 104화/미완결,104.0,미완결,,,https://series.naver.com/comic/detail.series?productNo=10468112,matched,ok,"시한부 황후의 나쁜 짓 (총 104화/미완결)
평점
9.8 | 굄, 정무늬 이준 | 2026.06.08. | 총104화/미완결 | 99화 무료
정략결혼이었지만 첫사랑이었다. 황제여서가 아니라 당신이어서 사랑했다.휠체어를 탄 몸으로 스텔라는 제국과 남편을 위해 헌신했다.그러나 돌아온 것은 처절한 죽음.여신은 사지가 마비되어 죽은 스텔라를 회귀시켰다.이번 ..",tue,1,tue,1,mon,tue,True,tue,화,mon,tue,10468112_tue,post_24h,어제 밤 10시 공개 이후 증가분 확인용 수집,38.3만,383000.0,https://series.naver.com/comic/detail.series?productNo=10468112,20260929_002104,tue,화,2026-09-29 00:21:04,2026-09-29,00:21:04,2026-09-29 00:30:19,2026-09-29 00:30:21,2.15,2026-09-29 00:30:21,2026-09-29,00:30:21,2026-09-29 00:37:29,985.66,True,20260921_225919,2026-09-21 23:00:53,37.9만,379000.0,4000.0,0.010554089709762533,2026-09-29 00:30:21
tue,3,괴력 난신,매드버드,821597,https://comic.naver.com/webtoon/list?titleId=821597&tab=tue,10782038,괴력 난신,괴력 난신 (총 109화/미완결),총 109화/미완결,109.0,미완결,"매드버드, 한중월야 김태형","평점 9.9 | 매드버드, 한중월야 김태형 | 2026.03.09. | 총109화/미완결 | 전화 무료",https://series.naver.com/comic/detail.series?productNo=10782038,matched,ok,"괴력 난신 (총 109화/미완결)
평점
9.9 | 매드버드, 한중월야 김태형 | 2026.03.09. | 총109화/미완결 | 전화 무료
살인에서 삶의 즐거움을 느끼는 '겸살귀', 정(正).대 연목검장의 셋째공자 목경운과 똑같이 생긴 얼굴을 가졌는데...""나의 대역이 되어라. 그러면 옥에서 나갈 수 있게 해 주마.""""그 기회. 제게 주시겠습니까?""'촤악-!!!'셋째공자를 ..",tue,1,tue,1,mon,tue,True,tue,화,mon,tue,10782038_tue,post_24h,어제 밤 10시 공개 이후 증가분 확인용 수집,"2,434만",24340000.0,https://series.naver.com/comic/detail.series?productNo=10782038,20260929_002104,tue,화,2026-09-29 00:21:04,2026-09-29,00:21:04,2026-09-29 00:30:22,2026-09-29 00:30:25,2.22,2026-09-29 00:30:25,2026-09-29,00:30:25,2026-09-29 00:37:29,985.66,True,20260921_225919,2026-09-21 23:00:56,"2,330만",23300000.0,1040000.0,0.04463519313304721,2026-09-29 00:30:25
tue,30,사람의 탈,우주돌,822198,https://comic.naver.com/webtoon/list?titleId=822198&tab=tue,10809677,사람의 탈,사람의 탈 (총 97화/미완결),총 97화/미완결,97.0,미완결,,,https://series.naver.com/comic/detail.series?productNo=10809677,matched,ok,"사람의 탈 (총 97화/미완결)
평점
10.0 | 우주돌 우주돌 | 2026.06.08. | 총97화/미완결 | 92화 무료
탈은 예술, 춤은 무술!천대받는 탈춤광대 ‘봉산’은 스승이 남긴 지도를 따라왕이 되려는 괴물 호랑이 ‘사풍흑호’를 막기 위해전설 속의 '사람의 탈'을 찾아 모험을 떠나게 되는데 …",tue,1,tue,1,mon,tue,True,tue,화,mon,tue,10809677_tue,post_24h,어제 밤 10시 공개 이후 증가분 확인용 수집,349.5만,3495000.0,https://series.naver.com/comic/detail.series?productNo=10809677,20260929_002104,tue,화,2026-09-29 00:21:04,2026-09-29,00:21:04,2026-09-29 00:30:26,2026-09-29 00:30:27,1.85,2026-09-29 00:30:27,2026-09-29,00:30:27,2026-09-29 00:37:29,985.66,True,20260921_225919,2026-09-21 23:01:03,345.2만,3452000.0,43000.0,0.012456546929316338,2026-09-29 00:30:27
tue,71,사리네 보석함,쪼,822833,https://comic.naver.com/webtoon/list?titleId=822833&tab=tue,10861286,사리네 보석함 [독점],사리네 보석함 [독점] (총 96화/미완결),총 96화/미완결,96.0,미완결,,,https://series.naver.com/comic/detail.series?productNo=10861286,matched,ok,"사리네 보석함 [독점] (총 96화/미완결)
평점
9.9 | 쪼 쪼 | 2026.06.08. | 총96화/미완결 | 92화 무료
사리가 만나는 사람들은 하나같이 어딘가 좀 이상하다.늘 완벽하고 멋진 누군가를 동경하며 그렇지 못한 자신을 질책하는 평범한 21살의 여대생 송사리. 사리는 1년 동안 다양한 사람을 만나지만 그들은 하나같이 어딘가 좀 ..",tue,1,tue,1,mon,tue,True,tue,화,mon,tue,10861286_tue,post_24h,어제 밤 10시 공개 이후 증가분 확인용 수집,107.3만,1073000.0,https://series.naver.com/comic/detail.series?productNo=10861286,20260929_002104,tue,화,2026-09-29 00:21:04,2026-09-29,00:21:04,2026-09-29 00:30:29,2026-09-29 00:30:31,1.99,2026-09-29 00:30:31,2026-09-29,00:30:31,2026-09-29 00:37:29,985.66,True,20260921_225919,2026-09-21 23:01:07,107.1만,1071000.0,2000.0,0.0018674136321195146,2026-09-29 00:30:31
tue,40,나만 보는 탑 공략집,쿡,823434,https://comic.naver.com/webtoon/list?titleId=823434&tab=tue,10963734,나만 보는 탑 공략집,나만 보는 탑 공략집 (총 123화/미완결),총 123화/미완결,123.0,미완결,,,https://series.naver.com/comic/detail.series?productNo=10963734,matched,ok,"나만 보는 탑 공략집 (총 123화/미완결)
평점
9.5 | 사도, 쾌조 X-NAME | 2026.06.08. | 총123화/미완결 | 114화 무료
[당신은 공략집을 사용 하시겠습니까?] 어느 날 찾아온 의문의 메시지, 지구의 종말과 함께 생존 게임이 시작되었다. 서로를 '불신' 하게 하며, '다툼'을 일으키고, '파멸'에 이르기를 유도하는 탑 ···. 나는 결코 흔들리지 ..",tue,1,tue,1,mon,tue,True,tue,화,mon,tue,10963734_tue,post_24h,어제 밤 10시 공개 이후 증가분 확인용 수집,318.9만,3189000.0,https://series.naver.com/comic/detail.series?productNo=10963734,20260929_002104,tue,화,2026-09-29 00:21:04,2026-09-29,00:21:04,2026-09-29 00:30:32,2026-09-29 00:30:34,1.75,2026-09-29 00:30:34,2026-09-29,00:30:34,2026-09-29 00:37:29,985.66,True,20260921_225919,2026-09-21 23:01:10,316.5만,3165000.0,24000.0,0.007582938388625593,2026-09-29 00:30:34
tue,81,죽어 천국에 가다,수사반장,826887,https://comic.naver.com/webtoon/list?titleId=826887&tab=tue,11225187,죽어 천국에 가다,죽어 천국에 가다 (총 106화/미완결),총 106화/미완결,106.0,미완결,,,https://series.naver.com/comic/detail.series?productNo=11225187,matched,ok,"죽어 천국에 가다 (총 106화/미완결)
평점
9.8 | 수사반장 수사반장 | 2026.06.08. | 총106화/미완결 | 101화 무료
고철수는 삶에 미련이 없다.저승의 삶도 환생도 싫었다.고철수는 완전한 죽음을 꿈꾼다.자신의 존재가 완전히 사라지길 원했다.하지만 그런 철수를 세상은 놓아주지 않는다.",tue,1,tue,1,mon,tue,True,tue,화,mon,tue,11225187_tue,post_24h,어제 밤 10시 공개 이후 증가분 확인용 수집,94.4만,944000.0,https://series.naver.com/comic/detail.series?productNo=11225187,20260929_002104,tue,화,2026-09-29 00:21:04,2026-09-29,00:21:04,2026-09-29 00:30:36,2026-09-29 00:30:38,2.62,2026-09-29 00:30:38,2026-09-29,00:30:38,2026-09-29 00:37:29,985.66,True,20260921_225919,2026-09-21 23:01:13,93.8만,938000.0,6000.0,0.006396588486140725,2026-09-29 00:30:38
tue,89,보이드맨,한건희,827173,https://comic.naver.com/webtoon/list?titleId=827173&tab=tue,11252327,보이드맨,보이드맨 (총 38화/미완결),총 38화/미완결,38.0,미완결,한건희 한건희,평점 8.8 | 한건희 한건희 | 2025.03.10. | 총38화/미완결 | 전화 무료,https://series.naver.com/comic/detail.series?productNo=11252327,matched,ok,"보이드맨 (총 38화/미완결)
평점
8.8 | 한건희 한건희 | 2025.03.10. | 총38화/미완결 | 전화 무료
신들이 지배하는 포스트 아포칼립스.가족을 앗아간 신을 죽이기 위해, 난 죽음으로 들어갔다. “공허여, 내게 힘을 빌려줘. 신을 죽일 수 있는 힘을...!”",tue,1,tue,1,mon,tue,True,tue,화,mon,tue,11252327_tue,post_24h,어제 밤 10시 공개 이후 증가분 확인용 수집,37.6만,376000.0,https://series.naver.com/comic/detail.series?productNo=11252327,20260929_002104,tue,화,2026-09-29 00:21:04,2026-09-29,00:21:04,2026-09-29 00:30:40,2026-09-29 00:30:42,1.84,2026-09-29 00:30:42,2026-09-29,00:30:42,2026-09-29 00:37:29,985.66,True,20260921_225919,2026-09-21 23:01:17,36.6만,366000.0,10000.0,0.0273224043715847,2026-09-29 00:30:42
tue,83,재난은 늘 곁에 있다,이혜,827333,https://comic.naver.com/webtoon/list?titleId=827333&tab=tue,11269302,재난은 늘 곁에 있다,재난은 늘 곁에 있다 (총 84화/미완결),총 84화/미완결,84.0,미완결,이혜 이혜,평점 10.0 | 이혜 이혜 | 2026.01.12. | 총84화/미완결 | 전화 무료,https://series.naver.com/comic/detail.series?productNo=11269302,matched,ok,"재난은 늘 곁에 있다 (총 84화/미완결)
평점
10.0 | 이혜 이혜 | 2026.01.12. | 총84화/미완결 | 전화 무료
하루 아침에 10년의 세월이 사라져버린 여자 윤다미, 그 모든 게 신이라는 남자와 엮이면서 시작되었다.하지만 신은 본인과는 무관한 일이라며 다미를 무시한다.그러던 중 다미의 집안에 오랫동안 찾아 헤매던 ‘물건’의 존..",tue,1,tue,1,mon,tue,True,tue,화,mon,tue,11269302_tue,post_24h,어제 밤 10시 공개 이후 증가분 확인용 수집,113.3만,1133000.0,https://series.naver.com/comic/detail.series?productNo=11269302,20260929_002104,tue,화,2026-09-29 00:21:04,2026-09-29,00:21:04,2026-09-29 00:30:43,2026-09-29 00:30:45,1.87,2026-09-29 00:30:45,2026-09-29,00:30:45,2026-09-29 00:37:29,985.66,True,20260921_225919,2026-09-21 23:01:20,112.3만,1123000.0,10000.0,0.008904719501335707,2026-09-29 00:30:45
tue,78,아카데미가 망했다,BIN,828077,https://comic.naver.com/webtoon/list?titleId=828077&tab=tue,11346229,아카데미가 망했다 [독점],아카데미가 망했다 [독점] (총 104화/미완결),총 104화/미완결,104.0,미완결,,,https://series.naver.com/comic/detail.series?productNo=11346229,matched,ok,"아카데미가 망했다 [독점] (총 104화/미완결)
평점
9.9 | ROHRAN, BIN GG | 2026.06.01. | 총104화/미완결 | 99화 무료
[매주 화요일 연재]신입 교사로 부임한 아카데미가 망해버렸다?!도박에 빠진 학장과 나태 교사, 무기력한 학생들까지!탈출과 출세의 갈림길에 선 욕망 가득 신입 교사 '아몬 드레이크'가 선택한 다음 걸음은?뒷골이 알싸해지..",tue,1,tue,1,mon,tue,True,tue,화,mon,tue,11346229_tue,post_24h,어제 밤 10시 공개 이후 증가분 확인용 수집,121.1만,1211000.0,https://series.naver.com/comic/detail.series?productNo=11346229,20260929_002104,tue,화,2026-09-29 00:21:04,2026-09-29,00:21:04,2026-09-29 00:30:47,2026-09-29 00:30:49,2.34,2026-09-29 00:30:49,2026-09-29,00:30:49,2026-09-29 00:37:29,985.66,True,20260921_225919,2026-09-21 23:01:23,120.7만,1207000.0,4000.0,0.0033140016570008283,2026-09-29 00:30:49
tue,64,개집사,고추참치,828292,https://comic.naver.com/webtoon/list?titleId=828292&tab=tue,11371316,개집사,개집사 (총 203화/미완결),총 203화/미완결,203.0,미완결,,,https://series.naver.com/comic/detail.series?productNo=11371316,matched,ok,"개집사 (총 203화/미완결)
평점
10.0 | 고추참치 고추참치 | 2026.06.08. | 총203화/미완결 | 198화 무료
출근도 퇴근도 없는 똑같은 일상의 작가…눈치채지 못한 사이 작가의 삶에 다이나믹한 소재를 주는 두 존재가 있었는데…! 작지만 자존감 만큼은 하늘 같은 말티즈, 덩칫값못하는 진도 믹스 아가씨들을 모시는 집사&작가의 삶","tue,fri",2,"tue,fri",2,"mon,thu","tue,fri",True,tue,화,mon,tue,11371316_tue,post_24h,어제 밤 10시 공개 이후 증가분 확인용 수집,66.1만,661000.0,https://series.naver.com/comic/detail.series?productNo=11371316,20260929_002104,tue,화,2026-09-29 00:21:04,2026-09-29,00:21:04,2026-09-29 00:30:51,2026-09-29 00:30:54,2.71,2026-09-29 00:30:54,2026-09-29,00:30:54,2026-09-29 00:37:29,985.66,True,20260921_225919,2026-09-21 23:01:27,65.6만,656000.0,5000.0,0.007621951219512195,2026-09-29 00:30:54
tue,42,천만청춘,유월,828402,https://comic.naver.com/webtoon/list?titleId=828402&tab=tue,11389531,천만청춘,천만청춘 (총 81화/미완결),총 81화/미완결,81.0,미완결,,,https://series.naver.com/comic/detail.series?productNo=11389531,matched,ok,"천만청춘 (총 81화/미완결)
평점
10.0 | 유월 | 2026.06.08. | 총81화/미완결 | 78화 무료
중학교 때 나가는 대회마다 수상해 상금을 쓸어와 '대회의 신'이라는 별명이 붙은 영이.수치스러운 별명이 싫어 고등학교에서는 죽은듯이 공부만 하려고 했으나… 고등학교에 거액의 상금이 걸린 '청춘' 공모전이 등장한다.'청..",tue,1,tue,1,mon,tue,True,tue,화,mon,tue,11389531_tue,post_24h,어제 밤 10시 공개 이후 증가분 확인용 수집,273.3만,2733000.0,https://series.naver.com/comic/detail.series?productNo=11389531,20260929_002104,tue,화,2026-09-29 00:21:04,2026-09-29,00:21:04,2026-09-29 00:30:55,2026-09-29 00:30:58,2.61,2026-09-29 00:30:58,2026-09-29,00:30:58,2026-09-29 00:37:29,985.66,True,20260921_225919,2026-09-21 23:01:30,270만,2700000.0,33000.0,0.012222222222222223,2026-09-29 00:30:58
tue,2,절대회귀,JP,828715,https://comic.naver.com/webtoon/list?titleId=828715&tab=tue,11418449,절대회귀,절대회귀 (총 105화/미완결),총 105화/미완결,105.0,미완결,,,https://series.naver.com/comic/detail.series?productNo=11418449,matched,ok,"절대회귀 (총 105화/미완결)
평점
10.0 | JP, 장영훈 박진환 | 2026.06.08. | 총105화/미완결 | 98화 무료
""나를 과거로 보내주시오.""이 시대에서 그를 죽일 수 없다면, 과거로 돌아가면 되리라. 시간을 거스를 수 있는 '회귀대법(回歸大法)'으로 그토록 원하던 과거로 회귀한 한 남자. 가족도, 친구도, 삶도, 모두 잃었던 '검무극(劍無..",tue,1,tue,1,mon,tue,True,tue,화,mon,tue,11418449_tue,post_24h,어제 밤 10시 공개 이후 증가분 확인용 수집,"2,224만",22240000.0,https://series.naver.com/comic/detail.series?productNo=11418449,20260929_002104,tue,화,2026-09-29 00:21:04,2026-09-29,00:21:04,2026-09-29 00:30:59,2026-09-29 00:31:01,1.76,2026-09-29 00:31:01,2026-09-29,00:31:01,2026-09-29 00:37:29,985.66,True,20260921_225919,2026-09-21 23:01:33,"2,185만",21850000.0,390000.0,0.017848970251716247,2026-09-29 00:31:01
tue,60,긁지 않은 복권,보로리,828908,https://comic.naver.com/webtoon/list?titleId=828908&tab=tue,11438865,긁지 않은 복권,긁지 않은 복권 (총 76화/미완결),총 76화/미완결,76.0,미완결,보로리 보로리,평점 9.9 | 보로리 보로리 | 2026.01.26. | 총76화/미완결 | 전화 무료,https://series.naver.com/comic/detail.series?productNo=11438865,matched,ok,"긁지 않은 복권 (총 76화/미완결)
평점
9.9 | 보로리 보로리 | 2026.01.26. | 총76화/미완결 | 전화 무료
얼굴은 존예지만 뚱뚱한 은지는 긁지 않은 복권의 정석이라고 불린다.남들보다 많은 양을 먹는 점을 이용해 먹방 유튜버가 되었지만,뚱뚱한 체형 때문에 조롱 당하기 일쑤다.저조한 조회수, 늘지 않는 구독자에 희망을 잃어가..",tue,1,tue,1,mon,tue,True,tue,화,mon,tue,11438865_tue,post_24h,어제 밤 10시 공개 이후 증가분 확인용 수집,132만,1320000.0,https://series.naver.com/comic/detail.series?productNo=11438865,20260929_002104,tue,화,2026-09-29 00:21:04,2026-09-29,00:21:04,2026-09-29 00:31:02,2026-09-29 00:31:04,2.26,2026-09-29 00:31:04,2026-09-29,00:31:04,2026-09-29 00:37:29,985.66,True,20260921_225919,2026-09-21 23:01:37,130.7만,1307000.0,13000.0,0.009946442234123947,2026-09-29 00:31:04
tue,69,아름다운 줄리엣을 위하여,나사못,829139,https://comic.naver.com/webtoon/list?titleId=829139&tab=tue,11469822,아름다운 줄리엣을 위하여,아름다운 줄리엣을 위하여 (총 91화/미완결),총 91화/미완결,91.0,미완결,"나사못, 도주차량 삼밀삼","평점 10.0 | 나사못, 도주차량 삼밀삼 | 2026.05.18. | 총91화/미완결 | 전화 무료",https://series.naver.com/comic/detail.series?productNo=11469822,matched,ok,"아름다운 줄리엣을 위하여 (총 91화/미완결)
평점
10.0 | 나사못, 도주차량 삼밀삼 | 2026.05.18. | 총91화/미완결 | 전화 무료
“바보, 머저리, 어떻게 그런 짓을… 다시는 그러지 말아요. 알겠어요?”에녹 레트라키는 그의 아내 줄리엣을 사랑한다.비록 아내는 그를 조금도 사랑하지 않는다고 해도.그런데 어느 날 갑자기 아내가 달라졌다.에녹은 아내가 ..",tue,1,tue,1,mon,tue,True,tue,화,mon,tue,11469822_tue,post_24h,어제 밤 10시 공개 이후 증가분 확인용 수집,221.3만,2213000.0,https://series.naver.com/comic/detail.series?productNo=11469822,20260929_002104,tue,화,2026-09-29 00:21:04,2026-09-29,00:21:04,2026-09-29 00:31:05,2026-09-29 00:31:08,2.7,2026-09-29 00:31:08,2026-09-29,00:31:08,2026-09-29 00:37:29,985.66,True,20260921_225919,2026-09-21 23:01:40,218.9만,2189000.0,24000.0,0.0109639104613979,2026-09-29 00:31:08
tue,63,가공낙원,삼촌,830053,https://comic.naver.com/webtoon/list?titleId=830053&tab=tue,11555264,가공낙원,가공낙원 (총 97화/미완결),총 97화/미완결,97.0,미완결,,,https://series.naver.com/comic/detail.series?productNo=11555264,matched,ok,"가공낙원 (총 97화/미완결)
평점
10.0 | 삼촌 삼촌 | 2026.06.08. | 총97화/미완결 | 92화 무료
남다른 직감을 가진 고등학생 산호는, 어느 날 자신에게만 보이는 괴물들의 싸움에 휘말려 죽을 위기에 처한다.죽다 살아나 눈을 뜬 장소는 인간을 애완동물로 키우는 괴물들의 세상.졸지에 괴물의 애완인간이 된 산호는 어떻..",tue,1,tue,1,mon,tue,True,tue,화,mon,tue,11555264_tue,post_24h,어제 밤 10시 공개 이후 증가분 확인용 수집,212만,2120000.0,https://series.naver.com/comic/detail.series?productNo=11555264,20260929_002104,tue,화,2026-09-29 00:21:04,2026-09-29,00:21:04,2026-09-29 00:31:10,2026-09-29 00:31:12,2.07,2026-09-29 00:31:12,2026-09-29,00:31:12,2026-09-29 00:37:29,985.66,True,20260921_225919,2026-09-21 23:01:44,210.2만,2102000.0,18000.0,0.008563273073263558,2026-09-29 00:31:12
tue,16,백작가의 비밀스런 시녀님,MIDNIGHT STUDIO,830106,https://comic.naver.com/webtoon/list?titleId=830106&tab=tue,11544667,백작가의 비밀스런 시녀님 [독점],백작가의 비밀스런 시녀님 [독점] (총 93화/미완결),총 93화/미완결,93.0,미완결,,,https://series.naver.com/comic/detail.series?productNo=11544667,matched,ok,"백작가의 비밀스런 시녀님 [독점] (총 93화/미완결)
평점
10.0 | 백주아 MIDNIGHT STUDIO | 2026.06.08. | 총93화/미완결 | 88화 무료
가난한 집에서 태어난, 끔찍하게 못생긴 계집아이 '폴라'.우연한 계기로 명망 높은 벨루니타 백작가의 사용인으로 고용된다.그런데, 모셔야 할 주인님 '빈센트 벨루니타'는시력을 잃은 후 공포에 떨며 방에 틀어박혀 있기만 한..",tue,1,tue,1,mon,tue,True,tue,화,mon,tue,11544667_tue,post_24h,어제 밤 10시 공개 이후 증가분 확인용 수집,741만,7410000.0,https://series.naver.com/comic/detail.series?productNo=11544667,20260929_002104,tue,화,2026-09-29 00:21:04,2026-09-29,00:21:04,2026-09-29 00:31:13,2026-09-29 00:31:15,2.1,2026-09-29 00:31:15,2026-09-29,00:31:15,2026-09-29 00:37:29,985.66,True,20260921_225919,2026-09-21 23:01:48,727.8만,7278000.0,132000.0,0.018136850783182192,2026-09-29 00:31:15
tue,52,귀공자,한동우,831168,https://comic.naver.com/webtoon/list?titleId=831168&tab=tue,11582551,귀공자,귀공자 (총 91화/미완결),총 91화/미완결,91.0,미완결,,,https://series.naver.com/comic/detail.series?productNo=11582551,matched,ok,"귀공자 (총 91화/미완결)
평점
9.7 | 한동우 이도희 | 2026.06.04. | 총91화/미완결 | 89화 무료
한국 굴지의 대기업 '천구'의 후계자인 '진태하'. 가족들과의 요트 여행 중 테러범의 습격으로 인해 홀로 살아남는다.'진태하'는 사고가 아닌, 친척들의 권력 암투로 인해 가족들이 살해당한 것임을 알게 되고, 이탈리아 마피아 '..",tue,1,tue,1,mon,tue,True,tue,화,mon,tue,11582551_tue,post_24h,어제 밤 10시 공개 이후 증가분 확인용 수집,243.9만,2439000.0,https://series.naver.com/comic/detail.series?productNo=11582551,20260929_002104,tue,화,2026-09-29 00:21:04,2026-09-29,00:21:04,2026-09-29 00:31:17,2026-09-29 00:31:19,2.43,2026-09-29 00:31:19,2026-09-29,00:31:19,2026-09-29 00:37:29,985.66,True,20260921_225919,2026-09-21 23:01:51,243.1만,2431000.0,8000.0,0.003290826820238585,2026-09-29 00:31:19
tue,5,회귀한 용병은 다 계획이 있다,골드행,832557,https://comic.naver.com/webtoon/list?titleId=832557&tab=tue,11634583,회귀한 용병은 다 계획이 있다,회귀한 용병은 다 계획이 있다 (총 92화/미완결),총 92화/미완결,92.0,미완결,,,https://series.naver.com/comic/detail.series?productNo=11634583,matched,ok,"회귀한 용병은 다 계획이 있다 (총 92화/미완결)
평점
9.9 | 골드행 박진석 | 2026.06.08. | 총92화/미완결 | 87화 무료
몰락한 페르디움 가문의 복수를 위해 대전쟁을 일으킨대륙 7강 용병왕 지셀 페르디움.모든 복수가 순조롭게 마무리되던 와중,예상치 못한 인물 아이던이 등장해 지셀의 계획을 무마시키고그의 목을 벤다.그렇게 지셀은 죽을 ..",tue,1,tue,1,mon,tue,True,tue,화,mon,tue,11634583_tue,post_24h,어제 밤 10시 공개 이후 증가분 확인용 수집,"1,127만",11270000.0,https://series.naver.com/comic/detail.series?productNo=11634583,20260929_002104,tue,화,2026-09-29 00:21:04,2026-09-29,00:21:04,2026-09-29 00:31:20,2026-09-29 00:31:22,1.95,2026-09-29 00:31:22,2026-09-29,00:31:22,2026-09-29 00:37:29,985.66,True,20260921_225919,2026-09-21 23:01:55,"1,107만",11070000.0,200000.0,0.018066847335140017,2026-09-29 00:31:22
tue,74,야만의 청혼,team IRUKA,833873,https://comic.naver.com/webtoon/list?titleId=833873&tab=tue,11806728,야만의 청혼,야만의 청혼 (총 92화/미완결),총 92화/미완결,92.0,미완결,,,https://series.naver.com/comic/detail.series?productNo=11806728,matched,ok,"야만의 청혼 (총 92화/미완결)
평점
9.7 | 이윤아, team IRUKA team IRUKA | 2026.06.08. | 총92화/미완결 | 84화 무료
“아이를 가졌어요. 다른 남자의. 그래도 혼인하겠습니까?” 대륙에서 가장 잔인한 용병대 수장의 청혼을 거절하기 위해서, 나라를 지키기 위해서 한 거짓말이었다. 그런데 대답은…… “누구 애든 상관없으니 낳아요. 대신 나..",tue,1,tue,1,mon,tue,True,tue,화,mon,tue,11806728_tue,post_24h,어제 밤 10시 공개 이후 증가분 확인용 수집,185.5만,1855000.0,https://series.naver.com/comic/detail.series?productNo=11806728,20260929_002104,tue,화,2026-09-29 00:21:04,2026-09-29,00:21:04,2026-09-29 00:31:23,2026-09-29 00:31:25,2.25,2026-09-29 00:31:25,2026-09-29,00:31:25,2026-09-29 00:37:29,985.66,True,20260921_225919,2026-09-21 23:01:58,183.9만,1839000.0,16000.0,0.008700380641653072,2026-09-29 00:31:25
tue,100,연애 못하면 사망,홍치,834175,https://comic.naver.com/webtoon/list?titleId=834175&tab=tue,11845281,연애 못하면 사망,연애 못하면 사망 (총 85화/미완결),총 85화/미완결,85.0,미완결,홍치 홍치,평점 10.0 | 홍치 홍치 | 2026.06.15. | 총85화/미완결 | 80화 무료,https://series.naver.com/comic/detail.series?productNo=11845281,matched,ok,"연애 못하면 사망 (총 85화/미완결)
평점
10.0 | 홍치 홍치 | 2026.06.15. | 총85화/미완결 | 80화 무료
111세 덕순 F&B의 회장 김덕순은 죽기 직전 마지막 소원으로 첫사랑 왕종열과의 불꽃 같은 사랑을 하게 해달라 빌고 25세 김도희라는 여자의 몸에서 깨어난다. 그러나 마지막 소원을 이루기 위해 종열을 향해 달려가던 덕순..",tue,1,tue,1,mon,tue,True,tue,화,mon,tue,11845281_tue,post_24h,어제 밤 10시 공개 이후 증가분 확인용 수집,42.8만,428000.0,https://series.naver.com/comic/detail.series?productNo=11845281,20260929_002104,tue,화,2026-09-29 00:21:04,2026-09-29,00:21:04,2026-09-29 00:31:26,2026-09-29 00:31:29,2.71,2026-09-29 00:31:29,2026-09-29,00:31:29,2026-09-29 00:37:29,985.66,True,20260921_225919,2026-09-21 23:02:02,42.4만,424000.0,4000.0,0.009433962264150943,2026-09-29 00:31:29
tue,112,선 넘는 결혼생활,맹,834750,https://comic.naver.com/webtoon/list?titleId=834750&tab=tue,11952151,선 넘는 결혼생활,선 넘는 결혼생활 (총 36화/미완결),총 36화/미완결,36.0,미완결,"맹, 강하다 무인","평점 10.0 | 맹, 강하다 무인 | 2025.07.21. | 총36화/미완결 | 전화 무료",https://series.naver.com/comic/detail.series?productNo=11952151,matched,ok,"선 넘는 결혼생활 (총 36화/미완결)
평점
10.0 | 맹, 강하다 무인 | 2025.07.21. | 총36화/미완결 | 전화 무료
아버지의 병원비를 위해 3년 동안 생판 모르는 남자의 법적 배우자가 되어 주기로 한 지완.결혼 관계만 3년을 유지해 주면 10억을 주겠다는 말에,그녀는 냉큼 혼인 신고서에 도장을 찍고 만다.그리고 3년 후, 계약 종료 2주 전...",tue,1,tue,1,mon,tue,True,tue,화,mon,tue,11952151_tue,post_24h,어제 밤 10시 공개 이후 증가분 확인용 수집,35.5만,355000.0,https://series.naver.com/comic/detail.series?productNo=11952151,20260929_002104,tue,화,2026-09-29 00:21:04,2026-09-29,00:21:04,2026-09-29 00:31:31,2026-09-29 00:31:33,1.94,2026-09-29 00:31:33,2026-09-29,00:31:33,2026-09-29 00:37:29,985.66,True,20260921_225919,2026-09-21 23:02:05,35.4만,354000.0,1000.0,0.002824858757062147,2026-09-29 00:31:33
tue,93,인생내꺼,미티,835582,https://comic.naver.com/webtoon/list?titleId=835582&tab=tue,12088874,인생내꺼,인생내꺼 (총 59화/미완결),총 59화/미완결,59.0,미완결,,,https://series.naver.com/comic/detail.series?productNo=12088874,matched,ok,"인생내꺼 (총 59화/미완결)
평점
9.4 | 미티 구구 | 2026.06.08. | 총59화/미완결 | 54화 무료
""힘든 인생, 편해지고 싶다""우울증에 걸린 가난한 고등학생, 전주인과 주도권은 천재들의 영혼에게 자신의 몸을 팔아버린다. 그로부터 13년이 흐른 어느 날 눈을 뜨니 그들은 대기업 의장과 조폭 보스가 되어있는데...갑자기 엄..",tue,1,tue,1,mon,tue,True,tue,화,mon,tue,12088874_tue,post_24h,어제 밤 10시 공개 이후 증가분 확인용 수집,21만,210000.0,https://series.naver.com/comic/detail.series?productNo=12088874,20260929_002104,tue,화,2026-09-29 00:21:04,2026-09-29,00:21:04,2026-09-29 00:31:34,2026-09-29 00:31:36,2.5,2026-09-29 00:31:36,2026-09-29,00:31:36,2026-09-29 00:37:29,985.66,True,20260921_225919,2026-09-21 23:02:09,20.8만,208000.0,2000.0,0.009615384615384616,2026-09-29 00:31:36
tue,14,중증외상센터 : 외과의사 백강혁,홍비치라,835736,https://comic.naver.com/webtoon/list?titleId=835736&tab=tue,12109054,중증외상센터 : 외과의사 백강혁,중증외상센터 : 외과의사 백강혁 (총 44화/미완결),총 44화/미완결,44.0,미완결,,,https://series.naver.com/comic/detail.series?productNo=12109054,matched,ok,"중증외상센터 : 외과의사 백강혁 (총 44화/미완결)
평점
9.8 | 한산이가 홍비치라 | 2026.06.08. | 총44화/미완결 | 39화 무료
초감각을 지닌 남자, 백강혁.아버지를 잃은 후로 사상 최고의 외상 외과 의사를 목표로 사정 없이 달리기 시작한다.그런데 이제 광기를 곁들인……185cm의 모델 같은 외모로 병원을 휩쓸고 다니는 그는 외상 외과 의사가 되기..",tue,1,tue,1,mon,tue,True,tue,화,mon,tue,12109054_tue,post_24h,어제 밤 10시 공개 이후 증가분 확인용 수집,241.8만,2418000.0,https://series.naver.com/comic/detail.series?productNo=12109054,20260929_002104,tue,화,2026-09-29 00:21:04,2026-09-29,00:21:04,2026-09-29 00:31:37,2026-09-29 00:31:40,2.48,2026-09-29 00:31:40,2026-09-29,00:31:40,2026-09-29 00:37:29,985.66,True,20260921_225919,2026-09-21 23:02:13,239만,2390000.0,28000.0,0.011715481171548118,2026-09-29 00:31:40
tue,1,44교시 생존수업,상C,836848,https://comic.naver.com/webtoon/list?titleId=836848&tab=tue,12252419,44교시 생존수업,44교시 생존수업 (총 35화/미완결),총 35화/미완결,35.0,미완결,상C 상C,평점 9.8 | 상C 상C | 2025.10.27. | 총35화/미완결 | 전화 무료,https://series.naver.com/comic/detail.series?productNo=12252419,matched,ok,"44교시 생존수업 (총 35화/미완결)
평점
9.8 | 상C 상C | 2025.10.27. | 총35화/미완결 | 전화 무료
.",tue,1,tue,1,mon,tue,True,tue,화,mon,tue,12252419_tue,post_24h,어제 밤 10시 공개 이후 증가분 확인용 수집,503.1만,5031000.0,https://series.naver.com/comic/detail.series?productNo=12252419,20260929_002104,tue,화,2026-09-29 00:21:04,2026-09-29,00:21:04,2026-09-29 00:31:41,2026-09-29 00:31:43,1.72,2026-09-29 00:31:43,2026-09-29,00:31:43,2026-09-29 00:37:29,985.66,True,20260921_225919,2026-09-21 23:02:17,474.9만,4749000.0,282000.0,0.05938092229943146,2026-09-29 00:31:43
tue,109,비기닝즈,박정운,840344,https://comic.naver.com/webtoon/list?titleId=840344&tab=tue,12790299,비기닝즈,비기닝즈 (총 47화/미완결),총 47화/미완결,47.0,미완결,,,https://series.naver.com/comic/detail.series?productNo=12790299,matched,ok,"비기닝즈 (총 47화/미완결)
평점
9.8 | 박정운 박정운 | 2026.06.01. | 총47화/미완결 | 45화 무료
투수를 꿈꾸는 태양은 깊은 슬럼프를 겪는다. 아무리 연습해도 이놈의 방망이는 공을 거부하기만 하고, 학교생활 또한 꼬여만 간다. 더도 말고 덜도 말고 그라운드에 설 수만 있다면!",tue,1,tue,1,mon,tue,True,tue,화,mon,tue,12790299_tue,post_24h,어제 밤 10시 공개 이후 증가분 확인용 수집,11.7만,117000.0,https://series.naver.com/comic/detail.series?productNo=12790299,20260929_002104,tue,화,2026-09-29 00:21:04,2026-09-29,00:21:04,2026-09-29 00:31:44,2026-09-29 00:31:46,2.32,2026-09-29 00:31:46,2026-09-29,00:31:46,2026-09-29 00:37:29,985.66,True,20260921_225919,2026-09-21 23:02:20,11.6만,116000.0,1000.0,0.008620689655172414,2026-09-29 00:31:46
tue,88,디펜스 브레이커,주신,840348,https://comic.naver.com/webtoon/list?titleId=840348&tab=tue,12790300,디펜스 브레이커,디펜스 브레이커 (총 53화/미완결),총 53화/미완결,53.0,미완결,,,https://series.naver.com/comic/detail.series?productNo=12790300,matched,ok,"디펜스 브레이커 (총 53화/미완결)
평점
9.0 | 주신 이노 | 2026.06.08. | 총53화/미완결 | 47화 무료
디펜스 게임 안으로 들어간 지훈.기사단장이 되어 몬스터들로부터 왕국을 지켜줄 것을 강요받는다.하지만 사람들에게 받은 상처가 아직 아물지 않았던 지훈은왕국을 지키길 거부한다.그러자 갑자기 새로운 루트가 열리게 되는..",tue,1,tue,1,mon,tue,True,tue,화,mon,tue,12790300_tue,post_24h,어제 밤 10시 공개 이후 증가분 확인용 수집,66만,660000.0,https://series.naver.com/comic/detail.series?productNo=12790300,20260929_002104,tue,화,2026-09-29 00:21:04,2026-09-29,00:21:04,2026-09-29 00:31:47,2026-09-29 00:31:49,1.94,2026-09-29 00:31:49,2026-09-29,00:31:49,2026-09-29 00:37:29,985.66,True,20260921_225919,2026-09-21 23:02:25,65.5만,655000.0,5000.0,0.007633587786259542,2026-09-29 00:31:49
tue,111,썸머문: 더 큐프리즈,HYBE,840900,https://comic.naver.com/webtoon/list?titleId=840900&tab=tue,12880500,썸머문: 더 큐프리즈,썸머문: 더 큐프리즈 (총 43화/미완결),총 43화/미완결,43.0,미완결,,,https://series.naver.com/comic/detail.series?productNo=12880500,matched,ok,"썸머문: 더 큐프리즈 (총 43화/미완결)
평점
10.0 | HYBE HYBE | 2026.04.20. | 총43화/미완결 | 전화 무료
""핑크빛으로 물든 여름 달 아래,여고생의 '마법 소녀 이중생활' 이 시작된다!""운명의 반쪽과의 사랑을 이루어주는 신비로운 숲이 있기로 유명한 월하고교. 일생일대의 사랑을 찾아내는 교내 최대 여름 페스티벌 '썸머문 축제'를..",tue,1,tue,1,mon,tue,True,tue,화,mon,tue,12880500_tue,post_24h,어제 밤 10시 공개 이후 증가분 확인용 수집,2.7만,27000.0,https://series.naver.com/comic/detail.series?productNo=12880500,20260929_002104,tue,화,2026-09-29 00:21:04,2026-09-29,00:21:04,2026-09-29 00:31:50,2026-09-29 00:31:53,2.67,2026-09-29 00:31:53,2026-09-29,00:31:53,2026-09-29 00:37:29,985.66,True,20260921_225919,2026-09-21 23:02:28,2.7만,27000.0,0.0,0.0,2026-09-29 00:31:53
tue,77,스마일 복서,상상어,841320,https://comic.naver.com/webtoon/list?titleId=841320&tab=tue,12963127,스마일 복서,스마일 복서 (총 50화/미완결),총 50화/미완결,50.0,미완결,,,https://series.naver.com/comic/detail.series?productNo=12963127,matched,ok,"스마일 복서 (총 50화/미완결)
평점
9.8 | 상상어 상상어 | 2026.06.08. | 총50화/미완결 | 44화 무료
시골 마을에서 복싱 선수를 꿈꾸는 강찬! 키워주신 어르신들께 보답하기 위해 하루도 빠짐없이 훈련에 임한다.그러던 어느 날, 지역 재개발을 위해 마을에 들이닥친 검은 옷의 남자들. 사람들을 위협해 강찬이 나서지만 그 많은..",tue,1,tue,1,mon,tue,True,tue,화,mon,tue,12963127_tue,post_24h,어제 밤 10시 공개 이후 증가분 확인용 수집,90.4만,904000.0,https://series.naver.com/comic/detail.series?productNo=12963127,20260929_002104,tue,화,2026-09-29 00:21:04,2026-09-29,00:21:04,2026-09-29 00:31:54,2026-09-29 00:31:56,2.02,2026-09-29 00:31:56,2026-09-29,00:31:56,2026-09-29 00:37:29,985.66,True,20260921_225919,2026-09-21 23:02:32,89.5만,895000.0,9000.0,0.01005586592178771,2026-09-29 00:31:56
tue,114,불완전X스타,성목,841333,https://comic.naver.com/webtoon/list?titleId=841333&tab=tue,13008901,불완전X스타,불완전X스타 (총 27화/미완결),총 27화/미완결,27.0,미완결,,,https://series.naver.com/comic/detail.series?productNo=13008901,matched,ok,"불완전X스타 (총 27화/미완결)
평점
10.0 | 성목 성목 | 2026.06.08. | 총27화/미완결 | 24화 무료
부모님을 일찍 여의고 동생과 삼촌 밑에서 자란 '신시아'어느 날 그녀의 유일한 삶의 이유였던 동생이 '성희린'무리에게 괴롭힘을 당한 후 교통사고로 죽게 된다.'신시아'는 '배강토'를 만나고 자신과 동생을 괴롭혔던 '성희린'..",tue,1,tue,1,mon,tue,True,tue,화,mon,tue,13008901_tue,post_24h,어제 밤 10시 공개 이후 증가분 확인용 수집,5.2만,52000.0,https://series.naver.com/comic/detail.series?productNo=13008901,20260929_002104,tue,화,2026-09-29 00:21:04,2026-09-29,00:21:04,2026-09-29 00:31:57,2026-09-29 00:31:59,2.17,2026-09-29 00:31:59,2026-09-29,00:31:59,2026-09-29 00:37:29,985.66,True,20260921_225919,2026-09-21 23:02:36,5.1만,51000.0,1000.0,0.0196078431372549,2026-09-29 00:31:59
tue,4,오! 나의 교주님,,841624,https://comic.naver.com/webtoon/list?titleId=841624&tab=tue,12998643,오! 나의 교주님,오! 나의 교주님 (총 94화/미완결),총 94화/미완결,94.0,미완결,"김꿀빨, 김완두 김꿀빨, 김완두","평점 9.4 | 김꿀빨, 김완두 김꿀빨, 김완두 | 2026.06.18. | 총94화/미완결 | 89화 무료",https://series.naver.com/comic/detail.series?productNo=12998643,review_needed,not_found,"오! 나의 교주님 (총 94화/미완결)
평점
9.4 | 김꿀빨, 김완두 김꿀빨, 김완두 | 2026.06.18. | 총94화/미완결 | 89화 무료
사이비 종교 ‘진천교’에서 태어나 평생을 그곳에서 살아온 한성민. 그는 결국 모든 것을 잃고 홀로 탈출한다.수년 후, 성인이 된 그는 다시 진천교에 잠입해 처절한 복수를 시작하려 한다.“오, 나의 교주님. 제가 보내드릴게..","tue,fri",2,"tue,fri",2,"mon,thu","tue,fri",True,tue,화,mon,tue,12998643_tue,post_24h,어제 밤 10시 공개 이후 증가분 확인용 수집,,,https://nid.naver.com/nidlogin.login?svctype=128&a_version=2&viewtype=1&url=http%3A%2F%2Fseries.naver.com%2Fcomic%2Fdetail.series%3FproductNo%3D12998643&surl=https%3A%2F%2Fseries.naver.com,20260929_002104,tue,화,2026-09-29 00:21:04,2026-09-29,00:21:04,2026-09-29 00:32:01,2026-09-29 00:32:16,15.2,2026-09-29 00:32:16,2026-09-29,00:32:16,2026-09-29 00:37:29,985.66,True,20260921_225919,2026-09-21 23:02:52,,,,,2026-09-29 00:32:16
tue,61,브레이커즈,JDL,841810,https://comic.naver.com/webtoon/list?titleId=841810&tab=tue,13011302,브레이커즈,브레이커즈 (총 88화/미완결),총 88화/미완결,88.0,미완결,,,https://series.naver.com/comic/detail.series?productNo=13011302,matched,ok,"브레이커즈 (총 88화/미완결)
평점
9.7 | JDL, 취룡 뚱또 | 2026.06.01. | 총88화/미완결 | 84화 무료
'주인공'은 즐겨하던 게임의 리메이크판인 <나이트 사가:re>를 플레이하던 중,게임 속으로 끌려들어 간다.그런데 무언가 이상하다.<나이트 사가:re>에서 플레이어블 캐릭터는 인간 편의 로크, 마계 편의 제피르뿐.그러나 정신..","tue,fri",2,"tue,fri",2,"mon,thu","tue,fri",True,tue,화,mon,tue,13011302_tue,post_24h,어제 밤 10시 공개 이후 증가분 확인용 수집,60.2만,602000.0,https://series.naver.com/comic/detail.series?productNo=13011302,20260929_002104,tue,화,2026-09-29 00:21:04,2026-09-29,00:21:04,2026-09-29 00:32:17,2026-09-29 00:32:20,2.99,2026-09-29 00:32:20,2026-09-29,00:32:20,2026-09-29 00:37:29,985.66,True,20260921_225919,2026-09-21 23:02:56,59.3만,593000.0,9000.0,0.01517706576728499,2026-09-29 00:32:20
tue,75,고고밍밍고,밍밍고,841824,https://comic.naver.com/webtoon/list?titleId=841824&tab=tue,13013561,고고밍밍고,고고밍밍고 (총 87화/미완결),총 87화/미완결,87.0,미완결,,,https://series.naver.com/comic/detail.series?productNo=13013561,matched,ok,"고고밍밍고 (총 87화/미완결)
평점
10.0 | 밍밍고 밍밍고 | 2026.06.08. | 총87화/미완결 | 81화 무료
살다 보면 끝도 없이 샘솟는 다채로운 충동들!결코 그냥은 지나치지 못하고 꼭 한 번 찍어먹고야 마는맑눈광 밍밍고의 도전정신 가득한 일상","tue,thu",2,"tue,thu",2,"mon,wed","tue,thu",True,tue,화,mon,tue,13013561_tue,post_24h,어제 밤 10시 공개 이후 증가분 확인용 수집,13.5만,135000.0,https://series.naver.com/comic/detail.series?productNo=13013561,20260929_002104,tue,화,2026-09-29 00:21:04,2026-09-29,00:21:04,2026-09-29 00:32:21,2026-09-29 00:32:24,2.53,2026-09-29 00:32:24,2026-09-29,00:32:24,2026-09-29 00:37:29,985.66,True,20260921_225919,2026-09-21 23:03:01,13.3만,133000.0,2000.0,0.015037593984962405,2026-09-29 00:32:24
tue,105,존X킬러,메론뽀이,841930,https://comic.naver.com/webtoon/list?titleId=841930&tab=tue,13027917,존X킬러,존X킬러 (총 47화/미완결),총 47화/미완결,47.0,미완결,,,https://series.naver.com/comic/detail.series?productNo=13027917,matched,ok,"존X킬러 (총 47화/미완결)
평점
9.9 | 메론뽀이 메론뽀이 | 2026.06.08. | 총47화/미완결 | 42화 무료
임무 성공률 100%, 세상에서 가장 완벽한 킬러, 진!하지만 단 하나의 치명적 약점이 있었으니,그것은 바로... 역사에 남을 수준의 못생긴 얼굴!!!",tue,1,tue,1,mon,tue,True,tue,화,mon,tue,13027917_tue,post_24h,어제 밤 10시 공개 이후 증가분 확인용 수집,25.6만,256000.0,https://series.naver.com/comic/detail.series?productNo=13027917,20260929_002104,tue,화,2026-09-29 00:21:04,2026-09-29,00:21:04,2026-09-29 00:32:25,2026-09-29 00:32:28,2.69,2026-09-29 00:32:28,2026-09-29,00:32:28,2026-09-29 00:37:29,985.66,True,20260921_225919,2026-09-21 23:03:04,25.5만,255000.0,1000.0,0.00392156862745098,2026-09-29 00:32:28
tue,67,클래스메이트,수리부,842086,https://comic.naver.com/webtoon/list?titleId=842086&tab=tue,13034629,클래스메이트,클래스메이트 (총 48화/미완결),총 48화/미완결,48.0,미완결,,,https://series.naver.com/comic/detail.series?productNo=13034629,matched,ok,"클래스메이트 (총 48화/미완결)
평점
10.0 | 수리부 수리부 | 2026.06.08. | 총48화/미완결 | 42화 무료
""내가 친구가 되어줄게.""왕따 소녀 주은하에게 찾아온, 섬뜩한 귀신 소년 이해수.위험한 우정을 받아들인 순간 은하 주위에 예기치 못한 사건들이 벌어지는데...정체불명의 친구가 내민 이 손은 과연 구원일까, 아니면 저주일까?",tue,1,tue,1,mon,tue,True,tue,화,mon,tue,13034629_tue,post_24h,어제 밤 10시 공개 이후 증가분 확인용 수집,128.6만,1286000.0,https://series.naver.com/comic/detail.series?productNo=13034629,20260929_002104,tue,화,2026-09-29 00:21:04,2026-09-29,00:21:04,2026-09-29 00:32:29,2026-09-29 00:32:32,2.73,2026-09-29 00:32:32,2026-09-29,00:32:32,2026-09-29 00:37:29,985.66,True,20260921_225919,2026-09-21 23:03:07,127만,1270000.0,16000.0,0.012598425196850394,2026-09-29 00:32:32
tue,87,불순물 연애,우짜,842335,https://comic.naver.com/webtoon/list?titleId=842335&tab=tue,13066393,불순물 연애,불순물 연애 (총 45화/미완결),총 45화/미완결,45.0,미완결,,,https://series.naver.com/comic/detail.series?productNo=13066393,matched,ok,"불순물 연애 (총 45화/미완결)
평점
9.9 | 우짜 | 2026.06.08. | 총45화/미완결 | 40화 무료
첫사랑의 아픔이 있는 대학생 '여름'. 어느 날, 여름의 첫사랑인 '수영'이 그녀에게 갑작스레 고백을 한다. 약혼까지 깨며 열렬히 구애 하는 수영의 모습에 흔들리는 여름. 고민 끝에 여름은 딱 1년만 갑질 연애를 하면서 수영에..",tue,1,tue,1,mon,tue,True,tue,화,mon,tue,13066393_tue,post_24h,어제 밤 10시 공개 이후 증가분 확인용 수집,80.6만,806000.0,https://series.naver.com/comic/detail.series?productNo=13066393,20260929_002104,tue,화,2026-09-29 00:21:04,2026-09-29,00:21:04,2026-09-29 00:32:34,2026-09-29 00:32:36,1.98,2026-09-29 00:32:36,2026-09-29,00:32:36,2026-09-29 00:37:29,985.66,True,20260921_225919,2026-09-21 23:03:10,78.7만,787000.0,19000.0,0.0241423125794155,2026-09-29 00:32:36
tue,49,풍요의 여신과 천재 망나니 사도님,성구,842346,https://comic.naver.com/webtoon/list?titleId=842346&tab=tue,13068004,풍요의 여신과 천재 망나니 사도님,풍요의 여신과 천재 망나니 사도님 (총 47화/미완결),총 47화/미완결,47.0,미완결,,,https://series.naver.com/comic/detail.series?productNo=13068004,matched,ok,"풍요의 여신과 천재 망나니 사도님 (총 47화/미완결)
평점
9.8 | 곰산타, 성구 성구 | 2026.06.08. | 총47화/미완결 | 40화 무료
0.0000001%를 뚫고 [풍요의 신]을 섬기는 사도가 됐다.농업 관련 신이 분명한데...기본 스킬이 참수다.목을 베면 농사가 딸깍. 농작물 가공도 딸깍.-참 좋은데 뭐라고 설명할 방법이 없는 건강기능식품 팝니다.",tue,1,tue,1,mon,tue,True,tue,화,mon,tue,13068004_tue,post_24h,어제 밤 10시 공개 이후 증가분 확인용 수집,159.4만,1594000.0,https://series.naver.com/comic/detail.series?productNo=13068004,20260929_002104,tue,화,2026-09-29 00:21:04,2026-09-29,00:21:04,2026-09-29 00:32:37,2026-09-29 00:32:39,1.85,2026-09-29 00:32:39,2026-09-29,00:32:39,2026-09-29 00:37:29,985.66,True,20260921_225919,2026-09-21 23:03:14,157.2만,1572000.0,22000.0,0.013994910941475827,2026-09-29 00:32:39
tue,23,오늘도 퇴근,백초,842815,https://comic.naver.com/webtoon/list?titleId=842815&tab=tue,13124042,오늘도 퇴근,오늘도 퇴근 (총 46화/미완결),총 46화/미완결,46.0,미완결,,,https://series.naver.com/comic/detail.series?productNo=13124042,matched,ok,"오늘도 퇴근 (총 46화/미완결)
평점
9.9 | 파셔, 백초 물속 | 2026.06.08. | 총46화/미완결 | 40화 무료
한국 굴지의 대기업 소야그룹 ESG팀의 팀장 이민수.그는 오늘도 칼퇴근을 목표로 묵묵히 일을 한다.어느 날, 회장의 막내딸 강채은이 팀원으로 들어오게 되면서회사 정치에 엮여 사내 빌런들과 부딪치며 다양한 사건을 겪게 ..",tue,1,tue,1,mon,tue,True,tue,화,mon,tue,13124042_tue,post_24h,어제 밤 10시 공개 이후 증가분 확인용 수집,235.1만,2351000.0,https://series.naver.com/comic/detail.series?productNo=13124042,20260929_002104,tue,화,2026-09-29 00:21:04,2026-09-29,00:21:04,2026-09-29 00:32:40,2026-09-29 00:32:43,2.72,2026-09-29 00:32:43,2026-09-29,00:32:43,2026-09-29 00:37:29,985.66,True,20260921_225919,2026-09-21 23:03:17,231.4만,2314000.0,37000.0,0.01598962834917891,2026-09-29 00:32:43
tue,102,아폴론 저축은행,차무진,842845,https://comic.naver.com/webtoon/list?titleId=842845&tab=tue,13125480,아폴론 저축은행,아폴론 저축은행 (총 39화/미완결),총 39화/미완결,39.0,미완결,차무진 혁씨,평점 9.5 | 차무진 혁씨 | 2026.05.04. | 총39화/미완결 | 전화 무료,https://series.naver.com/comic/detail.series?productNo=13125480,matched,ok,"아폴론 저축은행 (총 39화/미완결)
평점
9.5 | 차무진 혁씨 | 2026.05.04. | 총39화/미완결 | 전화 무료
“10억, 대출이 승인되었습니다.”동반 자살까지 결심한 가장의 계좌에, 미래의 통장에 입금 될 돈이라며 거액의 대출금이 입금된다. 언제 들어올 돈인지, 어디서 발생할 돈인지는 알 수 없다.단 하나 분명한 건, 입금과 동시에 ..",tue,1,tue,1,mon,tue,True,tue,화,mon,tue,13125480_tue,post_24h,어제 밤 10시 공개 이후 증가분 확인용 수집,13.5만,135000.0,https://series.naver.com/comic/detail.series?productNo=13125480,20260929_002104,tue,화,2026-09-29 00:21:04,2026-09-29,00:21:04,2026-09-29 00:32:44,2026-09-29 00:32:46,2.12,2026-09-29 00:32:46,2026-09-29,00:32:46,2026-09-29 00:37:29,985.66,True,20260921_225919,2026-09-21 23:03:21,13.3만,133000.0,2000.0,0.015037593984962405,2026-09-29 00:32:46
tue,9,포그랜드,,843116,https://comic.naver.com/webtoon/list?titleId=843116&tab=tue,13177080,포그랜드,포그랜드 (총 44화/미완결),총 44화/미완결,44.0,미완결,POGO POGO,평점 10.0 | POGO POGO | 2026.06.15. | 총44화/미완결 | 38화 무료,https://series.naver.com/comic/detail.series?productNo=13177080,review_needed,not_found,"포그랜드 (총 44화/미완결)
평점
10.0 | POGO POGO | 2026.06.15. | 총44화/미완결 | 38화 무료
존재만으로도 미스터리한 국제 교도소 포그랜드.죄수 교화 목적으로 파견된 과학교사 단테 강은 한순간의 폭동 속에 포그랜드에 갇히게 된다.탈출하는 방법은 영도자가 되는 길 뿐.무너진 이성과 신성을 목도하라!단테의 아홉 ..",tue,1,tue,1,mon,tue,True,tue,화,mon,tue,13177080_tue,post_24h,어제 밤 10시 공개 이후 증가분 확인용 수집,,,https://nid.naver.com/nidlogin.login?svctype=128&a_version=2&viewtype=1&url=http%3A%2F%2Fseries.naver.com%2Fcomic%2Fdetail.series%3FproductNo%3D13177080&surl=https%3A%2F%2Fseries.naver.com,20260929_002104,tue,화,2026-09-29 00:21:04,2026-09-29,00:21:04,2026-09-29 00:32:48,2026-09-29 00:33:03,14.86,2026-09-29 00:33:03,2026-09-29,00:33:03,2026-09-29 00:37:29,985.66,True,20260921_225919,2026-09-21 23:03:36,,,,,2026-09-29 00:33:03
tue,86,콩에서 새싹이!,숙희,843325,https://comic.naver.com/webtoon/list?titleId=843325&tab=tue,13225837,콩에서 새싹이!,콩에서 새싹이! (총 42화/미완결),총 42화/미완결,42.0,미완결,,,https://series.naver.com/comic/detail.series?productNo=13225837,matched,ok,"콩에서 새싹이! (총 42화/미완결)
평점
9.9 | 숙희 | 2026.06.08. | 총42화/미완결 | 37화 무료
태어나자마자 검사의 연속.생후 며칠 만에 소아암과 심장질환 진단.태어나자마자 병원에서 삶을 시작한 콩이와그 곁을 지키는 가족의 이야기",tue,1,tue,1,mon,tue,True,tue,화,mon,tue,13225837_tue,post_24h,어제 밤 10시 공개 이후 증가분 확인용 수집,37.7만,377000.0,https://series.naver.com/comic/detail.series?productNo=13225837,20260929_002104,tue,화,2026-09-29 00:21:04,2026-09-29,00:21:04,2026-09-29 00:33:04,2026-09-29 00:33:06,2.13,2026-09-29 00:33:06,2026-09-29,00:33:06,2026-09-29 00:37:29,985.66,True,20260921_225919,2026-09-21 23:03:41,37.2만,372000.0,5000.0,0.013440860215053764,2026-09-29 00:33:06
tue,80,터닝포인트,숭어,843450,https://comic.naver.com/webtoon/list?titleId=843450&tab=tue,13234976,터닝포인트,터닝포인트 (총 38화/미완결),총 38화/미완결,38.0,미완결,,,https://series.naver.com/comic/detail.series?productNo=13234976,matched,ok,"터닝포인트 (총 38화/미완결)
평점
10.0 | 숭어 숭어 | 2026.06.08. | 총38화/미완결 | 34화 무료
혼밥, 혼영, 혼술 모든 것이 혼자가 편했던 백사랑.손해를 보면서까지 타인과 어울리길 원하는 유평화.상반되는 삶을 살아온 사랑과 평화는 서로를 만나 새로운 삶의 방식을 알게 된다. 생각보다 어른스럽고, 생각보다 유치한 ..",tue,1,tue,1,mon,tue,True,tue,화,mon,tue,13234976_tue,post_24h,어제 밤 10시 공개 이후 증가분 확인용 수집,58.1만,581000.0,https://series.naver.com/comic/detail.series?productNo=13234976,20260929_002104,tue,화,2026-09-29 00:21:04,2026-09-29,00:21:04,2026-09-29 00:33:08,2026-09-29 00:33:10,2.54,2026-09-29 00:33:10,2026-09-29,00:33:10,2026-09-29 00:37:29,985.66,True,20260921_225919,2026-09-21 23:03:44,56.8만,568000.0,13000.0,0.022887323943661973,2026-09-29 00:33:10
tue,48,환생했더니 단종의 보모나인,비단가리비,843921,https://comic.naver.com/webtoon/list?titleId=843921&tab=tue,13274205,환생했더니 단종의 보모나인,환생했더니 단종의 보모나인 (총 39화/미완결),총 39화/미완결,39.0,미완결,,,https://series.naver.com/comic/detail.series?productNo=13274205,matched,ok,"환생했더니 단종의 보모나인 (총 39화/미완결)
평점
10.0 | 비단가리비, 비단살쮜, 윤인수 트루 | 2026.06.08. | 총39화/미완결 | 32화 무료
조선의 비극적 왕 단종 곁으로 환생한 여인, 뜻밖에 그의 보모가 되어버린다.역사의 비극을 바꿀 기회 앞에서 그녀는 어린 군주를 지키기 위해권력의 소용돌이에 맞서게 되는데…",tue,1,tue,1,mon,tue,True,tue,화,mon,tue,13274205_tue,post_24h,어제 밤 10시 공개 이후 증가분 확인용 수집,137.7만,1377000.0,https://series.naver.com/comic/detail.series?productNo=13274205,20260929_002104,tue,화,2026-09-29 00:21:04,2026-09-29,00:21:04,2026-09-29 00:33:11,2026-09-29 00:33:13,2.03,2026-09-29 00:33:13,2026-09-29,00:33:13,2026-09-29 00:37:29,985.66,True,20260921_225919,2026-09-21 23:03:48,135.5만,1355000.0,22000.0,0.016236162361623615,2026-09-29 00:33:13
tue,7,예쁨 컬렉션,,844519,https://comic.naver.com/webtoon/list?titleId=844519&tab=tue,13365963,19금 예쁨 컬렉션,19금 예쁨 컬렉션 (총 35화/미완결),총 35화/미완결,35.0,미완결,김이연 김이연,평점 9.9 | 김이연 김이연 | 2026.06.15. | 총35화/미완결 | 30화 무료,https://series.naver.com/comic/detail.series?productNo=13365963,review_needed,not_found,"19금 예쁨 컬렉션 (총 35화/미완결)
평점
9.9 | 김이연 김이연 | 2026.06.15. | 총35화/미완결 | 30화 무료",tue,1,tue,1,mon,tue,True,tue,화,mon,tue,13365963_tue,post_24h,어제 밤 10시 공개 이후 증가분 확인용 수집,,,https://nid.naver.com/nidlogin.login?svctype=128&a_version=2&viewtype=1&url=http%3A%2F%2Fseries.naver.com%2Fcomic%2Fdetail.series%3FproductNo%3D13365963&surl=https%3A%2F%2Fseries.naver.com,20260929_002104,tue,화,2026-09-29 00:21:04,2026-09-29,00:21:04,2026-09-29 00:33:15,2026-09-29 00:33:30,15.26,2026-09-29 00:33:30,2026-09-29,00:33:30,2026-09-29 00:37:29,985.66,True,20260921_225919,2026-09-21 23:04:04,,,,,2026-09-29 00:33:30
tue,96,없는 사람,오리,844571,https://comic.naver.com/webtoon/list?titleId=844571&tab=tue,13355629,없는 사람,없는 사람 (총 34화/미완결),총 34화/미완결,34.0,미완결,,,https://series.naver.com/comic/detail.series?productNo=13355629,matched,ok,"없는 사람 (총 34화/미완결)
평점
10.0 | 오리 | 2026.06.01. | 총34화/미완결 | 30화 무료
어느 날 숲에서 길을 잃었던 ‘장미’는 숲에 사는 ‘귀신’을 만나게 된다.세상에 존재하지 않는 ‘없는 사람’을 증명하고 사랑하게 되었지만,‘마녀’가 두 사람의 사랑을 방해하는데….이제는 내가 ‘없는 사람’이 되어..",tue,1,tue,1,mon,tue,True,tue,화,mon,tue,13355629_tue,post_24h,어제 밤 10시 공개 이후 증가분 확인용 수집,42.5만,425000.0,https://series.naver.com/comic/detail.series?productNo=13355629,20260929_002104,tue,화,2026-09-29 00:21:04,2026-09-29,00:21:04,2026-09-29 00:33:31,2026-09-29 00:33:35,3.51,2026-09-29 00:33:35,2026-09-29,00:33:35,2026-09-29 00:37:29,985.66,True,20260921_225919,2026-09-21 23:04:08,41.8만,418000.0,7000.0,0.01674641148325359,2026-09-29 00:33:35
tue,29,방랑기사로 살아가는 법,박준호,844589,https://comic.naver.com/webtoon/list?titleId=844589&tab=tue,13360534,방랑기사로 살아가는 법,방랑기사로 살아가는 법 (총 45화/미완결),총 45화/미완결,45.0,미완결,,,https://series.naver.com/comic/detail.series?productNo=13360534,matched,ok,"방랑기사로 살아가는 법 (총 45화/미완결)
평점
8.7 | 박준호, 글쓰는기계 박준호, JCK, 이서형 | 2026.06.08. | 총45화/미완결 | 30화 무료
불의의 사고로 사망 후 에이츠 가문의 요한 에이츠로 환생한 김요한.귀족으로 태어났으나 요한 에이츠는 가문 내 서열 꼴찌.설상가상으로 이 세계는 무자비한 중세다.""믿을 수 있는 건 오직 자기 자신뿐.""약육강식인 이 세계에서..",tue,1,tue,1,mon,tue,True,tue,화,mon,tue,13360534_tue,post_24h,어제 밤 10시 공개 이후 증가분 확인용 수집,209.5만,2095000.0,https://series.naver.com/comic/detail.series?productNo=13360534,20260929_002104,tue,화,2026-09-29 00:21:04,2026-09-29,00:21:04,2026-09-29 00:33:36,2026-09-29 00:33:38,2.69,2026-09-29 00:33:38,2026-09-29,00:33:38,2026-09-29 00:37:29,985.66,True,20260921_225919,2026-09-21 23:04:12,203만,2030000.0,65000.0,0.03201970443349754,2026-09-29 00:33:38
tue,79,비밀의 정원,쑤녕,844592,https://comic.naver.com/webtoon/list?titleId=844592&tab=tue,13351753,비밀의 정원,비밀의 정원 (총 33화/미완결),총 33화/미완결,33.0,미완결,,,https://series.naver.com/comic/detail.series?productNo=13351753,matched,ok,"비밀의 정원 (총 33화/미완결)
평점
10.0 | 쑤녕 쑤녕 | 2026.06.01. | 총33화/미완결 | 28화 무료
살인 누명을 쓰고 도망치던 용병 '레오.'그가 쓰러진 곳은 젊은 귀족 과부, '해나'가 지키는 조용한 정원이었다.정체를 숨긴 채, 해나를 이용하려던 레오는정원을 돌보며 마주한 평온한 일상과해나의 묵묵한 강인함에 점점 이끌..",tue,1,tue,1,mon,tue,True,tue,화,mon,tue,13351753_tue,post_24h,어제 밤 10시 공개 이후 증가분 확인용 수집,68.8만,688000.0,https://series.naver.com/comic/detail.series?productNo=13351753,20260929_002104,tue,화,2026-09-29 00:21:04,2026-09-29,00:21:04,2026-09-29 00:33:40,2026-09-29 00:33:42,2.25,2026-09-29 00:33:42,2026-09-29,00:33:42,2026-09-29 00:37:29,985.66,True,20260921_225919,2026-09-21 23:04:16,67.1만,671000.0,17000.0,0.02533532041728763,2026-09-29 00:33:42
tue,20,분신,,845407,https://comic.naver.com/webtoon/list?titleId=845407&tab=tue,8833786,분신으로 자동사냥 [독점],분신으로 자동사냥 [독점] (총 176화/완결),총 176화/완결,176.0,완결,차씨 오팔,평점 9.7 | 차씨 오팔 | 2025.12.27. | 총176화/완결 | 7화 무료,https://series.naver.com/comic/detail.series?productNo=8833786,matched,ok,"분신으로 자동사냥 [독점] (총 176화/완결)
평점
9.7 | 차씨 오팔 | 2025.12.27. | 총176화/완결 | 7화 무료
일해야 하고, 공부도 해야 하고, 밥도 먹어야 하고.‘왜 사람은 한 번에 한 가지 일밖에 못 하는 걸까.’상우는 항상 자신의 몸이 두 개였으면 좋겠다고 생각했다...그랬더니 몸이 두 개가 되었다.",tue,1,tue,1,mon,tue,True,tue,화,mon,tue,8833786_tue,post_24h,어제 밤 10시 공개 이후 증가분 확인용 수집,"1,026만",10260000.0,https://series.naver.com/comic/detail.series?productNo=8833786,20260929_002104,tue,화,2026-09-29 00:21:04,2026-09-29,00:21:04,2026-09-29 00:33:44,2026-09-29 00:33:47,2.55,2026-09-29 00:33:47,2026-09-29,00:33:47,2026-09-29 00:37:29,985.66,True,20260921_225919,2026-09-21 23:04:20,"1,026만",10260000.0,0.0,0.0,2026-09-29 00:33:47
tue,59,블러드레인 3,백두,845665,https://comic.naver.com/webtoon/list?titleId=845665&tab=tue,13503195,블러드레인 3,블러드레인 3 (총 32화/미완결),총 32화/미완결,32.0,미완결,,,https://series.naver.com/comic/detail.series?productNo=13503195,matched,ok,"블러드레인 3 (총 32화/미완결)
평점
8.8 | 백두 백두 | 2026.06.08. | 총32화/미완결 | 26화 무료
한국 느와르 액션의 전설, <블러드레인>의 최종장!대한민국 역대급 폭력 조직 서양의 대보스 '이정우'.긴 우여곡절 끝에 바라던 일상을 찾았지만 균열이 시작됨을 깨닫는다.한편, 마약 범죄 검거를 위하여 투입된 형사 '강혁'은..",tue,1,tue,1,mon,tue,True,tue,화,mon,tue,13503195_tue,post_24h,어제 밤 10시 공개 이후 증가분 확인용 수집,141.7만,1417000.0,https://series.naver.com/comic/detail.series?productNo=13503195,20260929_002104,tue,화,2026-09-29 00:21:04,2026-09-29,00:21:04,2026-09-29 00:33:48,2026-09-29 00:33:51,2.73,2026-09-29 00:33:51,2026-09-29,00:33:51,2026-09-29 00:37:29,985.66,True,20260921_225919,2026-09-21 23:04:24,139.6만,1396000.0,21000.0,0.01504297994269341,2026-09-29 00:33:51
tue,103,살찐청부업자,다색,845883,https://comic.naver.com/webtoon/list?titleId=845883&tab=tue,13536198,살찐청부업자,살찐청부업자 (총 30화/미완결),총 30화/미완결,30.0,미완결,,,https://series.naver.com/comic/detail.series?productNo=13536198,matched,ok,"살찐청부업자 (총 30화/미완결)
평점
8.1 | 다색 다색 | 2026.06.08. | 총30화/미완결 | 25화 무료
피비린내와 화약냄새가 난무하는 킬러들의 세계에 발을 들인 신입킬러 ‘문오훈’. 하지만 기대했던 것과는 묘하게 다른 짠내 나는 생활 속에서 오훈은 최고의 킬러가 되려 한다. 뇌 빼고 보기 좋은 킬러들의 일상!",tue,1,tue,1,mon,tue,True,tue,화,mon,tue,13536198_tue,post_24h,어제 밤 10시 공개 이후 증가분 확인용 수집,4.1만,41000.0,https://series.naver.com/comic/detail.series?productNo=13536198,20260929_002104,tue,화,2026-09-29 00:21:04,2026-09-29,00:21:04,2026-09-29 00:33:53,2026-09-29 00:33:55,2.22,2026-09-29 00:33:55,2026-09-29,00:33:55,2026-09-29 00:37:29,985.66,True,20260921_225919,2026-09-21 23:04:27,4만,40000.0,1000.0,0.025,2026-09-29 00:33:55
tue,51,원수의 아기를 가졌다,,846110,https://comic.naver.com/webtoon/list?titleId=846110&tab=tue,13567690,원수의 아기를 가졌다,원수의 아기를 가졌다 (총 30화/미완결),총 30화/미완결,30.0,미완결,"미니바라기, 안지 이삼","평점 9.7 | 미니바라기, 안지 이삼 | 2026.06.15. | 총30화/미완결 | 25화 무료",https://series.naver.com/comic/detail.series?productNo=13567690,review_needed,not_found,"원수의 아기를 가졌다 (총 30화/미완결)
평점
9.7 | 미니바라기, 안지 이삼 | 2026.06.15. | 총30화/미완결 | 25화 무료
서로를 끔찍하게 혐오하는 두 가문 버몬테와 템네스.클로델은 강제 화해를 위한 희생양이 되어 템네스 공작 카이안의 신부가 된다.“템네스의 환영을 받지 못하는 신부로군. 주제를 알고 제 발로 걸어들어오라지.”오랜 반목을 ..",tue,1,tue,1,mon,tue,True,tue,화,mon,tue,13567690_tue,post_24h,어제 밤 10시 공개 이후 증가분 확인용 수집,,,https://nid.naver.com/nidlogin.login?svctype=128&a_version=2&viewtype=1&url=http%3A%2F%2Fseries.naver.com%2Fcomic%2Fdetail.series%3FproductNo%3D13567690&surl=https%3A%2F%2Fseries.naver.com,20260929_002104,tue,화,2026-09-29 00:21:04,2026-09-29,00:21:04,2026-09-29 00:33:56,2026-09-29 00:34:11,14.92,2026-09-29 00:34:11,2026-09-29,00:34:11,2026-09-29 00:37:29,985.66,True,20260921_225919,2026-09-21 23:04:43,,,,,2026-09-29 00:34:11
tue,22,사채지간,흑백,846114,https://comic.naver.com/webtoon/list?titleId=846114&tab=tue,13570273,사채지간,사채지간 (총 29화/미완결),총 29화/미완결,29.0,미완결,,,https://series.naver.com/comic/detail.series?productNo=13570273,matched,ok,"사채지간 (총 29화/미완결)
평점
9.4 | 흑백 김동찬 | 2026.06.08. | 총29화/미완결 | 24화 무료
냉혈한 사채업자 김상안. 교사였던 여동생이 학생들의 괴롭힘으로 스스로 목숨을 끊자,그 목숨 값을 받기 위해 가해학생들의 담임이 된다. 지옥에 떨어져도 빚은 받아내는 사채업자와 악마 같은 학생들의 지독한 사제지간.",tue,1,tue,1,mon,tue,True,tue,화,mon,tue,13570273_tue,post_24h,어제 밤 10시 공개 이후 증가분 확인용 수집,185.7만,1857000.0,https://series.naver.com/comic/detail.series?productNo=13570273,20260929_002104,tue,화,2026-09-29 00:21:04,2026-09-29,00:21:04,2026-09-29 00:34:12,2026-09-29 00:34:14,2.31,2026-09-29 00:34:14,2026-09-29,00:34:14,2026-09-29 00:37:29,985.66,True,20260921_225919,2026-09-21 23:04:48,180만,1800000.0,57000.0,0.03166666666666667,2026-09-29 00:34:14
tue,21,벙커의 낮,2면지,846643,https://comic.naver.com/webtoon/list?titleId=846643&tab=tue,13621636,벙커의 낮,벙커의 낮 (총 24화/미완결),총 24화/미완결,24.0,미완결,,,https://series.naver.com/comic/detail.series?productNo=13621636,matched,ok,"벙커의 낮 (총 24화/미완결)
평점
9.9 | 2면지 2면지 | 2026.06.01. | 총24화/미완결 | 21화 무료
어릴 적 벙커에 데려간 ‘원혁’을 내친 ‘서우’.이후 고등학생이 된 서우는 고립된 삶에 극단적인 시도를 하던 중, 또 다른 벙커를 발견하고 들어간다. 그러나 피 칠갑인 채 들어온 ‘원혁’에 의해 갇히게 되는데...",tue,1,tue,1,mon,tue,True,tue,화,mon,tue,13621636_tue,post_24h,어제 밤 10시 공개 이후 증가분 확인용 수집,190.7만,1907000.0,https://series.naver.com/comic/detail.series?productNo=13621636,20260929_002104,tue,화,2026-09-29 00:21:04,2026-09-29,00:21:04,2026-09-29 00:34:16,2026-09-29 00:34:18,2.18,2026-09-29 00:34:18,2026-09-29,00:34:18,2026-09-29 00:37:29,985.66,True,20260921_225919,2026-09-21 23:04:52,186.2만,1862000.0,45000.0,0.024167561761546726,2026-09-29 00:34:18
tue,19,불꽃,오세형,847033,https://comic.naver.com/webtoon/list?titleId=847033&tab=tue,13658248,불꽃,불꽃 (총 24화/미완결),총 24화/미완결,24.0,미완결,,,https://series.naver.com/comic/detail.series?productNo=13658248,matched,ok,"불꽃 (총 24화/미완결)
평점
10.0 | 오세형 오세형 | 2026.06.08. | 총24화/미완결 | 19화 무료
카지노, 주류, 건설, 대부업까지 하나로 묶어놓은 (주)운중의 초대회장 이운일, 그리고 그의 후계자 이주화 회장.한 날 한 시에 떠나버린 두 부자의 갑작스러운 죽음으로 운중의 이권다툼이 시작된다.회사의 이권다툼에 정면으..",tue,1,tue,1,mon,tue,True,tue,화,mon,tue,13658248_tue,post_24h,어제 밤 10시 공개 이후 증가분 확인용 수집,266.6만,2666000.0,https://series.naver.com/comic/detail.series?productNo=13658248,20260929_002104,tue,화,2026-09-29 00:21:04,2026-09-29,00:21:04,2026-09-29 00:34:19,2026-09-29 00:34:21,2.55,2026-09-29 00:34:21,2026-09-29,00:34:21,2026-09-29 00:37:29,985.66,True,20260921_225919,2026-09-21 23:04:54,262.9만,2629000.0,37000.0,0.01407379231647014,2026-09-29 00:34:21
tue,108,한계돌파,정우리,847436,https://comic.naver.com/webtoon/list?titleId=847436&tab=tue,13703787,한계돌파,한계돌파 (총 23화/미완결),총 23화/미완결,23.0,미완결,,,https://series.naver.com/comic/detail.series?productNo=13703787,matched,ok,"한계돌파 (총 23화/미완결)
평점
10.0 | 정우리 정우리 | 2026.06.08. | 총23화/미완결 | 18화 무료
생기는 족족 파트너를 잃는 불운한 민간형사 하루.마지막 기회로 파트너를 얻게 되지만... 꼬맹이?!",tue,1,tue,1,mon,tue,True,tue,화,mon,tue,13703787_tue,post_24h,어제 밤 10시 공개 이후 증가분 확인용 수집,8.2만,82000.0,https://series.naver.com/comic/detail.series?productNo=13703787,20260929_002104,tue,화,2026-09-29 00:21:04,2026-09-29,00:21:04,2026-09-29 00:34:23,2026-09-29 00:34:25,2.42,2026-09-29 00:34:25,2026-09-29,00:34:25,2026-09-29 00:37:29,985.66,True,20260921_225919,2026-09-21 23:04:58,8.1만,81000.0,1000.0,0.012345679012345678,2026-09-29 00:34:25
tue,24,나쁜남자가 돼라!,,847491,https://comic.naver.com/webtoon/list?titleId=847491&tab=tue,13704125,나쁜남자가 돼라!,나쁜남자가 돼라! (총 28화/미완결),총 28화/미완결,28.0,미완결,이연 자개,평점 9.9 | 이연 자개 | 2026.06.15. | 총28화/미완결 | 20화 무료,https://series.naver.com/comic/detail.series?productNo=13704125,review_needed,not_found,"나쁜남자가 돼라! (총 28화/미완결)
평점
9.9 | 이연 자개 | 2026.06.15. | 총28화/미완결 | 20화 무료
구남친에 대한 트라우마로 나쁜남자 취향을 가지게 된 수연은 현재의 남자친구에게 약간의 불만을 느끼지만 잘 지내고 있다.그러던 어느 날, 남자친구의 몸에 수연의 취향 그 자체인 '나쁜 남자'가 빙의하는데…이 저주. 풀어줘..",tue,1,tue,1,mon,tue,True,tue,화,mon,tue,13704125_tue,post_24h,어제 밤 10시 공개 이후 증가분 확인용 수집,,,https://nid.naver.com/nidlogin.login?svctype=128&a_version=2&viewtype=1&url=http%3A%2F%2Fseries.naver.com%2Fcomic%2Fdetail.series%3FproductNo%3D13704125&surl=https%3A%2F%2Fseries.naver.com,20260929_002104,tue,화,2026-09-29 00:21:04,2026-09-29,00:21:04,2026-09-29 00:34:27,2026-09-29 00:34:42,15.08,2026-09-29 00:34:42,2026-09-29,00:34:42,2026-09-29 00:37:29,985.66,True,20260921_225919,2026-09-21 23:05:14,,,,,2026-09-29 00:34:42
tue,38,천씨세가의 망나니가 되었다,오수휘,847541,https://comic.naver.com/webtoon/list?titleId=847541&tab=tue,13705171,천씨세가의 망나니가 되었다,천씨세가의 망나니가 되었다 (총 17화/미완결),총 17화/미완결,17.0,미완결,"백몽(白夢), 오수휘 오수휘","평점 9.5 | 백몽(白夢), 오수휘 오수휘 | 2026.05.07. | 총17화/미완결 | 전화 무료",https://series.naver.com/comic/detail.series?productNo=13705171,matched,ok,"천씨세가의 망나니가 되었다 (총 17화/미완결)
평점
9.5 | 백몽(白夢), 오수휘 오수휘 | 2026.05.07. | 총17화/미완결 | 전화 무료
천씨세가의 대공자, 천무량을 평생 호위하며 충성을 다한 한 무사, 무명(無名)하지만 천무량에게 배신당해 생을 마감한다. 그러나 다시 눈을 뜬 그는 자신을 죽인천씨세가의 망나니 대공자, 천무량이 되어 있었다. 과거의 기억..",tue,1,tue,1,mon,tue,True,tue,화,mon,tue,13705171_tue,post_24h,어제 밤 10시 공개 이후 증가분 확인용 수집,115.9만,1159000.0,https://series.naver.com/comic/detail.series?productNo=13705171,20260929_002104,tue,화,2026-09-29 00:21:04,2026-09-29,00:21:04,2026-09-29 00:34:43,2026-09-29 00:34:46,3.14,2026-09-29 00:34:46,2026-09-29,00:34:46,2026-09-29 00:37:29,985.66,True,20260921_225919,2026-09-21 23:05:18,110.2만,1102000.0,57000.0,0.05172413793103448,2026-09-29 00:34:46
tue,47,육아부터 하는 연애,S,847997,https://comic.naver.com/webtoon/list?titleId=847997&tab=tue,13752317,육아부터 하는 연애 [독점],육아부터 하는 연애 [독점] (총 22화/미완결),총 22화/미완결,22.0,미완결,,,https://series.naver.com/comic/detail.series?productNo=13752317,matched,ok,"육아부터 하는 연애 [독점] (총 22화/미완결)
평점
10.0 | 최연 S | 2026.06.08. | 총22화/미완결 | 16화 무료
이제 막 대학교를 졸업한 어린 나이에덜컥 언니의 아이인 '지호'를 키우게 된 ‘나은’.그렇게 5년 후, 유치원 교사로 일하던 나은 앞에함묵증을 앓는 유치원 원생 ‘민호’의 삼촌 ‘강우’가 나타난다.강우는 민호가 나은 앞..",tue,1,tue,1,mon,tue,True,tue,화,mon,tue,13752317_tue,post_24h,어제 밤 10시 공개 이후 증가분 확인용 수집,110.8만,1108000.0,https://series.naver.com/comic/detail.series?productNo=13752317,20260929_002104,tue,화,2026-09-29 00:21:04,2026-09-29,00:21:04,2026-09-29 00:34:47,2026-09-29 00:34:50,2.33,2026-09-29 00:34:50,2026-09-29,00:34:50,2026-09-29 00:37:29,985.66,True,20260921_225919,2026-09-21 23:05:22,107.3만,1073000.0,35000.0,0.032618825722273995,2026-09-29 00:34:50
tue,73,대졸백수 400만 시대의 하여자들,최정아,848026,https://comic.naver.com/webtoon/list?titleId=848026&tab=tue,13757875,대졸백수 400만 시대의 하여자들,대졸백수 400만 시대의 하여자들 (총 23화/미완결),총 23화/미완결,23.0,미완결,,,https://series.naver.com/comic/detail.series?productNo=13757875,matched,ok,"대졸백수 400만 시대의 하여자들 (총 23화/미완결)
평점
10.0 | 최정아 최정아 | 2026.06.08. | 총23화/미완결 | 18화 무료
눈 깜빡하니 끝나버린 대학생활.20대 중반의 격변기를 지나며, 진로도 연애도 그 무엇 하나 순탄치 않다.다소 부족하고 찌질한 우리지만, 언젠간 스스로 밥벌이를 해내는 멋진 사회인이 될 수 있을까?불안감 속에서도 합격, 취..",tue,1,tue,1,mon,tue,True,tue,화,mon,tue,13757875_tue,post_24h,어제 밤 10시 공개 이후 증가분 확인용 수집,21만,210000.0,https://series.naver.com/comic/detail.series?productNo=13757875,20260929_002104,tue,화,2026-09-29 00:21:04,2026-09-29,00:21:04,2026-09-29 00:34:51,2026-09-29 00:34:53,1.97,2026-09-29 00:34:53,2026-09-29,00:34:53,2026-09-29 00:37:29,985.66,True,20260921_225919,2026-09-21 23:05:25,20.3만,203000.0,7000.0,0.034482758620689655,2026-09-29 00:34:53
tue,10,양치기 마법사,박만사,848349,https://comic.naver.com/webtoon/list?titleId=848349&tab=tue,13791323,양치기 마법사,양치기 마법사 (총 23화/미완결),총 23화/미완결,23.0,미완결,,,https://series.naver.com/comic/detail.series?productNo=13791323,matched,ok,"양치기 마법사 (총 23화/미완결)
평점
9.7 | 김꿀빨, 수박복숭아 YU | 2026.06.08. | 총23화/미완결 | 18화 무료
히사릴 언덕의 평범한 양치기 '투란'대마법사의 재능을 숨긴 채 살아온 그가 드디어 세상 밖으로 나오게 된다.",tue,1,tue,1,mon,tue,True,tue,화,mon,tue,13791323_tue,post_24h,어제 밤 10시 공개 이후 증가분 확인용 수집,293.3만,2933000.0,https://series.naver.com/comic/detail.series?productNo=13791323,20260929_002104,tue,화,2026-09-29 00:21:04,2026-09-29,00:21:04,2026-09-29 00:34:55,2026-09-29 00:34:57,2.39,2026-09-29 00:34:57,2026-09-29,00:34:57,2026-09-29 00:37:29,985.66,True,20260921_225919,2026-09-21 23:05:28,282.8만,2828000.0,105000.0,0.03712871287128713,2026-09-29 00:34:57
tue,57,괴이현상 하나,머클,848549,https://comic.naver.com/webtoon/list?titleId=848549&tab=tue,13826718,괴이현상 하나,괴이현상 하나 (총 20화/미완결),총 20화/미완결,20.0,미완결,,,https://series.naver.com/comic/detail.series?productNo=13826718,matched,ok,"괴이현상 하나 (총 20화/미완결)
평점
9.8 | 머클 곰방 | 2026.06.08. | 총20화/미완결 | 14화 무료
괴이현상 규칙 하나,?̵̡͖̺̮͚̱͚̿͛̋͌̑͡?̢̨̲̤̞͙̟̌̏́̒̔̎̅͌͠͝?̴̰̭̭͉̬͙̲̄̀̐̿͐͋͛͡͠?̧͖͈̮̞̯̯̟̲̒̏̒͘͘͠을 잊지 마세요.괴이현상 규칙 둘,중심부 ?̭͗̒̒̋͒͠..",tue,1,tue,1,mon,tue,True,tue,화,mon,tue,13826718_tue,post_24h,어제 밤 10시 공개 이후 증가분 확인용 수집,62.5만,625000.0,https://series.naver.com/comic/detail.series?productNo=13826718,20260929_002104,tue,화,2026-09-29 00:21:04,2026-09-29,00:21:04,2026-09-29 00:34:59,2026-09-29 00:35:01,1.8,2026-09-29 00:35:01,2026-09-29,00:35:01,2026-09-29 00:37:29,985.66,True,20260921_225919,2026-09-21 23:05:32,61.3만,613000.0,12000.0,0.01957585644371941,2026-09-29 00:35:01
tue,104,써니서프,두한,848710,https://comic.naver.com/webtoon/list?titleId=848710&tab=tue,13850752,써니서프,써니서프 (총 18화/미완결),총 18화/미완결,18.0,미완결,,,https://series.naver.com/comic/detail.series?productNo=13850752,matched,ok,"써니서프 (총 18화/미완결)
평점
9.9 | 두한 두한 | 2026.06.08. | 총18화/미완결 | 13화 무료
회사에서 사고 치고 바다로 튄 소심녀, 서핑보드 위에서 진짜 자신을 마주한다.유쾌한 파도위에 펼쳐지는 인생 리셋 드라마.",tue,1,tue,1,mon,tue,True,tue,화,mon,tue,13850752_tue,post_24h,어제 밤 10시 공개 이후 증가분 확인용 수집,3.3만,33000.0,https://series.naver.com/comic/detail.series?productNo=13850752,20260929_002104,tue,화,2026-09-29 00:21:04,2026-09-29,00:21:04,2026-09-29 00:35:02,2026-09-29 00:35:04,2.45,2026-09-29 00:35:04,2026-09-29,00:35:04,2026-09-29 00:37:29,985.66,True,20260921_225919,2026-09-21 23:05:35,3.1만,31000.0,2000.0,0.06451612903225806,2026-09-29 00:35:04
tue,101,너의 세계,이에내,848902,https://comic.naver.com/webtoon/list?titleId=848902&tab=tue,13890979,너의 세계,너의 세계 (총 17화/미완결),총 17화/미완결,17.0,미완결,,,https://series.naver.com/comic/detail.series?productNo=13890979,matched,ok,"너의 세계 (총 17화/미완결)
평점
9.6 | 이에내 이에내 | 2026.06.08. | 총17화/미완결 | 12화 무료
다정하고 유능한 1학년 2반 반장 허윤아는 담임선생님으로부터 전학생 이도를 챙겨 달라는 부탁을 받는다. 그러나 너무나 다른 두 사람. 상냥하지만 위선적인 반장 허윤아와 고고하지만 솔직한 교포 전학생 이도는 서로를 이..",tue,1,tue,1,mon,tue,True,tue,화,mon,tue,13890979_tue,post_24h,어제 밤 10시 공개 이후 증가분 확인용 수집,12.3만,123000.0,https://series.naver.com/comic/detail.series?productNo=13890979,20260929_002104,tue,화,2026-09-29 00:21:04,2026-09-29,00:21:04,2026-09-29 00:35:06,2026-09-29 00:35:08,2.63,2026-09-29 00:35:08,2026-09-29,00:35:08,2026-09-29 00:37:29,985.66,True,20260921_225919,2026-09-21 23:05:39,11.3만,113000.0,10000.0,0.08849557522123894,2026-09-29 00:35:08
tue,99,힐링사무소,박태희,849149,https://comic.naver.com/webtoon/list?titleId=849149&tab=tue,13929385,힐링사무소,힐링사무소 (총 17화/미완결),총 17화/미완결,17.0,미완결,,,https://series.naver.com/comic/detail.series?productNo=13929385,matched,ok,"힐링사무소 (총 17화/미완결)
평점
10.0 | 박태희 박태희 | 2026.06.08. | 총17화/미완결 | 12화 무료
돈을 받고 맨주먹으로 악령을 때려잡아 부마자를 퇴마하는 ‘힐링사무소’의 직원 사현우. 의뢰를 수행하던 중, 그는 인위적으로 악령을 주입해 세상을 혼란에 빠뜨리는 악의 무리가 있음을 알게 된다. 소중한 관계를 파괴하는..",tue,1,tue,1,mon,tue,True,tue,화,mon,tue,13929385_tue,post_24h,어제 밤 10시 공개 이후 증가분 확인용 수집,4.4만,44000.0,https://series.naver.com/comic/detail.series?productNo=13929385,20260929_002104,tue,화,2026-09-29 00:21:04,2026-09-29,00:21:04,2026-09-29 00:35:10,2026-09-29 00:35:13,2.58,2026-09-29 00:35:13,2026-09-29,00:35:13,2026-09-29 00:37:29,985.66,True,20260921_225919,2026-09-21 23:05:44,4.3만,43000.0,1000.0,0.023255813953488372,2026-09-29 00:35:13
tue,90,불로불사로 산다는 것은,차원,849301,https://comic.naver.com/webtoon/list?titleId=849301&tab=tue,13944682,불로불사로 산다는 것은,불로불사로 산다는 것은 (총 17화/미완결),총 17화/미완결,17.0,미완결,,,https://series.naver.com/comic/detail.series?productNo=13944682,matched,ok,"불로불사로 산다는 것은 (총 17화/미완결)
평점
9.4 | 겨울에어컨, 차원 로비 | 2026.06.08. | 총17화/미완결 | 12화 무료
공교회의 사제 로베르타는 북쪽 끝에 있는 벽지,디트마르셴의 주임 사제로 발령받는다. 전임자가 실종된 사건이 벌어진 직후 주어진 자리이기에,로베르타는 경계를 품고 디트마르셴 공작 ‘울리히’에 관해 알아간다.소문에 ..",tue,1,tue,1,mon,tue,True,tue,화,mon,tue,13944682_tue,post_24h,어제 밤 10시 공개 이후 증가분 확인용 수집,22.2만,222000.0,https://series.naver.com/comic/detail.series?productNo=13944682,20260929_002104,tue,화,2026-09-29 00:21:04,2026-09-29,00:21:04,2026-09-29 00:35:14,2026-09-29 00:35:16,2.18,2026-09-29 00:35:16,2026-09-29,00:35:16,2026-09-29 00:37:29,985.66,True,20260921_225919,2026-09-21 23:05:48,21.5만,215000.0,7000.0,0.03255813953488372,2026-09-29 00:35:16
tue,70,색시한 내 우렁이,수오수,849507,https://comic.naver.com/webtoon/list?titleId=849507&tab=tue,13974498,색시한 내 우렁이,색시한 내 우렁이 (총 14화/미완결),총 14화/미완결,14.0,미완결,,,https://series.naver.com/comic/detail.series?productNo=13974498,matched,ok,"색시한 내 우렁이 (총 14화/미완결)
평점
10.0 | 수오수 수오수 | 2026.06.08. | 총14화/미완결 | 9화 무료
퇴근 후 집에 왔더니 따뜻한 저녁이 차려져 있다. 잠깐... 나 혼자 사는데?누군가 몰래 우리 집에 들어와 밥해주고 청소해 주고 빨래해주는 이 상황....너무 편해서 익숙해져 버렸어!!",tue,1,tue,1,mon,tue,True,tue,화,mon,tue,13974498_tue,post_24h,어제 밤 10시 공개 이후 증가분 확인용 수집,25.3만,253000.0,https://series.naver.com/comic/detail.series?productNo=13974498,20260929_002104,tue,화,2026-09-29 00:21:04,2026-09-29,00:21:04,2026-09-29 00:35:18,2026-09-29 00:35:20,2.75,2026-09-29 00:35:20,2026-09-29,00:35:20,2026-09-29 00:37:29,985.66,True,20260921_225919,2026-09-21 23:05:51,24.6만,246000.0,7000.0,0.028455284552845527,2026-09-29 00:35:20
tue,37,결혼사수스캔들,해수,849563,https://comic.naver.com/webtoon/list?titleId=849563&tab=tue,13994863,결혼사수스캔들,결혼사수스캔들 (총 15화/미완결),총 15화/미완결,15.0,미완결,,,https://series.naver.com/comic/detail.series?productNo=13994863,matched,ok,"결혼사수스캔들 (총 15화/미완결)
평점
10.0 | 해수 해수 | 2026.06.08. | 총15화/미완결 | 10화 무료
외모, 재력, 지성 뭐 하나 빠지지 않는 재벌집 막내손녀 채은아. 스무 살이 되며 이제 창창한 앞날이 펼쳐진 줄 알았는데- 결혼을 하라고?! 뺏겨버린 카드도, 결혼도 문제지만 왜 하필 상대가 원수 같은 전남친이냐고! 결혼(이..",tue,1,tue,1,mon,tue,True,tue,화,mon,tue,13994863_tue,post_24h,어제 밤 10시 공개 이후 증가분 확인용 수집,84.9만,849000.0,https://series.naver.com/comic/detail.series?productNo=13994863,20260929_002104,tue,화,2026-09-29 00:21:04,2026-09-29,00:21:04,2026-09-29 00:35:21,2026-09-29 00:35:23,2.08,2026-09-29 00:35:23,2026-09-29,00:35:23,2026-09-29 00:37:29,985.66,True,20260921_225919,2026-09-21 23:05:55,82.5만,825000.0,24000.0,0.02909090909090909,2026-09-29 00:35:23
tue,45,주차장,곽백수,849647,https://comic.naver.com/webtoon/list?titleId=849647&tab=tue,14004952,주차장,주차장 (총 17화/미완결),총 17화/미완결,17.0,미완결,,,https://series.naver.com/comic/detail.series?productNo=14004952,matched,ok,"주차장 (총 17화/미완결)
평점
10.0 | 곽백수 곽백수 | 2026.06.08. | 총17화/미완결 | 12화 무료
강남 500평 노지 주차장을 상속을 놓고 벌어지는 주인공 선우와 곽영감의 치열한 심리게임.피 한 방울 안 섞인 선우가 과연 곽영감의 주차장을 상속 받을 수 있을까?",tue,1,tue,1,mon,tue,True,tue,화,mon,tue,14004952_tue,post_24h,어제 밤 10시 공개 이후 증가분 확인용 수집,35.8만,358000.0,https://series.naver.com/comic/detail.series?productNo=14004952,20260929_002104,tue,화,2026-09-29 00:21:04,2026-09-29,00:21:04,2026-09-29 00:35:25,2026-09-29 00:35:27,2.22,2026-09-29 00:35:27,2026-09-29,00:35:27,2026-09-29 00:37:29,985.66,True,20260921_225919,2026-09-21 23:05:58,34.5만,345000.0,13000.0,0.03768115942028986,2026-09-29 00:35:27
tue,39,생활의 참견 2 : 지금은 가족시절,김양수,849676,https://comic.naver.com/webtoon/list?titleId=849676&tab=tue,14011888,생활의 참견 2 : 지금은 가족시절,생활의 참견 2 : 지금은 가족시절 (총 20화/미완결),총 20화/미완결,20.0,미완결,,,https://series.naver.com/comic/detail.series?productNo=14011888,matched,ok,"생활의 참견 2 : 지금은 가족시절 (총 20화/미완결)
평점
10.0 | 김양수 | 2026.06.08. | 총20화/미완결 | 15화 무료
쉽게 지나치는 일상과 지나간 추억 속에서 발견하는 유쾌한 웃음,자라난 아이들과 더욱 강력해진 케미로 그가 돌아왔다!","tue,fri",2,"tue,fri",2,"mon,thu","tue,fri",True,tue,화,mon,tue,14011888_tue,post_24h,어제 밤 10시 공개 이후 증가분 확인용 수집,6.6만,66000.0,https://series.naver.com/comic/detail.series?productNo=14011888,20260929_002104,tue,화,2026-09-29 00:21:04,2026-09-29,00:21:04,2026-09-29 00:35:29,2026-09-29 00:35:31,2.65,2026-09-29 00:35:31,2026-09-29,00:35:31,2026-09-29 00:37:29,985.66,True,20260921_225919,2026-09-21 23:06:02,6.3만,63000.0,3000.0,0.047619047619047616,2026-09-29 00:35:31
tue,115,소녀*구원대행,한기주,849744,https://comic.naver.com/webtoon/list?titleId=849744&tab=tue,14025251,소녀*구원대행,소녀*구원대행 (총 12화/미완결),총 12화/미완결,12.0,미완결,,,https://series.naver.com/comic/detail.series?productNo=14025251,matched,ok,"소녀*구원대행 (총 12화/미완결)
평점
10.0 | 한기주 도하예 | 2026.06.08. | 총12화/미완결 | 7화 무료
이 세상은 멸망했다.세계 랭킹 1위 원정현 때문에.그놈은 인류가 낳은 최고의 영웅이자 인류 최악의 배신자.…인 줄 알았는데?“…최후의 사람이, 너만 아니었더라도.”멸망 직전 나를 살리고 죽어버렸다.그리고 나는 음모를 막..",tue,1,tue,1,mon,tue,True,tue,화,mon,tue,14025251_tue,post_24h,어제 밤 10시 공개 이후 증가분 확인용 수집,2.9만,29000.0,https://series.naver.com/comic/detail.series?productNo=14025251,20260929_002104,tue,화,2026-09-29 00:21:04,2026-09-29,00:21:04,2026-09-29 00:35:33,2026-09-29 00:35:35,2.39,2026-09-29 00:35:35,2026-09-29,00:35:35,2026-09-29 00:37:29,985.66,True,20260921_225919,2026-09-21 23:06:05,2.9만,29000.0,0.0,0.0,2026-09-29 00:35:35
tue,85,마도애를 사랑하는 법,서,849913,https://comic.naver.com/webtoon/list?titleId=849913&tab=tue,14052414,마도애를 사랑하는 법,마도애를 사랑하는 법 (총 13화/미완결),총 13화/미완결,13.0,미완결,,,https://series.naver.com/comic/detail.series?productNo=14052414,matched,ok,"마도애를 사랑하는 법 (총 13화/미완결)
평점
10.0 | 서글 서글 | 2026.06.08. | 총13화/미완결 | 8화 무료
사랑하거나 사랑받는 순간 상대가 불행에 빠지는 저주를 타고난 ‘마도애’.이 저주를 끝낼 수 있는 방법은 단 하나바로 저주가 통하지 않는 ‘운명의 상대’를 찾는 것이다.그런데 하필 유일한 후보가 양아치 ‘공선화’ 뿐이..",tue,1,tue,1,mon,tue,True,tue,화,mon,tue,14052414_tue,post_24h,어제 밤 10시 공개 이후 증가분 확인용 수집,20.6만,206000.0,https://series.naver.com/comic/detail.series?productNo=14052414,20260929_002104,tue,화,2026-09-29 00:21:04,2026-09-29,00:21:04,2026-09-29 00:35:37,2026-09-29 00:35:40,2.85,2026-09-29 00:35:40,2026-09-29,00:35:40,2026-09-29 00:37:29,985.66,True,20260921_225919,2026-09-21 23:06:08,19.8만,198000.0,8000.0,0.04040404040404041,2026-09-29 00:35:40
tue,34,커플이상 부부미만,마자,850026,https://comic.naver.com/webtoon/list?titleId=850026&tab=tue,14070509,커플이상 부부미만,커플이상 부부미만 (총 14화/미완결),총 14화/미완결,14.0,미완결,,,https://series.naver.com/comic/detail.series?productNo=14070509,matched,ok,"커플이상 부부미만 (총 14화/미완결)
평점
10.0 | 마자 마자 | 2026.06.08. | 총14화/미완결 | 9화 무료
결혼까진 좀 그렇고… 일단 한번 같이 살아볼까?연애하는 룸메이트! 결혼 맛보기 스푼! 커플보다는 가깝고 부부보다는 먼 동거 커플의 일상!본격적인 혼인숙려기간 시작!","tue,fri",2,"tue,fri",2,"mon,thu","tue,fri",True,tue,화,mon,tue,14070509_tue,post_24h,어제 밤 10시 공개 이후 증가분 확인용 수집,10.3만,103000.0,https://series.naver.com/comic/detail.series?productNo=14070509,20260929_002104,tue,화,2026-09-29 00:21:04,2026-09-29,00:21:04,2026-09-29 00:35:41,2026-09-29 00:35:43,2.14,2026-09-29 00:35:43,2026-09-29,00:35:43,2026-09-29 00:37:29,985.66,True,20260921_225919,2026-09-21 23:06:11,9.8만,98000.0,5000.0,0.05102040816326531,2026-09-29 00:35:43
tue,27,이세계서 유부남된 썰,판테라,850103,https://comic.naver.com/webtoon/list?titleId=850103&tab=tue,13922134,이세계서 유부남된 썰,이세계서 유부남된 썰 (총 13화/미완결),총 13화/미완결,13.0,미완결,,,https://series.naver.com/comic/detail.series?productNo=13922134,matched,ok,"이세계서 유부남된 썰 (총 13화/미완결)
평점
9.6 | 판테라, 팀 포레스티브, 베르헤라 김혜령 | 2026.06.08. | 총13화/미완결 | 8화 무료
“토끼 같은 마누라와 몽구스처럼 귀여운 딸을 갖고 싶습니다.”크리스마스 이브, 신비한 산타에게 소원을 빌고 집에 가는 길.그런데, 눈을 떠보니 이세계였다...?!",tue,1,tue,1,mon,tue,True,tue,화,mon,tue,13922134_tue,post_24h,어제 밤 10시 공개 이후 증가분 확인용 수집,186.6만,1866000.0,https://series.naver.com/comic/detail.series?productNo=13922134,20260929_002104,tue,화,2026-09-29 00:21:04,2026-09-29,00:21:04,2026-09-29 00:35:44,2026-09-29 00:35:46,1.98,2026-09-29 00:35:46,2026-09-29,00:35:46,2026-09-29 00:37:29,985.66,True,20260921_225919,2026-09-21 23:06:15,181.1만,1811000.0,55000.0,0.030369961347321922,2026-09-29 00:35:46
tue,12,제물 투표,이아거,850211,https://comic.naver.com/webtoon/list?titleId=850211&tab=tue,14182171,제물 투표,제물 투표 (총 8화/미완결),총 8화/미완결,8.0,미완결,,,https://series.naver.com/comic/detail.series?productNo=14182171,matched,ok,"제물 투표 (총 8화/미완결)
평점
10.0 | 이아거 | 2026.06.08. | 총8화/미완결 | 3화 무료
한 번 들어가면 다시는 나올 수 없는 정체불명의 마을에 갇혀버렸다. 그곳에선 사람들이 이틀에 한 번씩 악마에게 바칠 사람을 뽑는 ‘제물 투표’를 한다. 악마들은 기차를 타고 와서 제물을 아그작아그작 씹어 먹는다. 비밀 ..",tue,1,tue,1,mon,tue,True,tue,화,mon,tue,14182171_tue,post_24h,어제 밤 10시 공개 이후 증가분 확인용 수집,130.1만,1301000.0,https://series.naver.com/comic/detail.series?productNo=14182171,20260929_002104,tue,화,2026-09-29 00:21:04,2026-09-29,00:21:04,2026-09-29 00:35:47,2026-09-29 00:35:49,2.02,2026-09-29 00:35:49,2026-09-29,00:35:49,2026-09-29 00:37:29,985.66,True,20260921_225919,2026-09-21 23:06:19,121만,1210000.0,91000.0,0.07520661157024794,2026-09-29 00:35:49
tue,33,어느 날 해츨링이 되었다,판테라,850266,https://comic.naver.com/webtoon/list?titleId=850266&tab=tue,14083007,어느 날 해츨링이 되었다,어느 날 해츨링이 되었다 (총 11화/미완결),총 11화/미완결,11.0,미완결,,,https://series.naver.com/comic/detail.series?productNo=14083007,matched,ok,"어느 날 해츨링이 되었다 (총 11화/미완결)
평점
9.8 | 판테라 리피아 | 2026.06.08. | 총11화/미완결 | 6화 무료
난... 신수, 흑룡의 이무기다!뀨아!!!!승천을 1년 앞둔 999살 이무기, 억울하게 죽임을 당한 뒤깨어나니 1살 해츨링이 되어버렸다?! 전생의 기억을 고스란히 간직한 채 시작된 두 번째 생.처음으로 받아보는 무조건적인 사랑에 ..",tue,1,tue,1,mon,tue,True,tue,화,mon,tue,14083007_tue,post_24h,어제 밤 10시 공개 이후 증가분 확인용 수집,131.7만,1317000.0,https://series.naver.com/comic/detail.series?productNo=14083007,20260929_002104,tue,화,2026-09-29 00:21:04,2026-09-29,00:21:04,2026-09-29 00:35:51,2026-09-29 00:35:53,1.83,2026-09-29 00:35:53,2026-09-29,00:35:53,2026-09-29 00:37:29,985.66,True,20260921_225919,2026-09-21 23:06:23,128.5만,1285000.0,32000.0,0.024902723735408562,2026-09-29 00:35:53
tue,18,하수전설,밥푸울,850653,https://comic.naver.com/webtoon/list?titleId=850653&tab=tue,14131519,하수전설[독점],하수전설[독점] (총 11화/미완결),총 11화/미완결,11.0,미완결,,,https://series.naver.com/comic/detail.series?productNo=14131519,matched,ok,"하수전설[독점] (총 11화/미완결)
평점
9.4 | 밥푸울, 군주 한경찬 | 2026.06.08. | 총11화/미완결 | 5화 무료
천하제일고수? 아니다.명문정파의 대협? 아니다.무림의 흔하고 소심한 하수 어자서.우연과 오해, 그리고 기연이 겹쳐 무림의 신비고수로 거듭나는데.하수의 마음을 지닌 고수 어자서의 무림생존기.",tue,1,tue,1,mon,tue,True,tue,화,mon,tue,14131519_tue,post_24h,어제 밤 10시 공개 이후 증가분 확인용 수집,74.2만,742000.0,https://series.naver.com/comic/detail.series?productNo=14131519,20260929_002104,tue,화,2026-09-29 00:21:04,2026-09-29,00:21:04,2026-09-29 00:35:54,2026-09-29 00:35:56,2.04,2026-09-29 00:35:56,2026-09-29,00:35:56,2026-09-29 00:37:29,985.66,True,20260921_225919,2026-09-21 23:06:27,69.7만,697000.0,45000.0,0.06456241032998565,2026-09-29 00:35:56
tue,35,안 멋진 어른 지혜 양,호리호,850746,https://comic.naver.com/webtoon/list?titleId=850746&tab=tue,14168924,안 멋진 어른 지혜 양,안 멋진 어른 지혜 양 (총 8화/미완결),총 8화/미완결,8.0,미완결,,,https://series.naver.com/comic/detail.series?productNo=14168924,matched,ok,"안 멋진 어른 지혜 양 (총 8화/미완결)
평점
10.0 | 호리호 하나 | 2026.06.08. | 총8화/미완결 | 3화 무료
학원 강사로 근무 중인 ‘주연호’4년 전 과외에서 만났던 제자 ‘안지혜’가 180도 달라진 모습으로 돌아왔다!?사정에 못 이겨 얼떨결에 시작하게 된 기 빨리는 동거….성실하고 총명했던 모습은 온데간데없고, 철부지처럼 ..",tue,1,tue,1,mon,tue,True,tue,화,mon,tue,14168924_tue,post_24h,어제 밤 10시 공개 이후 증가분 확인용 수집,58.4만,584000.0,https://series.naver.com/comic/detail.series?productNo=14168924,20260929_002104,tue,화,2026-09-29 00:21:04,2026-09-29,00:21:04,2026-09-29 00:35:57,2026-09-29 00:36:00,2.32,2026-09-29 00:36:00,2026-09-29,00:36:00,2026-09-29 00:37:29,985.66,True,20260921_225919,2026-09-21 23:06:30,55만,550000.0,34000.0,0.06181818181818182,2026-09-29 00:36:00
tue,58,폭풍의 전학생 시즌3,강냉이,851257,https://comic.naver.com/webtoon/list?titleId=851257&tab=tue,14224965,폭풍의 전학생 시즌3,폭풍의 전학생 시즌3 (총 7화/미완결),총 7화/미완결,7.0,미완결,,,https://series.naver.com/comic/detail.series?productNo=14224965,matched,ok,"폭풍의 전학생 시즌3 (총 7화/미완결)
평점
10.0 | 강냉이 강냉이 | 2026.06.08. | 총7화/미완결 | 2화 무료
주먹깨나 쓴다는 놈들이 모인 폭풍고,그 폭풍고를 하루 만에 제압한 폭풍의전학생 주인공.잠시 동안의 평화 끝에 새로운 위협이 주인공을 덮친다.깊은 산속 도망갈 곳도 없는 이곳에서 주인공과 그 친구들의 새로운 싸움이 시..",tue,1,tue,1,mon,tue,True,tue,화,mon,tue,14224965_tue,post_24h,어제 밤 10시 공개 이후 증가분 확인용 수집,28.7만,287000.0,https://series.naver.com/comic/detail.series?productNo=14224965,20260929_002104,tue,화,2026-09-29 00:21:04,2026-09-29,00:21:04,2026-09-29 00:36:01,2026-09-29 00:36:03,2.1,2026-09-29 00:36:03,2026-09-29,00:36:03,2026-09-29 00:37:29,985.66,True,20260921_225919,2026-09-21 23:06:34,27.4만,274000.0,13000.0,0.04744525547445255,2026-09-29 00:36:03
tue,113,에투알의 비밀,허니비,851384,https://comic.naver.com/webtoon/list?titleId=851384&tab=tue,14259166,에투알의 비밀,에투알의 비밀 (총 6화/미완결),총 6화/미완결,6.0,미완결,,,https://series.naver.com/comic/detail.series?productNo=14259166,matched,ok,"에투알의 비밀 (총 6화/미완결)
0.0 | 허니비 StillUnderworld | 2026.06.08. | 총6화/미완결 | 1화 무료
파리 국립 오페라 발레단의 젊은 무용수 조이. 미래에 대한 불안으로 가득하던 어느 날, 그녀는 우연히 발견한 신비로운 티아라를 통해 과거로 시간 여행을 떠나게 된다. 파리 오페라의 전설적인 에투알, '세실리아'의 몸으로 깨..",tue,1,tue,1,mon,tue,True,tue,화,mon,tue,14259166_tue,post_24h,어제 밤 10시 공개 이후 증가분 확인용 수집,6.2천,6200.0,https://series.naver.com/comic/detail.series?productNo=14259166,20260929_002104,tue,화,2026-09-29 00:21:04,2026-09-29,00:21:04,2026-09-29 00:36:04,2026-09-29 00:36:07,2.3,2026-09-29 00:36:07,2026-09-29,00:36:07,2026-09-29 00:37:29,985.66,True,20260921_225919,2026-09-21 23:06:38,5.8천,5800.0,400.0,0.06896551724137931,2026-09-29 00:36:07
tue,56,대공가의 새아가는 조금 사나워요,심상,851388,https://comic.naver.com/webtoon/list?titleId=851388&tab=tue,14246820,대공가의 새아가는 조금 사나워요,대공가의 새아가는 조금 사나워요 (총 6화/미완결),총 6화/미완결,6.0,미완결,심상 뫄과,평점 9.8 | 심상 뫄과 | 2026.06.22. | 총6화/미완결 | 1화 무료,https://series.naver.com/comic/detail.series?productNo=14246820,matched,ok,"대공가의 새아가는 조금 사나워요 (총 6화/미완결)
평점
9.8 | 심상 뫄과 | 2026.06.22. | 총6화/미완결 | 1화 무료
무적의 특전사였던 내가 환생하니 이세계의 5살 어린아이?!심지어 불행한 미래가 예정됐다고?소녀, 아니 아기 '루디아'로 태어난 나!예정된 미래를 바꾸고 행복을 쟁취해야만 한다.특전사 정신으로 무장하고!'안 되면 되게 하..",tue,1,tue,1,mon,tue,True,tue,화,mon,tue,14246820_tue,post_24h,어제 밤 10시 공개 이후 증가분 확인용 수집,47.2만,472000.0,https://series.naver.com/comic/detail.series?productNo=14246820,20260929_002104,tue,화,2026-09-29 00:21:04,2026-09-29,00:21:04,2026-09-29 00:36:08,2026-09-29 00:36:10,2.12,2026-09-29 00:36:10,2026-09-29,00:36:10,2026-09-29 00:37:29,985.66,True,20260921_225919,2026-09-21 23:06:41,45.2만,452000.0,20000.0,0.04424778761061947,2026-09-29 00:36:10
tue,97,스타코인,지나무,851412,https://comic.naver.com/webtoon/list?titleId=851412&tab=tue,14251650,스타코인,스타코인 (총 6화/미완결),총 6화/미완결,6.0,미완결,0.0,0.0 | 지나무 지나무 | 2026.07.27. | 총6화/미완결 | 1화 무료,https://series.naver.com/comic/detail.series?productNo=14251650,matched,ok,"스타코인 (총 6화/미완결)
0.0 | 지나무 지나무 | 2026.07.27. | 총6화/미완결 | 1화 무료
스타의 가치가 코인으로 거래되는 시대, 데뷔를 눈앞에 둔 아이돌 '이별'이 의문의 죽음을 맞는다. 친구의 죽음에 숨겨진 진실을 밝히기 위해 '문이솔'은 아이돌 서바이벌 'BUY★ME'에 뛰어들고, 화려한 무대 뒤에 감춰진 충..",tue,1,tue,1,mon,tue,True,tue,화,mon,tue,14251650_tue,post_24h,어제 밤 10시 공개 이후 증가분 확인용 수집,4.3만,43000.0,https://series.naver.com/comic/detail.series?productNo=14251650,20260929_002104,tue,화,2026-09-29 00:21:04,2026-09-29,00:21:04,2026-09-29 00:36:12,2026-09-29 00:36:14,2.21,2026-09-29 00:36:14,2026-09-29,00:36:14,2026-09-29 00:37:29,985.66,True,20260921_225919,2026-09-21 23:06:45,4.1만,41000.0,2000.0,0.04878048780487805,2026-09-29 00:36:14
tue,26,동생 왔다,모나,851503,https://comic.naver.com/webtoon/list?titleId=851503&tab=tue,14264185,동생 왔다,동생 왔다 (총 6화/미완결),총 6화/미완결,6.0,미완결,모나,평점 10.0 | 모나 | 2026.06.15. | 총6화/미완결 | 1화 무료,https://series.naver.com/comic/detail.series?productNo=14264185,matched,ok,"동생 왔다 (총 6화/미완결)
평점
10.0 | 모나 | 2026.06.15. | 총6화/미완결 | 1화 무료
오빠보다 더한 여동생이 나타났다.리얼 자매 이야기, 진짜 동생이 왔다!","tue,sat",2,"tue,sat",2,"mon,fri","tue,sat",True,tue,화,mon,tue,14264185_tue,post_24h,어제 밤 10시 공개 이후 증가분 확인용 수집,8.4만,84000.0,https://series.naver.com/comic/detail.series?productNo=14264185,20260929_002104,tue,화,2026-09-29 00:21:04,2026-09-29,00:21:04,2026-09-29 00:36:15,2026-09-29 00:36:17,1.91,2026-09-29 00:36:17,2026-09-29,00:36:17,2026-09-29 00:37:29,985.66,True,20260921_225919,2026-09-21 23:06:49,8.1만,81000.0,3000.0,0.037037037037037035,2026-09-29 00:36:17
tue,54,화분,,851671,https://comic.naver.com/webtoon/list?titleId=851671&tab=tue,14284647,화분,화분 (총 5화/미완결),총 5화/미완결,5.0,미완결,쿼시 쿼시,평점 10.0 | 쿼시 쿼시 | 2026.06.15. | 총5화/미완결 | 1화 무료,https://series.naver.com/comic/detail.series?productNo=14284647,review_needed,not_found,"화분 (총 5화/미완결)
평점
10.0 | 쿼시 쿼시 | 2026.06.15. | 총5화/미완결 | 1화 무료
버림받는 것이 무서운 여자와 그런 그녀가 무섭게 느껴지는 남자. 오래된 인연으로 시작된 사랑은 다정함의 얼굴을 한 집착이 되어, 두 사람의 일상과 마음을 서서히 갉아먹어 간다.우리 사랑은, 어디서부터 잘못된거지..?",tue,1,tue,1,mon,tue,True,tue,화,mon,tue,14284647_tue,post_24h,어제 밤 10시 공개 이후 증가분 확인용 수집,,,https://nid.naver.com/nidlogin.login?svctype=128&a_version=2&viewtype=1&url=http%3A%2F%2Fseries.naver.com%2Fcomic%2Fdetail.series%3FproductNo%3D14284647&surl=https%3A%2F%2Fseries.naver.com,20260929_002104,tue,화,2026-09-29 00:21:04,2026-09-29,00:21:04,2026-09-29 00:36:18,2026-09-29 00:36:33,14.63,2026-09-29 00:36:33,2026-09-29,00:36:33,2026-09-29 00:37:29,985.66,True,20260921_225919,2026-09-21 23:07:06,,,,,2026-09-29 00:36:33
tue,82,인그레이브,도마,851854,https://comic.naver.com/webtoon/list?titleId=851854&tab=tue,14332437,인그레이브,인그레이브 (총 6화/미완결),총 6화/미완결,6.0,미완결,도마 도마,평점 10.0 | 도마 도마 | 2026.06.22. | 총6화/미완결 | 1화 무료,https://series.naver.com/comic/detail.series?productNo=14332437,matched,ok,"인그레이브 (총 6화/미완결)
평점
10.0 | 도마 도마 | 2026.06.22. | 총6화/미완결 | 1화 무료
갱단과의 전쟁이 끊이질 않던 국가 “산 로메리아”에서 누명을 쓰고 억울하게 옥살이를 하게 된 주인공 “니콜”. 그는 악명 높은 갱단을 수용하기 위해 신설된 범죄자 도축장, “크라네오 교도소”에 투옥된다. 지옥 같은 교..",tue,1,tue,1,mon,tue,True,tue,화,mon,tue,14332437_tue,post_24h,어제 밤 10시 공개 이후 증가분 확인용 수집,16.1만,161000.0,https://series.naver.com/comic/detail.series?productNo=14332437,20260929_002104,tue,화,2026-09-29 00:21:04,2026-09-29,00:21:04,2026-09-29 00:36:34,2026-09-29 00:36:37,2.77,2026-09-29 00:36:37,2026-09-29,00:36:37,2026-09-29 00:37:29,985.66,True,20260921_225919,2026-09-21 23:07:10,15.2만,152000.0,9000.0,0.05921052631578947,2026-09-29 00:36:37
tue,110,시냅틱 에러,연제원,852168,https://comic.naver.com/webtoon/list?titleId=852168&tab=tue,14384536,시냅틱 에러,시냅틱 에러 (총 6화/미완결),총 6화/미완결,6.0,미완결,연제원,평점 5.5 | 연제원 | 2026.07.06. | 총6화/미완결 | 1화 무료,https://series.naver.com/comic/detail.series?productNo=14384536,matched,ok,"시냅틱 에러 (총 6화/미완결)
평점
5.5 | 연제원 | 2026.07.06. | 총6화/미완결 | 1화 무료
전뇌화가 일반화된 월면도시 레골리스 시티. 탐정 '시드 블레이크'는 의뢰를 받고 카인테크의 비공개 발표회에 잠입하지만 카인테크의 신형 안드로이드 '프라이머'가 참석자 전원을 학살하는 현장을 목격한다. 살아남은 건 '시드..",tue,1,tue,1,mon,tue,True,tue,화,mon,tue,14384536_tue,post_24h,어제 밤 10시 공개 이후 증가분 확인용 수집,8.5천,8500.0,https://series.naver.com/comic/detail.series?productNo=14384536,20260929_002104,tue,화,2026-09-29 00:21:04,2026-09-29,00:21:04,2026-09-29 00:36:38,2026-09-29 00:36:41,2.93,2026-09-29 00:36:41,2026-09-29,00:36:41,2026-09-29 00:37:29,985.66,True,20260921_225919,2026-09-21 23:07:15,8.2천,8200.0,300.0,0.036585365853658534,2026-09-29 00:36:41
tue,106,레벨업! 여신님,도롱뇽,852169,https://comic.naver.com/webtoon/list?titleId=852169&tab=tue,14385540,레벨업! 여신님,레벨업! 여신님 (총 6화/미완결),총 6화/미완결,6.0,미완결,0.0,0.0 | 도롱뇽 도롱뇽 | 2026.06.29. | 총6화/미완결 | 1화 무료,https://series.naver.com/comic/detail.series?productNo=14385540,matched,ok,"레벨업! 여신님 (총 6화/미완결)
0.0 | 도롱뇽 도롱뇽 | 2026.06.29. | 총6화/미완결 | 1화 무료
용사로 점찍어둔 소년을 전생시키려 한 여신. 그런데 이 소년, 무언가 이상하다. 인간이라곤 생각이 들지않는 비정상적인 파워...정신을 차려보니 현대로 전생된 여신.하루아침에 평범한 고등학생이 되어버린 여신은 이 곳에서 ..",tue,1,tue,1,mon,tue,True,tue,화,mon,tue,14385540_tue,post_24h,어제 밤 10시 공개 이후 증가분 확인용 수집,2.9만,29000.0,https://series.naver.com/comic/detail.series?productNo=14385540,20260929_002104,tue,화,2026-09-29 00:21:04,2026-09-29,00:21:04,2026-09-29 00:36:42,2026-09-29 00:36:44,1.82,2026-09-29 00:36:44,2026-09-29,00:36:44,2026-09-29 00:37:29,985.66,True,20260921_225919,2026-09-21 23:07:18,2.8만,28000.0,1000.0,0.03571428571428571,2026-09-29 00:36:44
tue,43,심판,뿌엑이,852505,https://comic.naver.com/webtoon/list?titleId=852505&tab=tue,14425871,심판,심판 (총 6화/미완결),총 6화/미완결,6.0,미완결,뿌엑이 뿌엑이,평점 7.8 | 뿌엑이 뿌엑이 | 2026.08.24. | 총6화/미완결 | 1화 무료,https://series.naver.com/comic/detail.series?productNo=14425871,matched,ok,"심판 (총 6화/미완결)
평점
7.8 | 뿌엑이 뿌엑이 | 2026.08.24. | 총6화/미완결 | 1화 무료
법도 룰도 '강함'이 기준이 되는 초인 사회에서 약자로 살아온 소여울. 도망치는 것이 인생의 전부였던 소여울은, 강자들에게 아버지를 잃고 복수를 결심하며 격투 타워로 향한다.",tue,1,tue,1,mon,tue,True,tue,화,mon,tue,14425871_tue,post_24h,어제 밤 10시 공개 이후 증가분 확인용 수집,9.8만,98000.0,https://series.naver.com/comic/detail.series?productNo=14425871,20260929_002104,tue,화,2026-09-29 00:21:04,2026-09-29,00:21:04,2026-09-29 00:36:46,2026-09-29 00:36:48,2.26,2026-09-29 00:36:48,2026-09-29,00:36:48,2026-09-29 00:37:29,985.66,True,20260921_225919,2026-09-21 23:07:22,8.5만,85000.0,13000.0,0.15294117647058825,2026-09-29 00:36:48
tue,76,하트는 파랑,5보2,852620,https://comic.naver.com/webtoon/list?titleId=852620&tab=tue,14451479,하트는 파랑,하트는 파랑 (총 6화/미완결),총 6화/미완결,6.0,미완결,5보2 알지비,평점 10.0 | 5보2 알지비 | 2026.09.14. | 총6화/미완결 | 1화 무료,https://series.naver.com/comic/detail.series?productNo=14451479,matched,ok,"하트는 파랑 (총 6화/미완결)
평점
10.0 | 5보2 알지비 | 2026.09.14. | 총6화/미완결 | 1화 무료
호기심이 남다른 고등학생 김민지.그리고 그런 민지를 미워하는 정체불명의 인물.두 사람은 서로의 이름도 모르는 채 편지를 주고받기 시작한다.과연 민지는 계획대로 범인을 찾아 복수에 성공할 수 있을까?민지의 달콤살벌 좌..",tue,1,tue,1,mon,tue,True,tue,화,mon,tue,14451479_tue,post_24h,어제 밤 10시 공개 이후 증가분 확인용 수집,2.1만,21000.0,https://series.naver.com/comic/detail.series?productNo=14451479,20260929_002104,tue,화,2026-09-29 00:21:04,2026-09-29,00:21:04,2026-09-29 00:36:50,2026-09-29 00:36:51,1.8,2026-09-29 00:36:51,2026-09-29,00:36:51,2026-09-29 00:37:29,985.66,True,20260921_225919,2026-09-21 23:07:26,1.2만,12000.0,9000.0,0.75,2026-09-29 00:36:51
tue,25,내가 죽인 드래곤과 결혼했다,만둣불,852628,https://comic.naver.com/webtoon/list?titleId=852628&tab=tue,14451876,내가 죽인 드래곤과 결혼했다 [독점],내가 죽인 드래곤과 결혼했다 [독점] (총 6화/미완결),총 6화/미완결,6.0,미완결,"만둣불, 분재나무 젤링","평점 10.0 | 만둣불, 분재나무 젤링 | 2026.07.13. | 총6화/미완결 | 1화 무료",https://series.naver.com/comic/detail.series?productNo=14451876,matched,ok,"내가 죽인 드래곤과 결혼했다 [독점] (총 6화/미완결)
평점
10.0 | 만둣불, 분재나무 젤링 | 2026.07.13. | 총6화/미완결 | 1화 무료
반신의 경지라 불리는 9서클.그 마지막 열쇠는 레드 드래곤, 발드로바의 심장이었다.“설마 짐의 약혼자가 짐을 죽이러 올 줄이야.”어째서인지, 발드로바는 저항 없이 스스로 심장을 내어주었다.""... 뭐냐, 이 감정은. 어째서 이..",tue,1,tue,1,mon,tue,True,tue,화,mon,tue,14451876_tue,post_24h,어제 밤 10시 공개 이후 증가분 확인용 수집,156.1만,1561000.0,https://series.naver.com/comic/detail.series?productNo=14451876,20260929_002104,tue,화,2026-09-29 00:21:04,2026-09-29,00:21:04,2026-09-29 00:36:53,2026-09-29 00:36:55,1.85,2026-09-29 00:36:55,2026-09-29,00:36:55,2026-09-29 00:37:29,985.66,True,20260921_225919,2026-09-21 23:07:30,146.1만,1461000.0,100000.0,0.06844626967830253,2026-09-29 00:36:55
tue,94,남자가 되기 싫어,성은,852887,https://comic.naver.com/webtoon/list?titleId=852887&tab=tue,14484259,남자가 되기 싫어,남자가 되기 싫어 (총 6화/미완결),총 6화/미완결,6.0,미완결,성은 성은,평점 10.0 | 성은 성은 | 2026.07.20. | 총6화/미완결 | 1화 무료,https://series.naver.com/comic/detail.series?productNo=14484259,matched,ok,"남자가 되기 싫어 (총 6화/미완결)
평점
10.0 | 성은 성은 | 2026.07.20. | 총6화/미완결 | 1화 무료
거짓말을 하면 남자가 되는 여자 강유라. 좋아하는 선배는 왜 하필 남자인 나에게만 다정한 걸까?거짓말과 진심 사이, 아슬아슬한 캠퍼스 로맨틱 코미디!",tue,1,tue,1,mon,tue,True,tue,화,mon,tue,14484259_tue,post_24h,어제 밤 10시 공개 이후 증가분 확인용 수집,4.6만,46000.0,https://series.naver.com/comic/detail.series?productNo=14484259,20260929_002104,tue,화,2026-09-29 00:21:04,2026-09-29,00:21:04,2026-09-29 00:36:56,2026-09-29 00:36:58,2.03,2026-09-29 00:36:58,2026-09-29,00:36:58,2026-09-29 00:37:29,985.66,True,20260921_225919,2026-09-21 23:07:33,4만,40000.0,6000.0,0.15,2026-09-29 00:36:58
tue,36,타락면역이라 재앙급 마검 들고 시작한다,김상민,853004,https://comic.naver.com/webtoon/list?titleId=853004&tab=tue,14487740,타락면역이라 재앙급 마검 들고 시작한다,타락면역이라 재앙급 마검 들고 시작한다 (총 6화/미완결),총 6화/미완결,6.0,미완결,"김상민, 맘모스XM 김상민","평점 9.3 | 김상민, 맘모스XM 김상민 | 2026.07.20. | 총6화/미완결 | 1화 무료",https://series.naver.com/comic/detail.series?productNo=14487740,matched,ok,"타락면역이라 재앙급 마검 들고 시작한다 (총 6화/미완결)
평점
9.3 | 김상민, 맘모스XM 김상민 | 2026.07.20. | 총6화/미완결 | 1화 무료
타락하질 않으니 저주템 쓰레기통이 되었다.",tue,1,tue,1,mon,tue,True,tue,화,mon,tue,14487740_tue,post_24h,어제 밤 10시 공개 이후 증가분 확인용 수집,42.5만,425000.0,https://series.naver.com/comic/detail.series?productNo=14487740,20260929_002104,tue,화,2026-09-29 00:21:04,2026-09-29,00:21:04,2026-09-29 00:36:59,2026-09-29 00:37:01,2.73,2026-09-29 00:37:01,2026-09-29,00:37:01,2026-09-29 00:37:29,985.66,True,20260921_225919,2026-09-21 23:07:37,39.4만,394000.0,31000.0,0.07868020304568528,2026-09-29 00:37:01
tue,31,그랬더니 남친임니다,뽀꼬,853326,https://comic.naver.com/webtoon/list?titleId=853326&tab=tue,14536751,그랬더니 남친임니다,그랬더니 남친임니다 (총 6화/미완결),총 6화/미완결,6.0,미완결,뽀꼬 뽀꼬,평점 10.0 | 뽀꼬 뽀꼬 | 2026.08.13. | 총6화/미완결 | 3화 무료,https://series.naver.com/comic/detail.series?productNo=14536751,matched,ok,"그랬더니 남친임니다 (총 6화/미완결)
평점
10.0 | 뽀꼬 뽀꼬 | 2026.08.13. | 총6화/미완결 | 3화 무료
회사에 내 이상형이 입사했다?! 마주친 날부터 제대로 고장 난 그녀,어리둥절 실수로 데이트 신청까지 던져버리고 마는데…!어어, 근데 이때부터 이상하게 흘러간다?눈이 마주친 순간부터 연애까지,100% 리얼 실화로 달리는..","tue,fri",2,"tue,fri",2,"mon,thu","tue,fri",True,tue,화,mon,tue,14536751_tue,post_24h,어제 밤 10시 공개 이후 증가분 확인용 수집,15.3만,153000.0,https://series.naver.com/comic/detail.series?productNo=14536751,20260929_002104,tue,화,2026-09-29 00:21:04,2026-09-29,00:21:04,2026-09-29 00:37:03,2026-09-29 00:37:06,2.64,2026-09-29 00:37:06,2026-09-29,00:37:06,2026-09-29 00:37:29,985.66,True,20260921_225919,2026-09-21 23:07:41,12.7만,127000.0,26000.0,0.2047244094488189,2026-09-29 00:37:06
tue,55,후원 낙인,송의영,853895,https://comic.naver.com/webtoon/list?titleId=853895&tab=tue,14599350,후원 낙인,후원 낙인 (총 6화/미완결),총 6화/미완결,6.0,미완결,"송의영, 하윤미 점점","평점 10.0 | 송의영, 하윤미 점점 | 2026.08.17. | 총6화/미완결 | 1화 무료",https://series.naver.com/comic/detail.series?productNo=14599350,matched,ok,"후원 낙인 (총 6화/미완결)
평점
10.0 | 송의영, 하윤미 점점 | 2026.08.17. | 총6화/미완결 | 1화 무료
어디서부터 잘못된 걸까.감히 후원자의 하나뿐인 아들, 구제헌을 마음을 품은 순간?아니면 피아니스트로서의 삶을 포기하고 그의 아이를 홀로 낳았을 때?첫사랑의 아이를 홀로 키우기 위해 모든 것을 버리고 도망친 연재.그녀..",tue,1,tue,1,mon,tue,True,tue,화,mon,tue,14599350_tue,post_24h,어제 밤 10시 공개 이후 증가분 확인용 수집,25.8만,258000.0,https://series.naver.com/comic/detail.series?productNo=14599350,20260929_002104,tue,화,2026-09-29 00:21:04,2026-09-29,00:21:04,2026-09-29 00:37:07,2026-09-29 00:37:09,2.53,2026-09-29 00:37:09,2026-09-29,00:37:09,2026-09-29 00:37:29,985.66,True,20260921_225919,2026-09-21 23:07:45,22.5만,225000.0,33000.0,0.14666666666666667,2026-09-29 00:37:09
tue,50,역변! 첫사랑,혁상,853903,https://comic.naver.com/webtoon/list?titleId=853903&tab=tue,14601406,역변! 첫사랑,역변! 첫사랑 (총 6화/미완결),총 6화/미완결,6.0,미완결,혁상,평점 10.0 | 혁상 | 2026.08.24. | 총6화/미완결 | 1화 무료,https://series.naver.com/comic/detail.series?productNo=14601406,matched,ok,"역변! 첫사랑 (총 6화/미완결)
평점
10.0 | 혁상 | 2026.08.24. | 총6화/미완결 | 1화 무료
""첫사랑 포기 못 하냐? ..그거 초딩 때잖아.”어릴 적 못난 외모에서 역변 성장한 '공대 너드남' 서우진은 10년째 짝사랑 중!그러던 어느 날, 눈앞에 거짓말처럼 첫사랑이 나타나는데…!",tue,1,tue,1,mon,tue,True,tue,화,mon,tue,14601406_tue,post_24h,어제 밤 10시 공개 이후 증가분 확인용 수집,6.4만,64000.0,https://series.naver.com/comic/detail.series?productNo=14601406,20260929_002104,tue,화,2026-09-29 00:21:04,2026-09-29,00:21:04,2026-09-29 00:37:10,2026-09-29 00:37:13,2.45,2026-09-29 00:37:13,2026-09-29,00:37:13,2026-09-29 00:37:29,985.66,True,20260921_225919,2026-09-21 23:07:48,5.4만,54000.0,10000.0,0.18518518518518517,2026-09-29 00:37:13
tue,46,인간은 썩었어,차흐,853936,https://comic.naver.com/webtoon/list?titleId=853936&tab=tue,14603833,인간은 썩었어,인간은 썩었어 (총 6화/미완결),총 6화/미완결,6.0,미완결,차흐 차흐,평점 10.0 | 차흐 차흐 | 2026.08.17. | 총6화/미완결 | 1화 무료,https://series.naver.com/comic/detail.series?productNo=14603833,matched,ok,"인간은 썩었어 (총 6화/미완결)
평점
10.0 | 차흐 차흐 | 2026.08.17. | 총6화/미완결 | 1화 무료
어릴 적부터 학대를 받아온 '진영'. 그에게 처음으로 손을 내밀어 준 건 지금의 아내였다. 하지만 그런 아내가 병에 걸려 막대한 병원비가 필요해 지는데... 그렇게 절망에 빠져 하루하루를 보내는 진영에게 우연인지 필연인지 거..",tue,1,tue,1,mon,tue,True,tue,화,mon,tue,14603833_tue,post_24h,어제 밤 10시 공개 이후 증가분 확인용 수집,2.8만,28000.0,https://series.naver.com/comic/detail.series?productNo=14603833,20260929_002104,tue,화,2026-09-29 00:21:04,2026-09-29,00:21:04,2026-09-29 00:37:14,2026-09-29 00:37:16,2.18,2026-09-29 00:37:16,2026-09-29,00:37:16,2026-09-29 00:37:29,985.66,True,20260921_225919,2026-09-21 23:07:52,2.6만,26000.0,2000.0,0.07692307692307693,2026-09-29 00:37:16
tue,66,혈마전기,자몽소년,854518,https://comic.naver.com/webtoon/list?titleId=854518&tab=tue,14664877,혈마전기,혈마전기 (총 6화/미완결),총 6화/미완결,6.0,미완결,자몽소년 자몽소년,평점 7.0 | 자몽소년 자몽소년 | 2026.09.07. | 총6화/미완결 | 1화 무료,https://series.naver.com/comic/detail.series?productNo=14664877,matched,ok,"혈마전기 (총 6화/미완결)
평점
7.0 | 자몽소년 자몽소년 | 2026.09.07. | 총6화/미완결 | 1화 무료
기연으로 흡혈귀가 된 주인공 목연, 타락한 정파의 무인에게 살해당한 누나의 복수를 위해 그는 무림을 부수기로 결심한다.",tue,1,tue,1,mon,tue,True,tue,화,mon,tue,14664877_tue,post_24h,어제 밤 10시 공개 이후 증가분 확인용 수집,1.5만,15000.0,https://series.naver.com/comic/detail.series?productNo=14664877,20260929_002104,tue,화,2026-09-29 00:21:04,2026-09-29,00:21:04,2026-09-29 00:37:18,2026-09-29 00:37:21,2.61,2026-09-29 00:37:21,2026-09-29,00:37:21,2026-09-29 00:37:29,985.66,True,20260921_225919,2026-09-21 23:07:57,1.3만,13000.0,2000.0,0.15384615384615385,2026-09-29 00:37:21
tue,72,딜리버리 임파서블,담객,854757,https://comic.naver.com/webtoon/list?titleId=854757&tab=tue,14697626,딜리버리 임파서블,딜리버리 임파서블 (총 6화/미완결),총 6화/미완결,6.0,미완결,담객 모동,평점 10.0 | 담객 모동 | 2026.09.07. | 총6화/미완결 | 1화 무료,https://series.naver.com/comic/detail.series?productNo=14697626,matched,ok,"딜리버리 임파서블 (총 6화/미완결)
평점
10.0 | 담객 모동 | 2026.09.07. | 총6화/미완결 | 1화 무료
""라비, 할 수 있지? 널 믿는다.""영원한 겨울 아래 눈으로 뒤덮인 세상.빈민가에서 마약을 팔며 살아가는 소녀 라비는, 동경하는 배달부 헤더의 뜻을 이어 희망의 장소 '북쪽 도시'로 배달을 시작한다.그런데 사실, 그녀가 배달하..",tue,1,tue,1,mon,tue,True,tue,화,mon,tue,14697626_tue,post_24h,어제 밤 10시 공개 이후 증가분 확인용 수집,1만,10000.0,https://series.naver.com/comic/detail.series?productNo=14697626,20260929_002104,tue,화,2026-09-29 00:21:04,2026-09-29,00:21:04,2026-09-29 00:37:22,2026-09-29 00:37:24,2.68,2026-09-29 00:37:24,2026-09-29,00:37:24,2026-09-29 00:37:29,985.66,True,20260921_225919,2026-09-21 23:08:00,8.2천,8200.0,1800.0,0.21951219512195122,2026-09-29 00:37:24
tue,95,레디액션,나근H,855128,https://comic.naver.com/webtoon/list?titleId=855128&tab=tue,14754136,레디액션,레디액션 (총 6화/미완결),총 6화/미완결,6.0,미완결,나근H 나근H,평점 10.0 | 나근H 나근H | 2026.09.21. | 총6화/미완결 | 1화 무료,https://series.naver.com/comic/detail.series?productNo=14754136,matched,ok,"레디액션 (총 6화/미완결)
평점
10.0 | 나근H 나근H | 2026.09.21. | 총6화/미완결 | 1화 무료
카메라 불빛만 켜지면 180도 바뀌는 연기 천재 정헌.그는 꿈을 잃고 무너진 은인 재우를 위해, 재우의 시나리오로 영화를 만들기로 결심한다.진실을 파헤치려 찾아간 영화동아리는 사실 악명 높은 일진들의 아지트!과연 정헌..",tue,1,tue,1,mon,tue,True,tue,화,mon,tue,14754136_tue,post_24h,어제 밤 10시 공개 이후 증가분 확인용 수집,3.4천,3400.0,https://series.naver.com/comic/detail.series?productNo=14754136,20260929_002104,tue,화,2026-09-29 00:21:04,2026-09-29,00:21:04,2026-09-29 00:37:26,2026-09-29 00:37:28,2.17,2026-09-29 00:37:28,2026-09-29,00:37:28,2026-09-29 00:37:29,985.66,False,,,,,,,2026-09-29 00:37:28
