weekday,rank,webtoon_title,webtoon_author,webtoon_title_id,webtoon_url,series_product_no,series_title,series_title_raw,series_episode_info,series_total_episode_count,series_completion_status,series_author,series_author_raw,series_url,match_status,download_status,series_result_text,weekday_list,weekday_row_count,serial_weekdays,serial_weekday_count,pre_collect_weekdays,post_24h_collect_weekdays,is_download_collectable,release_weekday,release_weekday_ko,pre_collect_weekday,post_24h_collect_weekday,release_event_key,collection_context,target_reason,series_download_text,series_download_count,current_url,snapshot_id,snapshot_weekday,snapshot_weekday_ko,snapshot_started_at_kst,snapshot_date_kst,snapshot_time_kst,item_collect_started_at_kst,item_collect_finished_at_kst,item_collect_elapsed_seconds,collected_at_kst,collected_date_kst,collected_time_kst,snapshot_finished_at_kst,snapshot_elapsed_seconds
tue,60,윌유메리미,마인드C,616239,https://comic.naver.com/webtoon/list?titleId=616239&tab=tue,2505304,윌유메리미,윌유메리미 (총 1262화/미완결),총 1262화/미완결,1262.0,미완결,,,https://series.naver.com/comic/detail.series?productNo=2505304,matched,ok,"윌유메리미 (총 1262화/미완결)
평점
9.8 | 마인드C 마인드C | 2026.06.08. | 총1262화/미완결 | 1256화 무료
마인드C 작가의 실제 연애경험담을 일상툰으로 풀어낸 작품 <윌유메리미>서울과 부산이라는 지역차, 12살이라는 나이 차, 그리고 정 반대의 성격차까지!서울 남자 '윌(마인드C 본인)'과 부산 여자 '메리' 서로 다른 두 사람..","tue,sat",2,"tue,sat",2,"mon,fri","tue,sat",True,sat,토,fri,sat,2505304_sat,pre_release,오늘 밤 10시 새 회차 공개 전 기준값 수집,562.8만,5628000.0,https://series.naver.com/comic/detail.series?productNo=2505304,20260814_172433,fri,금,2026-08-14 17:24:33,2026-08-14,17:24:33,2026-08-14 17:24:35,2026-08-14 17:24:41,6.26,2026-08-14 17:24:41,2026-08-14,17:24:41,2026-08-14 17:42:09,1056.05
sat,26,나이트런,김성민,64997,https://comic.naver.com/webtoon/list?titleId=64997&tab=sat,667537,나이트런,나이트런 (총 805화/미완결),총 805화/미완결,805.0,미완결,,,https://series.naver.com/comic/detail.series?productNo=667537,matched,ok,"나이트런 (총 805화/미완결)
평점
9.8 | 김성민 김성민 | 2026.06.05. | 총805화/미완결 | 800화 무료
우주력 430년. 성간이동이 가능해져 별과 별을 이동하는 시대인간은 괴수와 싸우고 있다. 기사와 함께.광활한 우주를 배경으로 판타지 SF가 다가온다.",sat,1,sat,1,fri,sat,True,sat,토,fri,sat,667537_sat,pre_release,오늘 밤 10시 새 회차 공개 전 기준값 수집,"2,976만",29760000.0,https://series.naver.com/comic/detail.series?productNo=667537,20260814_172433,fri,금,2026-08-14 17:24:33,2026-08-14,17:24:33,2026-08-14 17:24:42,2026-08-14 17:24:45,2.99,2026-08-14 17:24:45,2026-08-14,17:24:45,2026-08-14 17:42:09,1056.05
sat,54,어글리후드,미애,703630,https://comic.naver.com/webtoon/list?titleId=703630&tab=sat,3218003,어글리후드,어글리후드 (총 377화/미완결),총 377화/미완결,377.0,미완결,,,https://series.naver.com/comic/detail.series?productNo=3218003,matched,ok,"어글리후드 (총 377화/미완결)
평점
10.0 | 미애 미애 | 2026.06.06. | 총377화/미완결 | 373화 무료
외계인이 유일신으로 군림한 미친 세상, 바꾸고싶다면 사탄이 되어라",sat,1,sat,1,fri,sat,True,sat,토,fri,sat,3218003_sat,pre_release,오늘 밤 10시 새 회차 공개 전 기준값 수집,967.3만,9673000.0,https://series.naver.com/comic/detail.series?productNo=3218003,20260814_172433,fri,금,2026-08-14 17:24:33,2026-08-14,17:24:33,2026-08-14 17:24:46,2026-08-14 17:24:48,2.58,2026-08-14 17:24:48,2026-08-14,17:24:48,2026-08-14 17:42:09,1056.05
sat,32,스터디그룹,신형욱,721948,https://comic.naver.com/webtoon/list?titleId=721948&tab=sat,3895137,스터디그룹,스터디그룹 (총 332화/미완결),총 332화/미완결,332.0,미완결,,,https://series.naver.com/comic/detail.series?productNo=3895137,matched,ok,"스터디그룹 (총 332화/미완결)
평점
9.8 | 신형욱 유승연 | 2026.06.05. | 총332화/미완결 | 327화 무료
우등생을 꿈꾸는 최강 소년의 고교액션활극.공부를 잘 하고 싶지만 애석하게도 싸움 실력에만 재능이 몰빵된 고등학생 윤가민.똥통학교 유성공고에서 스터디그룹을 만드는데….그와 스터디 멤버들의 (진짜로) 피튀기는 입시이..",sat,1,sat,1,fri,sat,True,sat,토,fri,sat,3895137_sat,pre_release,오늘 밤 10시 새 회차 공개 전 기준값 수집,"3,593만",35930000.0,https://series.naver.com/comic/detail.series?productNo=3895137,20260814_172433,fri,금,2026-08-14 17:24:33,2026-08-14,17:24:33,2026-08-14 17:24:49,2026-08-14 17:24:51,2.25,2026-08-14 17:24:51,2026-08-14,17:24:51,2026-08-14 17:42:09,1056.05
sat,79,공유몽,주신,729047,https://comic.naver.com/webtoon/list?titleId=729047&tab=sat,4330860,공유몽,공유몽 (총 310화/미완결),총 310화/미완결,310.0,미완결,,,https://series.naver.com/comic/detail.series?productNo=4330860,matched,ok,"공유몽 (총 310화/미완결)
평점
9.8 | 주신 유령선 | 2026.06.05. | 총310화/미완결 | 305화 무료
자각몽을 뛰어넘은 또 다른 꿈의 세계가 있다면?꿈을 빼앗긴 자들이 모이는 곳",sat,1,sat,1,fri,sat,True,sat,토,fri,sat,4330860_sat,pre_release,오늘 밤 10시 새 회차 공개 전 기준값 수집,811.6만,8116000.0,https://series.naver.com/comic/detail.series?productNo=4330860,20260814_172433,fri,금,2026-08-14 17:24:33,2026-08-14,17:24:33,2026-08-14 17:24:53,2026-08-14 17:24:55,2.43,2026-08-14 17:24:55,2026-08-14,17:24:55,2026-08-14 17:42:09,1056.05
sat,8,초인의 시대,섭이,730694,https://comic.naver.com/webtoon/list?titleId=730694&tab=sat,4325208,초인의 시대,초인의 시대 (총 240화/미완결),총 240화/미완결,240.0,미완결,,,https://series.naver.com/comic/detail.series?productNo=4325208,matched,ok,"초인의 시대 (총 240화/미완결)
평점
9.7 | 섭이 섭이 | 2026.06.05. | 총240화/미완결 | 235화 무료
사기캐 고딩 히어로 등.장.",sat,1,sat,1,fri,sat,True,sat,토,fri,sat,4325208_sat,pre_release,오늘 밤 10시 새 회차 공개 전 기준값 수집,"4,077만",40770000.0,https://series.naver.com/comic/detail.series?productNo=4325208,20260814_172433,fri,금,2026-08-14 17:24:33,2026-08-14,17:24:33,2026-08-14 17:24:56,2026-08-14 17:24:59,2.78,2026-08-14 17:24:59,2026-08-14,17:24:59,2026-08-14 17:42:09,1056.05
sat,24,나를 바꿔줘,이지호,733280,https://comic.naver.com/webtoon/list?titleId=733280&tab=sat,4463273,나를 바꿔줘,나를 바꿔줘 (총 353화/미완결),총 353화/미완결,353.0,미완결,,,https://series.naver.com/comic/detail.series?productNo=4463273,matched,ok,"나를 바꿔줘 (총 353화/미완결)
평점
9.7 | 이지호 호띠 | 2026.06.05. | 총353화/미완결 | 348화 무료
인생을 바꾸기 위해 얼굴을 훔치다",sat,1,sat,1,fri,sat,True,sat,토,fri,sat,4463273_sat,pre_release,오늘 밤 10시 새 회차 공개 전 기준값 수집,"2,233만",22330000.0,https://series.naver.com/comic/detail.series?productNo=4463273,20260814_172433,fri,금,2026-08-14 17:24:33,2026-08-14,17:24:33,2026-08-14 17:25:01,2026-08-14 17:25:03,2.71,2026-08-14 17:25:03,2026-08-14,17:25:03,2026-08-14 17:42:09,1056.05
sat,11,"나태 공자, 노력 천재 되다",doip,772853,https://comic.naver.com/webtoon/list?titleId=772853&tab=sat,6198340,"나태 공자, 노력 천재 되다 [독점]","나태 공자, 노력 천재 되다 [독점] (총 147화/미완결)",총 147화/미완결,147.0,미완결,,,https://series.naver.com/comic/detail.series?productNo=6198340,matched,ok,"나태 공자, 노력 천재 되다 [독점] (총 147화/미완결)
평점
9.9 | doip, 이등별 도도문 | 2026.06.05. | 총147화/미완결 | 142화 무료
가문의 게으름뱅이, 마침내 검을 들다! 잠을 도피처로 삼아 온 소년 아이른 파레이라. 사람들은 그를 나태 공자라 부르며 조롱하지만 그렇다 하더라도 그는 변할 생각이 전혀 없었다. 어느 날 어느 검사의 꿈을 꾸기 전까지는... ..",sat,1,sat,1,fri,sat,True,sat,토,fri,sat,6198340_sat,pre_release,오늘 밤 10시 새 회차 공개 전 기준값 수집,"1,559만",15590000.0,https://series.naver.com/comic/detail.series?productNo=6198340,20260814_172433,fri,금,2026-08-14 17:24:33,2026-08-14,17:24:33,2026-08-14 17:25:05,2026-08-14 17:25:08,2.71,2026-08-14 17:25:08,2026-08-14,17:25:08,2026-08-14 17:42:09,1056.05
sat,83,용사참수인,김세래,783590,https://comic.naver.com/webtoon/list?titleId=783590&tab=sat,6782665,용사참수인,용사참수인 (총 203화/미완결),총 203화/미완결,203.0,미완결,,,https://series.naver.com/comic/detail.series?productNo=6782665,matched,ok,"용사참수인 (총 203화/미완결)
평점
9.9 | 김세래 김세래 | 2026.06.05. | 총203화/미완결 | 198화 무료
<마술사> 김세래 작가의 판타지 신작!사형집행인으로 용사를 참수하고 은퇴하여 자유인이 된 데닐 패트릭은 한적한 산골에서 무료한 나날을 보낸다.그러던 어느 날 난데없이 딸이라고 찾아온 아이의 등장에 데닐 패트릭의 인..",sat,1,sat,1,fri,sat,True,sat,토,fri,sat,6782665_sat,pre_release,오늘 밤 10시 새 회차 공개 전 기준값 수집,211.5만,2115000.0,https://series.naver.com/comic/detail.series?productNo=6782665,20260814_172433,fri,금,2026-08-14 17:24:33,2026-08-14,17:24:33,2026-08-14 17:25:09,2026-08-14 17:25:11,1.91,2026-08-14 17:25:11,2026-08-14,17:25:11,2026-08-14 17:42:09,1056.05
sat,85,마법사가 죽음을 맞이하는 방법,박젶,786269,https://comic.naver.com/webtoon/list?titleId=786269&tab=sat,8160828,마법사가 죽음을 맞이하는 방법,마법사가 죽음을 맞이하는 방법 (총 106화/미완결),총 106화/미완결,106.0,미완결,"주은설, 박젶 박젶","평점 9.9 | 주은설, 박젶 박젶 | 2024.10.04. | 총106화/미완결 | 전화 무료",https://series.naver.com/comic/detail.series?productNo=8160828,matched,ok,"마법사가 죽음을 맞이하는 방법 (총 106화/미완결)
평점
9.9 | 주은설, 박젶 박젶 | 2024.10.04. | 총106화/미완결 | 전화 무료
“이제 끝내고 싶어.”사악한 드래곤을 없애야 죽을 수 있다는 저주로 인해, 300년이라는 긴 시간을 살아온 대마법사 엔테. 마침내 드래곤을 물리치고 안식을 맞이했으나 눈을 뜬 곳은 사후세계가 아닌, 휘황찬란한 귀족 저택..",sat,1,sat,1,fri,sat,True,sat,토,fri,sat,8160828_sat,pre_release,오늘 밤 10시 새 회차 공개 전 기준값 수집,168.4만,1684000.0,https://series.naver.com/comic/detail.series?productNo=8160828,20260814_172433,fri,금,2026-08-14 17:24:33,2026-08-14,17:24:33,2026-08-14 17:25:12,2026-08-14 17:25:14,1.95,2026-08-14 17:25:14,2026-08-14,17:25:14,2026-08-14 17:42:09,1056.05
sat,14,99강화나무몽둥이,홍실,792651,https://comic.naver.com/webtoon/list?titleId=792651&tab=sat,8306797,99강화나무몽둥이,99강화나무몽둥이 (총 214화/미완결),총 214화/미완결,214.0,미완결,,,https://series.naver.com/comic/detail.series?productNo=8306797,matched,ok,"99강화나무몽둥이 (총 214화/미완결)
평점
9.7 | 홍실 지페리 | 2026.06.05. | 총214화/미완결 | 206화 무료
약육강식이 진리인 가상 현실 게임 '크로노 라이프' 허접이라며 무시만 당하던 '나'는 우연히 얻은 초보용 기본 무기 '나무 뭉둥이' 를 +99 강화까지 성공하게 되고, 본인을 무시하던 놈들을 찾아다니며 몽둥이로 무자비하게 패..",sat,1,sat,1,fri,sat,True,sat,토,fri,sat,8306797_sat,pre_release,오늘 밤 10시 새 회차 공개 전 기준값 수집,"3,590만",35900000.0,https://series.naver.com/comic/detail.series?productNo=8306797,20260814_172433,fri,금,2026-08-14 17:24:33,2026-08-14,17:24:33,2026-08-14 17:25:15,2026-08-14 17:25:17,2.37,2026-08-14 17:25:17,2026-08-14,17:25:17,2026-08-14 17:42:09,1056.05
sat,76,복수를 위한 결혼동맹,EMMA,794161,https://comic.naver.com/webtoon/list?titleId=794161&tab=sat,8427789,복수를 위한 결혼동맹,복수를 위한 결혼동맹 (총 93화/미완결),총 93화/미완결,93.0,미완결,,,https://series.naver.com/comic/detail.series?productNo=8427789,matched,ok,"복수를 위한 결혼동맹 (총 93화/미완결)
평점
9.8 | 윤희사, EMMA EMMA | 2026.06.05. | 총93화/미완결 | 88화 무료
황제인 남편의 음모로 죽은 론 제국의 황후 올리비아는 빈민가에 살던 이름 모를 여인의 몸으로 다시 깨어난다.그 후 도착한 곳은 결별한 전 약혼자이자, 쿠데타로 자리를 빼앗긴 '진짜' 황위 계승자 루카스의 공작 저.올리비아..",sat,1,sat,1,fri,sat,True,sat,토,fri,sat,8427789_sat,pre_release,오늘 밤 10시 새 회차 공개 전 기준값 수집,252.9만,2529000.0,https://series.naver.com/comic/detail.series?productNo=8427789,20260814_172433,fri,금,2026-08-14 17:24:33,2026-08-14,17:24:33,2026-08-14 17:25:18,2026-08-14 17:25:21,2.52,2026-08-14 17:25:21,2026-08-14,17:25:21,2026-08-14 17:42:09,1056.05
sat,12,디펜스 게임의 폭군이 되었다,하정,798182,https://comic.naver.com/webtoon/list?titleId=798182&tab=sat,8716191,디펜스 게임의 폭군이 되었다,디펜스 게임의 폭군이 되었다 (총 184화/미완결),총 184화/미완결,184.0,미완결,,,https://series.naver.com/comic/detail.series?productNo=8716191,matched,ok,"디펜스 게임의 폭군이 되었다 (총 184화/미완결)
평점
9.9 | 하정, 류은가람 굥 | 2026.06.05. | 총184화/미완결 | 178화 무료
타워디펜스&던전오펜스 RPG <제국을 지켜라>누구도 클리어하지 못한 난이도로 게임의 엔딩을 봤다.그런데 정신을 차리니 게임 속이다.그것도 공략이 불가능한 튜토리얼 스테이지다.""반드시 클리어해 주마, 이 거지 같은 게..",sat,1,sat,1,fri,sat,True,sat,토,fri,sat,8716191_sat,pre_release,오늘 밤 10시 새 회차 공개 전 기준값 수집,"1,610만",16100000.0,https://series.naver.com/comic/detail.series?productNo=8716191,20260814_172433,fri,금,2026-08-14 17:24:33,2026-08-14,17:24:33,2026-08-14 17:25:22,2026-08-14 17:25:25,2.72,2026-08-14 17:25:25,2026-08-14,17:25:25,2026-08-14 17:42:09,1056.05
sat,16,세레나,정이나,801475,https://comic.naver.com/webtoon/list?titleId=801475&tab=sat,8994138,세레나,세레나 (총 129화/미완결),총 129화/미완결,129.0,미완결,정이나 정이나,평점 10.0 | 정이나 정이나 | 2025.09.26. | 총129화/미완결 | 전화 무료,https://series.naver.com/comic/detail.series?productNo=8994138,matched,ok,"세레나 (총 129화/미완결)
평점
10.0 | 정이나 정이나 | 2025.09.26. | 총129화/미완결 | 전화 무료
왕국에서 가장 화려했던 나의 가문이 망했다.할머니가 선택한 유일한 방법은 계약 결혼뿐.하필 그 남자와.",sat,1,sat,1,fri,sat,True,sat,토,fri,sat,8994138_sat,pre_release,오늘 밤 10시 새 회차 공개 전 기준값 수집,"1,954만",19540000.0,https://series.naver.com/comic/detail.series?productNo=8994138,20260814_172433,fri,금,2026-08-14 17:24:33,2026-08-14,17:24:33,2026-08-14 17:25:26,2026-08-14 17:25:28,2.24,2026-08-14 17:25:28,2026-08-14,17:25:28,2026-08-14 17:42:09,1056.05
sat,17,귀환했는데 입대 전날이다,해일,807393,https://comic.naver.com/webtoon/list?titleId=807393&tab=sat,9491374,귀환했는데 입대 전날이다 [독점],귀환했는데 입대 전날이다 [독점] (총 91화/미완결),총 91화/미완결,91.0,미완결,,,https://series.naver.com/comic/detail.series?productNo=9491374,matched,ok,"귀환했는데 입대 전날이다 [독점] (총 91화/미완결)
평점
9.8 | 해일, 황금비둘기 오코믹 | 2026.06.05. | 총91화/미완결 | 86화 무료
대한민국의 평범한 고3이었던 김민준은 갑자기 이세계로 소환 당해 흑마법사가 되었다.집으로 돌아가겠다는 일념으로 온갖 고난을 뚫고 흑마법으로 이세계를 구한 민준.영웅으로서의 삶과 보장된 부귀영화를 뿌리치고 지구로..",sat,1,sat,1,fri,sat,True,sat,토,fri,sat,9491374_sat,pre_release,오늘 밤 10시 새 회차 공개 전 기준값 수집,974.9만,9749000.0,https://series.naver.com/comic/detail.series?productNo=9491374,20260814_172433,fri,금,2026-08-14 17:24:33,2026-08-14,17:24:33,2026-08-14 17:25:29,2026-08-14 17:25:32,2.42,2026-08-14 17:25:32,2026-08-14,17:25:32,2026-08-14 17:42:09,1056.05
sat,2,마도전생기,포스스튜디오,807777,https://comic.naver.com/webtoon/list?titleId=807777&tab=sat,9525690,마도전생기 [독점],마도전생기 [독점] (총 174화/미완결),총 174화/미완결,174.0,미완결,,,https://series.naver.com/comic/detail.series?productNo=9525690,matched,ok,"마도전생기 [독점] (총 174화/미완결)
평점
9.9 | codezero 포스스튜디오 | 2026.06.05. | 총174화/미완결 | 168화 무료
정파무림 의천맹의 최강 살수, 천하진.자유를 찾기 위해 탈출을 감행하지만 코앞에서 목숨을 잃고 만다.그런데… '신교불패, 만마앙복. 삼공자님의 쾌유를 경하드리옵니다!'무림의 공적, 마교의 삼공자로 전생해버렸다?!정파무..",sat,1,sat,1,fri,sat,True,sat,토,fri,sat,9525690_sat,pre_release,오늘 밤 10시 새 회차 공개 전 기준값 수집,"2,269만",22690000.0,https://series.naver.com/comic/detail.series?productNo=9525690,20260814_172433,fri,금,2026-08-14 17:24:33,2026-08-14,17:24:33,2026-08-14 17:25:33,2026-08-14 17:25:35,2.13,2026-08-14 17:25:35,2026-08-14,17:25:35,2026-08-14 17:42:09,1056.05
sat,20,킬러경찰,이제환,808439,https://comic.naver.com/webtoon/list?titleId=808439&tab=sat,9641115,킬러경찰,킬러경찰 (총 137화/미완결),총 137화/미완결,137.0,미완결,,,https://series.naver.com/comic/detail.series?productNo=9641115,matched,ok,"킬러경찰 (총 137화/미완결)
평점
9.8 | 이제환 이윤균 | 2026.06.05. | 총137화/미완결 | 132화 무료
조직의 배신으로 죽게 된 전설의 킬러 ‘비광’. 경찰 ‘김경수’의 몸으로 환생한 그는 자신을 배신했던 킬러조직 화국사에게 복수를 다짐한다.",sat,1,sat,1,fri,sat,True,sat,토,fri,sat,9641115_sat,pre_release,오늘 밤 10시 새 회차 공개 전 기준값 수집,905.4만,9054000.0,https://series.naver.com/comic/detail.series?productNo=9641115,20260814_172433,fri,금,2026-08-14 17:24:33,2026-08-14,17:24:33,2026-08-14 17:25:36,2026-08-14 17:25:41,4.43,2026-08-14 17:25:41,2026-08-14,17:25:41,2026-08-14 17:42:09,1056.05
sat,35,야매 힐러로 사는 법,14획,808757,https://comic.naver.com/webtoon/list?titleId=808757&tab=sat,9676803,야매 힐러로 사는 법 [독점],야매 힐러로 사는 법 [독점] (총 159화/미완결),총 159화/미완결,159.0,미완결,,,https://series.naver.com/comic/detail.series?productNo=9676803,matched,ok,"야매 힐러로 사는 법 [독점] (총 159화/미완결)
평점
9.9 | 14획, 새송이덮밥 나옌 | 2026.06.05. | 총159화/미완결 | 154화 무료
어느 날 강승현은 이곳 아즐 대륙에서 눈을 떴다. 이유는 모른다.그냥 깨어나고 보니 한국이 아닌 판타지 세계에 던져진 것이다.‘내가 왜 이딴 곳에 온 걸까.’그때 눈앞에 떠오르는 상태창[당신의 직업은 힐러'?입니다.]하지만..",sat,1,sat,1,fri,sat,True,sat,토,fri,sat,9676803_sat,pre_release,오늘 밤 10시 새 회차 공개 전 기준값 수집,471.8만,4718000.0,https://series.naver.com/comic/detail.series?productNo=9676803,20260814_172433,fri,금,2026-08-14 17:24:33,2026-08-14,17:24:33,2026-08-14 17:25:42,2026-08-14 17:25:45,2.92,2026-08-14 17:25:45,2026-08-14,17:25:45,2026-08-14 17:42:09,1056.05
sat,22,플레이어가 과거를 숨김,콘차,811707,https://comic.naver.com/webtoon/list?titleId=811707&tab=sat,9847125,플레이어가 과거를 숨김 [독점],플레이어가 과거를 숨김 [독점] (총 125화/미완결),총 125화/미완결,125.0,미완결,,,https://series.naver.com/comic/detail.series?productNo=9847125,matched,ok,"플레이어가 과거를 숨김 [독점] (총 125화/미완결)
평점
9.9 | 콘차, 베데스 비누끼 | 2026.06.05. | 총125화/미완결 | 120화 무료
가상현실게임 '아르카나 대륙전기'가 현실과 동화되면서, 자신의 게임 캐릭터와 동화된 '플레이어'가 등장해 세계를 지키기 시작한다.평범한 직장인 이호열 역시, 중2때 만든 흑역사 가득 캐릭터 ""그랑펠 클라우디 아르페우스 ..",sat,1,sat,1,fri,sat,True,sat,토,fri,sat,9847125_sat,pre_release,오늘 밤 10시 새 회차 공개 전 기준값 수집,705.9만,7059000.0,https://series.naver.com/comic/detail.series?productNo=9847125,20260814_172433,fri,금,2026-08-14 17:24:33,2026-08-14,17:24:33,2026-08-14 17:25:46,2026-08-14 17:25:48,2.05,2026-08-14 17:25:48,2026-08-14,17:25:48,2026-08-14 17:42:09,1056.05
sat,110,동그란 그녀와 소심한 그 남자,하야마 이즈미,812156,https://comic.naver.com/webtoon/list?titleId=812156&tab=sat,9863731,동그란 그녀와 소심한 그 남자,동그란 그녀와 소심한 그 남자 (총 165화/미완결),총 165화/미완결,165.0,미완결,,,https://series.naver.com/comic/detail.series?productNo=9863731,matched,ok,"동그란 그녀와 소심한 그 남자 (총 165화/미완결)
평점
9.8 | 하야마 이즈미 오카무라 야치요 | 2026.06.05. | 총165화/미완결 | 158화 무료
긍정적인 힘으로 살아가자! 당신을 힘나게 해줄 오버 사이즈 여자의 파워풀한 러브 스토리!먹는 것을 너무 좋아해서 어릴 때부터 쭉 플러스 사이즈였던 간호사 마리코.사랑과는 무관한 삶인 줄 알았는데 어느 날 선배의 권유로..",sat,1,sat,1,fri,sat,True,sat,토,fri,sat,9863731_sat,pre_release,오늘 밤 10시 새 회차 공개 전 기준값 수집,53.8만,538000.0,https://series.naver.com/comic/detail.series?productNo=9863731,20260814_172433,fri,금,2026-08-14 17:24:33,2026-08-14,17:24:33,2026-08-14 17:25:49,2026-08-14 17:25:51,2.64,2026-08-14 17:25:51,2026-08-14,17:25:51,2026-08-14 17:42:09,1056.05
sat,29,황제의 검,레드훅,813443,https://comic.naver.com/webtoon/list?titleId=813443&tab=sat,9986097,황제의 검,황제의 검 (총 120화/미완결),총 120화/미완결,120.0,미완결,"레드훅, 임무성 요그소","평점 9.6 | 레드훅, 임무성 요그소 | 2026.01.02. | 총120화/미완결 | 전화 무료",https://series.naver.com/comic/detail.series?productNo=9986097,matched,ok,"황제의 검 (총 120화/미완결)
평점
9.6 | 레드훅, 임무성 요그소 | 2026.01.02. | 총120화/미완결 | 전화 무료
정난의 변에서 간신히 살아난 주윤문,마교 천하제일 천마(天魔)와 소림사 육조 혜능(慧能)을 몸 안에 받아천마서생 '파천'으로 재탄생하게 되는데…절대지존을 향한 파천의 새로운 이야기가 시작된다!",sat,1,sat,1,fri,sat,True,sat,토,fri,sat,9986097_sat,pre_release,오늘 밤 10시 새 회차 공개 전 기준값 수집,499.3만,4993000.0,https://series.naver.com/comic/detail.series?productNo=9986097,20260814_172433,fri,금,2026-08-14 17:24:33,2026-08-14,17:24:33,2026-08-14 17:25:53,2026-08-14 17:25:54,1.7,2026-08-14 17:25:54,2026-08-14,17:25:54,2026-08-14 17:42:09,1056.05
wed,53,마님이네 미국 시골집 이야기,마님,814048,https://comic.naver.com/webtoon/list?titleId=814048&tab=wed,10056128,마님이네 미국 시골집 이야기,마님이네 미국 시골집 이야기 (총 288화/미완결),총 288화/미완결,288.0,미완결,,,https://series.naver.com/comic/detail.series?productNo=10056128,matched,ok,"마님이네 미국 시골집 이야기 (총 288화/미완결)
평점
8.9 | 마님 마님 | 2026.06.05. | 총288화/미완결 | 285화 무료
마님♡올리버쌤♡체리 가족이 찾아왔습니다!미국 남자 올리버와, 토종 한국인 마님, 그리고 사랑스러운 딸 체리와 다섯 마리 반려 동물까지.하루종일 육아하고 털 청소하느라 바쁘지만, 그래도 하하 호호 행복한 미국 시골집 ..","wed,sat",2,"wed,sat",2,"tue,fri","wed,sat",True,sat,토,fri,sat,10056128_sat,pre_release,오늘 밤 10시 새 회차 공개 전 기준값 수집,74.6만,746000.0,https://series.naver.com/comic/detail.series?productNo=10056128,20260814_172433,fri,금,2026-08-14 17:24:33,2026-08-14,17:24:33,2026-08-14 17:25:55,2026-08-14 17:25:58,2.73,2026-08-14 17:25:58,2026-08-14,17:25:58,2026-08-14 17:42:09,1056.05
sat,44,회귀자의 은퇴 라이프,서희,814509,https://comic.naver.com/webtoon/list?titleId=814509&tab=sat,10097427,회귀자의 은퇴 라이프,회귀자의 은퇴 라이프 (총 98화/미완결),총 98화/미완결,98.0,미완결,"서희, 간짜장 IN사","평점 9.7 | 서희, 간짜장 IN사 | 2025.11.28. | 총98화/미완결 | 전화 무료",https://series.naver.com/comic/detail.series?productNo=10097427,matched,ok,"회귀자의 은퇴 라이프 (총 98화/미완결)
평점
9.7 | 서희, 간짜장 IN사 | 2025.11.28. | 총98화/미완결 | 전화 무료
2018년 퍼스트 게이트가 열린 이후,여러 차원이 연결된 지구에서 임대인은 20년간 살아남았다.마침내 맞이한 은퇴식 다음날,아무것도 없는 20년 전으로 회귀하게 되는데…",sat,1,sat,1,fri,sat,True,sat,토,fri,sat,10097427_sat,pre_release,오늘 밤 10시 새 회차 공개 전 기준값 수집,224만,2240000.0,https://series.naver.com/comic/detail.series?productNo=10097427,20260814_172433,fri,금,2026-08-14 17:24:33,2026-08-14,17:24:33,2026-08-14 17:25:59,2026-08-14 17:26:01,2.03,2026-08-14 17:26:01,2026-08-14,17:26:01,2026-08-14 17:42:09,1056.05
sat,7,킬러 배드로,김정현,816798,https://comic.naver.com/webtoon/list?titleId=816798&tab=sat,10177857,킬러 배드로,킬러 배드로 (총 136화/미완결),총 136화/미완결,136.0,미완결,,,https://series.naver.com/comic/detail.series?productNo=10177857,matched,ok,"킬러 배드로 (총 136화/미완결)
평점
9.8 | 김정현 임리나 | 2026.06.05. | 총136화/미완결 | 130화 무료
배신당한 노인킬러 회춘하다!그런데... 아무도 날 못 알아봐?! ""그럼 내가 최강이지!""",sat,1,sat,1,fri,sat,True,sat,토,fri,sat,10177857_sat,pre_release,오늘 밤 10시 새 회차 공개 전 기준값 수집,"2,537만",25370000.0,https://series.naver.com/comic/detail.series?productNo=10177857,20260814_172433,fri,금,2026-08-14 17:24:33,2026-08-14,17:24:33,2026-08-14 17:26:02,2026-08-14 17:26:04,2.21,2026-08-14 17:26:04,2026-08-14,17:26:04,2026-08-14 17:42:09,1056.05
sat,102,S.K.T(Swallow Knights Tales),한흔,816817,https://comic.naver.com/webtoon/list?titleId=816817&tab=sat,10195675,S.K.T(Swallow Knights Tales),S.K.T(Swallow Knights Tales) (총 66화/미완결),총 66화/미완결,66.0,미완결,,,https://series.naver.com/comic/detail.series?productNo=10195675,matched,ok,"S.K.T(Swallow Knights Tales) (총 66화/미완결)
평점
9.2 | 한흔, 김철곤 구당 | 2026.06.05. | 총66화/미완결 | 60화 무료
최고의 호스트였던 엔디미온 키리안.꼬마였을 적 우연히 만났던 기사단장이 쥐여준 추천장을 믿고기사가 되고 싶다는 일념 하나로 상경해 기사단 '스왈로우 나이츠'에 입단한다.하지만 막상 들어간 기사단은 다른 기사단과 어..",sat,1,sat,1,fri,sat,True,sat,토,fri,sat,10195675_sat,pre_release,오늘 밤 10시 새 회차 공개 전 기준값 수집,24.4만,244000.0,https://series.naver.com/comic/detail.series?productNo=10195675,20260814_172433,fri,금,2026-08-14 17:24:33,2026-08-14,17:24:33,2026-08-14 17:26:05,2026-08-14 17:26:08,2.53,2026-08-14 17:26:08,2026-08-14,17:26:08,2026-08-14 17:42:09,1056.05
sat,36,왕의 힘으로 회귀한다,재키레이,817958,https://comic.naver.com/webtoon/list?titleId=817958&tab=sat,10319749,왕의 힘으로 회귀한다,왕의 힘으로 회귀한다 (총 146화/미완결),총 146화/미완결,146.0,미완결,,,https://series.naver.com/comic/detail.series?productNo=10319749,matched,ok,"왕의 힘으로 회귀한다 (총 146화/미완결)
평점
9.6 | 재키레이, 안소설 KIM | 2026.06.05. | 총146화/미완결 | 137화 무료
무시, 멸시, 괴롭힘이 당연한 비각성자의 삶.빌어먹을 루저...빌어먹을 인생...빌어먹을 각성..! 그리고 빌어먹을 죽음의 순간,나는 기이한 존재 '왕'을 만난다. 눈 부신 빛과 함께 다시 시작된 또 한 번의 삶.하지만 이번에는 다르다...",sat,1,sat,1,fri,sat,True,sat,토,fri,sat,10319749_sat,pre_release,오늘 밤 10시 새 회차 공개 전 기준값 수집,602.7만,6027000.0,https://series.naver.com/comic/detail.series?productNo=10319749,20260814_172433,fri,금,2026-08-14 17:24:33,2026-08-14,17:24:33,2026-08-14 17:26:09,2026-08-14 17:26:11,2.18,2026-08-14 17:26:11,2026-08-14,17:26:11,2026-08-14 17:42:09,1056.05
sat,41,멸망한 세계의 취사병,진석,818409,https://comic.naver.com/webtoon/list?titleId=818409&tab=sat,10371285,멸망한 세계의 취사병 [독점],멸망한 세계의 취사병 [독점] (총 126화/미완결),총 126화/미완결,126.0,미완결,,,https://series.naver.com/comic/detail.series?productNo=10371285,matched,ok,"멸망한 세계의 취사병 [독점] (총 126화/미완결)
평점
9.7 | 마일드커피/진석 조돌 | 2026.06.05. | 총126화/미완결 | 119화 무료
말년 휴가를 며칠 앞둔 취사병 병장 신영준에게 멸망이 찾아왔다.삽시간에 아비규환이 되어 버린 대대, 끊어져 버린 연락망.눈 앞에 보이는 것은 하나![각성을 축하드립니다!][직업 : 신입 요리사 Lv.1]차라리 전사, 암살자 같..",sat,1,sat,1,fri,sat,True,sat,토,fri,sat,10371285_sat,pre_release,오늘 밤 10시 새 회차 공개 전 기준값 수집,226만,2260000.0,https://series.naver.com/comic/detail.series?productNo=10371285,20260814_172433,fri,금,2026-08-14 17:24:33,2026-08-14,17:24:33,2026-08-14 17:26:12,2026-08-14 17:26:15,2.65,2026-08-14 17:26:15,2026-08-14,17:26:15,2026-08-14 17:42:09,1056.05
sat,111,이매망량,관절,819506,https://comic.naver.com/webtoon/list?titleId=819506&tab=sat,10532886,이매망량,이매망량 (총 135화/미완결),총 135화/미완결,135.0,미완결,,,https://series.naver.com/comic/detail.series?productNo=10532886,matched,ok,"이매망량 (총 135화/미완결)
평점
9.9 | 관절 관절 | 2026.06.05. | 총135화/미완결 | 130화 무료
사람을 해치는 악귀 이매망량이 본격적으로 활개를 펼치기 시작한 조선, 전 국토 곳곳에 고통과 신음이 끊이질 않는다.",sat,1,sat,1,fri,sat,True,sat,토,fri,sat,10532886_sat,pre_release,오늘 밤 10시 새 회차 공개 전 기준값 수집,22.2만,222000.0,https://series.naver.com/comic/detail.series?productNo=10532886,20260814_172433,fri,금,2026-08-14 17:24:33,2026-08-14,17:24:33,2026-08-14 17:26:17,2026-08-14 17:26:19,1.95,2026-08-14 17:26:19,2026-08-14,17:26:19,2026-08-14 17:42:09,1056.05
sat,15,멸망한 가문의 회귀자,양평,819946,https://comic.naver.com/webtoon/list?titleId=819946&tab=sat,10580540,멸망한 가문의 회귀자,멸망한 가문의 회귀자 (총 137화/미완결),총 137화/미완결,137.0,미완결,,,https://series.naver.com/comic/detail.series?productNo=10580540,matched,ok,"멸망한 가문의 회귀자 (총 137화/미완결)
평점
9.8 | 양평, Painkiller 성구 | 2026.06.05. | 총137화/미완결 | 127화 무료
후회로만 가득한 생.스스로의 잘못을 깨닫고 다시 사람이 되고자 했을 때,이미 가문은 불타 사라진 뒤였다.발악 같은 분노로 하루하루 연명하던 삶.그 절망의 끝에서, 간절한 염원이 하늘에 닿았다.용서받지 못한 자.운명을 거슬..",sat,1,sat,1,fri,sat,True,sat,토,fri,sat,10580540_sat,pre_release,오늘 밤 10시 새 회차 공개 전 기준값 수집,786.6만,7866000.0,https://series.naver.com/comic/detail.series?productNo=10580540,20260814_172433,fri,금,2026-08-14 17:24:33,2026-08-14,17:24:33,2026-08-14 17:26:20,2026-08-14 17:26:22,2.33,2026-08-14 17:26:22,2026-08-14,17:26:22,2026-08-14 17:42:09,1056.05
sat,122,천 살 연하 황제가 집착한다,이윤희,821378,https://comic.naver.com/webtoon/list?titleId=821378&tab=sat,10726305,천 살 연하 황제가 집착한다,천 살 연하 황제가 집착한다 (총 75화/미완결),총 75화/미완결,75.0,미완결,이윤희 카라,평점 9.9 | 이윤희 카라 | 2026.02.06. | 총75화/미완결 | 전화 무료,https://series.naver.com/comic/detail.series?productNo=10726305,matched,ok,"천 살 연하 황제가 집착한다 (총 75화/미완결)
평점
9.9 | 이윤희 카라 | 2026.02.06. | 총75화/미완결 | 전화 무료
숲에서 거둔 아름다운 소년 때문에 천년의 계획이 망가져 버렸다. 결국 아리엘은 그 소년을 버렸다. 10년 후. 버림 받은 원한을 품은 소년, 세드릭이 숲에 쳐들어 온다. 그리고 세드릭은 숲을 활활 태우는 불길 속에서, “결혼..",sat,1,sat,1,fri,sat,True,sat,토,fri,sat,10726305_sat,pre_release,오늘 밤 10시 새 회차 공개 전 기준값 수집,146.9만,1469000.0,https://series.naver.com/comic/detail.series?productNo=10726305,20260814_172433,fri,금,2026-08-14 17:24:33,2026-08-14,17:24:33,2026-08-14 17:26:23,2026-08-14 17:26:26,2.15,2026-08-14 17:26:26,2026-08-14,17:26:26,2026-08-14 17:42:09,1056.05
sat,13,짜장 한 그릇에 제갈세가 데릴사위,홍민석,822114,https://comic.naver.com/webtoon/list?titleId=822114&tab=sat,10782310,짜장 한 그릇에 제갈세가 데릴사위,짜장 한 그릇에 제갈세가 데릴사위 (총 50화/미완결),총 50화/미완결,50.0,미완결,"허일, 에르훗 허일","평점 9.7 | 허일, 에르훗 허일 | 2025.01.17. | 총50화/미완결 | 전화 무료",https://series.naver.com/comic/detail.series?productNo=10782310,matched,ok,"짜장 한 그릇에 제갈세가 데릴사위 (총 50화/미완결)
평점
9.7 | 허일, 에르훗 허일 | 2025.01.17. | 총50화/미완결 | 전화 무료
짜장면 한 그릇으로 전 무림을 평정할 수 있을 것 같다? 최고의 중식 요리사를 꿈꿨지만 중국 송나라 시대로보내져버린 주인공! 하지만 깨어난 몸에 무공은 전혀 없고,남은 거라곤 전생에서 익힌 요리 기술들뿐.그런데 이 요리..",sat,1,sat,1,fri,sat,True,sat,토,fri,sat,10782310_sat,pre_release,오늘 밤 10시 새 회차 공개 전 기준값 수집,212.1만,2121000.0,https://series.naver.com/comic/detail.series?productNo=10782310,20260814_172433,fri,금,2026-08-14 17:24:33,2026-08-14,17:24:33,2026-08-14 17:26:27,2026-08-14 17:26:30,2.79,2026-08-14 17:26:30,2026-08-14,17:26:30,2026-08-14 17:42:09,1056.05
sat,56,스쿨 오브 스트릿,슬랭킷,822642,https://comic.naver.com/webtoon/list?titleId=822642&tab=sat,10884362,스쿨 오브 스트릿,스쿨 오브 스트릿 (총 97화/미완결),총 97화/미완결,97.0,미완결,,,https://series.naver.com/comic/detail.series?productNo=10884362,matched,ok,"스쿨 오브 스트릿 (총 97화/미완결)
평점
9.8 | 슬랭킷 슬랭킷 | 2026.06.05. | 총97화/미완결 | 92화 무료
천재 댄서이지만 무대 공포증을 지닌 혜은과,초보 댄서이지만 무대를 두려워하지 않는 수현.서로 다른 두 댄서의 스트릿 댄스 성장기!",sat,1,sat,1,fri,sat,True,sat,토,fri,sat,10884362_sat,pre_release,오늘 밤 10시 새 회차 공개 전 기준값 수집,205.3만,2053000.0,https://series.naver.com/comic/detail.series?productNo=10884362,20260814_172433,fri,금,2026-08-14 17:24:33,2026-08-14,17:24:33,2026-08-14 17:26:31,2026-08-14 17:26:33,1.93,2026-08-14 17:26:33,2026-08-14,17:26:33,2026-08-14 17:42:09,1056.05
mon,58,K학원 생존기,양아최,823190,https://comic.naver.com/webtoon/list?titleId=823190&tab=mon,10921535,K학원 생존기,K학원 생존기 (총 228화/미완결),총 228화/미완결,228.0,미완결,,,https://series.naver.com/comic/detail.series?productNo=10921535,matched,ok,"K학원 생존기 (총 228화/미완결)
평점
9.9 | 양아최 양아최 | 2026.06.07. | 총228화/미완결 | 223화 무료
K학원 지옥에 빠져있던 내가선생이 되어 다시 학원으로 돌아왔다?!본격 학원고인물이 되어버린선생님의 학원공감툰!","mon,sat",2,"mon,sat",2,"sun,fri","mon,sat",True,sat,토,fri,sat,10921535_sat,pre_release,오늘 밤 10시 새 회차 공개 전 기준값 수집,54만,540000.0,https://series.naver.com/comic/detail.series?productNo=10921535,20260814_172433,fri,금,2026-08-14 17:24:33,2026-08-14,17:24:33,2026-08-14 17:26:35,2026-08-14 17:26:38,2.84,2026-08-14 17:26:38,2026-08-14,17:26:38,2026-08-14 17:42:09,1056.05
sat,4,오늘만 사는 기사,가나라,824543,https://comic.naver.com/webtoon/list?titleId=824543&tab=sat,11090999,오늘만 사는 기사,오늘만 사는 기사 (총 113화/미완결),총 113화/미완결,113.0,미완결,,,https://series.naver.com/comic/detail.series?productNo=11090999,matched,ok,"오늘만 사는 기사 (총 113화/미완결)
평점
9.9 | 소울풍, 가나라 이안 | 2026.05.29. | 총113화/미완결 | 109화 무료
""넌 천재다""어릴 때 들었던 말이 독이었다.엔크리드는 기사를 꿈꿨다.헛된 꿈이라는 건 금세 알았다.""그런 실력으로 칼밥을 먹겠다고?""누군가는 비웃고.""그만둬라.""누군가는 조언했다.그럼에도 빛 바랜 꿈은 그대로였다.덜 자고 ..",sat,1,sat,1,fri,sat,True,sat,토,fri,sat,11090999_sat,pre_release,오늘 밤 10시 새 회차 공개 전 기준값 수집,"1,278만",12780000.0,https://series.naver.com/comic/detail.series?productNo=11090999,20260814_172433,fri,금,2026-08-14 17:24:33,2026-08-14,17:24:33,2026-08-14 17:26:39,2026-08-14 17:26:42,2.27,2026-08-14 17:26:42,2026-08-14,17:26:42,2026-08-14 17:42:09,1056.05
thu,8,종말에서 살아남기,송,826321,https://comic.naver.com/webtoon/list?titleId=826321&tab=thu,11141840,종말에서 살아남기,종말에서 살아남기 (총 96화/미완결),총 96화/미완결,96.0,미완결,,,https://series.naver.com/comic/detail.series?productNo=11141840,matched,ok,"종말에서 살아남기 (총 96화/미완결)
평점
9.5 | 송 송 | 2026.06.05. | 총96화/미완결 | 90화 무료
평생 지하실에 감금되어 훈련받은 소년.그리고 그를 가둔 미치광이 아빠가 하는 말""종말이 온다.""지금껏 수없이 반복해온 훈련과 생존 지식으로종말에서 살아남아야만 한다.","thu,sat",2,"thu,sat",2,"wed,fri","thu,sat",True,sat,토,fri,sat,11141840_sat,pre_release,오늘 밤 10시 새 회차 공개 전 기준값 수집,226.5만,2265000.0,https://series.naver.com/comic/detail.series?productNo=11141840,20260814_172433,fri,금,2026-08-14 17:24:33,2026-08-14,17:24:33,2026-08-14 17:26:43,2026-08-14 17:26:45,2.09,2026-08-14 17:26:45,2026-08-14,17:26:45,2026-08-14 17:42:09,1056.05
sat,65,죽었는데 왜 집착하세요,미카,826529,https://comic.naver.com/webtoon/list?titleId=826529&tab=sat,11168350,죽었는데 왜 집착하세요,죽었는데 왜 집착하세요 (총 46화/미완결),총 46화/미완결,46.0,미완결,"베스트프렌드, 한윤설 미카","평점 9.7 | 베스트프렌드, 한윤설 미카 | 2026.07.03. | 총46화/미완결 | 41화 무료",https://series.naver.com/comic/detail.series?productNo=11168350,matched,ok,"죽었는데 왜 집착하세요 (총 46화/미완결)
평점
9.7 | 베스트프렌드, 한윤설 미카 | 2026.07.03. | 총46화/미완결 | 41화 무료
결혼식 당일, 내 연인과 친구가 바람이 났다.두 사람의 배신에 나는 죽었고, 다시 눈을 떴을 때는 과거로 회귀했다.이건 신이 내린 축복이니 정당하게 복수할 기회가 주어졌다고 생각했다.하지만……이 회귀가 끝나지 않는다.복..",sat,1,sat,1,fri,sat,True,sat,토,fri,sat,11168350_sat,pre_release,오늘 밤 10시 새 회차 공개 전 기준값 수집,100.7만,1007000.0,https://series.naver.com/comic/detail.series?productNo=11168350,20260814_172433,fri,금,2026-08-14 17:24:33,2026-08-14,17:24:33,2026-08-14 17:26:47,2026-08-14 17:26:49,2.07,2026-08-14 17:26:49,2026-08-14,17:26:49,2026-08-14 17:42:09,1056.05
sat,104,소마소응,예조,826530,https://comic.naver.com/webtoon/list?titleId=826530&tab=sat,11169314,소마소응,소마소응 (총 49화/미완결),총 49화/미완결,49.0,미완결,,,https://series.naver.com/comic/detail.series?productNo=11169314,matched,ok,"소마소응 (총 49화/미완결)
평점
10.0 | 예조 | 2026.06.05. | 총49화/미완결 | 43화 무료
누구에게나 사랑받는 우등생 ‘은호’와 그에게 열등감을 느끼는 전학생 ‘예봄’.꿈 없이 삭막한 삶을 살아가던 예봄은 뒤늦게 은호의 사인(死因)을 알게 된다.후회와 함께 돌아간 열여덟, 다시 마주한 너. 무엇이 그토록 완벽..",sat,1,sat,1,fri,sat,True,sat,토,fri,sat,11169314_sat,pre_release,오늘 밤 10시 새 회차 공개 전 기준값 수집,36.8만,368000.0,https://series.naver.com/comic/detail.series?productNo=11169314,20260814_172433,fri,금,2026-08-14 17:24:33,2026-08-14,17:24:33,2026-08-14 17:26:51,2026-08-14 17:26:53,2.12,2026-08-14 17:26:53,2026-08-14,17:26:53,2026-08-14 17:42:09,1056.05
sat,78,육각,권라드,826660,https://comic.naver.com/webtoon/list?titleId=826660&tab=sat,11196442,육각,육각 (총 77화/미완결),총 77화/미완결,77.0,미완결,권라드 권라드,평점 9.8 | 권라드 권라드 | 2026.07.03. | 총77화/미완결 | 72화 무료,https://series.naver.com/comic/detail.series?productNo=11196442,matched,ok,"육각 (총 77화/미완결)
평점
9.8 | 권라드 권라드 | 2026.07.03. | 총77화/미완결 | 72화 무료
돈과 명예, 모든 권력의 중심이 되는 '육각'성공만이 답인 세상에서, 길을 잃어가는 인간의 군상",sat,1,sat,1,fri,sat,True,sat,토,fri,sat,11196442_sat,pre_release,오늘 밤 10시 새 회차 공개 전 기준값 수집,52.5만,525000.0,https://series.naver.com/comic/detail.series?productNo=11196442,20260814_172433,fri,금,2026-08-14 17:24:33,2026-08-14,17:24:33,2026-08-14 17:26:54,2026-08-14 17:26:56,2.25,2026-08-14 17:26:56,2026-08-14,17:26:56,2026-08-14 17:42:09,1056.05
sat,97,신이 되겠다,정연호,826667,https://comic.naver.com/webtoon/list?titleId=826667&tab=sat,11245915,신이 되겠다,신이 되겠다 (총 104화/미완결),총 104화/미완결,104.0,미완결,,,https://series.naver.com/comic/detail.series?productNo=11245915,matched,ok,"신이 되겠다 (총 104화/미완결)
평점
9.4 | 정연호 강구 | 2026.06.05. | 총104화/미완결 | 99화 무료
돈만 주면 무슨 일이든 해결해주는 무당 흥신소를 운영하는 이신, 그는 동생을 살리기 위해선 100억이 필요하다.하지만 돈을 마련 할 방법이 도무지 떠오르지 않는데...""인상이 선해 보이세요"" 자신을 길거리에서 포교하려 하..",sat,1,sat,1,fri,sat,True,sat,토,fri,sat,11245915_sat,pre_release,오늘 밤 10시 새 회차 공개 전 기준값 수집,62.4만,624000.0,https://series.naver.com/comic/detail.series?productNo=11245915,20260814_172433,fri,금,2026-08-14 17:24:33,2026-08-14,17:24:33,2026-08-14 17:26:57,2026-08-14 17:26:59,2.18,2026-08-14 17:26:59,2026-08-14,17:26:59,2026-08-14 17:42:09,1056.05
sat,6,시든 꽃에 눈물을,,827190,https://comic.naver.com/webtoon/list?titleId=827190&tab=sat,11253061,시든 꽃에 눈물을,시든 꽃에 눈물을 (총 106화/미완결),총 106화/미완결,106.0,미완결,개 개,평점 9.8 | 개 개 | 2026.06.12. | 총106화/미완결 | 100화 무료,https://series.naver.com/comic/detail.series?productNo=11253061,review_needed,not_found,"시든 꽃에 눈물을 (총 106화/미완결)
평점
9.8 | 개 개 | 2026.06.12. | 총106화/미완결 | 100화 무료
남편이 불륜을 저질렀다. 엄청난 빚을 떠안기고, 아이를 잃게 한 것으로 모자라, 한참 어린 여자와 제 눈앞에서 몸을 섞었다. 상처 입은 삶은 볼품 없이 시들어 버려질 예정이었다. 그런데-, ""어른의 사랑을 가르쳐 주세요.""나해..",sat,1,sat,1,fri,sat,True,sat,토,fri,sat,11253061_sat,pre_release,오늘 밤 10시 새 회차 공개 전 기준값 수집,,,https://nid.naver.com/nidlogin.login?svctype=128&a_version=2&viewtype=1&url=http%3A%2F%2Fseries.naver.com%2Fcomic%2Fdetail.series%3FproductNo%3D11253061&surl=https%3A%2F%2Fseries.naver.com,20260814_172433,fri,금,2026-08-14 17:24:33,2026-08-14,17:24:33,2026-08-14 17:27:01,2026-08-14 17:27:18,17.16,2026-08-14 17:27:18,2026-08-14,17:27:18,2026-08-14 17:42:09,1056.05
sat,96,나만 최강 초월자,에토 슌지,827423,https://comic.naver.com/webtoon/list?titleId=827423&tab=sat,11294531,나만 최강 초월자,나만 최강 초월자 (총 108화/미완결),총 108화/미완결,108.0,미완결,,,https://series.naver.com/comic/detail.series?productNo=11294531,matched,ok,"나만 최강 초월자 (총 108화/미완결)
평점
9.8 | 에토 슌지 츠지다 켄타 | 2026.05.29. | 총108화/미완결 | 104화 무료
뛰어난 신체 능력과 특수한 능력을 겸비한 ""초월자""가 존재하는 세계.따돌림 속에서 하루하루를 보내던 퇴물 초월자, 카미나기 미나토는 어떤 사건으로 인해 곤란에 처하지만, 죽음의 문턱에서 각성한다.몸 안에 한때 종말의 위..",sat,1,sat,1,fri,sat,True,sat,토,fri,sat,11294531_sat,pre_release,오늘 밤 10시 새 회차 공개 전 기준값 수집,142.8만,1428000.0,https://series.naver.com/comic/detail.series?productNo=11294531,20260814_172433,fri,금,2026-08-14 17:24:33,2026-08-14,17:24:33,2026-08-14 17:27:19,2026-08-14 17:27:23,3.3,2026-08-14 17:27:23,2026-08-14,17:27:23,2026-08-14 17:42:09,1056.05
sat,113,한판,백시우,828310,https://comic.naver.com/webtoon/list?titleId=828310&tab=sat,11375453,한판,한판 (총 100화/미완결),총 100화/미완결,100.0,미완결,,,https://series.naver.com/comic/detail.series?productNo=11375453,matched,ok,"한판 (총 100화/미완결)
평점
9.5 | 백시우 | 2026.06.05. | 총100화/미완결 | 96화 무료
나약하게 살아온 연우.고등학교에 입학해 새로운 출발을 하고 싶었지만 마음처럼 되지 않던 차, 옆자리 승권을 만난 것을 계기로 하랑고등학교 유도부 <한판>에 들어가 삶이 180도 뒤집히게 된다.연우의 좌충우돌 유도 한판..",sat,1,sat,1,fri,sat,True,sat,토,fri,sat,11375453_sat,pre_release,오늘 밤 10시 새 회차 공개 전 기준값 수집,21만,210000.0,https://series.naver.com/comic/detail.series?productNo=11375453,20260814_172433,fri,금,2026-08-14 17:24:33,2026-08-14,17:24:33,2026-08-14 17:27:24,2026-08-14 17:27:27,2.69,2026-08-14 17:27:27,2026-08-14,17:27:27,2026-08-14 17:42:09,1056.05
sat,18,데이워커,,828880,https://comic.naver.com/webtoon/list?titleId=828880&tab=sat,11433164,데이워커,데이워커 (총 94화/미완결),총 94화/미완결,94.0,미완결,MUTE MUTE,평점 9.6 | MUTE MUTE | 2026.06.12. | 총94화/미완결 | 89화 무료,https://series.naver.com/comic/detail.series?productNo=11433164,review_needed,not_found,"데이워커 (총 94화/미완결)
평점
9.6 | MUTE MUTE | 2026.06.12. | 총94화/미완결 | 89화 무료
국정원 블랙요원 '수혁'은 한국에 약물을 밀매하는 조직 '나나야구미'의 수장 암살 임무를 받는다.그러나 그 수장은 '안나'란 이름의 싸움과는 연관 없을 법한 매력적인 여자였는데... 이 임무 뭔가 이상하다.자신을 배신한 국정..",sat,1,sat,1,fri,sat,True,sat,토,fri,sat,11433164_sat,pre_release,오늘 밤 10시 새 회차 공개 전 기준값 수집,,,https://nid.naver.com/nidlogin.login?svctype=128&a_version=2&viewtype=1&url=http%3A%2F%2Fseries.naver.com%2Fcomic%2Fdetail.series%3FproductNo%3D11433164&surl=https%3A%2F%2Fseries.naver.com,20260814_172433,fri,금,2026-08-14 17:24:33,2026-08-14,17:24:33,2026-08-14 17:27:28,2026-08-14 17:27:43,14.72,2026-08-14 17:27:43,2026-08-14,17:27:43,2026-08-14 17:42:09,1056.05
sat,1,절대군림,박시대,832677,https://comic.naver.com/webtoon/list?titleId=832677&tab=sat,11652534,절대군림,절대군림 (총 96화/미완결),총 96화/미완결,96.0,미완결,,,https://series.naver.com/comic/detail.series?productNo=11652534,matched,ok,"절대군림 (총 96화/미완결)
평점
9.9 | 박시대, 장영훈 박시대 | 2026.06.05. | 총96화/미완결 | 88화 무료
""이 강호, 제가 먹습니다!""왼손에는 군자검을, 오른손에는 지옥도를 든미스터리한 과일상 아들.입담과 재주는 물론, 압도적인 무공 실력까지 갖춘완벽한 그의 진짜 정체는 무엇일까.'강호제패'를 품은 스무 살 청년, '적이건(赤..",sat,1,sat,1,fri,sat,True,sat,토,fri,sat,11652534_sat,pre_release,오늘 밤 10시 새 회차 공개 전 기준값 수집,"1,425만",14250000.0,https://series.naver.com/comic/detail.series?productNo=11652534,20260814_172433,fri,금,2026-08-14 17:24:33,2026-08-14,17:24:33,2026-08-14 17:27:44,2026-08-14 17:27:48,3.53,2026-08-14 17:27:48,2026-08-14,17:27:48,2026-08-14 17:42:09,1056.05
sat,105,사운즈 라이크,소연,833041,https://comic.naver.com/webtoon/list?titleId=833041&tab=sat,11698645,사운즈 라이크,사운즈 라이크 (총 60화/미완결),총 60화/미완결,60.0,미완결,,,https://series.naver.com/comic/detail.series?productNo=11698645,matched,ok,"사운즈 라이크 (총 60화/미완결)
평점
9.9 | 소연 소연 | 2026.05.29. | 총60화/미완결 | 56화 무료
숨겨진 천재 '차수인' 그는 하나뿐인 형이 살해된 후 5년전으로 회귀한다.그리고 형이 우승한 밴드오디션의 후속이자, 형을 죽인 범인이 데뷔한 무대, 에 참가하기로 결심하는데…""넌 절대 곱게 데뷔 못해""억눌렸던 천재들의 ..",sat,1,sat,1,fri,sat,True,sat,토,fri,sat,11698645_sat,pre_release,오늘 밤 10시 새 회차 공개 전 기준값 수집,36.8만,368000.0,https://series.naver.com/comic/detail.series?productNo=11698645,20260814_172433,fri,금,2026-08-14 17:24:33,2026-08-14,17:24:33,2026-08-14 17:27:49,2026-08-14 17:27:52,2.42,2026-08-14 17:27:52,2026-08-14,17:27:52,2026-08-14 17:42:09,1056.05
sat,58,세상에 나쁜 용사는 없다,유령두부,833358,https://comic.naver.com/webtoon/list?titleId=833358&tab=sat,11729223,세상에 나쁜 용사는 없다,세상에 나쁜 용사는 없다 (총 81화/미완결),총 81화/미완결,81.0,미완결,,,https://series.naver.com/comic/detail.series?productNo=11729223,matched,ok,"세상에 나쁜 용사는 없다 (총 81화/미완결)
평점
9.7 | 유령두부, 한소 유령두부 | 2026.06.05. | 총81화/미완결 | 76화 무료
세상에서 가장 강한 남자라 불렸던 사나이.세계 최대 격투기 리그의 헤비급 챔피언.최강의 남자였던 최현석은 죽음 이후 이세계의 용사로서 새로운 삶을 시작한다.'부! 명예! 미녀를 독차지하는 용사!'찬란한 미래를 꿈꾸며 이..",sat,1,sat,1,fri,sat,True,sat,토,fri,sat,11729223_sat,pre_release,오늘 밤 10시 새 회차 공개 전 기준값 수집,142만,1420000.0,https://series.naver.com/comic/detail.series?productNo=11729223,20260814_172433,fri,금,2026-08-14 17:24:33,2026-08-14,17:24:33,2026-08-14 17:27:53,2026-08-14 17:27:55,2.11,2026-08-14 17:27:55,2026-08-14,17:27:55,2026-08-14 17:42:09,1056.05
sat,30,집구석 절대자,리원,834351,https://comic.naver.com/webtoon/list?titleId=834351&tab=sat,11866526,집구석 절대자,집구석 절대자 (총 83화/미완결),총 83화/미완결,83.0,미완결,,,https://series.naver.com/comic/detail.series?productNo=11866526,matched,ok,"집구석 절대자 (총 83화/미완결)
평점
9.9 | 판테라,리원, 아라만 탄토 | 2026.06.05. | 총83화/미완결 | 78화 무료
어느날 갑자기 세상에 종말이 찾아왔다.[집구석 절대자는 집구석을 벗어날 수 없습니다]가족을 구하기 위해서라도 반드시 살아남아야 한다.",sat,1,sat,1,fri,sat,True,sat,토,fri,sat,11866526_sat,pre_release,오늘 밤 10시 새 회차 공개 전 기준값 수집,425.1만,4251000.0,https://series.naver.com/comic/detail.series?productNo=11866526,20260814_172433,fri,금,2026-08-14 17:24:33,2026-08-14,17:24:33,2026-08-14 17:27:56,2026-08-14 17:27:59,2.8,2026-08-14 17:27:59,2026-08-14,17:27:59,2026-08-14 17:42:09,1056.05
sat,75,내 호수에 가둔 인어,밋츄,834391,https://comic.naver.com/webtoon/list?titleId=834391&tab=sat,11853866,내 호수에 가둔 인어 [독점],내 호수에 가둔 인어 [독점] (총 32화/미완결),총 32화/미완결,32.0,미완결,,,https://series.naver.com/comic/detail.series?productNo=11853866,matched,ok,"내 호수에 가둔 인어 [독점] (총 32화/미완결)
평점
10.0 | 밋츄 알뽀비 | 2025.06.20. | 총32화/미완결 | 전화 무료
“세르베인, 왜 날 만나러 오지 않았어?”나와 닮은 증조할아버지의 조카를 부르는 사람, 아니 인어.인어를 지독히 아낀 나의 조상은 그를 호수에 가두었다고 한다.그동안 인어는 무슨 생각을 하며 죽은 지 백 년도 더 된 사람..",sat,1,sat,1,fri,sat,True,sat,토,fri,sat,11853866_sat,pre_release,오늘 밤 10시 새 회차 공개 전 기준값 수집,76만,760000.0,https://series.naver.com/comic/detail.series?productNo=11853866,20260814_172433,fri,금,2026-08-14 17:24:33,2026-08-14,17:24:33,2026-08-14 17:27:59,2026-08-14 17:28:02,2.71,2026-08-14 17:28:02,2026-08-14,17:28:02,2026-08-14 17:42:09,1056.05
sat,67,조은학생,이한솔,835189,https://comic.naver.com/webtoon/list?titleId=835189&tab=sat,12061680,조은학생,조은학생 (총 79화/미완결),총 79화/미완결,79.0,미완결,,,https://series.naver.com/comic/detail.series?productNo=12061680,matched,ok,"조은학생 (총 79화/미완결)
평점
9.3 | 이한솔 이한솔 | 2026.06.05. | 총79화/미완결 | 73화 무료
기억상실증에 걸려서 본인이 왕따 출신이라 믿는 부산 고등학생 '조은'. 서울로 전학을 온다.조은은 또 다시 왕따를 당하지 않기 위해 반 아이들과 잘 지내고자 노력하고, 새로운 학교 생활에도 얼추 적응한다.문제는 그곳에서 ..",sat,1,sat,1,fri,sat,True,sat,토,fri,sat,12061680_sat,pre_release,오늘 밤 10시 새 회차 공개 전 기준값 수집,187.8만,1878000.0,https://series.naver.com/comic/detail.series?productNo=12061680,20260814_172433,fri,금,2026-08-14 17:24:33,2026-08-14,17:24:33,2026-08-14 17:28:03,2026-08-14 17:28:06,2.55,2026-08-14 17:28:06,2026-08-14,17:28:06,2026-08-14 17:42:09,1056.05
sat,27,미스 펜들턴,꼬막,835526,https://comic.naver.com/webtoon/list?titleId=835526&tab=sat,12060731,미스 펜들턴 [독점],미스 펜들턴 [독점] (총 57화/미완결),총 57화/미완결,57.0,미완결,,,https://series.naver.com/comic/detail.series?productNo=12060731,matched,ok,"미스 펜들턴 [독점] (총 57화/미완결)
평점
10.0 | 유혜민 꼬막 | 2026.06.05. | 총57화/미완결 | 52화 무료
[연재 요일: 매주 토요일]런던 사교계의 이름난 중매쟁이, 스물아홉 살 '노처녀'.상반된 두 수식어는 모두 로라 펜들턴을 가리킨다.이안 달턴이라는 남자의 짝을 찾아 달라는 의뢰를 받게 된 그녀.그러나 어느 모로 보나 일등 신..",sat,1,sat,1,fri,sat,True,sat,토,fri,sat,12060731_sat,pre_release,오늘 밤 10시 새 회차 공개 전 기준값 수집,361만,3610000.0,https://series.naver.com/comic/detail.series?productNo=12060731,20260814_172433,fri,금,2026-08-14 17:24:33,2026-08-14,17:24:33,2026-08-14 17:28:07,2026-08-14 17:28:10,2.65,2026-08-14 17:28:10,2026-08-14,17:28:10,2026-08-14 17:42:09,1056.05
sat,31,우리 길드 아이돌,꼬보,835557,https://comic.naver.com/webtoon/list?titleId=835557&tab=sat,12083216,우리 길드 아이돌,우리 길드 아이돌 (총 50화/미완결),총 50화/미완결,50.0,미완결,,,https://series.naver.com/comic/detail.series?productNo=12083216,matched,ok,"우리 길드 아이돌 (총 50화/미완결)
평점
10.0 | 꼬보 꼬보 | 2026.06.05. | 총50화/미완결 | 47화 무료
게임 친구가 유명 아이돌이었다!남동생의 계정으로 게임을 즐기던 '아진'.길드를 위해 여성유저 [꽃뿌링]에게 접근했다가 여미새로 찍혀버린다.나 사실 여자인데...! 한편 정체를 숨기고 [꽃뿌링]으로 활동 중인 '지현'은아진이 ..",sat,1,sat,1,fri,sat,True,sat,토,fri,sat,12083216_sat,pre_release,오늘 밤 10시 새 회차 공개 전 기준값 수집,282.2만,2822000.0,https://series.naver.com/comic/detail.series?productNo=12083216,20260814_172433,fri,금,2026-08-14 17:24:33,2026-08-14,17:24:33,2026-08-14 17:28:11,2026-08-14 17:28:14,2.6,2026-08-14 17:28:14,2026-08-14,17:28:14,2026-08-14 17:42:09,1056.05
sat,119,너랑 걷는 개 좋아,누리아 산귀노,836908,https://comic.naver.com/webtoon/list?titleId=836908&tab=sat,12268356,너랑 걷는 개 좋아,너랑 걷는 개 좋아 (총 77화/미완결),총 77화/미완결,77.0,미완결,,,https://series.naver.com/comic/detail.series?productNo=12268356,matched,ok,"너랑 걷는 개 좋아 (총 77화/미완결)
평점
10.0 | 누리아 산귀노 누리아 산귀노 | 2026.06.05. | 총77화/미완결 | 69화 무료
이별 후 주인공에게 찾아온 이웃집 남자 타일러. 주인공은 강아지를 잘 다루는 그를 보며 마음이 설레어 가는데..",sat,1,sat,1,fri,sat,True,sat,토,fri,sat,12268356_sat,pre_release,오늘 밤 10시 새 회차 공개 전 기준값 수집,21.4만,214000.0,https://series.naver.com/comic/detail.series?productNo=12268356,20260814_172433,fri,금,2026-08-14 17:24:33,2026-08-14,17:24:33,2026-08-14 17:28:16,2026-08-14 17:28:18,1.98,2026-08-14 17:28:18,2026-08-14,17:28:18,2026-08-14 17:42:09,1056.05
sat,84,우리집에 온 여우들,김현,837101,https://comic.naver.com/webtoon/list?titleId=837101&tab=sat,12404405,우리집에 온 여우들,우리집에 온 여우들 (총 50화/미완결),총 50화/미완결,50.0,미완결,김현 김현,평점 10.0 | 김현 김현 | 2026.02.06. | 총50화/미완결 | 전화 무료,https://series.naver.com/comic/detail.series?productNo=12404405,matched,ok,"우리집에 온 여우들 (총 50화/미완결)
평점
10.0 | 김현 김현 | 2026.02.06. | 총50화/미완결 | 전화 무료
17살 인정의 엄마인 상정은 연매출 수십억의 맛집 사장.돈길만 걷던 모녀 앞에 어느 날 남 다른 포스의 미중년 아저씨가 찾아온다. 그의 이름은 여병희. 아주 오래전 엄마인 상정의 짝사랑 상대였는데...여태 어디서 뭘 하며 구르..",sat,1,sat,1,fri,sat,True,sat,토,fri,sat,12404405_sat,pre_release,오늘 밤 10시 새 회차 공개 전 기준값 수집,38.6만,386000.0,https://series.naver.com/comic/detail.series?productNo=12404405,20260814_172433,fri,금,2026-08-14 17:24:33,2026-08-14,17:24:33,2026-08-14 17:28:19,2026-08-14 17:28:21,2.1,2026-08-14 17:28:21,2026-08-14,17:28:21,2026-08-14 17:42:09,1056.05
sat,116,비밀복식클럽,소영,837336,https://comic.naver.com/webtoon/list?titleId=837336&tab=sat,12387223,비밀복식클럽,비밀복식클럽 (총 44화/미완결),총 44화/미완결,44.0,미완결,,,https://series.naver.com/comic/detail.series?productNo=12387223,matched,ok,"비밀복식클럽 (총 44화/미완결)
평점
10.0 | 소영 소영 | 2026.06.05. | 총44화/미완결 | 40화 무료
인류가 초래한 위기로 40%만 생존한 2054년, 전지구인은 환경이 절대 우선인 ‘재생 인류시대’에 합의한다. 반세기 뒤, 생필품을 뺀 패션을 비롯한 모든 개성 추구가 금지를 넘어 죄악인 사회에서 각각의 이유로 패션을 하..",sat,1,sat,1,fri,sat,True,sat,토,fri,sat,12387223_sat,pre_release,오늘 밤 10시 새 회차 공개 전 기준값 수집,4.1만,41000.0,https://series.naver.com/comic/detail.series?productNo=12387223,20260814_172433,fri,금,2026-08-14 17:24:33,2026-08-14,17:24:33,2026-08-14 17:28:23,2026-08-14 17:28:26,2.74,2026-08-14 17:28:26,2026-08-14,17:28:26,2026-08-14 17:42:09,1056.05
sat,52,오사카 환상선,혀나현,838885,https://comic.naver.com/webtoon/list?titleId=838885&tab=sat,12569020,오사카 환상선,오사카 환상선 (총 55화/미완결),총 55화/미완결,55.0,미완결,,,https://series.naver.com/comic/detail.series?productNo=12569020,matched,ok,"오사카 환상선 (총 55화/미완결)
평점
10.0 | 혀나현 혀나현 | 2026.06.05. | 총55화/미완결 | 52화 무료
오사카의 재일조선인 소년 김용은 우연히 야쿠자 조카와의 싸움에 휘말린다. 야쿠자의 명령으로 조선인 부락에 잠입해 신분증을 훔치는 임무를 맡게 된 김용. 평범해 보였던 마을 사람들은 무언가를 꾸미고 있는 듯 한데.. 처음..",sat,1,sat,1,fri,sat,True,sat,토,fri,sat,12569020_sat,pre_release,오늘 밤 10시 새 회차 공개 전 기준값 수집,34.5만,345000.0,https://series.naver.com/comic/detail.series?productNo=12569020,20260814_172433,fri,금,2026-08-14 17:24:33,2026-08-14,17:24:33,2026-08-14 17:28:27,2026-08-14 17:28:29,1.99,2026-08-14 17:28:29,2026-08-14,17:28:29,2026-08-14 17:42:09,1056.05
sat,90,말없는 전학생,이유정,839102,https://comic.naver.com/webtoon/list?titleId=839102&tab=sat,12588447,말없는 전학생,말없는 전학생 (총 60화/미완결),총 60화/미완결,60.0,미완결,,,https://series.naver.com/comic/detail.series?productNo=12588447,matched,ok,"말없는 전학생 (총 60화/미완결)
평점
9.4 | 이유정 | 2026.06.05. | 총60화/미완결 | 55화 무료
침묵은 끝났다. 이제 그의 싸움이 시작된다!절대 말하지 않는 전학생 지존은 어느 날,압도적인 실력 차로 같은 반 일진을 제압해버린다.이 싸움으로 학교 안팎 일진들의 관심을 한몸에 받게 돼버린 지존.그리고 또 한 명의 말없..",sat,1,sat,1,fri,sat,True,sat,토,fri,sat,12588447_sat,pre_release,오늘 밤 10시 새 회차 공개 전 기준값 수집,39.7만,397000.0,https://series.naver.com/comic/detail.series?productNo=12588447,20260814_172433,fri,금,2026-08-14 17:24:33,2026-08-14,17:24:33,2026-08-14 17:28:31,2026-08-14 17:28:33,2.45,2026-08-14 17:28:33,2026-08-14,17:28:33,2026-08-14 17:42:09,1056.05
sat,120,세이브 디 어스!,맴,840092,https://comic.naver.com/webtoon/list?titleId=840092&tab=sat,12734822,세이브 디 어스!,세이브 디 어스! (총 49화/미완결),총 49화/미완결,49.0,미완결,,,https://series.naver.com/comic/detail.series?productNo=12734822,matched,ok,"세이브 디 어스! (총 49화/미완결)
평점
10.0 | 맴 맴 | 2026.06.05. | 총49화/미완결 | 45화 무료
미친 학교생활의 연속, 살아남아라 강하람!",sat,1,sat,1,fri,sat,True,sat,토,fri,sat,12734822_sat,pre_release,오늘 밤 10시 새 회차 공개 전 기준값 수집,3.8만,38000.0,https://series.naver.com/comic/detail.series?productNo=12734822,20260814_172433,fri,금,2026-08-14 17:24:33,2026-08-14,17:24:33,2026-08-14 17:28:34,2026-08-14 17:28:36,1.98,2026-08-14 17:28:36,2026-08-14,17:28:36,2026-08-14 17:42:09,1056.05
sat,77,설탕에 곁들인 로맨스,을승,840179,https://comic.naver.com/webtoon/list?titleId=840179&tab=sat,12837996,설탕에 곁들인 로맨스,설탕에 곁들인 로맨스 (총 53화/미완결),총 53화/미완결,53.0,미완결,,,https://series.naver.com/comic/detail.series?productNo=12837996,matched,ok,"설탕에 곁들인 로맨스 (총 53화/미완결)
평점
10.0 | 을승 을승 | 2026.06.05. | 총53화/미완결 | 47화 무료
인생이 무(無)맛인 고등학생 찬희,소꿉친구 소유의 도발(?)에 처음 잡아보는 도마와 식칼, 팬과 국자.심심한 인생에 단 맛이 돌고 심장이 뛰기 시작한다!근데 이 심장.. 소유한테 뛰는 거야? 요리가 즐거워서 뛰는 거야?첫사랑과..",sat,1,sat,1,fri,sat,True,sat,토,fri,sat,12837996_sat,pre_release,오늘 밤 10시 새 회차 공개 전 기준값 수집,20.8만,208000.0,https://series.naver.com/comic/detail.series?productNo=12837996,20260814_172433,fri,금,2026-08-14 17:24:33,2026-08-14,17:24:33,2026-08-14 17:28:38,2026-08-14 17:28:40,2.72,2026-08-14 17:28:40,2026-08-14,17:28:40,2026-08-14 17:42:09,1056.05
sat,72,위탁가족!,조똘복,840736,https://comic.naver.com/webtoon/list?titleId=840736&tab=sat,12863042,위탁가족!,위탁가족! (총 57화/미완결),총 57화/미완결,57.0,미완결,,,https://series.naver.com/comic/detail.series?productNo=12863042,matched,ok,"위탁가족! (총 57화/미완결)
평점
10.0 | 조똘복 조똘복 | 2026.06.05. | 총57화/미완결 | 47화 무료
“오늘부터 우리가 네 가족이야.”15년 차 위탁가정 똘복이네 가족과 새로 온 아기 빵실이의 일상, 육아, 입양, 위탁, 그리고 이별 이야기.",sat,1,sat,1,fri,sat,True,sat,토,fri,sat,12863042_sat,pre_release,오늘 밤 10시 새 회차 공개 전 기준값 수집,42.2만,422000.0,https://series.naver.com/comic/detail.series?productNo=12863042,20260814_172433,fri,금,2026-08-14 17:24:33,2026-08-14,17:24:33,2026-08-14 17:28:42,2026-08-14 17:28:44,2.05,2026-08-14 17:28:44,2026-08-14,17:28:44,2026-08-14 17:42:09,1056.05
sat,99,짝사랑을 망치고 싶어,신여름,841562,https://comic.naver.com/webtoon/list?titleId=841562&tab=sat,13031894,짝사랑을 망치고 싶어,짝사랑을 망치고 싶어 (총 46화/미완결),총 46화/미완결,46.0,미완결,,,https://series.naver.com/comic/detail.series?productNo=13031894,matched,ok,"짝사랑을 망치고 싶어 (총 46화/미완결)
평점
10.0 | 신여름 신여름 | 2026.06.05. | 총46화/미완결 | 41화 무료
""제 짝사랑을 망쳐주세요!""짝사랑이 이루어지지 않길 바라는 로맨스 여주인공이 있다?!자신의 짝사랑을 망치고 싶은 '초희'와 그 비밀을 빌미로 거래를 제안한 '시호',그리고 그런 시호의 짝사랑을 눈치챈 '이태'까지.서로의 짝..",sat,1,sat,1,fri,sat,True,sat,토,fri,sat,13031894_sat,pre_release,오늘 밤 10시 새 회차 공개 전 기준값 수집,34.1만,341000.0,https://series.naver.com/comic/detail.series?productNo=13031894,20260814_172433,fri,금,2026-08-14 17:24:33,2026-08-14,17:24:33,2026-08-14 17:28:45,2026-08-14 17:28:47,1.98,2026-08-14 17:28:47,2026-08-14,17:28:47,2026-08-14 17:42:09,1056.05
sat,55,과학고 생존일지,윤찐빵,841608,https://comic.naver.com/webtoon/list?titleId=841608&tab=sat,13055999,과학고 생존일지,과학고 생존일지 (총 47화/미완결),총 47화/미완결,47.0,미완결,,,https://series.naver.com/comic/detail.series?productNo=13055999,matched,ok,"과학고 생존일지 (총 47화/미완결)
평점
10.0 | 윤찐빵 윤찐빵 | 2026.06.05. | 총47화/미완결 | 41화 무료
과학보다 만화가 좋았고, 수학은 보기만 해도 머리가 아픈 찐빵이.그런 내가... 대한민국 영재들만 모인다는 과학고에 덜컥 입학했다.천재들 사이에서 살아남기 위한, 범재의 눈물겨운 생존 분투기!100% 실화 기반 하이퍼리얼..",sat,1,sat,1,fri,sat,True,sat,토,fri,sat,13055999_sat,pre_release,오늘 밤 10시 새 회차 공개 전 기준값 수집,39.8만,398000.0,https://series.naver.com/comic/detail.series?productNo=13055999,20260814_172433,fri,금,2026-08-14 17:24:33,2026-08-14,17:24:33,2026-08-14 17:28:49,2026-08-14 17:28:51,2.39,2026-08-14 17:28:51,2026-08-14,17:28:51,2026-08-14 17:42:09,1056.05
wed,26,중대장은 실망했다,이량,841639,https://comic.naver.com/webtoon/list?titleId=841639&tab=wed,13001011,중대장은 실망했다,중대장은 실망했다 (총 90화/미완결),총 90화/미완결,90.0,미완결,,,https://series.naver.com/comic/detail.series?productNo=13001011,matched,ok,"중대장은 실망했다 (총 90화/미완결)
평점
9.9 | 이량 이량 | 2026.06.05. | 총90화/미완결 | 80화 무료
마흔 살이 넘은 중대장은 멋진 모습을 보이고 싶지만요즘 애들, 요즘 군대는 왜 이렇게 변해버린 것일까!참으로.. 중대장은 실망했다!","wed,sat",2,"wed,sat",2,"tue,fri","wed,sat",True,sat,토,fri,sat,13001011_sat,pre_release,오늘 밤 10시 새 회차 공개 전 기준값 수집,122.5만,1225000.0,https://series.naver.com/comic/detail.series?productNo=13001011,20260814_172433,fri,금,2026-08-14 17:24:33,2026-08-14,17:24:33,2026-08-14 17:28:52,2026-08-14 17:28:54,2.05,2026-08-14 17:28:54,2026-08-14,17:28:54,2026-08-14 17:42:09,1056.05
sat,59,문양전,강한,841762,https://comic.naver.com/webtoon/list?titleId=841762&tab=sat,13008941,문양전,문양전 (총 48화/미완결),총 48화/미완결,48.0,미완결,,,https://series.naver.com/comic/detail.series?productNo=13008941,matched,ok,"문양전 (총 48화/미완결)
평점
9.9 | 강한 강한 | 2026.06.05. | 총48화/미완결 | 43화 무료
‘운명은 거스를 수 없는 법칙인가, 스스로 개척해 나아가는 길인가.’ 파멸의 운명 속에서 복수의 화신이 되어 돌아온 소년 반, 그의 복수가 시작된다.",sat,1,sat,1,fri,sat,True,sat,토,fri,sat,13008941_sat,pre_release,오늘 밤 10시 새 회차 공개 전 기준값 수집,88.6만,886000.0,https://series.naver.com/comic/detail.series?productNo=13008941,20260814_172433,fri,금,2026-08-14 17:24:33,2026-08-14,17:24:33,2026-08-14 17:28:56,2026-08-14 17:28:58,2.63,2026-08-14 17:28:58,2026-08-14,17:28:58,2026-08-14 17:42:09,1056.05
sat,25,지옥도시,기호,842093,https://comic.naver.com/webtoon/list?titleId=842093&tab=sat,13036898,지옥도시,지옥도시 (총 49화/미완결),총 49화/미완결,49.0,미완결,,,https://series.naver.com/comic/detail.series?productNo=13036898,matched,ok,"지옥도시 (총 49화/미완결)
평점
9.9 | 기호 기호 | 2026.06.05. | 총49화/미완결 | 43화 무료
400만 명이 거주하는 수도권 거대 도시 송천 광역시, 그곳에서 유도선수를 꿈꾸던 고등학생 민호 앞에 나타난 정체불명의 괴생명체와 한 소녀.순식간에 지옥으로 변해버린 송천시에서 민호는 과연 살아남을 수 있을 것인가..!",sat,1,sat,1,fri,sat,True,sat,토,fri,sat,13036898_sat,pre_release,오늘 밤 10시 새 회차 공개 전 기준값 수집,106.7만,1067000.0,https://series.naver.com/comic/detail.series?productNo=13036898,20260814_172433,fri,금,2026-08-14 17:24:33,2026-08-14,17:24:33,2026-08-14 17:28:59,2026-08-14 17:29:02,2.1,2026-08-14 17:29:02,2026-08-14,17:29:02,2026-08-14 17:42:09,1056.05
sat,112,썩어도 혈육,bunny,842395,https://comic.naver.com/webtoon/list?titleId=842395&tab=sat,13073974,썩어도 혈육,썩어도 혈육 (총 44화/미완결),총 44화/미완결,44.0,미완결,,,https://series.naver.com/comic/detail.series?productNo=13073974,matched,ok,"썩어도 혈육 (총 44화/미완결)
평점
9.9 | bunny bunny | 2026.06.05. | 총44화/미완결 | 39화 무료
“아버지, 대신 감옥에 가 주세요.”결혼식 전날, 졸음운전으로 사람을 죽인 보험심사 팀장 류서호.사건을 은폐하기 위해 찾아간 사람은 15년 전 인연을 끊었던 아버지였다.하지만 그날부터 시작된 두 사람의 거짓된 공모는 오..",sat,1,sat,1,fri,sat,True,sat,토,fri,sat,13073974_sat,pre_release,오늘 밤 10시 새 회차 공개 전 기준값 수집,7.9만,79000.0,https://series.naver.com/comic/detail.series?productNo=13073974,20260814_172433,fri,금,2026-08-14 17:24:33,2026-08-14,17:24:33,2026-08-14 17:29:03,2026-08-14 17:29:05,2.23,2026-08-14 17:29:05,2026-08-14,17:29:05,2026-08-14 17:42:09,1056.05
sat,108,동경,코이,842624,https://comic.naver.com/webtoon/list?titleId=842624&tab=sat,13098964,동경,동경 (총 44화/미완결),총 44화/미완결,44.0,미완결,,,https://series.naver.com/comic/detail.series?productNo=13098964,matched,ok,"동경 (총 44화/미완결)
평점
10.0 | 코이 코이 | 2026.06.05. | 총44화/미완결 | 39화 무료
예쁘고 인기 많은 인플루언서 고미소, 그리고 그녀를 줄곧 동경해온 팽미소. 학교 폐쇄된 화장실 속 정체불명의 존재가 제안한 단 열흘의 거래. 팽미소는 고미소의 몸을 빌려 그토록 꿈꾸던 삶을 산다. 스포트라이트, 환호, 인기..",sat,1,sat,1,fri,sat,True,sat,토,fri,sat,13098964_sat,pre_release,오늘 밤 10시 새 회차 공개 전 기준값 수집,12.5만,125000.0,https://series.naver.com/comic/detail.series?productNo=13098964,20260814_172433,fri,금,2026-08-14 17:24:33,2026-08-14,17:24:33,2026-08-14 17:29:06,2026-08-14 17:29:09,2.46,2026-08-14 17:29:09,2026-08-14,17:29:09,2026-08-14 17:42:09,1056.05
fri,27,용사파티만화,칰타,842647,https://comic.naver.com/webtoon/list?titleId=842647&tab=fri,13101435,용사파티만화,용사파티만화 (총 129화/미완결),총 129화/미완결,129.0,미완결,,,https://series.naver.com/comic/detail.series?productNo=13101435,matched,ok,"용사파티만화 (총 129화/미완결)
평점
10.0 | 칰타 랴코 | 2026.06.06. | 총129화/미완결 | 119화 무료
흔해 빠진 이세계에 어딘가 나사 빠진 용사 파티가 나타났다!자칭 용사 꼬마 탱커 파밍, 음침 수인 마법사 해피, 겉과 속이 다른 변태 수녀 클레어, 생각보다 너무 비겁한 도적 김도적까지...쪼렙 모험가답지 않게 우연히 이런 저..","fri,sat,sun",3,"fri,sat,sun",3,"thu,fri,sat","fri,sat,sun",True,sat,토,fri,sat,13101435_sat,pre_release,오늘 밤 10시 새 회차 공개 전 기준값 수집,175만,1750000.0,https://series.naver.com/comic/detail.series?productNo=13101435,20260814_172433,fri,금,2026-08-14 17:24:33,2026-08-14,17:24:33,2026-08-14 17:29:10,2026-08-14 17:29:13,2.8,2026-08-14 17:29:13,2026-08-14,17:29:13,2026-08-14 17:42:09,1056.05
sat,87,마왕 마석호,유비,842699,https://comic.naver.com/webtoon/list?titleId=842699&tab=sat,13115967,마왕 마석호,마왕 마석호 (총 43화/미완결),총 43화/미완결,43.0,미완결,,,https://series.naver.com/comic/detail.series?productNo=13115967,matched,ok,"마왕 마석호 (총 43화/미완결)
평점
9.7 | 유비 유비 | 2026.06.05. | 총43화/미완결 | 38화 무료
전국 1번 마왕이라고 불리는 최강의 고등학생 마석호, 그리고 평범한 고등학생 조진호,두 영혼의 불편한 동거 생활.",sat,1,sat,1,fri,sat,True,sat,토,fri,sat,13115967_sat,pre_release,오늘 밤 10시 새 회차 공개 전 기준값 수집,60.3만,603000.0,https://series.naver.com/comic/detail.series?productNo=13115967,20260814_172433,fri,금,2026-08-14 17:24:33,2026-08-14,17:24:33,2026-08-14 17:29:15,2026-08-14 17:29:18,2.89,2026-08-14 17:29:18,2026-08-14,17:29:18,2026-08-14 17:42:09,1056.05
sat,95,펫로스클럽,올드독,842838,https://comic.naver.com/webtoon/list?titleId=842838&tab=sat,13129259,펫로스클럽,펫로스클럽 (총 43화/미완결),총 43화/미완결,43.0,미완결,,,https://series.naver.com/comic/detail.series?productNo=13129259,matched,ok,"펫로스클럽 (총 43화/미완결)
평점
10.0 | 올드독 올드독 | 2026.06.06. | 총43화/미완결 | 38화 무료
20년을 동고동락하던 반려견 풋코를 떠나보내고 2년, 이제는 울지 않고 남의 개를 안을 수 있다.그렇다면 드디어 도전, 남의 개 돌보기.",sat,1,sat,1,fri,sat,True,sat,토,fri,sat,13129259_sat,pre_release,오늘 밤 10시 새 회차 공개 전 기준값 수집,6.5만,65000.0,https://series.naver.com/comic/detail.series?productNo=13129259,20260814_172433,fri,금,2026-08-14 17:24:33,2026-08-14,17:24:33,2026-08-14 17:29:19,2026-08-14 17:29:21,2.17,2026-08-14 17:29:21,2026-08-14,17:29:21,2026-08-14 17:42:09,1056.05
sat,82,꿈의 엔트리,울리,843001,https://comic.naver.com/webtoon/list?titleId=843001&tab=sat,13189197,꿈의 엔트리,꿈의 엔트리 (총 41화/미완결),총 41화/미완결,41.0,미완결,,,https://series.naver.com/comic/detail.series?productNo=13189197,matched,ok,"꿈의 엔트리 (총 41화/미완결)
평점
9.8 | 울리 울리 | 2026.06.05. | 총41화/미완결 | 36화 무료
전직 축구선수였던 내가 10년 전으로 돌아왔다.“이제 누가 축구 스타가 되는지 알고 있어. 숨은 원석들을 찾아 최고의 팀을 꾸릴 거야.”경기보다 숨막히는 선수영입 프론트 스포츠물",sat,1,sat,1,fri,sat,True,sat,토,fri,sat,13189197_sat,pre_release,오늘 밤 10시 새 회차 공개 전 기준값 수집,78.8만,788000.0,https://series.naver.com/comic/detail.series?productNo=13189197,20260814_172433,fri,금,2026-08-14 17:24:33,2026-08-14,17:24:33,2026-08-14 17:29:22,2026-08-14 17:29:24,2.65,2026-08-14 17:29:24,2026-08-14,17:29:24,2026-08-14 17:42:09,1056.05
sat,109,그 냉장고 안에서는,냉친,843427,https://comic.naver.com/webtoon/list?titleId=843427&tab=sat,13230633,그 냉장고 안에서는,그 냉장고 안에서는 (총 34화/미완결),총 34화/미완결,34.0,미완결,,,https://series.naver.com/comic/detail.series?productNo=13230633,matched,ok,"그 냉장고 안에서는 (총 34화/미완결)
평점
9.8 | 냉친 냉친 | 2026.06.05. | 총34화/미완결 | 31화 무료
냉장고 속 살아 움직이는 음식 요정들의 이야기",sat,1,sat,1,fri,sat,True,sat,토,fri,sat,13230633_sat,pre_release,오늘 밤 10시 새 회차 공개 전 기준값 수집,2.7만,27000.0,https://series.naver.com/comic/detail.series?productNo=13230633,20260814_172433,fri,금,2026-08-14 17:24:33,2026-08-14,17:24:33,2026-08-14 17:29:26,2026-08-14 17:29:28,2.23,2026-08-14 17:29:28,2026-08-14,17:29:28,2026-08-14 17:42:09,1056.05
sat,115,DARK MOON: 두 개의 달,HYBE,843898,https://comic.naver.com/webtoon/list?titleId=843898&tab=sat,13256224,DARK MOON: 두 개의 달,DARK MOON: 두 개의 달 (총 39화/미완결),총 39화/미완결,39.0,미완결,,,https://series.naver.com/comic/detail.series?productNo=13256224,matched,ok,"DARK MOON: 두 개의 달 (총 39화/미완결)
평점
10.0 | HYBE HYBE | 2026.06.05. | 총39화/미완결 | 31화 무료
“너구나, 내 자리를 대신하고 있었다는 애가.”뱀파이어임을 숨긴 채 학교 공식 커플이 된 수하와 헬리 앞에 수하와 똑같은 얼굴을 한 의문의 소녀, 셀렌이 등장한다.현생에서 함께 추억을 쌓아온 수하와, 애틋한 전생의 기억..",sat,1,sat,1,fri,sat,True,sat,토,fri,sat,13256224_sat,pre_release,오늘 밤 10시 새 회차 공개 전 기준값 수집,12.1만,121000.0,https://series.naver.com/comic/detail.series?productNo=13256224,20260814_172433,fri,금,2026-08-14 17:24:33,2026-08-14,17:24:33,2026-08-14 17:29:30,2026-08-14 17:29:33,3.34,2026-08-14 17:29:33,2026-08-14,17:29:33,2026-08-14 17:42:09,1056.05
sat,118,청춘 관찰기,한민기,844048,https://comic.naver.com/webtoon/list?titleId=844048&tab=sat,13285030,청춘 관찰기,청춘 관찰기 (총 37화/미완결),총 37화/미완결,37.0,미완결,,,https://series.naver.com/comic/detail.series?productNo=13285030,matched,ok,"청춘 관찰기 (총 37화/미완결)
평점
10.0 | 한민기 한민기 | 2026.06.05. | 총37화/미완결 | 32화 무료
탐조(새를 관찰하는 것)를 사랑하는 고등학교 1학년 한이솔의 앞에 나타난 재수 없는 전교 1등 최로운, 그리고 중학교 시절부터 같은 학원에 다니며 어느새 단짝이 된 인정민. ‘한쪽은 나를 너무 막 대하고 한쪽은 나를 너무 ..",sat,1,sat,1,fri,sat,True,sat,토,fri,sat,13285030_sat,pre_release,오늘 밤 10시 새 회차 공개 전 기준값 수집,5.2만,52000.0,https://series.naver.com/comic/detail.series?productNo=13285030,20260814_172433,fri,금,2026-08-14 17:24:33,2026-08-14,17:24:33,2026-08-14 17:29:34,2026-08-14 17:29:36,2.47,2026-08-14 17:29:36,2026-08-14,17:29:36,2026-08-14 17:42:09,1056.05
sat,34,르르르,우파람,844505,https://comic.naver.com/webtoon/list?titleId=844505&tab=sat,13342918,르르르,르르르 (총 35화/미완결),총 35화/미완결,35.0,미완결,,,https://series.naver.com/comic/detail.series?productNo=13342918,matched,ok,"르르르 (총 35화/미완결)
평점
9.4 | 우파람 | 2026.06.05. | 총35화/미완결 | 30화 무료
평범한 일상속에서 갑자기 등장한 괴생물체와그 주위에서 한명씩 학생들의 괴물화.평범함은 완전히 망가졌고, 구조를 기대하기도 힘든 상황.학생들은 저마다의 방법으로 뭉치고 생존해 나간다.",sat,1,sat,1,fri,sat,True,sat,토,fri,sat,13342918_sat,pre_release,오늘 밤 10시 새 회차 공개 전 기준값 수집,83.1만,831000.0,https://series.naver.com/comic/detail.series?productNo=13342918,20260814_172433,fri,금,2026-08-14 17:24:33,2026-08-14,17:24:33,2026-08-14 17:29:37,2026-08-14 17:29:40,2.23,2026-08-14 17:29:40,2026-08-14,17:29:40,2026-08-14 17:42:09,1056.05
sat,73,로스트 미디어샵 아코드,육공,844728,https://comic.naver.com/webtoon/list?titleId=844728&tab=sat,13367829,로스트 미디어샵 아코드,로스트 미디어샵 아코드 (총 33화/미완결),총 33화/미완결,33.0,미완결,,,https://series.naver.com/comic/detail.series?productNo=13367829,matched,ok,"로스트 미디어샵 아코드 (총 33화/미완결)
평점
9.2 | 육공 육공 | 2026.06.05. | 총33화/미완결 | 28화 무료
‘잊혀진 매체‘라는 뜻을 가진 ’로스트 미디어‘.아코드는 그런 로스트 미디어를 사람들에게 선보이는 가게이다.아코드의 아리따운 점원 ’리카‘는 손님들이 찾는 로스트 미디어를 다시금 그들 앞에 선보인다.하지만 잊혀..",sat,1,sat,1,fri,sat,True,sat,토,fri,sat,13367829_sat,pre_release,오늘 밤 10시 새 회차 공개 전 기준값 수집,40.8만,408000.0,https://series.naver.com/comic/detail.series?productNo=13367829,20260814_172433,fri,금,2026-08-14 17:24:33,2026-08-14,17:24:33,2026-08-14 17:29:41,2026-08-14 17:29:43,2.26,2026-08-14 17:29:43,2026-08-14,17:29:43,2026-08-14 17:42:09,1056.05
wed,68,냥냥찍찍!,꾀돌이,844952,https://comic.naver.com/webtoon/list?titleId=844952&tab=wed,13397735,냥냥찍찍!,냥냥찍찍! (총 61화/미완결),총 61화/미완결,61.0,미완결,,,https://series.naver.com/comic/detail.series?productNo=13397735,matched,ok,"냥냥찍찍! (총 61화/미완결)
평점
10.0 | 꾀돌이 | 2026.06.05. | 총61화/미완결 | 55화 무료
햄스터로 변하는 여자 금해미, 고양이로 변하는 남자 고우영.저주를 풀기 위해선 스킨십을 해야 한다?!고양이와 햄스터의 아찔한 코믹 풀충전 캠퍼스 로맨스!","wed,sat",2,"wed,sat",2,"tue,fri","wed,sat",True,sat,토,fri,sat,13397735_sat,pre_release,오늘 밤 10시 새 회차 공개 전 기준값 수집,41.6만,416000.0,https://series.naver.com/comic/detail.series?productNo=13397735,20260814_172433,fri,금,2026-08-14 17:24:33,2026-08-14,17:24:33,2026-08-14 17:29:44,2026-08-14 17:29:47,2.85,2026-08-14 17:29:47,2026-08-14,17:29:47,2026-08-14 17:42:09,1056.05
sat,86,마왕의 채널,말랭2,845026,https://comic.naver.com/webtoon/list?titleId=845026&tab=sat,13420100,마왕의 채널,마왕의 채널 (총 33화/미완결),총 33화/미완결,33.0,미완결,,,https://series.naver.com/comic/detail.series?productNo=13420100,matched,ok,"마왕의 채널 (총 33화/미완결)
평점
10.0 | 말랭2 말랭2 | 2026.06.05. | 총33화/미완결 | 28화 무료
우주에서 온 이종족이 지구의 방송에 참여하게 되고, 마왕 행성에서 온 마왕 에일은 지구의 인간 도현과 힘을 합쳐 베스트 스트리머에 도전하는 중 다양한 이종족들과 만나며 얽히게 되는데..",sat,1,sat,1,fri,sat,True,sat,토,fri,sat,13420100_sat,pre_release,오늘 밤 10시 새 회차 공개 전 기준값 수집,27.2만,272000.0,https://series.naver.com/comic/detail.series?productNo=13420100,20260814_172433,fri,금,2026-08-14 17:24:33,2026-08-14,17:24:33,2026-08-14 17:29:48,2026-08-14 17:29:50,2.14,2026-08-14 17:29:50,2026-08-14,17:29:50,2026-08-14 17:42:09,1056.05
sat,19,환생했더니 대공의 셋째 아들,밤이밤,845380,https://comic.naver.com/webtoon/list?titleId=845380&tab=sat,13449911,환생했더니 대공의 셋째 아들,환생했더니 대공의 셋째 아들 (총 35화/미완결),총 35화/미완결,35.0,미완결,,,https://series.naver.com/comic/detail.series?productNo=13449911,matched,ok,"환생했더니 대공의 셋째 아들 (총 35화/미완결)
평점
9.7 | BELF 밤이밤 | 2026.06.05. | 총35화/미완결 | 28화 무료
혈통 때문에 출세하지 못하고 용병으로 죽었다.그런데 다시 눈을 뜨자 내가 대공의 아들이란다.그토록 바라던 가문, 지위 재능까지 모두 갖춰졌으니 정점까지 올라가 봐야겠지?전(前) 용병 단장, 현(現) 대공 셋째 아들의 파격..",sat,1,sat,1,fri,sat,True,sat,토,fri,sat,13449911_sat,pre_release,오늘 밤 10시 새 회차 공개 전 기준값 수집,289.9만,2899000.0,https://series.naver.com/comic/detail.series?productNo=13449911,20260814_172433,fri,금,2026-08-14 17:24:33,2026-08-14,17:24:33,2026-08-14 17:29:51,2026-08-14 17:29:54,2.47,2026-08-14 17:29:54,2026-08-14,17:29:54,2026-08-14 17:42:09,1056.05
sat,68,고고농구,이명재,845463,https://comic.naver.com/webtoon/list?titleId=845463&tab=sat,13481883,고고농구,고고농구 (총 29화/미완결),총 29화/미완결,29.0,미완결,,,https://series.naver.com/comic/detail.series?productNo=13481883,matched,ok,"고고농구 (총 29화/미완결)
평점
10.0 | 이명재 이명재 | 2026.06.05. | 총29화/미완결 | 24화 무료
포지션도 스타일도, 엉망진창 제각각인 선수들.모인 건 우연이지만 목표는 분명하다!승남고 농구부, 올해는 우승을 향해 뛴다.",sat,1,sat,1,fri,sat,True,sat,토,fri,sat,13481883_sat,pre_release,오늘 밤 10시 새 회차 공개 전 기준값 수집,45.1만,451000.0,https://series.naver.com/comic/detail.series?productNo=13481883,20260814_172433,fri,금,2026-08-14 17:24:33,2026-08-14,17:24:33,2026-08-14 17:29:56,2026-08-14 17:29:58,2.66,2026-08-14 17:29:58,2026-08-14,17:29:58,2026-08-14 17:42:09,1056.05
sat,9,둘째에게,,845711,https://comic.naver.com/webtoon/list?titleId=845711&tab=sat,13512084,둘째에게,둘째에게 (총 32화/미완결),총 32화/미완결,32.0,미완결,고태호 고태호,평점 10.0 | 고태호 고태호 | 2026.06.12. | 총32화/미완결 | 27화 무료,https://series.naver.com/comic/detail.series?productNo=13512084,review_needed,not_found,"둘째에게 (총 32화/미완결)
평점
10.0 | 고태호 고태호 | 2026.06.12. | 총32화/미완결 | 27화 무료
슬럼프에 시달리고 있는 작가 '이류진'은 자신의 팬이자 조직폭력배 '둘째'와 우연히 엮이게 되고, 슬럼프를 극복하고 싶은 작가와 글쓰는 법을 배우고 싶어하는 조폭은 필요로 인해 서로 교류를 하게 된다.그렇게 교류를 하며 ..",sat,1,sat,1,fri,sat,True,sat,토,fri,sat,13512084_sat,pre_release,오늘 밤 10시 새 회차 공개 전 기준값 수집,,,https://nid.naver.com/nidlogin.login?svctype=128&a_version=2&viewtype=1&url=http%3A%2F%2Fseries.naver.com%2Fcomic%2Fdetail.series%3FproductNo%3D13512084&surl=https%3A%2F%2Fseries.naver.com,20260814_172433,fri,금,2026-08-14 17:24:33,2026-08-14,17:24:33,2026-08-14 17:30:00,2026-08-14 17:30:15,14.74,2026-08-14 17:30:15,2026-08-14,17:30:15,2026-08-14 17:42:09,1056.05
sat,49,억만무림,매일,845867,https://comic.naver.com/webtoon/list?titleId=845867&tab=sat,13531223,억만무림,억만무림 (총 28화/미완결),총 28화/미완결,28.0,미완결,,,https://series.naver.com/comic/detail.series?productNo=13531223,matched,ok,"억만무림 (총 28화/미완결)
평점
10.0 | 매일 포톤 | 2026.06.05. | 총28화/미완결 | 23화 무료
6600만 년 전, 무공을 쓰는 공룡들이 살아가는 무림.천마의 난 이후 혼란이 이어지는 가운데, 스승을 잃은 트리케라톱스 소년 벽뢰아는 숨겨진 무공과 천마의 진실을 찾기 위해 모험에 나선다.거대한 음모와 대재앙의 비밀에 ..",sat,1,sat,1,fri,sat,True,sat,토,fri,sat,13531223_sat,pre_release,오늘 밤 10시 새 회차 공개 전 기준값 수집,20만,200000.0,https://series.naver.com/comic/detail.series?productNo=13531223,20260814_172433,fri,금,2026-08-14 17:24:33,2026-08-14,17:24:33,2026-08-14 17:30:16,2026-08-14 17:30:19,2.83,2026-08-14 17:30:19,2026-08-14,17:30:19,2026-08-14 17:42:09,1056.05
sat,117,은애하는 도적님아,사적,846074,https://comic.naver.com/webtoon/list?titleId=846074&tab=sat,13532336,은애하는 도적님아 [독점],은애하는 도적님아 [독점] (총 29화/미완결),총 29화/미완결,29.0,미완결,,,https://series.naver.com/comic/detail.series?productNo=13532336,matched,ok,"은애하는 도적님아 [독점] (총 29화/미완결)
평점
10.0 | 이선(스튜디오드래곤), 사적 라미아 | 2026.06.05. | 총29화/미완결 | 24화 무료
[매주 토요일 연재]달아나는 도적과 붙잡으려는 대군의쫓고 쫓기는 영혼 체인지, 혁명 로맨스!홍민직 댁 얼녀이자 혜민서 의녀인 은조는사실 밤마다 의적 길동으로 변모하여 활약하는 중이다.설마 도적이 여인일 줄은 꿈에도 ..",sat,1,sat,1,fri,sat,True,sat,토,fri,sat,13532336_sat,pre_release,오늘 밤 10시 새 회차 공개 전 기준값 수집,4.4만,44000.0,https://series.naver.com/comic/detail.series?productNo=13532336,20260814_172433,fri,금,2026-08-14 17:24:33,2026-08-14,17:24:33,2026-08-14 17:30:20,2026-08-14 17:30:22,2.38,2026-08-14 17:30:22,2026-08-14,17:30:22,2026-08-14 17:42:09,1056.05
sat,94,내 남자친구는 고양이다옹,이하,846330,https://comic.naver.com/webtoon/list?titleId=846330&tab=sat,13585115,내 남자친구는 고양이다옹,내 남자친구는 고양이다옹 (총 25화/미완결),총 25화/미완결,25.0,미완결,,,https://series.naver.com/comic/detail.series?productNo=13585115,matched,ok,"내 남자친구는 고양이다옹 (총 25화/미완결)
평점
9.9 | 이하 영식 | 2026.05.22. | 총25화/미완결 | 20화 무료
재벌 2세인 내 남자친구가 냥냥증후군에 걸렸다고? 고양이처럼 행동하는 병에 걸린 내 남친 고양준. 하지만…고양이가 되도 나를 좋아하는 건 여전히 똑같은데? 고양이인걸 들켜서도, 사내연애도 들켜서는 안된다! 고양이 같..",sat,1,sat,1,fri,sat,True,sat,토,fri,sat,13585115_sat,pre_release,오늘 밤 10시 새 회차 공개 전 기준값 수집,10.8만,108000.0,https://series.naver.com/comic/detail.series?productNo=13585115,20260814_172433,fri,금,2026-08-14 17:24:33,2026-08-14,17:24:33,2026-08-14 17:30:24,2026-08-14 17:30:25,1.93,2026-08-14 17:30:25,2026-08-14,17:30:25,2026-08-14 17:42:09,1056.05
sat,33,오브차카,해태,846365,https://comic.naver.com/webtoon/list?titleId=846365&tab=sat,13589979,오브차카,오브차카 (총 26화/미완결),총 26화/미완결,26.0,미완결,,,https://series.naver.com/comic/detail.series?productNo=13589979,matched,ok,"오브차카 (총 26화/미완결)
평점
10.0 | 해태 병장 | 2026.06.05. | 총26화/미완결 | 21화 무료
러시아 마피아 빅 보스의 피습.권력을 노린 배신이 조직을 무너뜨린다.오브차카 보리스는친우의 피 앞에서 복수를 선택한다.[백XX]의 첫 공식 스핀오프.",sat,1,sat,1,fri,sat,True,sat,토,fri,sat,13589979_sat,pre_release,오늘 밤 10시 새 회차 공개 전 기준값 수집,83.2만,832000.0,https://series.naver.com/comic/detail.series?productNo=13589979,20260814_172433,fri,금,2026-08-14 17:24:33,2026-08-14,17:24:33,2026-08-14 17:30:27,2026-08-14 17:30:29,2.01,2026-08-14 17:30:29,2026-08-14,17:30:29,2026-08-14 17:42:09,1056.05
sat,28,사천패왕,성구,846570,https://comic.naver.com/webtoon/list?titleId=846570&tab=sat,13606248,사천패왕,사천패왕 (총 30화/미완결),총 30화/미완결,30.0,미완결,,,https://series.naver.com/comic/detail.series?productNo=13606248,matched,ok,"사천패왕 (총 30화/미완결)
평점
9.6 | 사도연, 산보, 성구 성구 | 2026.06.05. | 총30화/미완결 | 22화 무료
마도천하가 도래한 날.천하최흉의 신장(神匠)이라 불리었던.마장(魔匠), 당세운(唐勢雲)이 죽음을 맞이하였다.",sat,1,sat,1,fri,sat,True,sat,토,fri,sat,13606248_sat,pre_release,오늘 밤 10시 새 회차 공개 전 기준값 수집,92.6만,926000.0,https://series.naver.com/comic/detail.series?productNo=13606248,20260814_172433,fri,금,2026-08-14 17:24:33,2026-08-14,17:24:33,2026-08-14 17:30:30,2026-08-14 17:30:32,2.26,2026-08-14 17:30:32,2026-08-14,17:30:32,2026-08-14 17:42:09,1056.05
sat,62,연애지옥,용오름,846650,https://comic.naver.com/webtoon/list?titleId=846650&tab=sat,13623480,연애지옥,연애지옥 (총 24화/미완결),총 24화/미완결,24.0,미완결,,,https://series.naver.com/comic/detail.series?productNo=13623480,matched,ok,"연애지옥 (총 24화/미완결)
평점
9.8 | 용오름 용오름 | 2026.06.05. | 총24화/미완결 | 19화 무료
화장실에서 밥 먹는 것이 익숙한 아싸의 삶을 살았던 대학생 '서은우'에게 어느 날 캠퍼스 최고 여신 '이연주'가 플러팅을?존못 아싸인 나한테 대체 왜?! 무슨 목적이지..?! 그래 일단 만나보자 그럼 분명 뭔가 알아낼 수 있을 ..",sat,1,sat,1,fri,sat,True,sat,토,fri,sat,13623480_sat,pre_release,오늘 밤 10시 새 회차 공개 전 기준값 수집,20.8만,208000.0,https://series.naver.com/comic/detail.series?productNo=13623480,20260814_172433,fri,금,2026-08-14 17:24:33,2026-08-14,17:24:33,2026-08-14 17:30:34,2026-08-14 17:30:36,2.7,2026-08-14 17:30:36,2026-08-14,17:30:36,2026-08-14 17:42:09,1056.05
sat,39,연애 못하면 죽음!,,846662,https://comic.naver.com/webtoon/list?titleId=846662&tab=sat,13633976,연애 못하면 죽음!,연애 못하면 죽음! (총 31화/미완결),총 31화/미완결,31.0,미완결,우연희 pusna,평점 9.8 | 우연희 pusna | 2026.06.12. | 총31화/미완결 | 23화 무료,https://series.naver.com/comic/detail.series?productNo=13633976,review_needed,not_found,"연애 못하면 죽음! (총 31화/미완결)
평점
9.8 | 우연희 pusna | 2026.06.12. | 총31화/미완결 | 23화 무료
똥차들과의 망한 연애로 인해사랑, 연애에 부정적인 30대가 된 워커홀릭 문주경은어느날 우연히 '금방 사랑에 빠지는' 저주에 걸리게 된다.마음에 드는 상대에게 다짜고짜 고백부터 하게 되는 끔찍한 저주.사랑에 빠지기를 거..",sat,1,sat,1,fri,sat,True,sat,토,fri,sat,13633976_sat,pre_release,오늘 밤 10시 새 회차 공개 전 기준값 수집,,,https://nid.naver.com/nidlogin.login?svctype=128&a_version=2&viewtype=1&url=http%3A%2F%2Fseries.naver.com%2Fcomic%2Fdetail.series%3FproductNo%3D13633976&surl=https%3A%2F%2Fseries.naver.com,20260814_172433,fri,금,2026-08-14 17:24:33,2026-08-14,17:24:33,2026-08-14 17:30:37,2026-08-14 17:30:53,15.29,2026-08-14 17:30:53,2026-08-14,17:30:53,2026-08-14 17:42:09,1056.05
sat,50,철과 얼음의 여정,울롱,846781,https://comic.naver.com/webtoon/list?titleId=846781&tab=sat,13634680,철과 얼음의 여정,철과 얼음의 여정 (총 25화/미완결),총 25화/미완결,25.0,미완결,,,https://series.naver.com/comic/detail.series?productNo=13634680,matched,ok,"철과 얼음의 여정 (총 25화/미완결)
평점
9.9 | 울롱 울롱 | 2026.06.05. | 총25화/미완결 | 20화 무료
자신들의 정체를 알기 위해 남극으로 순례길을 떠난다.",sat,1,sat,1,fri,sat,True,sat,토,fri,sat,13634680_sat,pre_release,오늘 밤 10시 새 회차 공개 전 기준값 수집,33.2만,332000.0,https://series.naver.com/comic/detail.series?productNo=13634680,20260814_172433,fri,금,2026-08-14 17:24:33,2026-08-14,17:24:33,2026-08-14 17:30:53,2026-08-14 17:30:58,4.12,2026-08-14 17:30:58,2026-08-14,17:30:58,2026-08-14 17:42:09,1056.05
sat,89,들개전쟁,서패스,846820,https://comic.naver.com/webtoon/list?titleId=846820&tab=sat,13638313,들개전쟁,들개전쟁 (총 24화/미완결),총 24화/미완결,24.0,미완결,,,https://series.naver.com/comic/detail.series?productNo=13638313,matched,ok,"들개전쟁 (총 24화/미완결)
평점
9.4 | 서패스 서패스 | 2026.06.05. | 총24화/미완결 | 19화 무료
쇼다운으로 너의 강함을 증명하라!",sat,1,sat,1,fri,sat,True,sat,토,fri,sat,13638313_sat,pre_release,오늘 밤 10시 새 회차 공개 전 기준값 수집,25.1만,251000.0,https://series.naver.com/comic/detail.series?productNo=13638313,20260814_172433,fri,금,2026-08-14 17:24:33,2026-08-14,17:24:33,2026-08-14 17:30:59,2026-08-14 17:31:02,2.9,2026-08-14 17:31:02,2026-08-14,17:31:02,2026-08-14 17:42:09,1056.05
sat,3,만취남녀,,846883,https://comic.naver.com/webtoon/list?titleId=846883&tab=sat,13646371,19금 만취남녀,19금 만취남녀 (총 26화/미완결),총 26화/미완결,26.0,미완결,금 금,평점 9.7 | 금 금 | 2026.06.12. | 총26화/미완결 | 21화 무료,https://series.naver.com/comic/detail.series?productNo=13646371,review_needed,not_found,"19금 만취남녀 (총 26화/미완결)
평점
9.7 | 금 금 | 2026.06.12. | 총26화/미완결 | 21화 무료",sat,1,sat,1,fri,sat,True,sat,토,fri,sat,13646371_sat,pre_release,오늘 밤 10시 새 회차 공개 전 기준값 수집,,,https://nid.naver.com/nidlogin.login?svctype=128&a_version=2&viewtype=1&url=http%3A%2F%2Fseries.naver.com%2Fcomic%2Fdetail.series%3FproductNo%3D13646371&surl=https%3A%2F%2Fseries.naver.com,20260814_172433,fri,금,2026-08-14 17:24:33,2026-08-14,17:24:33,2026-08-14 17:31:04,2026-08-14 17:31:18,14.58,2026-08-14 17:31:18,2026-08-14,17:31:18,2026-08-14 17:42:09,1056.05
sat,66,꽤애액,고래군,847483,https://comic.naver.com/webtoon/list?titleId=847483&tab=sat,13703619,꽤애액,꽤애액 (총 22화/미완결),총 22화/미완결,22.0,미완결,,,https://series.naver.com/comic/detail.series?productNo=13703619,matched,ok,"꽤애액 (총 22화/미완결)
평점
10.0 | 고래군 고래군 | 2026.06.05. | 총22화/미완결 | 17화 무료
썸타는 두 남녀 영수와 고란.하지만 고란의 정체를 알게 된 영수는 큰 혼란에 빠진다.둘의 사랑은 이뤄질 수 있을 것인가?",sat,1,sat,1,fri,sat,True,sat,토,fri,sat,13703619_sat,pre_release,오늘 밤 10시 새 회차 공개 전 기준값 수집,9.3만,93000.0,https://series.naver.com/comic/detail.series?productNo=13703619,20260814_172433,fri,금,2026-08-14 17:24:33,2026-08-14,17:24:33,2026-08-14 17:31:19,2026-08-14 17:31:22,2.54,2026-08-14 17:31:22,2026-08-14,17:31:22,2026-08-14 17:42:09,1056.05
sat,81,장인의 거리,kain_y,847612,https://comic.naver.com/webtoon/list?titleId=847612&tab=sat,13655146,장인의 거리,장인의 거리 (총 24화/미완결),총 24화/미완결,24.0,미완결,,,https://series.naver.com/comic/detail.series?productNo=13655146,matched,ok,"장인의 거리 (총 24화/미완결)
평점
9.9 | kain_y 호재 | 2026.06.05. | 총24화/미완결 | 17화 무료
부모님을 잃고 홀로 마왕군의 노예가 된 어린 '유타'.떠돌이 용사에게 구출 된 후, 장인의 거리로 향한다.파란만장한 용사의 동화에는 실리지 않은, 그들을 도왔던 대장장이들의 잊혀진 이야기.""장인의 거리의 오신 걸 환영합니..",sat,1,sat,1,fri,sat,True,sat,토,fri,sat,13655146_sat,pre_release,오늘 밤 10시 새 회차 공개 전 기준값 수집,22.8만,228000.0,https://series.naver.com/comic/detail.series?productNo=13655146,20260814_172433,fri,금,2026-08-14 17:24:33,2026-08-14,17:24:33,2026-08-14 17:31:24,2026-08-14 17:31:27,2.92,2026-08-14 17:31:27,2026-08-14,17:31:27,2026-08-14 17:42:09,1056.05
sat,93,용사 출연 마왕 연출,희또,847812,https://comic.naver.com/webtoon/list?titleId=847812&tab=sat,13736313,용사 출연 마왕 연출,용사 출연 마왕 연출 (총 24화/미완결),총 24화/미완결,24.0,미완결,,,https://series.naver.com/comic/detail.series?productNo=13736313,matched,ok,"용사 출연 마왕 연출 (총 24화/미완결)
평점
10.0 | 희또 희또 | 2026.06.05. | 총24화/미완결 | 19화 무료
도미니언 대륙을 위협하는 존재, 마왕 크라드.자신의 힘에 대항할 호적수와의 결전을 꿈꾸며 마왕성에 앉아 하염없이 용사들을 기다린다.그렇게 수천 년간 호적수를 기다리다 지쳐버린 크라드는 우연히 인간의 대중문화에 입..",sat,1,sat,1,fri,sat,True,sat,토,fri,sat,13736313_sat,pre_release,오늘 밤 10시 새 회차 공개 전 기준값 수집,22.3만,223000.0,https://series.naver.com/comic/detail.series?productNo=13736313,20260814_172433,fri,금,2026-08-14 17:24:33,2026-08-14,17:24:33,2026-08-14 17:31:28,2026-08-14 17:31:30,2.0,2026-08-14 17:31:30,2026-08-14,17:31:30,2026-08-14 17:42:09,1056.05
sat,101,사신님과 3년 계약,사쿠라다 린,847850,https://comic.naver.com/webtoon/list?titleId=847850&tab=sat,13740786,사신님과 3년 계약,사신님과 3년 계약 (총 21화/미완결),총 21화/미완결,21.0,미완결,,,https://series.naver.com/comic/detail.series?productNo=13740786,matched,ok,"사신님과 3년 계약 (총 21화/미완결)
평점
9.8 | 사쿠라다 린, 스야스야의 난 MONA | 2026.06.05. | 총21화/미완결 | 16화 무료
살 날이 얼마 남지 않은 병약한 스텔라 크라울리는 의붓 어머니와 의붓 동생에게 집을 빼앗길 위기에 처한다.하지만 죽기 직전, 갑자기 나타난 사신 리바이와 ‘수명을 3년 연장하는 계약’을 하게 된다.연명의 대가는 “그를 ..",sat,1,sat,1,fri,sat,True,sat,토,fri,sat,13740786_sat,pre_release,오늘 밤 10시 새 회차 공개 전 기준값 수집,7.2만,72000.0,https://series.naver.com/comic/detail.series?productNo=13740786,20260814_172433,fri,금,2026-08-14 17:24:33,2026-08-14,17:24:33,2026-08-14 17:31:31,2026-08-14 17:31:33,2.14,2026-08-14 17:31:33,2026-08-14,17:31:33,2026-08-14 17:42:09,1056.05
sat,114,빅 샤이닝,바리,847913,https://comic.naver.com/webtoon/list?titleId=847913&tab=sat,13750743,빅 샤이닝,빅 샤이닝 (총 22화/미완결),총 22화/미완결,22.0,미완결,,,https://series.naver.com/comic/detail.series?productNo=13750743,matched,ok,"빅 샤이닝 (총 22화/미완결)
평점
9.7 | 바리 바리 | 2026.06.05. | 총22화/미완결 | 17화 무료
단숨에 주목받게 된 유망주 ‘은도현’. 또래보다 빠른 성장과 뛰어난 실력은 환호보다 불편한 시선을 먼저 불러왔다. 눈치도, 사회성도 부족한 그는 팀 안에서 번번이 어긋난다. 잘하는 것 만으로는 부족한 세계. 재능이 빛날수..",sat,1,sat,1,fri,sat,True,sat,토,fri,sat,13750743_sat,pre_release,오늘 밤 10시 새 회차 공개 전 기준값 수집,11만,110000.0,https://series.naver.com/comic/detail.series?productNo=13750743,20260814_172433,fri,금,2026-08-14 17:24:33,2026-08-14,17:24:33,2026-08-14 17:31:35,2026-08-14 17:31:37,1.99,2026-08-14 17:31:37,2026-08-14,17:31:37,2026-08-14 17:42:09,1056.05
sat,43,마수 사냥꾼이 살아가는 법,버퍼링,848239,https://comic.naver.com/webtoon/list?titleId=848239&tab=sat,13779405,마수 사냥꾼이 살아가는 법,마수 사냥꾼이 살아가는 법 (총 21화/미완결),총 21화/미완결,21.0,미완결,,,https://series.naver.com/comic/detail.series?productNo=13779405,matched,ok,"마수 사냥꾼이 살아가는 법 (총 21화/미완결)
평점
9.6 | 쌍봉낙타3, 버퍼링 카멜레온F | 2026.06.05. | 총21화/미완결 | 16화 무료
12년 동안 정체 모를 악몽으로 인해 고통 받던 우진은갑작스러운 죽음을 맞이하게 되는데...그가 눈을 뜬 곳은 다름 아닌 악몽 속 세상, '마경'.그동안 갈고 닦은 실력으로 마수를 사냥하며 강해지는 우진은마수 사냥꾼으로서 새..",sat,1,sat,1,fri,sat,True,sat,토,fri,sat,13779405_sat,pre_release,오늘 밤 10시 새 회차 공개 전 기준값 수집,48.4만,484000.0,https://series.naver.com/comic/detail.series?productNo=13779405,20260814_172433,fri,금,2026-08-14 17:24:33,2026-08-14,17:24:33,2026-08-14 17:31:38,2026-08-14 17:31:41,2.9,2026-08-14 17:31:41,2026-08-14,17:31:41,2026-08-14 17:42:09,1056.05
sat,98,배고픈 새가 일찍 일어난다,세싸미,848896,https://comic.naver.com/webtoon/list?titleId=848896&tab=sat,13887764,배고픈 새가 일찍 일어난다,배고픈 새가 일찍 일어난다 (총 19화/미완결),총 19화/미완결,19.0,미완결,,,https://series.naver.com/comic/detail.series?productNo=13887764,matched,ok,"배고픈 새가 일찍 일어난다 (총 19화/미완결)
평점
10.0 | 세싸미 세싸미 | 2026.06.05. | 총19화/미완결 | 14화 무료
완벽주의자의 늪에 빠진 김새랑의 두 눈에 들어온 거슬리는 남자, 같은과 동기 백은재""아...얘 맘에 안드네?"" 첫만남 부터 삐걱삐걱... 얘랑 친해질 수 있을까?좋아하는 음식부터 취향까지 정반대인 미대생들의 풋풋한 먹방 로맨스",sat,1,sat,1,fri,sat,True,sat,토,fri,sat,13887764_sat,pre_release,오늘 밤 10시 새 회차 공개 전 기준값 수집,5.4만,54000.0,https://series.naver.com/comic/detail.series?productNo=13887764,20260814_172433,fri,금,2026-08-14 17:24:33,2026-08-14,17:24:33,2026-08-14 17:31:42,2026-08-14 17:31:44,2.59,2026-08-14 17:31:44,2026-08-14,17:31:44,2026-08-14 17:42:09,1056.05
sat,47,엄마는 남자만 좋아해,타리,848901,https://comic.naver.com/webtoon/list?titleId=848901&tab=sat,13890971,엄마는 남자만 좋아해,엄마는 남자만 좋아해 (총 16화/미완결),총 16화/미완결,16.0,미완결,,,https://series.naver.com/comic/detail.series?productNo=13890971,matched,ok,"엄마는 남자만 좋아해 (총 16화/미완결)
평점
9.3 | 타리 타리 | 2026.06.05. | 총16화/미완결 | 12화 무료
평생을 오빠와 차별받으며 살아온 주인공 안나희는 여전히 엄마의 사랑을 받고 싶다. 오빠가 결혼할 사람을 데려오며 엄마의 첫 번째가 될 수 있단 기대감에 차오르지만 예상치 못한 사람이 등장하는데...엄마와 나희와 새언니, ..",sat,1,sat,1,fri,sat,True,sat,토,fri,sat,13890971_sat,pre_release,오늘 밤 10시 새 회차 공개 전 기준값 수집,51.5만,515000.0,https://series.naver.com/comic/detail.series?productNo=13890971,20260814_172433,fri,금,2026-08-14 17:24:33,2026-08-14,17:24:33,2026-08-14 17:31:46,2026-08-14 17:31:48,1.93,2026-08-14 17:31:48,2026-08-14,17:31:48,2026-08-14 17:42:09,1056.05
sat,100,짝사랑 사생결단,만깍,849079,https://comic.naver.com/webtoon/list?titleId=849079&tab=sat,13913298,짝사랑 사생결단,짝사랑 사생결단 (총 16화/미완결),총 16화/미완결,16.0,미완결,,,https://series.naver.com/comic/detail.series?productNo=13913298,matched,ok,"짝사랑 사생결단 (총 16화/미완결)
평점
9.8 | 만깍 만깍 | 2026.06.05. | 총16화/미완결 | 11화 무료
간절했던 엄마의 손, 간절했던 결승선과 메달.현여의 사랑은 언제나 돌려받지 못한다.짝사랑 범벅인 인생에서 단 하나 믿을 구석이었던 그 애, 한요준.그 애마저 기어코 간절한 짝사랑의 대상이 돼버렸을 때, 더는 견딜 수가 없..",sat,1,sat,1,fri,sat,True,sat,토,fri,sat,13913298_sat,pre_release,오늘 밤 10시 새 회차 공개 전 기준값 수집,8.5만,85000.0,https://series.naver.com/comic/detail.series?productNo=13913298,20260814_172433,fri,금,2026-08-14 17:24:33,2026-08-14,17:24:33,2026-08-14 17:31:49,2026-08-14 17:31:52,2.56,2026-08-14 17:31:52,2026-08-14,17:31:52,2026-08-14 17:42:09,1056.05
sat,107,행운의 여신,허니비,849092,https://comic.naver.com/webtoon/list?titleId=849092&tab=sat,13970367,행운의 여신,행운의 여신 (총 14화/미완결),총 14화/미완결,14.0,미완결,,,https://series.naver.com/comic/detail.series?productNo=13970367,matched,ok,"행운의 여신 (총 14화/미완결)
평점
10.0 | 허니비 남우리 | 2026.06.05. | 총14화/미완결 | 9화 무료
만년 전교 2등이던 지윤에게 어느날 행운의 노트가 찾아왔다. 그 노트는 1등이라는 행운을 주었지만, 그로 인해 평화로운 일상이 온통 흐트러져 버린다. 공부에 집중하기 위해서는 그 기묘한 문제들을 해결해야만 한다. 그 엉망..",sat,1,sat,1,fri,sat,True,sat,토,fri,sat,13970367_sat,pre_release,오늘 밤 10시 새 회차 공개 전 기준값 수집,5.5만,55000.0,https://series.naver.com/comic/detail.series?productNo=13970367,20260814_172433,fri,금,2026-08-14 17:24:33,2026-08-14,17:24:33,2026-08-14 17:31:52,2026-08-14 17:31:55,2.27,2026-08-14 17:31:55,2026-08-14,17:31:55,2026-08-14 17:42:09,1056.05
sat,57,남편 도둑,알파타르트,849266,https://comic.naver.com/webtoon/list?titleId=849266&tab=sat,13934899,남편 도둑,남편 도둑 (총 21화/미완결),총 21화/미완결,21.0,미완결,,,https://series.naver.com/comic/detail.series?productNo=13934899,matched,ok,"남편 도둑 (총 21화/미완결)
평점
9.7 | 알파타르트 검푸 | 2026.06.05. | 총21화/미완결 | 11화 무료
재산을 상속받기 위해 반드시 결혼해야만 하는 클래이시는 나이 차이도 별로 나지 않는 조카 메런의 훼방으로 번번이 연애 할 기회를 놓치다 운명처럼 만난 남자와 진정한 사랑 끝에 결혼에 이르게 된다.행복한 신혼생활 중 이..",sat,1,sat,1,fri,sat,True,sat,토,fri,sat,13934899_sat,pre_release,오늘 밤 10시 새 회차 공개 전 기준값 수집,69.9만,699000.0,https://series.naver.com/comic/detail.series?productNo=13934899,20260814_172433,fri,금,2026-08-14 17:24:33,2026-08-14,17:24:33,2026-08-14 17:31:56,2026-08-14 17:31:59,2.35,2026-08-14 17:31:59,2026-08-14,17:31:59,2026-08-14 17:42:09,1056.05
sat,91,불량순정,김수박,849365,https://comic.naver.com/webtoon/list?titleId=849365&tab=sat,13971615,불량순정,불량순정 (총 14화/미완결),총 14화/미완결,14.0,미완결,,,https://series.naver.com/comic/detail.series?productNo=13971615,matched,ok,"불량순정 (총 14화/미완결)
평점
9.7 | 김수박 쌍필 | 2026.06.05. | 총14화/미완결 | 8화 무료
첫사랑은 다정한 게 아니라, 그냥 아무에게나 잘해주는 사람이었다.그래서 이번엔 안 속으려고 했다. 두 번째로 엮인 남자는 더 노골적이니까.사람 다루는 게 능숙하고, 관심도 애정도 적당히 나눠 쓰는… 또 어장남!근데 이상..",sat,1,sat,1,fri,sat,True,sat,토,fri,sat,13971615_sat,pre_release,오늘 밤 10시 새 회차 공개 전 기준값 수집,27만,270000.0,https://series.naver.com/comic/detail.series?productNo=13971615,20260814_172433,fri,금,2026-08-14 17:24:33,2026-08-14,17:24:33,2026-08-14 17:32:00,2026-08-14 17:32:03,2.73,2026-08-14 17:32:03,2026-08-14,17:32:03,2026-08-14 17:42:09,1056.05
sat,74,고교야구 타이쿤,박대혁,849538,https://comic.naver.com/webtoon/list?titleId=849538&tab=sat,13991372,고교야구 타이쿤,고교야구 타이쿤 (총 16화/미완결),총 16화/미완결,16.0,미완결,,,https://series.naver.com/comic/detail.series?productNo=13991372,matched,ok,"고교야구 타이쿤 (총 16화/미완결)
평점
9.6 | 박대혁 박대혁 | 2026.06.05. | 총16화/미완결 | 11화 무료
프로야구 유니콘즈의 스카우터로 활동한 서도영은 성적 부진으로 팀이 해체가 된 후 백수가 된다. 그녀의 앞에 나타난 정체불명의 앱 [고교야구 타이쿤] 서도영은 앱을 사용하여 꼴찌였던 청일고교를 전국 최강으로 만들려고 ..",sat,1,sat,1,fri,sat,True,sat,토,fri,sat,13991372_sat,pre_release,오늘 밤 10시 새 회차 공개 전 기준값 수집,14.5만,145000.0,https://series.naver.com/comic/detail.series?productNo=13991372,20260814_172433,fri,금,2026-08-14 17:24:33,2026-08-14,17:24:33,2026-08-14 17:32:04,2026-08-14 17:32:06,2.01,2026-08-14 17:32:06,2026-08-14,17:32:06,2026-08-14 17:42:09,1056.05
sat,51,로도스도 전기 : 사령의 여왕,남부낙타,849587,https://comic.naver.com/webtoon/list?titleId=849587&tab=sat,13998120,로도스도 전기 : 사령의 여왕,로도스도 전기 : 사령의 여왕 (총 10화/미완결),총 10화/미완결,10.0,미완결,,,https://series.naver.com/comic/detail.series?productNo=13998120,matched,ok,"로도스도 전기 : 사령의 여왕 (총 10화/미완결)
평점
10.0 | 남부낙타, Ryo MIZUNO Blanton | 2026.06.05. | 총10화/미완결 | 7화 무료
카스툴의 피를 이은 사령술사 넥트렐라. 그의 손에 붙잡힌 연인을 되찾기 위해, 광전사 테인은 목숨을 건 싸움에 뛰어든다.",sat,1,sat,1,fri,sat,True,sat,토,fri,sat,13998120_sat,pre_release,오늘 밤 10시 새 회차 공개 전 기준값 수집,4.5만,45000.0,https://series.naver.com/comic/detail.series?productNo=13998120,20260814_172433,fri,금,2026-08-14 17:24:33,2026-08-14,17:24:33,2026-08-14 17:32:07,2026-08-14 17:32:10,2.47,2026-08-14 17:32:10,2026-08-14,17:32:10,2026-08-14 17:42:09,1056.05
sat,121,백 킥!,최 강,849881,https://comic.naver.com/webtoon/list?titleId=849881&tab=sat,14042630,백 킥!,백 킥! (총 11화/미완결),총 11화/미완결,11.0,미완결,,,https://series.naver.com/comic/detail.series?productNo=14042630,matched,ok,"백 킥! (총 11화/미완결)
평점
10.0 | 최 강 최 강 | 2026.06.05. | 총11화/미완결 | 6화 무료
""일반부에서 뛰는 청각장애인 선수라고?""선배의 괴롭힘에 태권도를 그만둔 남 건과 소리를 듣지 못하는 천재 선수 강이토. 상처투성이 소년들은 다시 정상에 설 수 있을까?",sat,1,sat,1,fri,sat,True,sat,토,fri,sat,14042630_sat,pre_release,오늘 밤 10시 새 회차 공개 전 기준값 수집,5.4만,54000.0,https://series.naver.com/comic/detail.series?productNo=14042630,20260814_172433,fri,금,2026-08-14 17:24:33,2026-08-14,17:24:33,2026-08-14 17:32:11,2026-08-14 17:32:13,2.17,2026-08-14 17:32:13,2026-08-14,17:32:13,2026-08-14 17:42:09,1056.05
sat,64,안녕 아기,호호,849928,https://comic.naver.com/webtoon/list?titleId=849928&tab=sat,14061097,안녕 아기,안녕 아기 (총 11화/미완결),총 11화/미완결,11.0,미완결,,,https://series.naver.com/comic/detail.series?productNo=14061097,matched,ok,"안녕 아기 (총 11화/미완결)
평점
10.0 | 호호 호호 | 2026.06.05. | 총11화/미완결 | 8화 무료
만화와 게임이 좋은 오타쿠 엄마와 예민한 아빠, 그리고 호시탐탐 아기 간식을 노리는 시바견과 염세적인 육아 선배 믹스견까지!육아와 거리가 먼 이들에게 아기가 찾아오면서 인생의 두 번째 페이즈가 시작되었다.",sat,1,sat,1,fri,sat,True,sat,토,fri,sat,14061097_sat,pre_release,오늘 밤 10시 새 회차 공개 전 기준값 수집,5.1만,51000.0,https://series.naver.com/comic/detail.series?productNo=14061097,20260814_172433,fri,금,2026-08-14 17:24:33,2026-08-14,17:24:33,2026-08-14 17:32:14,2026-08-14 17:32:17,2.27,2026-08-14 17:32:17,2026-08-14,17:32:17,2026-08-14 17:42:09,1056.05
thu,54,사회초년캣,잇선,850237,https://comic.naver.com/webtoon/list?titleId=850237&tab=thu,14110481,사회초년캣,사회초년캣 (총 15화/미완결),총 15화/미완결,15.0,미완결,,,https://series.naver.com/comic/detail.series?productNo=14110481,matched,ok,"사회초년캣 (총 15화/미완결)
평점
10.0 | 잇선 잇선 | 2026.06.05. | 총15화/미완결 | 10화 무료
냐냐냐냥 냐냐냐냐냥냐냐냥냐냐냥 냐냐냥 냐냐냥냐냐냥(인간 사회에 적응해 볼게요)","thu,sat",2,"thu,sat",2,"wed,fri","thu,sat",True,sat,토,fri,sat,14110481_sat,pre_release,오늘 밤 10시 새 회차 공개 전 기준값 수집,6.4만,64000.0,https://series.naver.com/comic/detail.series?productNo=14110481,20260814_172433,fri,금,2026-08-14 17:24:33,2026-08-14,17:24:33,2026-08-14 17:32:18,2026-08-14 17:32:21,2.34,2026-08-14 17:32:21,2026-08-14,17:32:21,2026-08-14 17:42:09,1056.05
sat,60,드블리와 힐링합니다.,지대공마법소년,850505,https://comic.naver.com/webtoon/list?titleId=850505&tab=sat,14130181,드블리와 힐링합니다.,드블리와 힐링합니다. (총 10화/미완결),총 10화/미완결,10.0,미완결,,,https://series.naver.com/comic/detail.series?productNo=14130181,matched,ok,"드블리와 힐링합니다. (총 10화/미완결)
평점
9.6 | fides 지원 | 2026.06.05. | 총10화/미완결 | 4화 무료
평범한 직장인 시현의 몸으로 전생한 드루이드 테오필로.과로로 사망한 시현의 몸을 위해 요양차 내려온 시골 마을에서드루이드의 힘으로 힐링 라이프를 시작한다.",sat,1,sat,1,fri,sat,True,sat,토,fri,sat,14130181_sat,pre_release,오늘 밤 10시 새 회차 공개 전 기준값 수집,52.8만,528000.0,https://series.naver.com/comic/detail.series?productNo=14130181,20260814_172433,fri,금,2026-08-14 17:24:33,2026-08-14,17:24:33,2026-08-14 17:32:22,2026-08-14 17:32:24,2.56,2026-08-14 17:32:24,2026-08-14,17:32:24,2026-08-14 17:42:09,1056.05
sat,40,무무무,박용제,850649,https://comic.naver.com/webtoon/list?titleId=850649&tab=sat,14151581,무무무,무무무 (총 10화/미완결),총 10화/미완결,10.0,미완결,,,https://series.naver.com/comic/detail.series?productNo=14151581,matched,ok,"무무무 (총 10화/미완결)
평점
9.4 | 박용제, 픞2 박용제 | 2026.06.05. | 총10화/미완결 | 4화 무료
만년에 한번 태어나는 '천마'동시대에 태어난 두명의 천재. 이중에 천마는 과연 누구?그리고 이 둘은 동료일까 적일까? 본격 전통 무협의 효시! 무협.무협.무협!",sat,1,sat,1,fri,sat,True,sat,토,fri,sat,14151581_sat,pre_release,오늘 밤 10시 새 회차 공개 전 기준값 수집,42.1만,421000.0,https://series.naver.com/comic/detail.series?productNo=14151581,20260814_172433,fri,금,2026-08-14 17:24:33,2026-08-14,17:24:33,2026-08-14 17:32:26,2026-08-14 17:32:29,2.85,2026-08-14 17:32:29,2026-08-14,17:32:29,2026-08-14 17:42:09,1056.05
sat,106,스트레이 불렛,모카개,850708,https://comic.naver.com/webtoon/list?titleId=850708&tab=sat,14162094,스트레이 불렛,스트레이 불렛 (총 8화/미완결),총 8화/미완결,8.0,미완결,,,https://series.naver.com/comic/detail.series?productNo=14162094,matched,ok,"스트레이 불렛 (총 8화/미완결)
평점
10.0 | 모카개 모카개 | 2026.06.05. | 총8화/미완결 | 3화 무료
“지금 가족끼리 뭐 하는 거야, 새X야.”살인 청부 조직 <노덴 컴퍼니>. 그 내부에 잠입한 신입 경찰, 김은호.그는 운 좋게 조직의 에이스 킬러 태이의 직속 후임이 되어 살아남는다. 이태이는 김은호의 숨겨진 재능을 알아보고 ..",sat,1,sat,1,fri,sat,True,sat,토,fri,sat,14162094_sat,pre_release,오늘 밤 10시 새 회차 공개 전 기준값 수집,2.8만,28000.0,https://series.naver.com/comic/detail.series?productNo=14162094,20260814_172433,fri,금,2026-08-14 17:24:33,2026-08-14,17:24:33,2026-08-14 17:32:30,2026-08-14 17:32:33,2.38,2026-08-14 17:32:33,2026-08-14,17:32:33,2026-08-14 17:42:09,1056.05
sat,69,예쁜 개차반,박로세,850885,https://comic.naver.com/webtoon/list?titleId=850885&tab=sat,14178960,예쁜 개차반,예쁜 개차반 (총 9화/미완결),총 9화/미완결,9.0,미완결,,,https://series.naver.com/comic/detail.series?productNo=14178960,matched,ok,"예쁜 개차반 (총 9화/미완결)
평점
10.0 | 박로세, LEE LEE | 2026.06.05. | 총9화/미완결 | 3화 무료
자신을 길러준 할머니와 행복하게 사는 것만이 꿈인 용희에게""용~! 대가리! 빨리 안오냐?!"" 자신을 '용 대가리' 라고 부르는 개차반이 하나 생겼다.생긴 건 이쁘게 생겨놓고 입만 열면 밉상인 찬영은타고난 개차반력으로 용희..",sat,1,sat,1,fri,sat,True,sat,토,fri,sat,14178960_sat,pre_release,오늘 밤 10시 새 회차 공개 전 기준값 수집,32.1만,321000.0,https://series.naver.com/comic/detail.series?productNo=14178960,20260814_172433,fri,금,2026-08-14 17:24:33,2026-08-14,17:24:33,2026-08-14 17:32:34,2026-08-14 17:32:36,2.23,2026-08-14 17:32:36,2026-08-14,17:32:36,2026-08-14 17:42:09,1056.05
sat,92,결혼파행,한지,850960,https://comic.naver.com/webtoon/list?titleId=850960&tab=sat,14192920,결혼파행,결혼파행 (총 6화/미완결),총 6화/미완결,6.0,미완결,,,https://series.naver.com/comic/detail.series?productNo=14192920,matched,ok,"결혼파행 (총 6화/미완결)
평점
10.0 | 한지 | 2026.06.05. | 총6화/미완결 | 1화 무료
10년을 만난 연인이 다른 여자와 결혼을 한다. 하지만 우린 이별하지도 않는다. 이게 맞아?이 상황에 절망하는 '효림' 앞에 도움을 주겠다는 정체불명의 남자가 나타난다.이 수상한 남자는 누구이며, 효림은 연인의 결혼을 막을..",sat,1,sat,1,fri,sat,True,sat,토,fri,sat,14192920_sat,pre_release,오늘 밤 10시 새 회차 공개 전 기준값 수집,8.2만,82000.0,https://series.naver.com/comic/detail.series?productNo=14192920,20260814_172433,fri,금,2026-08-14 17:24:33,2026-08-14,17:24:33,2026-08-14 17:32:38,2026-08-14 17:32:41,2.65,2026-08-14 17:32:41,2026-08-14,17:32:41,2026-08-14 17:42:09,1056.05
sat,70,결혼 청약 당첨,권계림,851265,https://comic.naver.com/webtoon/list?titleId=851265&tab=sat,14354988,결혼 청약 당첨,결혼 청약 당첨 (총 6화/미완결),총 6화/미완결,6.0,미완결,권계림 대니 서,평점 9.9 | 권계림 대니 서 | 2026.06.26. | 총6화/미완결 | 1화 무료,https://series.naver.com/comic/detail.series?productNo=14354988,matched,ok,"결혼 청약 당첨 (총 6화/미완결)
평점
9.9 | 권계림 대니 서 | 2026.06.26. | 총6화/미완결 | 1화 무료
프리랜서지만 로또 청약에 당첨되어 아파트를 소유하게 된 '진리연'. 그래도 결혼을 앞두고 있어 신혼부부 대출만 받으면 될 줄 알았는데.... 남친이 바람피우는 현장을 목격해 버린다. 파혼해야 하는 건 알지만 그렇다고 일생일..",sat,1,sat,1,fri,sat,True,sat,토,fri,sat,14354988_sat,pre_release,오늘 밤 10시 새 회차 공개 전 기준값 수집,14.4만,144000.0,https://series.naver.com/comic/detail.series?productNo=14354988,20260814_172433,fri,금,2026-08-14 17:24:33,2026-08-14,17:24:33,2026-08-14 17:32:42,2026-08-14 17:32:44,2.6,2026-08-14 17:32:44,2026-08-14,17:32:44,2026-08-14 17:42:09,1056.05
tue,11,동생 왔다,모나,851503,https://comic.naver.com/webtoon/list?titleId=851503&tab=tue,14264185,동생 왔다,동생 왔다 (총 6화/미완결),총 6화/미완결,6.0,미완결,모나,평점 10.0 | 모나 | 2026.06.15. | 총6화/미완결 | 1화 무료,https://series.naver.com/comic/detail.series?productNo=14264185,matched,ok,"동생 왔다 (총 6화/미완결)
평점
10.0 | 모나 | 2026.06.15. | 총6화/미완결 | 1화 무료
오빠보다 더한 여동생이 나타났다.리얼 자매 이야기, 진짜 동생이 왔다!","tue,sat",2,"tue,sat",2,"mon,fri","tue,sat",True,sat,토,fri,sat,14264185_sat,pre_release,오늘 밤 10시 새 회차 공개 전 기준값 수집,6만,60000.0,https://series.naver.com/comic/detail.series?productNo=14264185,20260814_172433,fri,금,2026-08-14 17:24:33,2026-08-14,17:24:33,2026-08-14 17:32:45,2026-08-14 17:32:48,2.24,2026-08-14 17:32:48,2026-08-14,17:32:48,2026-08-14 17:42:09,1056.05
sat,38,정권으로 세계최강,레블스튜디오,851800,https://comic.naver.com/webtoon/list?titleId=851800&tab=sat,14319936,정권으로 세계최강,정권으로 세계최강 (총 6화/미완결),총 6화/미완결,6.0,미완결,"레블스튜디오, 유승원 누이","평점 9.3 | 레블스튜디오, 유승원 누이 | 2026.06.19. | 총6화/미완결 | 1화 무료",https://series.naver.com/comic/detail.series?productNo=14319936,matched,ok,"정권으로 세계최강 (총 6화/미완결)
평점
9.3 | 레블스튜디오, 유승원 누이 | 2026.06.19. | 총6화/미완결 | 1화 무료
아버지의 복수를 위해 10년간 폐관 수련에 들어간 진권.마침내 하산한 그를 기다리고 있던 건,원수가 아닌 낯선 세상이었다.무림은 사라지고, 스킬이 지배하는 판타지 세상으로 변해버렸다.그런 세상에서 주먹과 도복 뿐인 진..",sat,1,sat,1,fri,sat,True,sat,토,fri,sat,14319936_sat,pre_release,오늘 밤 10시 새 회차 공개 전 기준값 수집,23.2만,232000.0,https://series.naver.com/comic/detail.series?productNo=14319936,20260814_172433,fri,금,2026-08-14 17:24:33,2026-08-14,17:24:33,2026-08-14 17:32:49,2026-08-14 17:32:52,2.21,2026-08-14 17:32:52,2026-08-14,17:32:52,2026-08-14 17:42:09,1056.05
sat,71,쌍둥이에게 아내 자리를 빼앗겼다,해민,852058,https://comic.naver.com/webtoon/list?titleId=852058&tab=sat,14359543,쌍둥이에게 아내 자리를 빼앗겼다 [독점],쌍둥이에게 아내 자리를 빼앗겼다 [독점] (총 6화/미완결),총 6화/미완결,6.0,미완결,"해민, 단구름·불랄리 자라개","평점 9.6 | 해민, 단구름·불랄리 자라개 | 2026.07.03. | 총6화/미완결 | 1화 무료",https://series.naver.com/comic/detail.series?productNo=14359543,matched,ok,"쌍둥이에게 아내 자리를 빼앗겼다 [독점] (총 6화/미완결)
평점
9.6 | 해민, 단구름·불랄리 자라개 | 2026.07.03. | 총6화/미완결 | 1화 무료
쌍둥이 동생과 남편의 계략으로 동생과 신분을 바꿔치기 당한 마리엔느.그리고 죽은 줄 알았던 동생의 남편과 함께 모든 걸 되돌려놓고자 하는 복수 로맨스물.",sat,1,sat,1,fri,sat,True,sat,토,fri,sat,14359543_sat,pre_release,오늘 밤 10시 새 회차 공개 전 기준값 수집,10.6만,106000.0,https://series.naver.com/comic/detail.series?productNo=14359543,20260814_172433,fri,금,2026-08-14 17:24:33,2026-08-14,17:24:33,2026-08-14 17:32:53,2026-08-14 17:32:56,2.91,2026-08-14 17:32:56,2026-08-14,17:32:56,2026-08-14 17:42:09,1056.05
sat,46,데스루프,,852086,https://comic.naver.com/webtoon/list?titleId=852086&tab=sat,14366954,데스루프,데스루프 (총 6화/미완결),총 6화/미완결,6.0,미완결,은삼 은삼,평점 8.3 | 은삼 은삼 | 2026.06.26. | 총6화/미완결 | 1화 무료,https://series.naver.com/comic/detail.series?productNo=14366954,review_needed,not_found,"데스루프 (총 6화/미완결)
평점
8.3 | 은삼 은삼 | 2026.06.26. | 총6화/미완결 | 1화 무료
정신을 차려 보니 지하 창고에 갇힌 주인공 홍연화.연화는 자신을 가둔 남성에게 여러 번 끔찍한 죽음을 맞이하지만, 계속해서 시간이 반복된다.겨우 그곳을 빠져나오지만 그녀 앞에 마주한 것은 끔찍하게 생긴 괴물.과연 그녀..",sat,1,sat,1,fri,sat,True,sat,토,fri,sat,14366954_sat,pre_release,오늘 밤 10시 새 회차 공개 전 기준값 수집,,,https://nid.naver.com/nidlogin.login?svctype=128&a_version=2&viewtype=1&url=http%3A%2F%2Fseries.naver.com%2Fcomic%2Fdetail.series%3FproductNo%3D14366954&surl=https%3A%2F%2Fseries.naver.com,20260814_172433,fri,금,2026-08-14 17:24:33,2026-08-14,17:24:33,2026-08-14 17:32:58,2026-08-14 17:33:14,16.12,2026-08-14 17:33:14,2026-08-14,17:33:14,2026-08-14 17:42:09,1056.05
sat,103,"다시, 순정퀘스트",이온도,852275,https://comic.naver.com/webtoon/list?titleId=852275&tab=sat,14435263,"다시, 순정퀘스트","다시, 순정퀘스트 (총 6화/미완결)",총 6화/미완결,6.0,미완결,이온도,평점 10.0 | 이온도 | 2026.07.24. | 총6화/미완결 | 1화 무료,https://series.naver.com/comic/detail.series?productNo=14435263,matched,ok,"다시, 순정퀘스트 (총 6화/미완결)
평점
10.0 | 이온도 | 2026.07.24. | 총6화/미완결 | 1화 무료
5년간 게임으로만 만난 비대면 커플 ‘나하나’와 ‘송두리’. 첫 현실 만남과 동시에 서로 사랑의 온도 차를 느끼고 초고속으로 헤어진다! 그런데 헤어졌는데 왜 설레지? 마음은 〈환승연애〉인데 연애 경험치는 〈모태솔로..",sat,1,sat,1,fri,sat,True,sat,토,fri,sat,14435263_sat,pre_release,오늘 밤 10시 새 회차 공개 전 기준값 수집,5.1천,5100.0,https://series.naver.com/comic/detail.series?productNo=14435263,20260814_172433,fri,금,2026-08-14 17:24:33,2026-08-14,17:24:33,2026-08-14 17:33:15,2026-08-14 17:33:20,5.22,2026-08-14 17:33:20,2026-08-14,17:33:20,2026-08-14 17:42:09,1056.05
sat,37,블랙 옵스,신진우,852377,https://comic.naver.com/webtoon/list?titleId=852377&tab=sat,14394451,블랙 옵스,블랙 옵스 (총 6화/미완결),총 6화/미완결,6.0,미완결,신진우 홍순식,평점 10.0 | 신진우 홍순식 | 2026.07.10. | 총6화/미완결 | 1화 무료,https://series.naver.com/comic/detail.series?productNo=14394451,matched,ok,"블랙 옵스 (총 6화/미완결)
평점
10.0 | 신진우 홍순식 | 2026.07.10. | 총6화/미완결 | 1화 무료
최악의 테러 조직 소탕 작전 이후, 세상에서 사라진 휴대용 핵무기 10기. 수년 뒤, 그 핵무기들이 아시아를 전쟁으로 몰아넣을 거대한 음모와 연결되어 있다는 사실이 드러난다. 핵전쟁을 막기 위해 소집된 두 사람. 국정원 최..",sat,1,sat,1,fri,sat,True,sat,토,fri,sat,14394451_sat,pre_release,오늘 밤 10시 새 회차 공개 전 기준값 수집,3.4만,34000.0,https://series.naver.com/comic/detail.series?productNo=14394451,20260814_172433,fri,금,2026-08-14 17:24:33,2026-08-14,17:24:33,2026-08-14 17:33:21,2026-08-14 17:33:24,2.17,2026-08-14 17:33:24,2026-08-14,17:33:24,2026-08-14 17:42:09,1056.05
sat,61,오싹한 연애,꼉,852570,https://comic.naver.com/webtoon/list?titleId=852570&tab=sat,14440360,오싹한 연애,오싹한 연애 (총 6화/미완결),총 6화/미완결,6.0,미완결,꼉 키무,평점 10.0 | 꼉 키무 | 2026.07.17. | 총6화/미완결 | 1화 무료,https://series.naver.com/comic/detail.series?productNo=14440360,matched,ok,"오싹한 연애 (총 6화/미완결)
평점
10.0 | 꼉 키무 | 2026.07.17. | 총6화/미완결 | 1화 무료
완벽한 재벌 상속녀 천여리. 손이 닿는 사람까지 귀신을 보게 만드는 저주를 지녔다.시신 유기 현장에서 엮인 열혈 검사 마강욱은 여리의 '실수' 한 번으로 귀신이 보게 되는데…귀신을 막으려면 밀착, 정체를 숨기려면 위장 약..",sat,1,sat,1,fri,sat,True,sat,토,fri,sat,14440360_sat,pre_release,오늘 밤 10시 새 회차 공개 전 기준값 수집,3.3만,33000.0,https://series.naver.com/comic/detail.series?productNo=14440360,20260814_172433,fri,금,2026-08-14 17:24:33,2026-08-14,17:24:33,2026-08-14 17:33:25,2026-08-14 17:33:27,2.17,2026-08-14 17:33:27,2026-08-14,17:33:27,2026-08-14 17:42:09,1056.05
sat,88,나랑 같이살아,수현,853327,https://comic.naver.com/webtoon/list?titleId=853327&tab=sat,14536909,나랑 같이살아,나랑 같이살아 (총 6화/미완결),총 6화/미완결,6.0,미완결,수현 수현,평점 10.0 | 수현 수현 | 2026.08.07. | 총6화/미완결 | 1화 무료,https://series.naver.com/comic/detail.series?productNo=14536909,matched,ok,"나랑 같이살아 (총 6화/미완결)
평점
10.0 | 수현 수현 | 2026.08.07. | 총6화/미완결 | 1화 무료
사랑하는 가족과 이별한 순간, 고양이 하루는 입양되기 전 어린 시절로 돌아온다.자신을 아직 모르는 엄마 소원을 다시 만나기 위해 기억 속 집을 향해 길을 나서지만, 사람의 말도 길도 알 수 없는 작은 고양이에게 세상은 너..",sat,1,sat,1,fri,sat,True,sat,토,fri,sat,14536909_sat,pre_release,오늘 밤 10시 새 회차 공개 전 기준값 수집,1.1만,11000.0,https://series.naver.com/comic/detail.series?productNo=14536909,20260814_172433,fri,금,2026-08-14 17:24:33,2026-08-14,17:24:33,2026-08-14 17:33:29,2026-08-14 17:33:31,2.68,2026-08-14 17:33:31,2026-08-14,17:33:31,2026-08-14 17:42:09,1056.05
fri,3,외모지상주의,박태준,641253,https://comic.naver.com/webtoon/list?titleId=641253&tab=fri,2184735,외모지상주의,외모지상주의 (총 610화/미완결),총 610화/미완결,610.0,미완결,,,https://series.naver.com/comic/detail.series?productNo=2184735,matched,ok,"외모지상주의 (총 610화/미완결)
평점
8.7 | 박태준 박태준 | 2026.06.04. | 총610화/미완결 | 603화 무료
어느날 그에게 일어난 기적같은 일",fri,1,fri,1,thu,fri,True,fri,금,thu,fri,2184735_fri,post_24h,어제 밤 10시 공개 이후 증가분 확인용 수집,"2억 8,251만",200000000.0,https://series.naver.com/comic/detail.series?productNo=2184735,20260814_172433,fri,금,2026-08-14 17:24:33,2026-08-14,17:24:33,2026-08-14 17:33:33,2026-08-14 17:33:35,2.38,2026-08-14 17:33:35,2026-08-14,17:33:35,2026-08-14 17:42:09,1056.05
fri,82,몽홀,장태산,644112,https://comic.naver.com/webtoon/list?titleId=644112&tab=fri,1709178,몽홀,몽홀 (총 556화/미완결),총 556화/미완결,556.0,미완결,,,https://series.naver.com/comic/detail.series?productNo=1709178,matched,ok,"몽홀 (총 556화/미완결)
평점
9.7 | 장태산 장태산 | 2026.06.03. | 총556화/미완결 | 전화 무료
차갑고 척박한 땅 몽홀,그 곳에서 펼쳐지는 감동의 대서사시",fri,1,fri,1,thu,fri,True,fri,금,thu,fri,1709178_fri,post_24h,어제 밤 10시 공개 이후 증가분 확인용 수집,26.5만,265000.0,https://series.naver.com/comic/detail.series?productNo=1709178,20260814_172433,fri,금,2026-08-14 17:24:33,2026-08-14,17:24:33,2026-08-14 17:33:37,2026-08-14 17:33:40,2.39,2026-08-14 17:33:40,2026-08-14,17:33:40,2026-08-14 17:42:09,1056.05
fri,16,1초,시니,725586,https://comic.naver.com/webtoon/list?titleId=725586&tab=fri,4031207,1초,1초 (총 358화/미완결),총 358화/미완결,358.0,미완결,,,https://series.naver.com/comic/detail.series?productNo=4031207,matched,ok,"1초 (총 358화/미완결)
평점
9.9 | 시니 광운 | 2026.06.04. | 총358화/미완결 | 353화 무료
구조율 100%의 전설적인 소방관그의 특별한 능력은 무엇인가",fri,1,fri,1,thu,fri,True,fri,금,thu,fri,4031207_fri,post_24h,어제 밤 10시 공개 이후 증가분 확인용 수집,"3,950만",39500000.0,https://series.naver.com/comic/detail.series?productNo=4031207,20260814_172433,fri,금,2026-08-14 17:24:33,2026-08-14,17:24:33,2026-08-14 17:33:41,2026-08-14 17:33:43,2.88,2026-08-14 17:33:43,2026-08-14,17:33:43,2026-08-14 17:42:09,1056.05
fri,111,합법해적 파르페,뼈피살,729036,https://comic.naver.com/webtoon/list?titleId=729036&tab=fri,4238095,합법해적 파르페,합법해적 파르페 (총 254화/미완결),총 254화/미완결,254.0,미완결,,,https://series.naver.com/comic/detail.series?productNo=4238095,matched,ok,"합법해적 파르페 (총 254화/미완결)
평점
10.0 | 뼈피살 뼈피살 | 2026.06.04. | 총254화/미완결 | 249화 무료
비범한 공주님 파르페의 신묘한 모험 판타지",fri,1,fri,1,thu,fri,True,fri,금,thu,fri,4238095_fri,post_24h,어제 밤 10시 공개 이후 증가분 확인용 수집,98.4만,984000.0,https://series.naver.com/comic/detail.series?productNo=4238095,20260814_172433,fri,금,2026-08-14 17:24:33,2026-08-14,17:24:33,2026-08-14 17:33:45,2026-08-14 17:33:48,2.47,2026-08-14 17:33:48,2026-08-14,17:33:48,2026-08-14 17:42:09,1056.05
fri,5,상남자,하늘소,751168,https://comic.naver.com/webtoon/list?titleId=751168&tab=fri,5350583,상남자 [독점],상남자 [독점] (총 267화/미완결),총 267화/미완결,267.0,미완결,,,https://series.naver.com/comic/detail.series?productNo=5350583,matched,ok,"상남자 [독점] (총 267화/미완결)
평점
9.9 | 김태궁, 하늘소 도가도 | 2026.06.04. | 총267화/미완결 | 262화 무료
일개 셀러리맨으로 시작해 오로지 성공만을 바라보며 기업 최고의 자리까지 올랐지만, 그 대가로 사랑하던 모든이를 잃어 버린 주인공 한유현. 어느 날 모든 것의 시작이 되었던 젊은 시절의 그때로 돌아가게 되는데....모든 것..",fri,1,fri,1,thu,fri,True,fri,금,thu,fri,5350583_fri,post_24h,어제 밤 10시 공개 이후 증가분 확인용 수집,"3,266만",32660000.0,https://series.naver.com/comic/detail.series?productNo=5350583,20260814_172433,fri,금,2026-08-14 17:24:33,2026-08-14,17:24:33,2026-08-14 17:33:49,2026-08-14 17:33:51,2.3,2026-08-14 17:33:51,2026-08-14,17:33:51,2026-08-14 17:42:09,1056.05
fri,113,백년게임,하람,751999,https://comic.naver.com/webtoon/list?titleId=751999&tab=fri,5381950,백년게임,백년게임 (총 314화/미완결),총 314화/미완결,314.0,미완결,,,https://series.naver.com/comic/detail.series?productNo=5381950,matched,ok,"백년게임 (총 314화/미완결)
평점
8.9 | 하람 지야 | 2026.06.04. | 총314화/미완결 | 304화 무료
""당신의 게임은 여기까지군요""백 년마다 열리는 소원 그 이상을 이뤄주는 대회, 최종 우승자는 단 한 명.소년 한시준, 가족을 구하기 위해 모든 것을 걸고 치열한 전투에 뛰어든다.",fri,1,fri,1,thu,fri,True,fri,금,thu,fri,5381950_fri,post_24h,어제 밤 10시 공개 이후 증가분 확인용 수집,235.1만,2351000.0,https://series.naver.com/comic/detail.series?productNo=5381950,20260814_172433,fri,금,2026-08-14 17:24:33,2026-08-14,17:24:33,2026-08-14 17:33:53,2026-08-14 17:33:55,2.33,2026-08-14 17:33:55,2026-08-14,17:33:55,2026-08-14 17:42:09,1056.05
fri,12,A.I. 닥터,ZAINO,765804,https://comic.naver.com/webtoon/list?titleId=765804&tab=fri,5893741,A.I. 닥터 [독점],A.I. 닥터 [독점] (총 244화/미완결),총 244화/미완결,244.0,미완결,,,https://series.naver.com/comic/detail.series?productNo=5893741,matched,ok,"A.I. 닥터 [독점] (총 244화/미완결)
평점
9.9 | ZAINO, 한산이가 쿠큐 | 2026.06.04. | 총244화/미완결 | 239화 무료
A.I.와 선 넘는 의사 생활!? ― 미래적 인공지능, 내과 의사 이수혁의 뇌에 자리 잡다 ― 절대 떨어질 수 없게 되어 버린 그들의 의학 버디 드라마 백강혁보다 더한 A.I. 등장?! ― “미쳤습니까, 휴먼?” 그 정체는... 태화 그룹이 ..",fri,1,fri,1,thu,fri,True,fri,금,thu,fri,5893741_fri,post_24h,어제 밤 10시 공개 이후 증가분 확인용 수집,"2,699만",26990000.0,https://series.naver.com/comic/detail.series?productNo=5893741,20260814_172433,fri,금,2026-08-14 17:24:33,2026-08-14,17:24:33,2026-08-14 17:33:56,2026-08-14 17:33:59,2.32,2026-08-14 17:33:59,2026-08-14,17:33:59,2026-08-14 17:42:09,1056.05
fri,43,히어로 킬러,꿀벌,766563,https://comic.naver.com/webtoon/list?titleId=766563&tab=fri,5947808,히어로 킬러,히어로 킬러 (총 277화/미완결),총 277화/미완결,277.0,미완결,,,https://series.naver.com/comic/detail.series?productNo=5947808,matched,ok,"히어로 킬러 (총 277화/미완결)
평점
9.8 | 꿀벌 벌꿀 | 2026.06.04. | 총277화/미완결 | 272화 무료
수년 전, 정체불명의 히어로에게 언니를 잃었다.언니를 죽인 게 누구인지 모르지만 상관없다.한 놈씩 죽이다 보면 그중에 있을 테니까.보아라, 너희들이 어떤 괴물을 만들었는지.",fri,1,fri,1,thu,fri,True,fri,금,thu,fri,5947808_fri,post_24h,어제 밤 10시 공개 이후 증가분 확인용 수집,"1,503만",15030000.0,https://series.naver.com/comic/detail.series?productNo=5947808,20260814_172433,fri,금,2026-08-14 17:24:33,2026-08-14,17:24:33,2026-08-14 17:34:00,2026-08-14 17:34:02,2.07,2026-08-14 17:34:02,2026-08-14,17:34:02,2026-08-14 17:42:09,1056.05
fri,21,여우놀이,황혜진,768469,https://comic.naver.com/webtoon/list?titleId=768469&tab=fri,6442158,여우놀이,여우놀이 (총 124화/미완결),총 124화/미완결,124.0,미완결,황혜진 황혜진,평점 10.0 | 황혜진 황혜진 | 2026.06.18. | 총124화/미완결 | 119화 무료,https://series.naver.com/comic/detail.series?productNo=6442158,matched,ok,"여우놀이 (총 124화/미완결)
평점
10.0 | 황혜진 황혜진 | 2026.06.18. | 총124화/미완결 | 119화 무료
평범하게만 살아온 박온유의 일상에 어느 날 찾아와 둘도 없는 베프가 된 ‘예쁜 애’ 신채리.두 사람은 서울 고등학교 상목고에 진학하게 된 후, 모든 10대들의 워너비 ‘상목고의 여우들’을 만나 아슬아슬한 여우놀이에 휘..",fri,1,fri,1,thu,fri,True,fri,금,thu,fri,6442158_fri,post_24h,어제 밤 10시 공개 이후 증가분 확인용 수집,"1,115만",11150000.0,https://series.naver.com/comic/detail.series?productNo=6442158,20260814_172433,fri,금,2026-08-14 17:24:33,2026-08-14,17:24:33,2026-08-14 17:34:03,2026-08-14 17:34:06,2.56,2026-08-14 17:34:06,2026-08-14,17:34:06,2026-08-14 17:42:09,1056.05
fri,4,나 혼자 만렙 뉴비,WAN.Z,773797,https://comic.naver.com/webtoon/list?titleId=773797&tab=fri,6430046,나 혼자 만렙 뉴비[독점],나 혼자 만렙 뉴비[독점] (총 263화/미완결),총 263화/미완결,263.0,미완결,,,https://series.naver.com/comic/detail.series?productNo=6430046,matched,ok,"나 혼자 만렙 뉴비[독점] (총 263화/미완결)
평점
9.9 | WAN.Z 스윙뱃 | 2026.06.04. | 총263화/미완결 | 255화 무료
게임 너튜버로 활동 중인 주인공 진혁은 유일하게 [시련의 탑]의 엔딩을 봤지만, 게임의 인기가 하락하며 더 이상 게임 너튜버로서의 삶도 유지하기 힘들어진다.엔딩을 보았기에 이대로 게임을 마무리하려는 진혁. 바로 그날, ..",fri,1,fri,1,thu,fri,True,fri,금,thu,fri,6430046_fri,post_24h,어제 밤 10시 공개 이후 증가분 확인용 수집,"6,003만",60030000.0,https://series.naver.com/comic/detail.series?productNo=6430046,20260814_172433,fri,금,2026-08-14 17:24:33,2026-08-14,17:24:33,2026-08-14 17:34:07,2026-08-14 17:34:09,1.97,2026-08-14 17:34:09,2026-08-14,17:34:09,2026-08-14 17:42:09,1056.05
fri,37,말년용사,후딩,773916,https://comic.naver.com/webtoon/list?titleId=773916&tab=fri,6312602,말년용사,말년용사 (총 208화/미완결),총 208화/미완결,208.0,미완결,,,https://series.naver.com/comic/detail.series?productNo=6312602,matched,ok,"말년용사 (총 208화/미완결)
평점
9.9 | 후딩 신마니 | 2026.06.04. | 총208화/미완결 | 203화 무료
전역하기 3일 전 어이없는 사고로 죽어버린 말년 병장.갑자기 이세계로 떠나라는 현실을 받아들이지 못하고 난리를 치다맨몸으로 이세계에 떨어지는 벌을 받게 된다.말년 병장의 눈물겨운 밀리터리 생존 판타지",fri,1,fri,1,thu,fri,True,fri,금,thu,fri,6312602_fri,post_24h,어제 밤 10시 공개 이후 증가분 확인용 수집,"1,198만",11980000.0,https://series.naver.com/comic/detail.series?productNo=6312602,20260814_172433,fri,금,2026-08-14 17:24:33,2026-08-14,17:24:33,2026-08-14 17:34:10,2026-08-14 17:34:13,2.79,2026-08-14 17:34:13,2026-08-14,17:34:13,2026-08-14 17:42:09,1056.05
fri,1,광마회귀,JP,776601,https://comic.naver.com/webtoon/list?titleId=776601&tab=fri,6402825,광마회귀 [독점],광마회귀 [독점] (총 200화/미완결),총 200화/미완결,200.0,미완결,,,https://series.naver.com/comic/detail.series?productNo=6402825,matched,ok,"광마회귀 [독점] (총 200화/미완결)
평점
9.9 | 유진성, JP 이히 | 2026.06.04. | 총200화/미완결 | 195화 무료
무공에 미친 사내 광마 이자하.그가 미치기 전의 평범했던 시절로 돌아왔다.세상에 광마로 알려진 이자하.그는 마교 교주의 보물인 천옥을, 주인인 교주가 마음에 들지 않는다는 이유로 훔친다.이어지는 마교의 추적.이자하는 ..",fri,1,fri,1,thu,fri,True,fri,금,thu,fri,6402825_fri,post_24h,어제 밤 10시 공개 이후 증가분 확인용 수집,"3,986만",39860000.0,https://series.naver.com/comic/detail.series?productNo=6402825,20260814_172433,fri,금,2026-08-14 17:24:33,2026-08-14,17:24:33,2026-08-14 17:34:14,2026-08-14 17:34:16,1.79,2026-08-14 17:34:16,2026-08-14,17:34:16,2026-08-14 17:42:09,1056.05
fri,28,"언니, 이번 생엔 내가 왕비야",착견,798917,https://comic.naver.com/webtoon/list?titleId=798917&tab=fri,8757112,"언니, 이번 생엔 내가 왕비야 [독점]","언니, 이번 생엔 내가 왕비야 [독점] (총 204화/미완결)",총 204화/미완결,204.0,미완결,,,https://series.naver.com/comic/detail.series?productNo=8757112,matched,ok,"언니, 이번 생엔 내가 왕비야 [독점] (총 204화/미완결)
평점
9.7 | 착견, 레팔진프 트리플라인 | 2026.06.04. | 총204화/미완결 | 199화 무료
약혼자, 언니, 부모. 모든 것으로부터 버려진 그 날, 아리아드네는 15년 전으로 회귀한다.“젠장! 나는 지금 너에게 구애하는 거라고!”태도가 완전히 달라진 전생의 약혼자부터,“울지 마, 아리아드네. 너는 네가 얼마나 예쁜지..",fri,1,fri,1,thu,fri,True,fri,금,thu,fri,8757112_fri,post_24h,어제 밤 10시 공개 이후 증가분 확인용 수집,"2,166만",21660000.0,https://series.naver.com/comic/detail.series?productNo=8757112,20260814_172433,fri,금,2026-08-14 17:24:33,2026-08-14,17:24:33,2026-08-14 17:34:18,2026-08-14 17:34:20,2.17,2026-08-14 17:34:20,2026-08-14,17:34:20,2026-08-14 17:42:09,1056.05
fri,6,사신,임재원,799837,https://comic.naver.com/webtoon/list?titleId=799837&tab=fri,8804052,사신 [독점],사신 [독점] (총 148화/미완결),총 148화/미완결,148.0,미완결,,,https://series.naver.com/comic/detail.series?productNo=8804052,matched,ok,"사신 [독점] (총 148화/미완결)
평점
9.9 | 임재원, 설봉 임재원 | 2026.06.04. | 총148화/미완결 | 145화 무료
[ 2023 대한민국콘텐츠대상 만화부문 대통령상 수상작 ]형의 복수를 위해 살천문의 무사 황정을 죽인 종리추.살천문의 추격을 피해 살혼부의 살수 적지인살에게 몸을 의탁게 되면서'십망(十忘)'이라 불리는 거대한 소용돌이..",fri,1,fri,1,thu,fri,True,fri,금,thu,fri,8804052_fri,post_24h,어제 밤 10시 공개 이후 증가분 확인용 수집,626.4만,6264000.0,https://series.naver.com/comic/detail.series?productNo=8804052,20260814_172433,fri,금,2026-08-14 17:24:33,2026-08-14,17:24:33,2026-08-14 17:34:21,2026-08-14 17:34:23,1.89,2026-08-14 17:34:23,2026-08-14,17:34:23,2026-08-14 17:42:09,1056.05
fri,79,미드우트,원김,800006,https://comic.naver.com/webtoon/list?titleId=800006&tab=fri,8845685,미드우트 [독점],미드우트 [독점] (총 194화/미완결),총 194화/미완결,194.0,미완결,,,https://series.naver.com/comic/detail.series?productNo=8845685,matched,ok,"미드우트 [독점] (총 194화/미완결)
평점
10.0 | 원김 원김 | 2026.06.04. | 총194화/미완결 | 189화 무료
괴물 처치 부대 '스레투'가 사라진 지금... 인간들은 괴물들의 먹이가 되었다. 이유는 '이안'이라는 오퍼 지원자가 모든 군인들을 죽여버렸기 때문이다. 태어날 때부터 생명의 위협을 받으며 살아온 '진청도'는 전설의 아이템 '미..",fri,1,fri,1,thu,fri,True,fri,금,thu,fri,8845685_fri,post_24h,어제 밤 10시 공개 이후 증가분 확인용 수집,215.1만,2151000.0,https://series.naver.com/comic/detail.series?productNo=8845685,20260814_172433,fri,금,2026-08-14 17:24:33,2026-08-14,17:24:33,2026-08-14 17:34:24,2026-08-14 17:34:26,1.95,2026-08-14 17:34:26,2026-08-14,17:34:26,2026-08-14 17:42:09,1056.05
fri,18,문제적 왕자님,선인장,800046,https://comic.naver.com/webtoon/list?titleId=800046&tab=fri,8833416,문제적 왕자님,문제적 왕자님 (총 153화/미완결),총 153화/미완결,153.0,미완결,,,https://series.naver.com/comic/detail.series?productNo=8833416,matched,ok,"문제적 왕자님 (총 153화/미완결)
평점
10.0 | 솔체 선인장 | 2026.06.04. | 총153화/미완결 | 148화 무료
아버지에게 버려지고 외가인 바덴가에서조용히 살아가고 있는 에르나 하르디.이 작은 시골에 위기가 찾아왔다.외조부인 바덴 남작이 죽고 난 후,모든 재산이 넘어가게 된 것!어떻게든 바덴가를 지키고 싶은 에르나는아버지에..",fri,1,fri,1,thu,fri,True,fri,금,thu,fri,8833416_fri,post_24h,어제 밤 10시 공개 이후 증가분 확인용 수집,"2,193만",21930000.0,https://series.naver.com/comic/detail.series?productNo=8833416,20260814_172433,fri,금,2026-08-14 17:24:33,2026-08-14,17:24:33,2026-08-14 17:34:28,2026-08-14 17:34:30,2.42,2026-08-14 17:34:30,2026-08-14,17:34:30,2026-08-14 17:42:09,1056.05
fri,71,온리호프,초승,800796,https://comic.naver.com/webtoon/list?titleId=800796&tab=fri,8926639,온리호프 [독점],온리호프 [독점] (총 134화/미완결),총 134화/미완결,134.0,미완결,,,https://series.naver.com/comic/detail.series?productNo=8926639,matched,ok,"온리호프 [독점] (총 134화/미완결)
평점
10.0 | 초승 초승 | 2026.06.04. | 총134화/미완결 | 130화 무료
사랑스러운 남편의 살인을 목격한 그날 밤,은혜는 살해 당해 그를 처음 만난 9년 전으로 돌아왔다.과연 남편의 연쇄살인을 막을 수 있을까?그리고... 예전처럼 다시 사랑할 수 있을까?",fri,1,fri,1,thu,fri,True,fri,금,thu,fri,8926639_fri,post_24h,어제 밤 10시 공개 이후 증가분 확인용 수집,479.3만,4793000.0,https://series.naver.com/comic/detail.series?productNo=8926639,20260814_172433,fri,금,2026-08-14 17:24:33,2026-08-14,17:24:33,2026-08-14 17:34:32,2026-08-14 17:34:34,1.9,2026-08-14 17:34:34,2026-08-14,17:34:34,2026-08-14 17:42:09,1056.05
fri,14,천하제일 대사형,YooN,802278,https://comic.naver.com/webtoon/list?titleId=802278&tab=fri,9072472,천하제일 대사형 [독점],천하제일 대사형 [독점] (총 193화/미완결),총 193화/미완결,193.0,미완결,,,https://series.naver.com/comic/detail.series?productNo=9072472,matched,ok,"천하제일 대사형 [독점] (총 193화/미완결)
평점
9.7 | 북미혼 YooN | 2026.06.04. | 총193화/미완결 | 188화 무료
가난한 시골 무관의 대사형이 천하제일이 되어 돌아오다?!잔혹했던 정사대전에 반 강제적으로 끌려갔던 대사형 ‘혁무상’.수많은 피가 흐른 전쟁에 참전한지 7년. 전쟁은 진즉 끝났음에도 돌아오지 않아 죽은 줄 알았다.간신..",fri,1,fri,1,thu,fri,True,fri,금,thu,fri,9072472_fri,post_24h,어제 밤 10시 공개 이후 증가분 확인용 수집,918.4만,9184000.0,https://series.naver.com/comic/detail.series?productNo=9072472,20260814_172433,fri,금,2026-08-14 17:24:33,2026-08-14,17:24:33,2026-08-14 17:34:35,2026-08-14 17:34:38,2.76,2026-08-14 17:34:38,2026-08-14,17:34:38,2026-08-14 17:42:09,1056.05
fri,30,연애의 기록,베어리,803792,https://comic.naver.com/webtoon/list?titleId=803792&tab=fri,9191040,연애의 기록,연애의 기록 (총 157화/미완결),총 157화/미완결,157.0,미완결,,,https://series.naver.com/comic/detail.series?productNo=9191040,matched,ok,"연애의 기록 (총 157화/미완결)
평점
8.4 | 베어리 | 2026.06.04. | 총157화/미완결 | 152화 무료
사회 초년생인 석호에게는 직업이나 연봉보다 더 중요한 것이 있었으니... 그건 바로 모태솔로 탈출.석호는 꿈에 그리던 첫 연애를 시작하게 되지만 예상치 못한 고난들을 겪게 된다. 소년과 군인을 거쳐 사회인으로 거듭난 문..",fri,1,fri,1,thu,fri,True,fri,금,thu,fri,9191040_fri,post_24h,어제 밤 10시 공개 이후 증가분 확인용 수집,318.3만,3183000.0,https://series.naver.com/comic/detail.series?productNo=9191040,20260814_172433,fri,금,2026-08-14 17:24:33,2026-08-14,17:24:33,2026-08-14 17:34:39,2026-08-14 17:34:42,2.43,2026-08-14 17:34:42,2026-08-14,17:34:42,2026-08-14 17:42:09,1056.05
tue,84,그냥 선생님,연일,804333,https://comic.naver.com/webtoon/list?titleId=804333&tab=tue,9238232,그냥 선생님,그냥 선생님 (총 363화/미완결),총 363화/미완결,363.0,미완결,,,https://series.naver.com/comic/detail.series?productNo=9238232,matched,ok,"그냥 선생님 (총 363화/미완결)
평점
10.0 | 연일 연일 | 2026.06.08. | 총363화/미완결 | 354화 무료
선생님 집은 학교 아니에요? 선생님도 집이 있어요?우리들 모두의 학창 시절, 언제나 그 자리에 있을 거만 같은 선생님들.수업이 끝난 교실, 학교 바깥. 그냥 선생님들의 평범하고 사랑스러운 일상,일상 로맨스 <그냥 선생님>","tue,fri",2,"tue,fri",2,"mon,thu","tue,fri",True,fri,금,thu,fri,9238232_fri,post_24h,어제 밤 10시 공개 이후 증가분 확인용 수집,252.1만,2521000.0,https://series.naver.com/comic/detail.series?productNo=9238232,20260814_172433,fri,금,2026-08-14 17:24:33,2026-08-14,17:24:33,2026-08-14 17:34:43,2026-08-14 17:34:46,2.81,2026-08-14 17:34:46,2026-08-14,17:34:46,2026-08-14 17:42:09,1056.05
fri,7,나 혼자 탑에서 농사,한치,808389,https://comic.naver.com/webtoon/list?titleId=808389&tab=fri,9632355,나 혼자 탑에서 농사,나 혼자 탑에서 농사 (총 129화/미완결),총 129화/미완결,129.0,미완결,,,https://series.naver.com/comic/detail.series?productNo=9632355,matched,ok,"나 혼자 탑에서 농사 (총 129화/미완결)
평점
9.9 | 한치 이하경 | 2026.06.04. | 총129화/미완결 | 124화 무료
어느 날 갑자기 도시에 나타난 정체불명의 탑.사람들은 그곳을 던전이라고 부르기로 했다.그리고 그곳은 험한 지형과 위험한 몬스터들로 가득했지만수많은 보물이 기다리는 기회의 땅이기도 하다.평범한 삶을 살고 있던 청년 ..",fri,1,fri,1,thu,fri,True,fri,금,thu,fri,9632355_fri,post_24h,어제 밤 10시 공개 이후 증가분 확인용 수집,"1,531만",15310000.0,https://series.naver.com/comic/detail.series?productNo=9632355,20260814_172433,fri,금,2026-08-14 17:24:33,2026-08-14,17:24:33,2026-08-14 17:34:47,2026-08-14 17:34:48,1.86,2026-08-14 17:34:48,2026-08-14,17:34:48,2026-08-14 17:42:09,1056.05
fri,38,펜홀더,이은재,814587,https://comic.naver.com/webtoon/list?titleId=814587&tab=fri,10110588,펜홀더,펜홀더 (총 134화/미완결),총 134화/미완결,134.0,미완결,,,https://series.naver.com/comic/detail.series?productNo=10110588,matched,ok,"펜홀더 (총 134화/미완결)
평점
9.4 | 이은재 이은재 | 2026.06.04. | 총134화/미완결 | 128화 무료
천재적인 재능으로 모든 스포츠를 씹어먹는 고등학생 한이연.어떤 스포츠를 해도 패배를 몰랐던 그에게, 벽을 느끼게 해준 한 탁구 고수가 등장하는데...승부욕에 불타오른 이연은 사라져가는 '펜홀더' 라켓으로 복수를 꿈꾼다!",fri,1,fri,1,thu,fri,True,fri,금,thu,fri,10110588_fri,post_24h,어제 밤 10시 공개 이후 증가분 확인용 수집,491.4만,4914000.0,https://series.naver.com/comic/detail.series?productNo=10110588,20260814_172433,fri,금,2026-08-14 17:24:33,2026-08-14,17:24:33,2026-08-14 17:34:50,2026-08-14 17:34:52,2.82,2026-08-14 17:34:52,2026-08-14,17:34:52,2026-08-14 17:42:09,1056.05
fri,91,뼈왕,유성연,816913,https://comic.naver.com/webtoon/list?titleId=816913&tab=fri,10201453,뼈왕,뼈왕 (총 145화/미완결),총 145화/미완결,145.0,미완결,,,https://series.naver.com/comic/detail.series?productNo=10201453,matched,ok,"뼈왕 (총 145화/미완결)
평점
10.0 | 유성연 유성연 | 2026.06.04. | 총145화/미완결 | 140화 무료
낯선 이세계에 떨어지게 된 정형외과 의사 이대환. 그는 뼈를 조립하여 해골을 되살릴 수 있는 능력을 발견한다. 그렇게 살려낸 수많은 해골들의 지지 속에 뼈왕으로 등극! 하지만 행복도 잠시. 전투 중에 생명과도 같은 오른팔..",fri,1,fri,1,thu,fri,True,fri,금,thu,fri,10201453_fri,post_24h,어제 밤 10시 공개 이후 증가분 확인용 수집,52만,520000.0,https://series.naver.com/comic/detail.series?productNo=10201453,20260814_172433,fri,금,2026-08-14 17:24:33,2026-08-14,17:24:33,2026-08-14 17:34:53,2026-08-14 17:34:56,2.86,2026-08-14 17:34:56,2026-08-14,17:34:56,2026-08-14 17:42:09,1056.05
fri,29,열렙전사 3부,김세훈,817032,https://comic.naver.com/webtoon/list?titleId=817032&tab=fri,10208537,열렙전사 3부,열렙전사 3부 (총 149화/미완결),총 149화/미완결,149.0,미완결,,,https://series.naver.com/comic/detail.series?productNo=10208537,matched,ok,"열렙전사 3부 (총 149화/미완결)
평점
9.6 | 김세훈 김세훈 | 2026.06.04. | 총149화/미완결 | 143화 무료
이번엔 현실이다!게임이 되어버린 세상, 열렙전사 공원호가 다시 한 번 최강의 자리를 노린다!",fri,1,fri,1,thu,fri,True,fri,금,thu,fri,10208537_fri,post_24h,어제 밤 10시 공개 이후 증가분 확인용 수집,"1,202만",12020000.0,https://series.naver.com/comic/detail.series?productNo=10208537,20260814_172433,fri,금,2026-08-14 17:24:33,2026-08-14,17:24:33,2026-08-14 17:34:57,2026-08-14 17:35:00,2.29,2026-08-14 17:35:00,2026-08-14,17:35:00,2026-08-14 17:42:09,1056.05
fri,56,공동급식구역,청건,817927,https://comic.naver.com/webtoon/list?titleId=817927&tab=fri,10298830,공동급식구역,공동급식구역 (총 61화/미완결),총 61화/미완결,61.0,미완결,청건 청건,평점 9.6 | 청건 청건 | 2024.12.06. | 총61화/미완결 | 전화 무료,https://series.naver.com/comic/detail.series?productNo=10298830,matched,ok,"공동급식구역 (총 61화/미완결)
평점
9.6 | 청건 청건 | 2024.12.06. | 총61화/미완결 | 전화 무료
강자가 모든 것을 지배하는 수작고등학교.전학생 이사나는 공평하지 않은 점심급식에 분노한다.비분함을 감출 수 없다면 이미 싸움은 시작된 것. 달려 사나!",fri,1,fri,1,thu,fri,True,fri,금,thu,fri,10298830_fri,post_24h,어제 밤 10시 공개 이후 증가분 확인용 수집,63.5만,635000.0,https://series.naver.com/comic/detail.series?productNo=10298830,20260814_172433,fri,금,2026-08-14 17:24:33,2026-08-14,17:24:33,2026-08-14 17:35:01,2026-08-14 17:35:04,2.39,2026-08-14 17:35:04,2026-08-14,17:35:04,2026-08-14 17:42:09,1056.05
fri,109,우리는 후라이족,켄타,818360,https://comic.naver.com/webtoon/list?titleId=818360&tab=fri,10394949,우리는 후라이족,우리는 후라이족 (총 79화/미완결),총 79화/미완결,79.0,미완결,,,https://series.naver.com/comic/detail.series?productNo=10394949,matched,ok,"우리는 후라이족 (총 79화/미완결)
평점
10.0 | 켄타 켄타 | 2026.06.04. | 총79화/미완결 | 76화 무료
심한 천식질환으로 시골로 이사오게 된 11살 소년 호준이.어느 날 밤.푸른 눈을 가진 하얗고 포동포동한 털북숭이가 호준이 앞에 나타나 경고한다.""우리는 후라이족입니다! 인간은 이 집을 떠나십시오!""",fri,1,fri,1,thu,fri,True,fri,금,thu,fri,10394949_fri,post_24h,어제 밤 10시 공개 이후 증가분 확인용 수집,19.7만,197000.0,https://series.naver.com/comic/detail.series?productNo=10394949,20260814_172433,fri,금,2026-08-14 17:24:33,2026-08-14,17:24:33,2026-08-14 17:35:05,2026-08-14 17:35:07,2.43,2026-08-14 17:35:07,2026-08-14,17:35:07,2026-08-14 17:42:09,1056.05
fri,87,소곤소곤2,옛사람,818401,https://comic.naver.com/webtoon/list?titleId=818401&tab=fri,10377404,소곤소곤2,소곤소곤2 (총 107화/미완결),총 107화/미완결,107.0,미완결,,,https://series.naver.com/comic/detail.series?productNo=10377404,matched,ok,"소곤소곤2 (총 107화/미완결)
평점
10.0 | 옛사람 옛사람 | 2026.06.04. | 총107화/미완결 | 106화 무료
옛사람 작가의 옴니버스 미스터리 드라마 <소곤소곤>이 돌아왔다! 세상 어딘가에 있을 기묘한 이야기.",fri,1,fri,1,thu,fri,True,fri,금,thu,fri,10377404_fri,post_24h,어제 밤 10시 공개 이후 증가분 확인용 수집,19.5만,195000.0,https://series.naver.com/comic/detail.series?productNo=10377404,20260814_172433,fri,금,2026-08-14 17:24:33,2026-08-14,17:24:33,2026-08-14 17:35:09,2026-08-14 17:35:11,2.33,2026-08-14 17:35:11,2026-08-14,17:35:11,2026-08-14 17:42:09,1056.05
fri,95,당신의 사랑,오아,819647,https://comic.naver.com/webtoon/list?titleId=819647&tab=fri,10543528,당신의 사랑,당신의 사랑 (총 41화/미완결),총 41화/미완결,41.0,미완결,,,https://series.naver.com/comic/detail.series?productNo=10543528,matched,ok,"당신의 사랑 (총 41화/미완결)
평점
10.0 | 오아 | 2026.02.20. | 총41화/미완결 | 전화 무료
서른셋. 손이 느린 일러스트레이터 지망생 한사랑.엄마의 소개로 외모까지 이상형인 최강 스펙 돌싱남 성요셉을 만나 사랑에 빠져 사귀게 되지만...이 남자, 뭔가 이상하다.",fri,1,fri,1,thu,fri,True,fri,금,thu,fri,10543528_fri,post_24h,어제 밤 10시 공개 이후 증가분 확인용 수집,26만,260000.0,https://series.naver.com/comic/detail.series?productNo=10543528,20260814_172433,fri,금,2026-08-14 17:24:33,2026-08-14,17:24:33,2026-08-14 17:35:13,2026-08-14 17:35:15,2.22,2026-08-14 17:35:15,2026-08-14,17:35:15,2026-08-14 17:42:09,1056.05
fri,8,아카데미에서 살아남기,기린그린,820097,https://comic.naver.com/webtoon/list?titleId=820097&tab=fri,10577696,아카데미에서 살아남기,아카데미에서 살아남기 (총 111화/미완결),총 111화/미완결,111.0,미완결,,,https://series.naver.com/comic/detail.series?productNo=10577696,matched,ok,"아카데미에서 살아남기 (총 111화/미완결)
평점
9.9 | 코리타 기린그린 | 2026.06.04. | 총111화/미완결 | 104화 무료
[연재 요일: 매주 금요일]즐겨하던 게임의 삼류 엑스트라 악역으로 빙의했다.야망은 없고 그냥 조용히 살고 싶다. 근데 세상이 참 살아남기 힘들다.주인공이 할 수 없는 삼류 악역의 방식으로, 난 이 이야기의 끝을 맞이하기 위..",fri,1,fri,1,thu,fri,True,fri,금,thu,fri,10577696_fri,post_24h,어제 밤 10시 공개 이후 증가분 확인용 수집,"1,057만",10570000.0,https://series.naver.com/comic/detail.series?productNo=10577696,20260814_172433,fri,금,2026-08-14 17:24:33,2026-08-14,17:24:33,2026-08-14 17:35:16,2026-08-14 17:35:18,2.0,2026-08-14 17:35:18,2026-08-14,17:35:18,2026-08-14 17:42:09,1056.05
fri,35,가장 썩은 것을 줄게,윤다,821814,https://comic.naver.com/webtoon/list?titleId=821814&tab=fri,10766371,가장 썩은 것을 줄게,가장 썩은 것을 줄게 (총 98화/미완결),총 98화/미완결,98.0,미완결,,,https://series.naver.com/comic/detail.series?productNo=10766371,matched,ok,"가장 썩은 것을 줄게 (총 98화/미완결)
평점
9.9 | 윤다 | 2026.06.04. | 총98화/미완결 | 93화 무료
10년을 사귄 남자친구가 다른 여자와 하룻밤을 보냈다.그래서 나도 그에게 상처를 주기로 결심했다. 고르고 골라서 가장 나쁘고 치사한 방법으로.끝나가는 연애 끝에 다시 쓰여지는 이 관계.단 한 번도 상상 해 본 적도 없는 최..",fri,1,fri,1,thu,fri,True,fri,금,thu,fri,10766371_fri,post_24h,어제 밤 10시 공개 이후 증가분 확인용 수집,655.4만,6554000.0,https://series.naver.com/comic/detail.series?productNo=10766371,20260814_172433,fri,금,2026-08-14 17:24:33,2026-08-14,17:24:33,2026-08-14 17:35:19,2026-08-14 17:35:22,2.57,2026-08-14 17:35:22,2026-08-14,17:35:22,2026-08-14 17:42:09,1056.05
fri,66,여동생은 오늘 밤 나를 간택한다,네온비,822557,https://comic.naver.com/webtoon/list?titleId=822557&tab=fri,10832763,여동생은 오늘 밤 나를 간택한다,여동생은 오늘 밤 나를 간택한다 (총 121화/미완결),총 121화/미완결,121.0,미완결,네온비 도달,평점 10.0 | 네온비 도달 | 2026.06.11. | 총121화/미완결 | 116화 무료,https://series.naver.com/comic/detail.series?productNo=10832763,matched,ok,"여동생은 오늘 밤 나를 간택한다 (총 121화/미완결)
평점
10.0 | 네온비 도달 | 2026.06.11. | 총121화/미완결 | 116화 무료
재벌가의 입양딸 아린은 새엄마를 향한 뒤틀린 애정을 품고 있다.성인이 된 후, 우연한 사고로 자신에게 발칙한 능력이 있음을 깨닫는 아린.능력을 사용해 새엄마의 관심을 끌어보려 하지만, 새엄마가 아닌 의붓오빠들이 아린..",fri,1,fri,1,thu,fri,True,fri,금,thu,fri,10832763_fri,post_24h,어제 밤 10시 공개 이후 증가분 확인용 수집,268.6만,2686000.0,https://series.naver.com/comic/detail.series?productNo=10832763,20260814_172433,fri,금,2026-08-14 17:24:33,2026-08-14,17:24:33,2026-08-14 17:35:23,2026-08-14 17:35:25,2.54,2026-08-14 17:35:25,2026-08-14,17:35:25,2026-08-14 17:42:09,1056.05
fri,80,암살청과,나락,823070,https://comic.naver.com/webtoon/list?titleId=823070&tab=fri,10907793,암살청과,암살청과 (총 91화/미완결),총 91화/미완결,91.0,미완결,,,https://series.naver.com/comic/detail.series?productNo=10907793,matched,ok,"암살청과 (총 91화/미완결)
평점
9.9 | 나락 군다 | 2026.06.04. | 총91화/미완결 | 86화 무료
누가 봐도 평범한 보통의 취준생, 정보통.평생의 콤플렉스였던 평범함이 빛을 발하는 재능의 영역임을 뜻밖의 직무에서 확인하게 되고, 그는 킬러가 되기로 한다.세상의 상식과는 다른 생태계인 위기일발 킬러 업계에서, 과연 ..",fri,1,fri,1,thu,fri,True,fri,금,thu,fri,10907793_fri,post_24h,어제 밤 10시 공개 이후 증가분 확인용 수집,128.6만,1286000.0,https://series.naver.com/comic/detail.series?productNo=10907793,20260814_172433,fri,금,2026-08-14 17:24:33,2026-08-14,17:24:33,2026-08-14 17:35:27,2026-08-14 17:35:29,2.18,2026-08-14 17:35:29,2026-08-14,17:35:29,2026-08-14 17:42:09,1056.05
fri,44,하는 사이,안녕,823437,https://comic.naver.com/webtoon/list?titleId=823437&tab=fri,10965984,하는 사이,하는 사이 (총 85화/미완결),총 85화/미완결,85.0,미완결,,,https://series.naver.com/comic/detail.series?productNo=10965984,matched,ok,"하는 사이 (총 85화/미완결)
평점
9.9 | 안녕 안녕 | 2026.06.04. | 총85화/미완결 | 80화 무료
모두의 태양이자 주목받는 존재인 강시화, 그런 시화와 특별한 소꿉 친구 사이로 주변의 질투를 받던 이은서.우리는 특별한 사이잖아? 너도 그렇게 생각하지?그렇게 생각했다. 하지만…묻고 싶어. 너랑 난 뭐하는 사이야?",fri,1,fri,1,thu,fri,True,fri,금,thu,fri,10965984_fri,post_24h,어제 밤 10시 공개 이후 증가분 확인용 수집,319.5만,3195000.0,https://series.naver.com/comic/detail.series?productNo=10965984,20260814_172433,fri,금,2026-08-14 17:24:33,2026-08-14,17:24:33,2026-08-14 17:35:30,2026-08-14 17:35:32,2.54,2026-08-14 17:35:32,2026-08-14,17:35:32,2026-08-14 17:42:09,1056.05
fri,41,사자의 서,,823737,https://comic.naver.com/webtoon/list?titleId=823737&tab=fri,2737090,사자의서 [도시정벌 레거시],사자의서 [도시정벌 레거시] (총 219화/완결),총 219화/완결,219.0,완결,신형빈 신형빈,평점 9.2 | 신형빈 신형빈 | 2019.11.06. | 총219화/완결 | 5화 무료,https://series.naver.com/comic/detail.series?productNo=2737090,matched,ok,"사자의서 [도시정벌 레거시] (총 219화/완결)
평점
9.2 | 신형빈 신형빈 | 2019.11.06. | 총219화/완결 | 5화 무료
죽음(死)에서 돌아 온 자. 그가 써내려가는 피의 역사에 도시(都市)가 깨어난다.",fri,1,fri,1,thu,fri,True,fri,금,thu,fri,2737090_fri,post_24h,어제 밤 10시 공개 이후 증가분 확인용 수집,121.4만,1214000.0,https://series.naver.com/comic/detail.series?productNo=2737090,20260814_172433,fri,금,2026-08-14 17:24:33,2026-08-14,17:24:33,2026-08-14 17:35:34,2026-08-14 17:35:36,2.7,2026-08-14 17:35:36,2026-08-14,17:35:36,2026-08-14 17:42:09,1056.05
fri,49,남편은 한 명으로 족하다,고선영,823773,https://comic.naver.com/webtoon/list?titleId=823773&tab=fri,11004208,남편은 한 명으로 족하다,남편은 한 명으로 족하다 (총 102화/미완결),총 102화/미완결,102.0,미완결,,,https://series.naver.com/comic/detail.series?productNo=11004208,matched,ok,"남편은 한 명으로 족하다 (총 102화/미완결)
평점
9.9 | 고선영 고선영 | 2026.06.04. | 총102화/미완결 | 97화 무료
<모든 사람들이 나를 사랑하면 사는 게 재밌을 줄 알았다>평범한 회사원이 로맨스 판타지 게임의 매력 수치 999 백작 영애 '크로체타'에 빙의했다. 사람들이 눈만 마주치면 자신에게 반해서 달려드는 환장할 상황. 크로체타는..",fri,1,fri,1,thu,fri,True,fri,금,thu,fri,11004208_fri,post_24h,어제 밤 10시 공개 이후 증가분 확인용 수집,480.2만,4802000.0,https://series.naver.com/comic/detail.series?productNo=11004208,20260814_172433,fri,금,2026-08-14 17:24:33,2026-08-14,17:24:33,2026-08-14 17:35:37,2026-08-14 17:35:39,1.91,2026-08-14 17:35:39,2026-08-14,17:35:39,2026-08-14 17:42:09,1056.05
fri,72,성북구 비둘기 이헌서,허새보,826580,https://comic.naver.com/webtoon/list?titleId=826580&tab=fri,11182090,성북구 비둘기 이헌서,성북구 비둘기 이헌서 (총 89화/미완결),총 89화/미완결,89.0,미완결,,,https://series.naver.com/comic/detail.series?productNo=11182090,matched,ok,"성북구 비둘기 이헌서 (총 89화/미완결)
평점
10.0 | 허새보 허새보 | 2026.06.04. | 총89화/미완결 | 86화 무료
하루 아침에 비둘기가 되어버린 대학생 '이헌서'(여/24)다시 인간으로 돌아갈 방법을 찾지 못한 헌서는 당분간 같은 동네 남사친 '반휘혈'의 집에 머물며 비둘기 생활을 이어나가게 되는데...어떤가요 이헌서양, 비둘기 생활 재..",fri,1,fri,1,thu,fri,True,fri,금,thu,fri,11182090_fri,post_24h,어제 밤 10시 공개 이후 증가분 확인용 수집,66.5만,665000.0,https://series.naver.com/comic/detail.series?productNo=11182090,20260814_172433,fri,금,2026-08-14 17:24:33,2026-08-14,17:24:33,2026-08-14 17:35:40,2026-08-14 17:35:43,2.25,2026-08-14 17:35:43,2026-08-14,17:35:43,2026-08-14 17:42:09,1056.05
fri,84,북설애담,휘요,827578,https://comic.naver.com/webtoon/list?titleId=827578&tab=fri,11309258,북설애담,북설애담 (총 84화/미완결),총 84화/미완결,84.0,미완결,휘요 휘요,평점 9.8 | 휘요 휘요 | 2026.03.19. | 총84화/미완결 | 전화 무료,https://series.naver.com/comic/detail.series?productNo=11309258,matched,ok,"북설애담 (총 84화/미완결)
평점
9.8 | 휘요 휘요 | 2026.03.19. | 총84화/미완결 | 전화 무료
요괴임을 숨기고 인간인 척 사는 설녀, 설하.요괴는 잔인하게 죽이는 북부대군과 혼인하게 된다?!과연 설하는 요괴인 것을 들키지 않고 행복한 결혼생활을 보낼 수 있을까?",fri,1,fri,1,thu,fri,True,fri,금,thu,fri,11309258_fri,post_24h,어제 밤 10시 공개 이후 증가분 확인용 수집,61.6만,616000.0,https://series.naver.com/comic/detail.series?productNo=11309258,20260814_172433,fri,금,2026-08-14 17:24:33,2026-08-14,17:24:33,2026-08-14 17:35:44,2026-08-14 17:35:46,2.16,2026-08-14 17:35:46,2026-08-14,17:35:46,2026-08-14 17:42:09,1056.05
fri,96,아라드의 빛: 먼저 걷는 자,제갈복자,827759,https://comic.naver.com/webtoon/list?titleId=827759&tab=fri,11493424,아라드의 빛: 먼저 걷는 자,아라드의 빛: 먼저 걷는 자 (총 108화/미완결),총 108화/미완결,108.0,미완결,,,https://series.naver.com/comic/detail.series?productNo=11493424,matched,ok,"아라드의 빛: 먼저 걷는 자 (총 108화/미완결)
평점
9.6 | 제갈복자, 이수백 펑키크리처 | 2026.06.04. | 총108화/미완결 | 100화 무료
아라드에 퍼진 오염을 정화하기 위해 나를 소환했다…?던전앤파이터에 인생을 바친 유저 진성.초월자 네메르에 의해 아라드에 소환되어 부집게의 사명을 부여받는다.『그대는 부집게가 되어 칼날을 올바른 시련으로 인도하라...",fri,1,fri,1,thu,fri,True,fri,금,thu,fri,11493424_fri,post_24h,어제 밤 10시 공개 이후 증가분 확인용 수집,51.8만,518000.0,https://series.naver.com/comic/detail.series?productNo=11493424,20260814_172433,fri,금,2026-08-14 17:24:33,2026-08-14,17:24:33,2026-08-14 17:35:47,2026-08-14 17:35:49,2.12,2026-08-14 17:35:49,2026-08-14,17:35:49,2026-08-14 17:42:09,1056.05
fri,68,초등생활 그림일기,은꼼지,827863,https://comic.naver.com/webtoon/list?titleId=827863&tab=fri,11338232,초등생활 그림일기,초등생활 그림일기 (총 104화/미완결),총 104화/미완결,104.0,미완결,,,https://series.naver.com/comic/detail.series?productNo=11338232,matched,ok,"초등생활 그림일기 (총 104화/미완결)
평점
10.0 | 은꼼지 | 2026.06.04. | 총104화/미완결 | 100화 무료
어느덧 유치원 생활의 작은 모험에서 벗어나 초등학교의 문턱을 넘은 나의 자식!초등생활 그림일기라 쓰고 부모생활 그림일기라 읽는다~!좌충우돌, 천방지축, 찌그락빠그락, 우당탕탕!이제부터 세 가족의 진정하고도 새로운 ..",fri,1,fri,1,thu,fri,True,fri,금,thu,fri,11338232_fri,post_24h,어제 밤 10시 공개 이후 증가분 확인용 수집,28.3만,283000.0,https://series.naver.com/comic/detail.series?productNo=11338232,20260814_172433,fri,금,2026-08-14 17:24:33,2026-08-14,17:24:33,2026-08-14 17:35:51,2026-08-14 17:35:54,2.84,2026-08-14 17:35:54,2026-08-14,17:35:54,2026-08-14 17:42:09,1056.05
mon,44,구야는 신입,구야,828167,https://comic.naver.com/webtoon/list?titleId=828167&tab=mon,11367370,구야는 신입,구야는 신입 (총 182화/미완결),총 182화/미완결,182.0,미완결,,,https://series.naver.com/comic/detail.series?productNo=11367370,matched,ok,"구야는 신입 (총 182화/미완결)
평점
9.9 | 구야 구야 | 2026.06.07. | 총182화/미완결 | 178화 무료
평생 학생일 줄 알았던 내가 어느새 직장인이 되어버렸다.직장인이 된 기쁨도 잠시... 이제는 일하다가 몰래 잡코리x만 뒤져보는 직장인이 되어버렸다는데...사회초년생 구야의 웃픈(?) 홀로서기","mon,fri",2,"mon,fri",2,"sun,thu","mon,fri",True,fri,금,thu,fri,11367370_fri,post_24h,어제 밤 10시 공개 이후 증가분 확인용 수집,54.9만,549000.0,https://series.naver.com/comic/detail.series?productNo=11367370,20260814_172433,fri,금,2026-08-14 17:24:33,2026-08-14,17:24:33,2026-08-14 17:35:55,2026-08-14 17:35:58,2.68,2026-08-14 17:35:58,2026-08-14,17:35:58,2026-08-14 17:42:09,1056.05
tue,62,개집사,고추참치,828292,https://comic.naver.com/webtoon/list?titleId=828292&tab=tue,11371316,개집사,개집사 (총 203화/미완결),총 203화/미완결,203.0,미완결,,,https://series.naver.com/comic/detail.series?productNo=11371316,matched,ok,"개집사 (총 203화/미완결)
평점
10.0 | 고추참치 고추참치 | 2026.06.08. | 총203화/미완결 | 198화 무료
출근도 퇴근도 없는 똑같은 일상의 작가…눈치채지 못한 사이 작가의 삶에 다이나믹한 소재를 주는 두 존재가 있었는데…! 작지만 자존감 만큼은 하늘 같은 말티즈, 덩칫값못하는 진도 믹스 아가씨들을 모시는 집사&작가의 삶","tue,fri",2,"tue,fri",2,"mon,thu","tue,fri",True,fri,금,thu,fri,11371316_fri,post_24h,어제 밤 10시 공개 이후 증가분 확인용 수집,63.1만,631000.0,https://series.naver.com/comic/detail.series?productNo=11371316,20260814_172433,fri,금,2026-08-14 17:24:33,2026-08-14,17:24:33,2026-08-14 17:35:59,2026-08-14 17:36:02,2.64,2026-08-14 17:36:02,2026-08-14,17:36:02,2026-08-14 17:42:09,1056.05
fri,98,절세미남 망나니 해골 되다,이루다,828337,https://comic.naver.com/webtoon/list?titleId=828337&tab=fri,11388488,절세미남 망나니 해골 되다,절세미남 망나니 해골 되다 (총 102화/미완결),총 102화/미완결,102.0,미완결,,,https://series.naver.com/comic/detail.series?productNo=11388488,matched,ok,"절세미남 망나니 해골 되다 (총 102화/미완결)
평점
9.9 | 이루다 김선용 | 2026.06.04. | 총102화/미완결 | 96화 무료
인간뿐 아니라 몬스터도 반하는 세계관 최강 절세미남 '루이'어느 날 마을에 돈 역병. 루이 또한 병에 걸려 죽음을 맞이하는데..""조각 같던 내 얼굴은 어디 가고 이 해골바가지는 뭐야?!""세계관 최강 꽃미남 미(美)도 추(醜)도 없..",fri,1,fri,1,thu,fri,True,fri,금,thu,fri,11388488_fri,post_24h,어제 밤 10시 공개 이후 증가분 확인용 수집,49.4만,494000.0,https://series.naver.com/comic/detail.series?productNo=11388488,20260814_172433,fri,금,2026-08-14 17:24:33,2026-08-14,17:24:33,2026-08-14 17:36:04,2026-08-14 17:36:06,2.07,2026-08-14 17:36:06,2026-08-14,17:36:06,2026-08-14 17:42:09,1056.05
fri,20,돈구멍,박성현,828950,https://comic.naver.com/webtoon/list?titleId=828950&tab=fri,11451897,돈구멍,돈구멍 (총 103화/미완결),총 103화/미완결,103.0,미완결,,,https://series.naver.com/comic/detail.series?productNo=11451897,matched,ok,"돈구멍 (총 103화/미완결)
평점
9.2 | 박성현 박성현 | 2026.06.04. | 총103화/미완결 | 95화 무료
불법 대출업체 ‘명동캐피탈’에서 대출 권유 전화를 돌리는 알바생으로 살아가는 밑바닥 인생 김훈. ‘명동캐피탈’ 회장의 딸인 ‘배여사’의 내연남이기도 하다.그러던 어느날 배여사가 자신의 아들 ‘배제아’를 학교에..",fri,1,fri,1,thu,fri,True,fri,금,thu,fri,11451897_fri,post_24h,어제 밤 10시 공개 이후 증가분 확인용 수집,417.2만,4172000.0,https://series.naver.com/comic/detail.series?productNo=11451897,20260814_172433,fri,금,2026-08-14 17:24:33,2026-08-14,17:24:33,2026-08-14 17:36:07,2026-08-14 17:36:10,2.85,2026-08-14 17:36:10,2026-08-14,17:36:10,2026-08-14 17:42:09,1056.05
fri,104,신이 내린 탑스타,권영준,829710,https://comic.naver.com/webtoon/list?titleId=829710&tab=fri,11517312,신이 내린 탑스타,신이 내린 탑스타 (총 62화/미완결),총 62화/미완결,62.0,미완결,,,https://series.naver.com/comic/detail.series?productNo=11517312,matched,ok,"신이 내린 탑스타 (총 62화/미완결)
평점
9.9 | 권영준, 동전파스 쿠하 | 2026.06.04. | 총62화/미완결 | 58화 무료
타고난 신기로 무당 혹은 연예인이 되어야하는 운명을 타고난 '강연우'는 죽을 고비를 넘긴 이후, 원념을 해결하면 수명을 얻는 능력을 갖는다.그 이후 의뢰를 해결하다 만난 톱스타 '권성현'에 의해, 연우의 인생은 완전히 바..",fri,1,fri,1,thu,fri,True,fri,금,thu,fri,11517312_fri,post_24h,어제 밤 10시 공개 이후 증가분 확인용 수집,47.4만,474000.0,https://series.naver.com/comic/detail.series?productNo=11517312,20260814_172433,fri,금,2026-08-14 17:24:33,2026-08-14,17:24:33,2026-08-14 17:36:11,2026-08-14 17:36:14,2.41,2026-08-14 17:36:14,2026-08-14,17:36:14,2026-08-14 17:42:09,1056.05
fri,52,보이스피싱인데 인생역전,왓더헬,830144,https://comic.naver.com/webtoon/list?titleId=830144&tab=fri,11571314,보이스피싱인데 인생역전,보이스피싱인데 인생역전 (총 94화/미완결),총 94화/미완결,94.0,미완결,장탄 왓더헬,평점 9.6 | 장탄 왓더헬 | 2026.07.30. | 총94화/미완결 | 91화 무료,https://series.naver.com/comic/detail.series?productNo=11571314,matched,ok,"보이스피싱인데 인생역전 (총 94화/미완결)
평점
9.6 | 장탄 왓더헬 | 2026.07.30. | 총94화/미완결 | 91화 무료
""당신의 미래를 바꿔 드립니다!""인생 역전의 기회, 확실한 서비스를 약속하는 보이스피싱! 하루아침에 나락으로 떨어진 왕년의 국민 배우 '강주혁'은 빛도 들어오지 않는 어두운 단칸방에서 매일을 고통 속에서 살아간다. 어느 ..",fri,1,fri,1,thu,fri,True,fri,금,thu,fri,11571314_fri,post_24h,어제 밤 10시 공개 이후 증가분 확인용 수집,200.3만,2003000.0,https://series.naver.com/comic/detail.series?productNo=11571314,20260814_172433,fri,금,2026-08-14 17:24:33,2026-08-14,17:24:33,2026-08-14 17:36:15,2026-08-14 17:36:18,2.43,2026-08-14 17:36:18,2026-08-14,17:36:18,2026-08-14 17:42:09,1056.05
fri,36,로맨스 저주,,834035,https://comic.naver.com/webtoon/list?titleId=834035&tab=fri,11824393,로맨스 저주,로맨스 저주 (총 92화/미완결),총 92화/미완결,92.0,미완결,다원 다원,평점 9.9 | 다원 다원 | 2026.06.18. | 총92화/미완결 | 85화 무료,https://series.naver.com/comic/detail.series?productNo=11824393,review_needed,not_found,"로맨스 저주 (총 92화/미완결)
평점
9.9 | 다원 다원 | 2026.06.18. | 총92화/미완결 | 85화 무료
희수는 타인을 저주하는 글을 쓰면 현실이 되는 신비한 노트를 택배로 받는다.심지어 저주를 할 때마다 현금이 나온다!희수는 짝사랑하던 남자 현우를 저주해 자신과의 로맨스를 강요한다.하지만 뜻대로 되지 않고, 일이 꼬여..",fri,1,fri,1,thu,fri,True,fri,금,thu,fri,11824393_fri,post_24h,어제 밤 10시 공개 이후 증가분 확인용 수집,,,https://nid.naver.com/nidlogin.login?svctype=128&a_version=2&viewtype=1&url=http%3A%2F%2Fseries.naver.com%2Fcomic%2Fdetail.series%3FproductNo%3D11824393&surl=https%3A%2F%2Fseries.naver.com,20260814_172433,fri,금,2026-08-14 17:24:33,2026-08-14,17:24:33,2026-08-14 17:36:19,2026-08-14 17:36:35,15.3,2026-08-14 17:36:35,2026-08-14,17:36:35,2026-08-14 17:42:09,1056.05
fri,83,소년경찰,삼갱,834417,https://comic.naver.com/webtoon/list?titleId=834417&tab=fri,11890407,소년경찰,소년경찰 (총 54화/미완결),총 54화/미완결,54.0,미완결,,,https://series.naver.com/comic/detail.series?productNo=11890407,matched,ok,"소년경찰 (총 54화/미완결)
평점
9.5 | 삼갱 삼갱 | 2026.06.04. | 총54화/미완결 | 49화 무료
20XX년, 갈수록 흉악해지는 미성년자들의 악행으로,정부는 학생을 경찰로 채용한 소년경찰이라는 특별 팀을 창설하게 된다.별 볼일 없이 평범했던 소년 도재하는소년경찰이었던 자신의 가장 친한 친구를 사고로 잃게 되고 소..",fri,1,fri,1,thu,fri,True,fri,금,thu,fri,11890407_fri,post_24h,어제 밤 10시 공개 이후 증가분 확인용 수집,27.7만,277000.0,https://series.naver.com/comic/detail.series?productNo=11890407,20260814_172433,fri,금,2026-08-14 17:24:33,2026-08-14,17:24:33,2026-08-14 17:36:36,2026-08-14 17:36:39,3.45,2026-08-14 17:36:39,2026-08-14,17:36:39,2026-08-14 17:42:09,1056.05
fri,86,만두 생활기록부,킹만두,835089,https://comic.naver.com/webtoon/list?titleId=835089&tab=fri,12007329,만두 생활기록부,만두 생활기록부 (총 79화/미완결),총 79화/미완결,79.0,미완결,,,https://series.naver.com/comic/detail.series?productNo=12007329,matched,ok,"만두 생활기록부 (총 79화/미완결)
평점
10.0 | 킹만두 킹만두 | 2026.06.04. | 총79화/미완결 | 76화 무료
'아마도... 이번 생은 시트콤?!'유년기 시절부터 지금까지의 웃픈 에피소드를 다룬 실화 기반 개그 일상툰!사랑 이야기부터 훈훈한 가족 이야기 그리고 흑역사까지, 다양한 장르를 오가는 만두의 인생을 낱낱이 들여다보자.",fri,1,fri,1,thu,fri,True,fri,금,thu,fri,12007329_fri,post_24h,어제 밤 10시 공개 이후 증가분 확인용 수집,5.9만,59000.0,https://series.naver.com/comic/detail.series?productNo=12007329,20260814_172433,fri,금,2026-08-14 17:24:33,2026-08-14,17:24:33,2026-08-14 17:36:40,2026-08-14 17:36:42,2.19,2026-08-14 17:36:42,2026-08-14,17:36:42,2026-08-14 17:42:09,1056.05
fri,51,시체들의 전쟁,마요너구리,836651,https://comic.naver.com/webtoon/list?titleId=836651&tab=fri,12218775,시체들의 전쟁,시체들의 전쟁 (총 70화/미완결),총 70화/미완결,70.0,미완결,,,https://series.naver.com/comic/detail.series?productNo=12218775,matched,ok,"시체들의 전쟁 (총 70화/미완결)
평점
9.9 | 마요너구리 마요너구리 | 2026.06.04. | 총70화/미완결 | 65화 무료
네크로맨서들이 자신만의 기사를 만들어 싸우는 이 시대 최고의 스포츠 '시체들의 전쟁'.수많은 사람들이 열정과 꿈을 불태우며 싸우는 잔혹한 싸움 속, 최후의 승자는 누가 될 것인가.",fri,1,fri,1,thu,fri,True,fri,금,thu,fri,12218775_fri,post_24h,어제 밤 10시 공개 이후 증가분 확인용 수집,136.2만,1362000.0,https://series.naver.com/comic/detail.series?productNo=12218775,20260814_172433,fri,금,2026-08-14 17:24:33,2026-08-14,17:24:33,2026-08-14 17:36:43,2026-08-14 17:36:46,2.98,2026-08-14 17:36:46,2026-08-14,17:36:46,2026-08-14 17:42:09,1056.05
fri,33,아티팩트 먹는 플레이어,벤티,836683,https://comic.naver.com/webtoon/list?titleId=836683&tab=fri,12225039,아티팩트 먹는 플레이어,아티팩트 먹는 플레이어 (총 46화/미완결),총 46화/미완결,46.0,미완결,,,https://series.naver.com/comic/detail.series?productNo=12225039,matched,ok,"아티팩트 먹는 플레이어 (총 46화/미완결)
평점
9.8 | 벤티, 기인 벤티 | 2026.06.04. | 총46화/미완결 | 41화 무료
내가 강해지는 방법은 정말 간단했다.그저, 먹는 것.열심히 아티팩트를 먹으면 됐다.회귀도 했으니 이제는 원없이 먹어치워볼까?",fri,1,fri,1,thu,fri,True,fri,금,thu,fri,12225039_fri,post_24h,어제 밤 10시 공개 이후 증가분 확인용 수집,141.2만,1412000.0,https://series.naver.com/comic/detail.series?productNo=12225039,20260814_172433,fri,금,2026-08-14 17:24:33,2026-08-14,17:24:33,2026-08-14 17:36:48,2026-08-14 17:36:51,2.87,2026-08-14 17:36:51,2026-08-14,17:36:51,2026-08-14 17:42:09,1056.05
fri,65,고구려 태왕미천,이동욱,838875,https://comic.naver.com/webtoon/list?titleId=838875&tab=fri,12560291,고구려 태왕미천,고구려 태왕미천 (총 56화/미완결),총 56화/미완결,56.0,미완결,,,https://series.naver.com/comic/detail.series?productNo=12560291,matched,ok,"고구려 태왕미천 (총 56화/미완결)
평점
9.9 | 이동욱 이동욱 | 2026.06.04. | 총56화/미완결 | 51화 무료
고구려의 왕손 ‘을불’은 혹독한 권력 다툼 속에서 가족을 잃고 방랑자가 된다. 하지만 죽음의 위협을 넘어서며 세력을 키워 진정한 군주로 거듭난 그는, 400년 간 고구려를 괴롭힌 원수를 물리칠 대전쟁을 준비한다. 그러나 ..",fri,1,fri,1,thu,fri,True,fri,금,thu,fri,12560291_fri,post_24h,어제 밤 10시 공개 이후 증가분 확인용 수집,29.7만,297000.0,https://series.naver.com/comic/detail.series?productNo=12560291,20260814_172433,fri,금,2026-08-14 17:24:33,2026-08-14,17:24:33,2026-08-14 17:36:52,2026-08-14 17:36:55,2.55,2026-08-14 17:36:55,2026-08-14,17:36:55,2026-08-14 17:42:09,1056.05
fri,50,범상한 변호사의 아공간,혜낙,839007,https://comic.naver.com/webtoon/list?titleId=839007&tab=fri,12573539,범상한 변호사의 아공간 [독점],범상한 변호사의 아공간 [독점] (총 32화/미완결),총 32화/미완결,32.0,미완결,,,https://series.naver.com/comic/detail.series?productNo=12573539,matched,ok,"범상한 변호사의 아공간 [독점] (총 32화/미완결)
평점
9.8 | 혜낙,서칸더브이 김리아 | 2026.06.04. | 총32화/미완결 | 27화 무료
변호사 한범상 앞에 나타난 이상한 문.그 너머에는 시간이 흐르지 않는 공간이 존재한다.ⓒ혜낙,김리아(원작:서칸더브이)/학산문화사",fri,1,fri,1,thu,fri,True,fri,금,thu,fri,12573539_fri,post_24h,어제 밤 10시 공개 이후 증가분 확인용 수집,84.2만,842000.0,https://series.naver.com/comic/detail.series?productNo=12573539,20260814_172433,fri,금,2026-08-14 17:24:33,2026-08-14,17:24:33,2026-08-14 17:36:56,2026-08-14 17:36:58,2.26,2026-08-14 17:36:58,2026-08-14,17:36:58,2026-08-14 17:42:09,1056.05
fri,85,미운오리새끼,펀지르르,839542,https://comic.naver.com/webtoon/list?titleId=839542&tab=fri,12665421,미운오리새끼,미운오리새끼 (총 36화/미완결),총 36화/미완결,36.0,미완결,펀지르르 펀지르르,평점 10.0 | 펀지르르 펀지르르 | 2026.01.15. | 총36화/미완결 | 전화 무료,https://series.naver.com/comic/detail.series?productNo=12665421,matched,ok,"미운오리새끼 (총 36화/미완결)
평점
10.0 | 펀지르르 펀지르르 | 2026.01.15. | 총36화/미완결 | 전화 무료
가장 가까우면서도 가장 힘들게 하는 관계인 원수같은 가족!이 애증 섞인 복잡한 관계의 가족 성장 이야기",fri,1,fri,1,thu,fri,True,fri,금,thu,fri,12665421_fri,post_24h,어제 밤 10시 공개 이후 증가분 확인용 수집,19.9만,199000.0,https://series.naver.com/comic/detail.series?productNo=12665421,20260814_172433,fri,금,2026-08-14 17:24:33,2026-08-14,17:24:33,2026-08-14 17:37:00,2026-08-14 17:37:02,2.21,2026-08-14 17:37:02,2026-08-14,17:37:02,2026-08-14 17:42:09,1056.05
fri,70,피도 눈물도 없는 용사,진,839715,https://comic.naver.com/webtoon/list?titleId=839715&tab=fri,12690318,피도 눈물도 없는 용사,피도 눈물도 없는 용사 (총 57화/미완결),총 57화/미완결,57.0,미완결,,,https://series.naver.com/comic/detail.series?productNo=12690318,matched,ok,"피도 눈물도 없는 용사 (총 57화/미완결)
평점
9.6 | 진, 박제후 제리 | 2026.06.04. | 총57화/미완결 | 50화 무료
전세계적인 인기를 누리는 게임 '인류의 수호자'의 썩은물 한제우.수억의 빚더미와 골방 안에서 허우적대는 이른바 외골수 플레이어다.하지만 고대하던 마왕과의 최종전은 어처구니없이 실패.불어난 빚의 상환일은 쉴세없이 ..",fri,1,fri,1,thu,fri,True,fri,금,thu,fri,12690318_fri,post_24h,어제 밤 10시 공개 이후 증가분 확인용 수집,70.5만,705000.0,https://series.naver.com/comic/detail.series?productNo=12690318,20260814_172433,fri,금,2026-08-14 17:24:33,2026-08-14,17:24:33,2026-08-14 17:37:04,2026-08-14 17:37:05,1.96,2026-08-14 17:37:05,2026-08-14,17:37:05,2026-08-14 17:42:09,1056.05
fri,78,인간천적,도국,840508,https://comic.naver.com/webtoon/list?titleId=840508&tab=fri,12817584,인간천적,인간천적 (총 51화/미완결),총 51화/미완결,51.0,미완결,,,https://series.naver.com/comic/detail.series?productNo=12817584,matched,ok,"인간천적 (총 51화/미완결)
평점
9.9 | 도국 도국 | 2026.06.04. | 총51화/미완결 | 46화 무료
최강의 킬러로 불리던 ‘칼토끼’는 은퇴 후, 요리사 ‘고야’라는 이름으로 조용한 삶을 살아간다.어느 날, 그의 레스토랑에 찾아온 소녀 ‘진서누’에게서 말로 설명할 수 없는 황홀한 향기를 느낀다.그리고 그녀를 뒤쫓아 ..",fri,1,fri,1,thu,fri,True,fri,금,thu,fri,12817584_fri,post_24h,어제 밤 10시 공개 이후 증가분 확인용 수집,57.8만,578000.0,https://series.naver.com/comic/detail.series?productNo=12817584,20260814_172433,fri,금,2026-08-14 17:24:33,2026-08-14,17:24:33,2026-08-14 17:37:06,2026-08-14 17:37:09,2.66,2026-08-14 17:37:09,2026-08-14,17:37:09,2026-08-14 17:42:09,1056.05
fri,89,다이어트 워리어,이선,840706,https://comic.naver.com/webtoon/list?titleId=840706&tab=fri,12848716,다이어트 워리어,다이어트 워리어 (총 50화/미완결),총 50화/미완결,50.0,미완결,,,https://series.naver.com/comic/detail.series?productNo=12848716,matched,ok,"다이어트 워리어 (총 50화/미완결)
평점
9.8 | 이선 이선 | 2026.05.28. | 총50화/미완결 | 45화 무료
다이어트 서바이벌로 인생을 망친 5인의 다이어트 서바이벌 설욕전!",fri,1,fri,1,thu,fri,True,fri,금,thu,fri,12848716_fri,post_24h,어제 밤 10시 공개 이후 증가분 확인용 수집,51.7만,517000.0,https://series.naver.com/comic/detail.series?productNo=12848716,20260814_172433,fri,금,2026-08-14 17:24:33,2026-08-14,17:24:33,2026-08-14 17:37:11,2026-08-14 17:37:13,2.38,2026-08-14 17:37:13,2026-08-14,17:37:13,2026-08-14 17:42:09,1056.05
fri,110,아이돌리,로로,840875,https://comic.naver.com/webtoon/list?titleId=840875&tab=fri,12897751,아이돌리,아이돌리 (총 26화/미완결),총 26화/미완결,26.0,미완결,로로 로로,평점 9.8 | 로로 로로 | 2026.07.30. | 총26화/미완결 | 24화 무료,https://series.naver.com/comic/detail.series?productNo=12897751,matched,ok,"아이돌리 (총 26화/미완결)
평점
9.8 | 로로 로로 | 2026.07.30. | 총26화/미완결 | 24화 무료
동물들의 신분상승 시대, 한 마리 고양이가 무대에 올랐다. 스타로 시작해 디바로 완성되는 고양이 돌리의 성장 이야기.",fri,1,fri,1,thu,fri,True,fri,금,thu,fri,12897751_fri,post_24h,어제 밤 10시 공개 이후 증가분 확인용 수집,2.8만,28000.0,https://series.naver.com/comic/detail.series?productNo=12897751,20260814_172433,fri,금,2026-08-14 17:24:33,2026-08-14,17:24:33,2026-08-14 17:37:15,2026-08-14 17:37:17,2.4,2026-08-14 17:37:17,2026-08-14,17:37:17,2026-08-14 17:42:09,1056.05
fri,45,시간제 부부,산차,841499,https://comic.naver.com/webtoon/list?titleId=841499&tab=fri,12965429,시간제 부부,시간제 부부 (총 51화/미완결),총 51화/미완결,51.0,미완결,,,https://series.naver.com/comic/detail.series?productNo=12965429,matched,ok,"시간제 부부 (총 51화/미완결)
평점
10.0 | 산차, 최연 산차 | 2026.06.04. | 총51화/미완결 | 45화 무료
다인의 첫사랑이자 옛 연인이었던 강서준은 결혼하지 못하면 죽을 운명이라며 다인에게 100일짜리 계약 결혼을 제안한다.얼토당토않는 제안에 자존심은 좀 상하지만, 당차게 계약 조건을 내건 다인은 그렇게 서준과 신혼 생..",fri,1,fri,1,thu,fri,True,fri,금,thu,fri,12965429_fri,post_24h,어제 밤 10시 공개 이후 증가분 확인용 수집,176만,1760000.0,https://series.naver.com/comic/detail.series?productNo=12965429,20260814_172433,fri,금,2026-08-14 17:24:33,2026-08-14,17:24:33,2026-08-14 17:37:18,2026-08-14 17:37:20,2.05,2026-08-14 17:37:20,2026-08-14,17:37:20,2026-08-14 17:42:09,1056.05
tue,3,오! 나의 교주님,,841624,https://comic.naver.com/webtoon/list?titleId=841624&tab=tue,12998643,오! 나의 교주님,오! 나의 교주님 (총 94화/미완결),총 94화/미완결,94.0,미완결,"김꿀빨, 김완두 김꿀빨, 김완두","평점 9.4 | 김꿀빨, 김완두 김꿀빨, 김완두 | 2026.06.18. | 총94화/미완결 | 89화 무료",https://series.naver.com/comic/detail.series?productNo=12998643,review_needed,not_found,"오! 나의 교주님 (총 94화/미완결)
평점
9.4 | 김꿀빨, 김완두 김꿀빨, 김완두 | 2026.06.18. | 총94화/미완결 | 89화 무료
사이비 종교 ‘진천교’에서 태어나 평생을 그곳에서 살아온 한성민. 그는 결국 모든 것을 잃고 홀로 탈출한다.수년 후, 성인이 된 그는 다시 진천교에 잠입해 처절한 복수를 시작하려 한다.“오, 나의 교주님. 제가 보내드릴게..","tue,fri",2,"tue,fri",2,"mon,thu","tue,fri",True,fri,금,thu,fri,12998643_fri,post_24h,어제 밤 10시 공개 이후 증가분 확인용 수집,,,https://nid.naver.com/nidlogin.login?svctype=128&a_version=2&viewtype=1&url=http%3A%2F%2Fseries.naver.com%2Fcomic%2Fdetail.series%3FproductNo%3D12998643&surl=https%3A%2F%2Fseries.naver.com,20260814_172433,fri,금,2026-08-14 17:24:33,2026-08-14,17:24:33,2026-08-14 17:37:22,2026-08-14 17:37:37,15.16,2026-08-14 17:37:37,2026-08-14,17:37:37,2026-08-14 17:42:09,1056.05
fri,106,완벽한 게 다인,은솔,841767,https://comic.naver.com/webtoon/list?titleId=841767&tab=fri,13009203,완벽한 게 다인,완벽한 게 다인 (총 46화/미완결),총 46화/미완결,46.0,미완결,,,https://series.naver.com/comic/detail.series?productNo=13009203,matched,ok,"완벽한 게 다인 (총 46화/미완결)
평점
10.0 | 은솔 재림 | 2026.06.04. | 총46화/미완결 | 41화 무료
매사에 열심히, 열정적인 학창시절을 살아온 대학 새내기 김다인은 성적, 교우관계, 스펙 모든 것이 완벽한 캠퍼스 라이프를 꿈꾼다.하지만 다인은 자신과 이름이 같지만 자신과 다르게 '완벽한 외모와 인성을 겸비한' 강다인..",fri,1,fri,1,thu,fri,True,fri,금,thu,fri,13009203_fri,post_24h,어제 밤 10시 공개 이후 증가분 확인용 수집,28.8만,288000.0,https://series.naver.com/comic/detail.series?productNo=13009203,20260814_172433,fri,금,2026-08-14 17:24:33,2026-08-14,17:24:33,2026-08-14 17:37:38,2026-08-14 17:37:42,3.71,2026-08-14 17:37:42,2026-08-14,17:37:42,2026-08-14 17:42:09,1056.05
fri,100,청소요원,조롱이,841792,https://comic.naver.com/webtoon/list?titleId=841792&tab=fri,13010036,청소요원,청소요원 (총 47화/미완결),총 47화/미완결,47.0,미완결,,,https://series.naver.com/comic/detail.series?productNo=13010036,matched,ok,"청소요원 (총 47화/미완결)
평점
9.5 | 조롱이 조롱이 | 2026.06.04. | 총47화/미완결 | 42화 무료
부패한 권력이 지배하는 세상에서 가족을 잃은 ‘진이수’, 모든 것을 되찾기 위해 뒷세계로 들어가 거대 범죄조직과 맞서는 투쟁을 시작한다.",fri,1,fri,1,thu,fri,True,fri,금,thu,fri,13010036_fri,post_24h,어제 밤 10시 공개 이후 증가분 확인용 수집,13.9만,139000.0,https://series.naver.com/comic/detail.series?productNo=13010036,20260814_172433,fri,금,2026-08-14 17:24:33,2026-08-14,17:24:33,2026-08-14 17:37:44,2026-08-14 17:37:46,2.58,2026-08-14 17:37:46,2026-08-14,17:37:46,2026-08-14 17:42:09,1056.05
tue,63,브레이커즈,JDL,841810,https://comic.naver.com/webtoon/list?titleId=841810&tab=tue,13011302,브레이커즈,브레이커즈 (총 88화/미완결),총 88화/미완결,88.0,미완결,,,https://series.naver.com/comic/detail.series?productNo=13011302,matched,ok,"브레이커즈 (총 88화/미완결)
평점
9.7 | JDL, 취룡 뚱또 | 2026.06.01. | 총88화/미완결 | 84화 무료
'주인공'은 즐겨하던 게임의 리메이크판인 <나이트 사가:re>를 플레이하던 중,게임 속으로 끌려들어 간다.그런데 무언가 이상하다.<나이트 사가:re>에서 플레이어블 캐릭터는 인간 편의 로크, 마계 편의 제피르뿐.그러나 정신..","tue,fri",2,"tue,fri",2,"mon,thu","tue,fri",True,fri,금,thu,fri,13011302_fri,post_24h,어제 밤 10시 공개 이후 증가분 확인용 수집,54.6만,546000.0,https://series.naver.com/comic/detail.series?productNo=13011302,20260814_172433,fri,금,2026-08-14 17:24:33,2026-08-14,17:24:33,2026-08-14 17:37:48,2026-08-14 17:37:50,2.42,2026-08-14 17:37:50,2026-08-14,17:37:50,2026-08-14 17:42:09,1056.05
fri,116,나의 모르는 여자친구,이정빈,841923,https://comic.naver.com/webtoon/list?titleId=841923&tab=fri,13025901,나의 모르는 여자친구,나의 모르는 여자친구 (총 41화/미완결),총 41화/미완결,41.0,미완결,,,https://series.naver.com/comic/detail.series?productNo=13025901,matched,ok,"나의 모르는 여자친구 (총 41화/미완결)
평점
9.9 | 이정빈 이정빈 | 2026.06.04. | 총41화/미완결 | 36화 무료
눈 떠보니 아이돌의 여자친구가 되어있다?! 평범한 삶을 추구하는 대학생 ‘해나’는 인기 아이돌 ‘은하‘와의 거짓 열애설로 일상에 금이 갈 위기를 맞는다.",fri,1,fri,1,thu,fri,True,fri,금,thu,fri,13025901_fri,post_24h,어제 밤 10시 공개 이후 증가분 확인용 수집,9.6만,96000.0,https://series.naver.com/comic/detail.series?productNo=13025901,20260814_172433,fri,금,2026-08-14 17:24:33,2026-08-14,17:24:33,2026-08-14 17:37:51,2026-08-14 17:37:54,2.19,2026-08-14 17:37:54,2026-08-14,17:37:54,2026-08-14 17:42:09,1056.05
fri,62,감히 바라옵건대,LICO,842215,https://comic.naver.com/webtoon/list?titleId=842215&tab=fri,13057560,감히 바라옵건대,감히 바라옵건대 (총 43화/미완결),총 43화/미완결,43.0,미완결,,,https://series.naver.com/comic/detail.series?productNo=13057560,matched,ok,"감히 바라옵건대 (총 43화/미완결)
평점
10.0 | LICO, 백묘 LICO | 2026.06.04. | 총43화/미완결 | 38화 무료
“황후가 되어 폐하를 지키겠습니다.”모든 것을 잃었을 때,나는 무너지지 않았다.다만 당신을 찾아갔을 뿐.헤레이스 델가도.제국의 구원자임에도기꺼이 ‘미친 황제’라 불리길 택한 남자.그 지난한 길을 홀로 걸어온 당신 옆..",fri,1,fri,1,thu,fri,True,fri,금,thu,fri,13057560_fri,post_24h,어제 밤 10시 공개 이후 증가분 확인용 수집,91.9만,919000.0,https://series.naver.com/comic/detail.series?productNo=13057560,20260814_172433,fri,금,2026-08-14 17:24:33,2026-08-14,17:24:33,2026-08-14 17:37:55,2026-08-14 17:37:57,2.33,2026-08-14 17:37:57,2026-08-14,17:37:57,2026-08-14 17:42:09,1056.05
fri,77,앵클 브레이커,하하영,842261,https://comic.naver.com/webtoon/list?titleId=842261&tab=fri,13061124,앵클 브레이커,앵클 브레이커 (총 44화/미완결),총 44화/미완결,44.0,미완결,,,https://series.naver.com/comic/detail.series?productNo=13061124,matched,ok,"앵클 브레이커 (총 44화/미완결)
평점
9.9 | 하하영 민영 | 2026.06.04. | 총44화/미완결 | 39화 무료
167.8cm 단신 가드의 등장! ""농구는 키 작으면 절대 안 된다고? 2m, 3m 다 데리고 와 보라 그래. 아무리 키 커도 넘어뜨리면 나보다 다 아래야."" 주인공 강휘는 런 앤 건으로 대회 우승을 꿈꾸는 전광고 농구부의 마지막 퍼즐..",fri,1,fri,1,thu,fri,True,fri,금,thu,fri,13061124_fri,post_24h,어제 밤 10시 공개 이후 증가분 확인용 수집,90.7만,907000.0,https://series.naver.com/comic/detail.series?productNo=13061124,20260814_172433,fri,금,2026-08-14 17:24:33,2026-08-14,17:24:33,2026-08-14 17:37:59,2026-08-14 17:38:02,2.92,2026-08-14 17:38:02,2026-08-14,17:38:02,2026-08-14 17:42:09,1056.05
fri,99,우리집 로미오,뉸달,842321,https://comic.naver.com/webtoon/list?titleId=842321&tab=fri,13065135,우리집 로미오,우리집 로미오 (총 47화/미완결),총 47화/미완결,47.0,미완결,,,https://series.naver.com/comic/detail.series?productNo=13065135,matched,ok,"우리집 로미오 (총 47화/미완결)
평점
10.0 | 뉸달 뉸달 | 2026.06.04. | 총47화/미완결 | 40화 무료
여름방학을 맞아 집에 내려온 솔은 정체불명의 남자 로미와 마주한다.엄마의 남자친구로 보이는 그와의 불편한 동거가 시작되자, 솔은 끊임없는 의심과 오해 속에 휘말린다.하지만 함께 지내며 조금씩 드러나는 로미의 진심, ..",fri,1,fri,1,thu,fri,True,fri,금,thu,fri,13065135_fri,post_24h,어제 밤 10시 공개 이후 증가분 확인용 수집,25.2만,252000.0,https://series.naver.com/comic/detail.series?productNo=13065135,20260814_172433,fri,금,2026-08-14 17:24:33,2026-08-14,17:24:33,2026-08-14 17:38:03,2026-08-14 17:38:05,2.65,2026-08-14 17:38:05,2026-08-14,17:38:05,2026-08-14 17:42:09,1056.05
fri,10,네가 사는 그 집,,842465,https://comic.naver.com/webtoon/list?titleId=842465&tab=fri,13090391,네가 사는 그 집,네가 사는 그 집 (총 47화/미완결),총 47화/미완결,47.0,미완결,석우 해바다,평점 9.7 | 석우 해바다 | 2026.06.18. | 총47화/미완결 | 41화 무료,https://series.naver.com/comic/detail.series?productNo=13090391,review_needed,not_found,"네가 사는 그 집 (총 47화/미완결)
평점
9.7 | 석우 해바다 | 2026.06.18. | 총47화/미완결 | 41화 무료
찢어지게 가난한 집에서 두 아이를 키우며 힘겹게 살아가던 30대 화린.어느날, 자기 첫사랑이었던 부유한 선배와 결혼해 행복하게 사는 친구와 몸이 바뀐다.하지만 부러워하던 삶을 얻은 기쁨도 잠시,그 집의 추악한 비밀이 드..",fri,1,fri,1,thu,fri,True,fri,금,thu,fri,13090391_fri,post_24h,어제 밤 10시 공개 이후 증가분 확인용 수집,,,https://nid.naver.com/nidlogin.login?svctype=128&a_version=2&viewtype=1&url=http%3A%2F%2Fseries.naver.com%2Fcomic%2Fdetail.series%3FproductNo%3D13090391&surl=https%3A%2F%2Fseries.naver.com,20260814_172433,fri,금,2026-08-14 17:24:33,2026-08-14,17:24:33,2026-08-14 17:38:07,2026-08-14 17:38:23,16.1,2026-08-14 17:38:23,2026-08-14,17:38:23,2026-08-14 17:42:09,1056.05
fri,27,용사파티만화,칰타,842647,https://comic.naver.com/webtoon/list?titleId=842647&tab=fri,13101435,용사파티만화,용사파티만화 (총 129화/미완결),총 129화/미완결,129.0,미완결,,,https://series.naver.com/comic/detail.series?productNo=13101435,matched,ok,"용사파티만화 (총 129화/미완결)
평점
10.0 | 칰타 랴코 | 2026.06.06. | 총129화/미완결 | 119화 무료
흔해 빠진 이세계에 어딘가 나사 빠진 용사 파티가 나타났다!자칭 용사 꼬마 탱커 파밍, 음침 수인 마법사 해피, 겉과 속이 다른 변태 수녀 클레어, 생각보다 너무 비겁한 도적 김도적까지...쪼렙 모험가답지 않게 우연히 이런 저..","fri,sat,sun",3,"fri,sat,sun",3,"thu,fri,sat","fri,sat,sun",True,fri,금,thu,fri,13101435_fri,post_24h,어제 밤 10시 공개 이후 증가분 확인용 수집,175만,1750000.0,https://series.naver.com/comic/detail.series?productNo=13101435,20260814_172433,fri,금,2026-08-14 17:24:33,2026-08-14,17:24:33,2026-08-14 17:38:24,2026-08-14 17:38:27,2.24,2026-08-14 17:38:27,2026-08-14,17:38:27,2026-08-14 17:42:09,1056.05
fri,103,타임머신 만들기,자드나인,842903,https://comic.naver.com/webtoon/list?titleId=842903&tab=fri,13141911,타임머신 만들기,타임머신 만들기 (총 50화/미완결),총 50화/미완결,50.0,미완결,,,https://series.naver.com/comic/detail.series?productNo=13141911,matched,ok,"타임머신 만들기 (총 50화/미완결)
평점
10.0 | 자드나인 자드나인 | 2026.06.04. | 총50화/미완결 | 45화 무료
폐부 위기에 몰린 물리학 동아리 ""타키온""첫 눈에 반한 국문과 여학생 신입부원이 타임머신을 만들고 싶어 한다.그래서.... 만들었다.과연 타키온 멤버들은 이 타임머신으로 미래에 갈 수 있을까?현대 물리학으로 타임머신 만드..",fri,1,fri,1,thu,fri,True,fri,금,thu,fri,13141911_fri,post_24h,어제 밤 10시 공개 이후 증가분 확인용 수집,11.2만,112000.0,https://series.naver.com/comic/detail.series?productNo=13141911,20260814_172433,fri,금,2026-08-14 17:24:33,2026-08-14,17:24:33,2026-08-14 17:38:28,2026-08-14 17:38:31,3.0,2026-08-14 17:38:31,2026-08-14,17:38:31,2026-08-14 17:42:09,1056.05
fri,15,신마 환생,더블디,843194,https://comic.naver.com/webtoon/list?titleId=843194&tab=fri,13085692,신마 환생,신마 환생 (총 47화/미완결),총 47화/미완결,47.0,미완결,,,https://series.naver.com/comic/detail.series?productNo=13085692,matched,ok,"신마 환생 (총 47화/미완결)
평점
9.7 | 더블디, 요비 동동이 | 2026.06.04. | 총47화/미완결 | 37화 무료
강호에 피바람을 몰고 싶은 전설적인 존재, 신마 정천.그의 이름만으로도 무림은 공포에 떨었고, 그의 검은 하늘을 갈랐다. 구대문파의 정예 무사들, 그 누구도 그의 적수가 되지 못했다. 천하를 뒤흔들던 그의 무위는 신화로 전..",fri,1,fri,1,thu,fri,True,fri,금,thu,fri,13085692_fri,post_24h,어제 밤 10시 공개 이후 증가분 확인용 수집,262.5만,2625000.0,https://series.naver.com/comic/detail.series?productNo=13085692,20260814_172433,fri,금,2026-08-14 17:24:33,2026-08-14,17:24:33,2026-08-14 17:38:32,2026-08-14 17:38:35,2.63,2026-08-14 17:38:35,2026-08-14,17:38:35,2026-08-14 17:42:09,1056.05
fri,117,비터 스윗 홈,겨울,843314,https://comic.naver.com/webtoon/list?titleId=843314&tab=fri,13225681,비터 스윗 홈,비터 스윗 홈 (총 39화/미완결),총 39화/미완결,39.0,미완결,,,https://series.naver.com/comic/detail.series?productNo=13225681,matched,ok,"비터 스윗 홈 (총 39화/미완결)
평점
9.8 | 겨울 겨울 | 2026.06.04. | 총39화/미완결 | 35화 무료
이혼 가정의 주인공 귤은 어느 날 엄마가 재혼을 생각하고 있다는 것에 당황한다. 심지어 상대 집안은 왠지 조금 이상한 것 같은데...",fri,1,fri,1,thu,fri,True,fri,금,thu,fri,13225681_fri,post_24h,어제 밤 10시 공개 이후 증가분 확인용 수집,10.4만,104000.0,https://series.naver.com/comic/detail.series?productNo=13225681,20260814_172433,fri,금,2026-08-14 17:24:33,2026-08-14,17:24:33,2026-08-14 17:38:36,2026-08-14 17:38:39,2.7,2026-08-14 17:38:39,2026-08-14,17:38:39,2026-08-14 17:42:09,1056.05
fri,97,"바리, 별을 깨운 천둥",보또보,843430,https://comic.naver.com/webtoon/list?titleId=843430&tab=fri,13230636,"바리, 별을 깨운 천둥","바리, 별을 깨운 천둥 (총 38화/미완결)",총 38화/미완결,38.0,미완결,,,https://series.naver.com/comic/detail.series?productNo=13230636,matched,ok,"바리, 별을 깨운 천둥 (총 38화/미완결)
평점
9.9 | 보또보 그로우 | 2026.05.28. | 총38화/미완결 | 34화 무료
태어나자마자 버려진 독심술사 소녀, 바리.세상의 저주 속에서 스스로를 요괴라 믿게 된 그녀 앞에요괴 잡는 사냥꾼, 무 우레가 나타난다.“넌 요괴가 아니야. 난 네가 필요해.”그 말을 믿은 순간, 운명이 깨어났다. 저승과 인간..",fri,1,fri,1,thu,fri,True,fri,금,thu,fri,13230636_fri,post_24h,어제 밤 10시 공개 이후 증가분 확인용 수집,21.9만,219000.0,https://series.naver.com/comic/detail.series?productNo=13230636,20260814_172433,fri,금,2026-08-14 17:24:33,2026-08-14,17:24:33,2026-08-14 17:38:40,2026-08-14 17:38:42,1.89,2026-08-14 17:38:42,2026-08-14,17:38:42,2026-08-14 17:42:09,1056.05
fri,40,천재소녀가 무림공적을 숨김,환운(還運),843838,https://comic.naver.com/webtoon/list?titleId=843838&tab=fri,13262986,천재소녀가 무림공적을 숨김,천재소녀가 무림공적을 숨김 (총 40화/미완결),총 40화/미완결,40.0,미완결,,,https://series.naver.com/comic/detail.series?productNo=13262986,matched,ok,"천재소녀가 무림공적을 숨김 (총 40화/미완결)
평점
9.9 | 환운(還運),일향 박정식 | 2026.06.04. | 총40화/미완결 | 32화 무료
무림공적을 숨긴 천재소녀의 귀염 뽀짝 무협 모험기!내공을 잃고 세상과 단절한 채 살아가던 검귀 독고현 앞에, 천재소녀 왕소미가 느닷없이 찾아온다. 당돌하고 귀여운 그녀는 무림의 새로운 문제를 끌어들이며 독고현의 고..",fri,1,fri,1,thu,fri,True,fri,금,thu,fri,13262986_fri,post_24h,어제 밤 10시 공개 이후 증가분 확인용 수집,86만,860000.0,https://series.naver.com/comic/detail.series?productNo=13262986,20260814_172433,fri,금,2026-08-14 17:24:33,2026-08-14,17:24:33,2026-08-14 17:38:44,2026-08-14 17:38:46,2.02,2026-08-14 17:38:46,2026-08-14,17:38:46,2026-08-14 17:42:09,1056.05
fri,67,죽여주는 캐스팅,,843866,https://comic.naver.com/webtoon/list?titleId=843866&tab=fri,13253015,죽여주는 캐스팅 [독점],죽여주는 캐스팅 [독점] (총 42화/미완결),총 42화/미완결,42.0,미완결,영춘 하보,평점 9.6 | 영춘 하보 | 2026.06.18. | 총42화/미완결 | 36화 무료,https://series.naver.com/comic/detail.series?productNo=13253015,review_needed,not_found,"죽여주는 캐스팅 [독점] (총 42화/미완결)
평점
9.6 | 영춘 하보 | 2026.06.18. | 총42화/미완결 | 36화 무료
영화감상 동호회에서 만난 혜수와 강호.성공한 배우를 꿈꾸는 강호는 오디션과 술자리에 몰두하며 혜수에게 기대어 살아간다.그런 강호를 이해하고자 혜수는 연기 수업을 시작하고 점차 자신의 길을 걷기 시작한다.하지만 강..",fri,1,fri,1,thu,fri,True,fri,금,thu,fri,13253015_fri,post_24h,어제 밤 10시 공개 이후 증가분 확인용 수집,,,https://nid.naver.com/nidlogin.login?svctype=128&a_version=2&viewtype=1&url=http%3A%2F%2Fseries.naver.com%2Fcomic%2Fdetail.series%3FproductNo%3D13253015&surl=https%3A%2F%2Fseries.naver.com,20260814_172433,fri,금,2026-08-14 17:24:33,2026-08-14,17:24:33,2026-08-14 17:38:47,2026-08-14 17:39:01,14.53,2026-08-14 17:39:01,2026-08-14,17:39:01,2026-08-14 17:42:09,1056.05
fri,61,첫정,혜윤,844061,https://comic.naver.com/webtoon/list?titleId=844061&tab=fri,13285921,첫정,첫정 (총 37화/미완결),총 37화/미완결,37.0,미완결,,,https://series.naver.com/comic/detail.series?productNo=13285921,matched,ok,"첫정 (총 37화/미완결)
평점
10.0 | 혜윤, 애디스 멍지 | 2026.06.04. | 총37화/미완결 | 32화 무료
대한민국 재벌 3세, 남경 그룹의 차남 권태서.권태로운 하루 속에서 카페도 하나 없는 성우읍으로 끌려 내려간다.혹독한 하루하루를 살아내는 안윤아와 만난 후로태서는 인생에서 한 번도 느껴보지 못한 감정을 느끼게 된다.그..",fri,1,fri,1,thu,fri,True,fri,금,thu,fri,13285921_fri,post_24h,어제 밤 10시 공개 이후 증가분 확인용 수집,78.5만,785000.0,https://series.naver.com/comic/detail.series?productNo=13285921,20260814_172433,fri,금,2026-08-14 17:24:33,2026-08-14,17:24:33,2026-08-14 17:39:03,2026-08-14 17:39:06,2.95,2026-08-14 17:39:06,2026-08-14,17:39:06,2026-08-14 17:42:09,1056.05
fri,13,악당들의 후원자가 되었다,LICO,844063,https://comic.naver.com/webtoon/list?titleId=844063&tab=fri,13285922,악당들의 후원자가 되었다,악당들의 후원자가 되었다 (총 38화/미완결),총 38화/미완결,38.0,미완결,,,https://series.naver.com/comic/detail.series?productNo=13285922,matched,ok,"악당들의 후원자가 되었다 (총 38화/미완결)
평점
10.0 | LICO, 봄한방울 조겐 | 2026.06.04. | 총38화/미완결 | 33화 무료
좋소 노예인 내가 게임 속 귀족으로 빙의되었다.근데 미래의 악당들에게 죽는 엑스트라라고?이들을 교화시켜 어떻게든 귀족 생활을 누리고 말 테다!아직 어린 악당들의 흑화를 막기 위해 후원했고,어려운 환경을 극복하게 만..",fri,1,fri,1,thu,fri,True,fri,금,thu,fri,13285922_fri,post_24h,어제 밤 10시 공개 이후 증가분 확인용 수집,521.8만,5218000.0,https://series.naver.com/comic/detail.series?productNo=13285922,20260814_172433,fri,금,2026-08-14 17:24:33,2026-08-14,17:24:33,2026-08-14 17:39:07,2026-08-14 17:39:09,2.15,2026-08-14 17:39:09,2026-08-14,17:39:09,2026-08-14 17:42:09,1056.05
fri,94,수풀사이로,신스카이,844535,https://comic.naver.com/webtoon/list?titleId=844535&tab=fri,13343472,수풀사이로,수풀사이로 (총 34화/미완결),총 34화/미완결,34.0,미완결,,,https://series.naver.com/comic/detail.series?productNo=13343472,matched,ok,"수풀사이로 (총 34화/미완결)
평점
9.9 | 신스카이 신스카이 | 2026.05.28. | 총34화/미완결 | 31화 무료
시골마을로 이사 온 공현재는 자신의 아빠가 방화범이었다는 것을 알게 되고, 혼란에 빠지게 된다.그러다가 그곳에서 15년 전 과거와 이어진 통로를 발견하고, 과거의 엄마와 아빠를 마주하게 된다. 현재는 그들과 함께 지내며..",fri,1,fri,1,thu,fri,True,fri,금,thu,fri,13343472_fri,post_24h,어제 밤 10시 공개 이후 증가분 확인용 수집,11.3만,113000.0,https://series.naver.com/comic/detail.series?productNo=13343472,20260814_172433,fri,금,2026-08-14 17:24:33,2026-08-14,17:24:33,2026-08-14 17:39:10,2026-08-14 17:39:12,2.39,2026-08-14 17:39:12,2026-08-14,17:39:12,2026-08-14 17:42:09,1056.05
fri,23,히든 특성 13개 들고 시작한다,준영,844731,https://comic.naver.com/webtoon/list?titleId=844731&tab=fri,13367849,히든 특성 13개 들고 시작한다,히든 특성 13개 들고 시작한다 (총 33화/미완결),총 33화/미완결,33.0,미완결,,,https://series.naver.com/comic/detail.series?productNo=13367849,matched,ok,"히든 특성 13개 들고 시작한다 (총 33화/미완결)
평점
9.8 | 준영, 마지막검사 땍꾸 | 2026.06.04. | 총33화/미완결 | 28화 무료
게임과 현실이 하나가 되어가는 세상.히든 특성 13개 들고 시작하는 한 남자의 이야기.",fri,1,fri,1,thu,fri,True,fri,금,thu,fri,13367849_fri,post_24h,어제 밤 10시 공개 이후 증가분 확인용 수집,187.8만,1878000.0,https://series.naver.com/comic/detail.series?productNo=13367849,20260814_172433,fri,금,2026-08-14 17:24:33,2026-08-14,17:24:33,2026-08-14 17:39:13,2026-08-14 17:39:15,1.94,2026-08-14 17:39:15,2026-08-14,17:39:15,2026-08-14 17:42:09,1056.05
fri,17,마왕인데 용사가 너무 많음,윤선웅,845002,https://comic.naver.com/webtoon/list?titleId=845002&tab=fri,13430584,마왕인데 용사가 너무 많음 [독점],마왕인데 용사가 너무 많음 [독점] (총 33화/미완결),총 33화/미완결,33.0,미완결,,,https://series.naver.com/comic/detail.series?productNo=13430584,matched,ok,"마왕인데 용사가 너무 많음 [독점] (총 33화/미완결)
평점
10.0 | 윤선웅 MIDNIGHT STUDIO | 2026.06.04. | 총33화/미완결 | 28화 무료
'마왕의 정석'을 착실히 따르다가 용사들에게 죽었다.나와 내 탑이 용사 맞춤형 사냥터라고?회귀로 다시 얻은 삶의 기회, X같은 마왕의 정석따윈 오크나 주라지!꼴통(?) 마왕 베르제의 마왕으로 살아남기!",fri,1,fri,1,thu,fri,True,fri,금,thu,fri,13430584_fri,post_24h,어제 밤 10시 공개 이후 증가분 확인용 수집,292.3만,2923000.0,https://series.naver.com/comic/detail.series?productNo=13430584,20260814_172433,fri,금,2026-08-14 17:24:33,2026-08-14,17:24:33,2026-08-14 17:39:16,2026-08-14 17:39:19,2.56,2026-08-14 17:39:19,2026-08-14,17:39:19,2026-08-14 17:42:09,1056.05
fri,76,와인파티에서 순애찾기,JJJAENG,845004,https://comic.naver.com/webtoon/list?titleId=845004&tab=fri,13407375,와인파티에서 순애찾기,와인파티에서 순애찾기 (총 33화/미완결),총 33화/미완결,33.0,미완결,,,https://series.naver.com/comic/detail.series?productNo=13407375,matched,ok,"와인파티에서 순애찾기 (총 33화/미완결)
평점
10.0 | JJJAENG | 2026.06.04. | 총33화/미완결 | 28화 무료
33살 공무원 유진은 “모태솔로인 줄 알았어요”라는 말을 듣게 된다.충격을 받은 유진은 알고리즘에 이끌려 와인파티에 나가게 되는데...과연 유진은 순애를 찾을 수 있을까?",fri,1,fri,1,thu,fri,True,fri,금,thu,fri,13407375_fri,post_24h,어제 밤 10시 공개 이후 증가분 확인용 수집,25.5만,255000.0,https://series.naver.com/comic/detail.series?productNo=13407375,20260814_172433,fri,금,2026-08-14 17:24:33,2026-08-14,17:24:33,2026-08-14 17:39:20,2026-08-14 17:39:22,2.28,2026-08-14 17:39:22,2026-08-14,17:39:22,2026-08-14 17:42:09,1056.05
fri,69,사탄의 순애,,845378,https://comic.naver.com/webtoon/list?titleId=845378&tab=fri,13451638,사탄의 순애 [독점],사탄의 순애 [독점] (총 35화/미완결),총 35화/미완결,35.0,미완결,용현 카모모,평점 9.8 | 용현 카모모 | 2026.06.18. | 총35화/미완결 | 28화 무료,https://series.naver.com/comic/detail.series?productNo=13451638,review_needed,not_found,"사탄의 순애 [독점] (총 35화/미완결)
평점
9.8 | 용현 카모모 | 2026.06.18. | 총35화/미완결 | 28화 무료
초식동물계 대표주자 호구남 백은우 VS 육식동물계 대표주자 차도녀 범호연.정반대의 두 사람은 어쩌다 사귀게 됐을까?“백은우. 나한테 취업해라. 내 애인인 척 딱 1년. 그럼 10억이야.”업계에서 악마로 소문난 아티스트 레..",fri,1,fri,1,thu,fri,True,fri,금,thu,fri,13451638_fri,post_24h,어제 밤 10시 공개 이후 증가분 확인용 수집,,,https://nid.naver.com/nidlogin.login?svctype=128&a_version=2&viewtype=1&url=http%3A%2F%2Fseries.naver.com%2Fcomic%2Fdetail.series%3FproductNo%3D13451638&surl=https%3A%2F%2Fseries.naver.com,20260814_172433,fri,금,2026-08-14 17:24:33,2026-08-14,17:24:33,2026-08-14 17:39:23,2026-08-14 17:39:38,14.55,2026-08-14 17:39:38,2026-08-14,17:39:38,2026-08-14 17:42:09,1056.05
fri,9,두 얼굴,,845646,https://comic.naver.com/webtoon/list?titleId=845646&tab=fri,6489984,두 얼굴의 대표님,두 얼굴의 대표님 (총 126화/완결),총 126화/완결,126.0,완결,"1M, KuaiKan, YY 1M, KuaiKan, YY","평점 6.2 | 1M, KuaiKan, YY 1M, KuaiKan, YY | 2022.10.02. | 총126화/완결 | 3화 무료",https://series.naver.com/comic/detail.series?productNo=6489984,matched,ok,"두 얼굴의 대표님 (총 126화/완결)
평점
6.2 | 1M, KuaiKan, YY 1M, KuaiKan, YY | 2022.10.02. | 총126화/완결 | 3화 무료
재벌가의 사생아로 태어난 소원은 일찍 엄마를 잃고, 가족들의 멸시 속에서 살아왔다.그러다 언니에게 약혼자까지 뺏기게 되자, 실의에 빠진 소원은 유학을 떠나게 되고, 그곳에서 평범한 남편을 만나 결혼을 하게 된다.1년 후 ..",fri,1,fri,1,thu,fri,True,fri,금,thu,fri,6489984_fri,post_24h,어제 밤 10시 공개 이후 증가분 확인용 수집,157.5만,1575000.0,https://series.naver.com/comic/detail.series?productNo=6489984,20260814_172433,fri,금,2026-08-14 17:24:33,2026-08-14,17:24:33,2026-08-14 17:39:39,2026-08-14 17:39:42,2.67,2026-08-14 17:39:42,2026-08-14,17:39:42,2026-08-14 17:42:09,1056.05
fri,64,두근두근 대작전,최준영,845717,https://comic.naver.com/webtoon/list?titleId=845717&tab=fri,13515100,두근두근 대작전,두근두근 대작전 (총 29화/미완결),총 29화/미완결,29.0,미완결,,,https://series.naver.com/comic/detail.series?productNo=13515100,matched,ok,"두근두근 대작전 (총 29화/미완결)
평점
10.0 | 최준영 기령 | 2026.06.04. | 총29화/미완결 | 24화 무료
“우리, 두근두근함이 부족하지 않아?”초등학교부터 고등학교까지,소꿉친구에서 연인이 된 남도연과 정아린.합리적인 연애를 지향하는 두 사람에게빠져버린 한 조각의 설렘을 되찾기 위한—두근두근 대작전이 시작된다!",fri,1,fri,1,thu,fri,True,fri,금,thu,fri,13515100_fri,post_24h,어제 밤 10시 공개 이후 증가분 확인용 수집,38.8만,388000.0,https://series.naver.com/comic/detail.series?productNo=13515100,20260814_172433,fri,금,2026-08-14 17:24:33,2026-08-14,17:24:33,2026-08-14 17:39:43,2026-08-14 17:39:46,2.78,2026-08-14 17:39:46,2026-08-14,17:39:46,2026-08-14 17:42:09,1056.05
fri,118,원타이머,Two-zero,845862,https://comic.naver.com/webtoon/list?titleId=845862&tab=fri,13528910,원타이머,원타이머 (총 30화/미완결),총 30화/미완결,30.0,미완결,,,https://series.naver.com/comic/detail.series?productNo=13528910,matched,ok,"원타이머 (총 30화/미완결)
평점
9.0 | Two-zero Two-zero | 2026.06.04. | 총30화/미완결 | 25화 무료
한국 쇼트트랙의 미래라고 불리던 소년 ‘조형준’, 1년간의 폭발적인 성장으로 하늘 위를 날아다니던 기록은 바닥을 치게되고쫒겨나듯 그만둘 위기에 빠진 그때, 자신 앞에 나타난 같은 이름을 가진 소년이자 아이스하키계..",fri,1,fri,1,thu,fri,True,fri,금,thu,fri,13528910_fri,post_24h,어제 밤 10시 공개 이후 증가분 확인용 수집,2.7만,27000.0,https://series.naver.com/comic/detail.series?productNo=13528910,20260814_172433,fri,금,2026-08-14 17:24:33,2026-08-14,17:24:33,2026-08-14 17:39:47,2026-08-14 17:39:50,2.67,2026-08-14 17:39:50,2026-08-14,17:39:50,2026-08-14 17:42:09,1056.05
fri,11,그리디,,845919,https://comic.naver.com/webtoon/list?titleId=845919&tab=fri,13530624,그리디,그리디 (총 31화/미완결),총 31화/미완결,31.0,미완결,영하 랑라리,평점 9.9 | 영하 랑라리 | 2026.06.18. | 총31화/미완결 | 25화 무료,https://series.naver.com/comic/detail.series?productNo=13530624,review_needed,not_found,"그리디 (총 31화/미완결)
평점
9.9 | 영하 랑라리 | 2026.06.18. | 총31화/미완결 | 25화 무료
파혼했다. 십년지기 친구와 내가 파혼한 남자가 찍힌 청첩장 한 장.한유주는 그걸 끝으로 서른하나에 사랑도 우정도 다 버렸다. 남은 건 칼럼 한 줄에도 이름을 걸 수 없는 5년짜리 패션지 주니어 에디터 신세뿐.일도 사랑도, 마..",fri,1,fri,1,thu,fri,True,fri,금,thu,fri,13530624_fri,post_24h,어제 밤 10시 공개 이후 증가분 확인용 수집,,,https://nid.naver.com/nidlogin.login?svctype=128&a_version=2&viewtype=1&url=http%3A%2F%2Fseries.naver.com%2Fcomic%2Fdetail.series%3FproductNo%3D13530624&surl=https%3A%2F%2Fseries.naver.com,20260814_172433,fri,금,2026-08-14 17:24:33,2026-08-14,17:24:33,2026-08-14 17:39:51,2026-08-14 17:40:06,15.47,2026-08-14 17:40:06,2026-08-14,17:40:06,2026-08-14 17:42:09,1056.05
fri,105,이름 사이 공백,희DA,846301,https://comic.naver.com/webtoon/list?titleId=846301&tab=fri,13580788,이름 사이 공백,이름 사이 공백 (총 28화/미완결),총 28화/미완결,28.0,미완결,,,https://series.naver.com/comic/detail.series?productNo=13580788,matched,ok,"이름 사이 공백 (총 28화/미완결)
평점
10.0 | 희DA | 2026.06.04. | 총28화/미완결 | 23화 무료
주태가 죽기 전인 10년 전 과거로 돌아왔다.내가 바라는 것은 오직 하나, 내일도 우리가 함께할 수 있기를.",fri,1,fri,1,thu,fri,True,fri,금,thu,fri,13580788_fri,post_24h,어제 밤 10시 공개 이후 증가분 확인용 수집,9만,90000.0,https://series.naver.com/comic/detail.series?productNo=13580788,20260814_172433,fri,금,2026-08-14 17:24:33,2026-08-14,17:24:33,2026-08-14 17:40:07,2026-08-14 17:40:10,2.9,2026-08-14 17:40:10,2026-08-14,17:40:10,2026-08-14 17:42:09,1056.05
fri,108,프라이팬: 툴 마스터,기운찬,846337,https://comic.naver.com/webtoon/list?titleId=846337&tab=fri,13587106,프라이팬: 툴 마스터,프라이팬: 툴 마스터 (총 26화/미완결),총 26화/미완결,26.0,미완결,,,https://series.naver.com/comic/detail.series?productNo=13587106,matched,ok,"프라이팬: 툴 마스터 (총 26화/미완결)
평점
8.8 | 기운찬 기운찬 | 2026.06.04. | 총26화/미완결 | 21화 무료
하루아침에 생긴 던전과 몬스터의 습격으로 멸망한 세상.그런 세상에 프라이팬 하나를 들고 몬스터들과 싸우는 남자가 있다.그의 이름은 '우정우'.노력만큼 강해지는 프라이팬을 가진, 툴 마스터다.",fri,1,fri,1,thu,fri,True,fri,금,thu,fri,13587106_fri,post_24h,어제 밤 10시 공개 이후 증가분 확인용 수집,4.5만,45000.0,https://series.naver.com/comic/detail.series?productNo=13587106,20260814_172433,fri,금,2026-08-14 17:24:33,2026-08-14,17:24:33,2026-08-14 17:40:12,2026-08-14 17:40:15,2.69,2026-08-14 17:40:15,2026-08-14,17:40:15,2026-08-14 17:42:09,1056.05
fri,60,박제,,846363,https://comic.naver.com/webtoon/list?titleId=846363&tab=fri,10632769,박제하는 시간,박제하는 시간 (총 28화/완결),총 28화/완결,28.0,완결,이언,평점 10.0 | 이언 | 2024.07.19. | 총28화/완결 | 5화 무료,https://series.naver.com/comic/detail.series?productNo=10632769,matched,ok,"박제하는 시간 (총 28화/완결)
평점
10.0 | 이언 | 2024.07.19. | 총28화/완결 | 5화 무료
박제사 ‘도연’은 죽은 연인의 시체를 빼돌린다.이 과정을 목격한 작가 ‘이명’은 침묵의 대가로 도연의 삶을 소재로 요구해 온다.일주일간의 취재를 허락한 도연. 죽은 연인과 꼭 닮은 이명의 모습에 혼란을 느낀다.숲속의 ..",fri,1,fri,1,thu,fri,True,fri,금,thu,fri,10632769_fri,post_24h,어제 밤 10시 공개 이후 증가분 확인용 수집,7.3만,73000.0,https://series.naver.com/comic/detail.series?productNo=10632769,20260814_172433,fri,금,2026-08-14 17:24:33,2026-08-14,17:24:33,2026-08-14 17:40:16,2026-08-14 17:40:18,2.38,2026-08-14 17:40:18,2026-08-14,17:40:18,2026-08-14 17:42:09,1056.05
fri,90,신비아파트,꿀범,847138,https://comic.naver.com/webtoon/list?titleId=847138&tab=fri,13663034,신비아파트,신비아파트 (총 22화/미완결),총 22화/미완결,22.0,미완결,,,https://series.naver.com/comic/detail.series?productNo=13663034,matched,ok,"신비아파트 (총 22화/미완결)
평점
9.7 | 꿀범, 김종민 이하경 | 2026.06.04. | 총22화/미완결 | 19화 무료
신비가 떠난 지 5년.고스트는 자취를 감췄고, 세상엔 평화가 찾아왔다.어렸을 적 친구들과 함께 악귀를 상대하던 하리는이제 경찰이 되어, 바쁜 하루를 살아가고 있다.그러던 어느 날,‘GAU’에 봉인되어 있던 고스트들이 풀..",fri,1,fri,1,thu,fri,True,fri,금,thu,fri,13663034_fri,post_24h,어제 밤 10시 공개 이후 증가분 확인용 수집,16.6만,166000.0,https://series.naver.com/comic/detail.series?productNo=13663034,20260814_172433,fri,금,2026-08-14 17:24:33,2026-08-14,17:24:33,2026-08-14 17:40:20,2026-08-14 17:40:22,2.48,2026-08-14 17:40:22,2026-08-14,17:40:22,2026-08-14 17:42:09,1056.05
fri,48,아포칼립스를 걷는 우체부,소구미,847306,https://comic.naver.com/webtoon/list?titleId=847306&tab=fri,13691051,아포칼립스를 걷는 우체부,아포칼립스를 걷는 우체부 (총 24화/미완결),총 24화/미완결,24.0,미완결,,,https://series.naver.com/comic/detail.series?productNo=13691051,matched,ok,"아포칼립스를 걷는 우체부 (총 24화/미완결)
평점
9.6 | 오드로버 소구미 | 2026.06.04. | 총24화/미완결 | 19화 무료
멸망은 일상이 되었다.살육이 판을 쳐, 혼란스럽던 멸망 직후의 시기는 이미 지난 지 오래.그렇다고 살육이 멈췄다는 얘기는 아니다.여전히 시체가 넘쳐나지만, 그런 세상을 혼란스럽다고 생각하는 사람이 더는 없다는 뜻이지...",fri,1,fri,1,thu,fri,True,fri,금,thu,fri,13691051_fri,post_24h,어제 밤 10시 공개 이후 증가분 확인용 수집,45.2만,452000.0,https://series.naver.com/comic/detail.series?productNo=13691051,20260814_172433,fri,금,2026-08-14 17:24:33,2026-08-14,17:24:33,2026-08-14 17:40:23,2026-08-14 17:40:26,2.45,2026-08-14 17:40:26,2026-08-14,17:40:26,2026-08-14 17:42:09,1056.05
fri,101,죽지 말아 줘!,지와,847441,https://comic.naver.com/webtoon/list?titleId=847441&tab=fri,13697903,죽지 말아 줘!,죽지 말아 줘! (총 22화/미완결),총 22화/미완결,22.0,미완결,,,https://series.naver.com/comic/detail.series?productNo=13697903,matched,ok,"죽지 말아 줘! (총 22화/미완결)
평점
10.0 | 지와 지와 | 2026.06.04. | 총22화/미완결 | 17화 무료
삶과 죽음 사이, 아슬아슬하게 살아가는 윤하진. 평범한(?) 하루를 보내던 어느 날, 그를 지키는 소심한 정체불명의 소녀와 저승사자를 만나며 그의 하루는 완전히 달라진다.",fri,1,fri,1,thu,fri,True,fri,금,thu,fri,13697903_fri,post_24h,어제 밤 10시 공개 이후 증가분 확인용 수집,15.9만,159000.0,https://series.naver.com/comic/detail.series?productNo=13697903,20260814_172433,fri,금,2026-08-14 17:24:33,2026-08-14,17:24:33,2026-08-14 17:40:27,2026-08-14 17:40:30,2.81,2026-08-14 17:40:30,2026-08-14,17:40:30,2026-08-14 17:42:09,1056.05
fri,39,이세계 영주가 밥을 잘 먹임,판테라,847782,https://comic.naver.com/webtoon/list?titleId=847782&tab=fri,13700502,이세계 영주가 밥을 잘 먹임,이세계 영주가 밥을 잘 먹임 (총 21화/미완결),총 21화/미완결,21.0,미완결,,,https://series.naver.com/comic/detail.series?productNo=13700502,matched,ok,"이세계 영주가 밥을 잘 먹임 (총 21화/미완결)
평점
9.9 | 판테라 판테라 | 2026.06.04. | 총21화/미완결 | 15화 무료
작은 어촌 마을 에버그린에서 시작된 혁명.전생 영양사가 이세계를 맛있게, 뚝딱 정복합니다!“어서오세요, 에버그린에!”",fri,1,fri,1,thu,fri,True,fri,금,thu,fri,13700502_fri,post_24h,어제 밤 10시 공개 이후 증가분 확인용 수집,153.4만,1534000.0,https://series.naver.com/comic/detail.series?productNo=13700502,20260814_172433,fri,금,2026-08-14 17:24:33,2026-08-14,17:24:33,2026-08-14 17:40:31,2026-08-14 17:40:33,2.47,2026-08-14 17:40:33,2026-08-14,17:40:33,2026-08-14 17:42:09,1056.05
fri,114,킬링 달링 베이비-잉♡,고래짱,847842,https://comic.naver.com/webtoon/list?titleId=847842&tab=fri,13740307,킬링 달링 베이비-잉♡,킬링 달링 베이비-잉♡ (총 19화/미완결),총 19화/미완결,19.0,미완결,,,https://series.naver.com/comic/detail.series?productNo=13740307,matched,ok,"킬링 달링 베이비-잉♡ (총 19화/미완결)
평점
10.0 | 고래짱 실버초코 | 2026.06.04. | 총19화/미완결 | 16화 무료
죽은 보스의 마지막 명령. ""내 딸을 지켜라!""멕시코에서 날아온 허당 킬러 제이슨, 서울 수유동에서 육아 미션 시작! 그런데 세 살 꼬마가 보스보다 더 무섭다?!먹다 뱉기, 막말하기, 슬라임 던지기는 기본. 집 밖으로 뛰쳐나가 ..",fri,1,fri,1,thu,fri,True,fri,금,thu,fri,13740307_fri,post_24h,어제 밤 10시 공개 이후 증가분 확인용 수집,2만,20000.0,https://series.naver.com/comic/detail.series?productNo=13740307,20260814_172433,fri,금,2026-08-14 17:24:33,2026-08-14,17:24:33,2026-08-14 17:40:34,2026-08-14 17:40:36,2.21,2026-08-14 17:40:36,2026-08-14,17:40:36,2026-08-14 17:42:09,1056.05
fri,59,죽음은 잠 못 이루고,새나,848496,https://comic.naver.com/webtoon/list?titleId=848496&tab=fri,13812238,죽음은 잠 못 이루고 [독점],죽음은 잠 못 이루고 [독점] (총 19화/미완결),총 19화/미완결,19.0,미완결,,,https://series.naver.com/comic/detail.series?productNo=13812238,matched,ok,"죽음은 잠 못 이루고 [독점] (총 19화/미완결)
평점
9.9 | 인식론, 새나 마니 | 2026.06.04. | 총19화/미완결 | 14화 무료
[매주 금요일 연재]척박한 북부 왕국의 기사 아마리온은 매일 몬스터에 싸우며 살아가던 중,‘걸어 다니는 죽음’이라 불리는 모르트 대공에게 갑작스러운 청혼을 받는다. 자신의 북부 왕국을 먹여 살릴 수 있는 막대한 지참..",fri,1,fri,1,thu,fri,True,fri,금,thu,fri,13812238_fri,post_24h,어제 밤 10시 공개 이후 증가분 확인용 수집,70.8만,708000.0,https://series.naver.com/comic/detail.series?productNo=13812238,20260814_172433,fri,금,2026-08-14 17:24:33,2026-08-14,17:24:33,2026-08-14 17:40:37,2026-08-14 17:40:40,2.92,2026-08-14 17:40:40,2026-08-14,17:40:40,2026-08-14 17:42:09,1056.05
fri,63,가장 위대한 마술사,김윤찬,848576,https://comic.naver.com/webtoon/list?titleId=848576&tab=fri,13836048,가장 위대한 마술사,가장 위대한 마술사 (총 16화/미완결),총 16화/미완결,16.0,미완결,,,https://series.naver.com/comic/detail.series?productNo=13836048,matched,ok,"가장 위대한 마술사 (총 16화/미완결)
평점
10.0 | 김윤찬 김윤찬 | 2026.06.04. | 총16화/미완결 | 11화 무료
세상을 구한 위대한 마술사 '원효'. 그리고 그가 실종된 지도 어언 10년.원효를 너무나도 존경해왔던 '아라'는 술주정뱅이 한량처럼 변해버린 원효를 만나게 된다.10년 동안 원효에게 무슨 일이 있었던 걸까.과연 원효는, 다시금..",fri,1,fri,1,thu,fri,True,fri,금,thu,fri,13836048_fri,post_24h,어제 밤 10시 공개 이후 증가분 확인용 수집,26.8만,268000.0,https://series.naver.com/comic/detail.series?productNo=13836048,20260814_172433,fri,금,2026-08-14 17:24:33,2026-08-14,17:24:33,2026-08-14 17:40:41,2026-08-14 17:40:43,2.37,2026-08-14 17:40:43,2026-08-14,17:40:43,2026-08-14 17:42:09,1056.05
fri,107,조선 개스키,송세현,848861,https://comic.naver.com/webtoon/list?titleId=848861&tab=fri,13876289,조선 개스키,조선 개스키 (총 14화/미완결),총 14화/미완결,14.0,미완결,,,https://series.naver.com/comic/detail.series?productNo=13876289,matched,ok,"조선 개스키 (총 14화/미완결)
평점
9.0 | 바라 송세현 | 2026.06.04. | 총14화/미완결 | 9화 무료
선천적으로 몸이 약한 폼스키 ‘베리’와 사람에게 마음을 닫은 고등학생 ‘요한’.평소처럼 산책을 하던 중 갑작스러운 사고로 조선에 굴러떨어진다.제주도 사투리가 구수한 전직 무관 척씨의 도움으로 머물 곳은 생겼지만, ..",fri,1,fri,1,thu,fri,True,fri,금,thu,fri,13876289_fri,post_24h,어제 밤 10시 공개 이후 증가분 확인용 수집,1.8만,18000.0,https://series.naver.com/comic/detail.series?productNo=13876289,20260814_172433,fri,금,2026-08-14 17:24:33,2026-08-14,17:24:33,2026-08-14 17:40:44,2026-08-14 17:40:47,2.71,2026-08-14 17:40:47,2026-08-14,17:40:47,2026-08-14 17:42:09,1056.05
fri,115,도원향,이하진,848864,https://comic.naver.com/webtoon/list?titleId=848864&tab=fri,13879456,도원향,도원향 (총 18화/미완결),총 18화/미완결,18.0,미완결,,,https://series.naver.com/comic/detail.series?productNo=13879456,matched,ok,"도원향 (총 18화/미완결)
평점
9.8 | 이하진 이하진 | 2026.06.04. | 총18화/미완결 | 13화 무료
신과 안드로이드가 공존하는 이상향, 도원향.도원향의 모든 것은 인간의 영혼으로 유지된다.완전한 질서 아래 모든 것이 관리되는 세계.유일하게 자아를 가진 안드로이드, ‘홍유선’은 점차 위화감을 느끼고 도원향의 시스템..",fri,1,fri,1,thu,fri,True,fri,금,thu,fri,13879456_fri,post_24h,어제 밤 10시 공개 이후 증가분 확인용 수집,2.2만,22000.0,https://series.naver.com/comic/detail.series?productNo=13879456,20260814_172433,fri,금,2026-08-14 17:24:33,2026-08-14,17:24:33,2026-08-14 17:40:48,2026-08-14 17:40:51,2.7,2026-08-14 17:40:51,2026-08-14,17:40:51,2026-08-14 17:42:09,1056.05
fri,57,나랑 한판,MIMIC,848874,https://comic.naver.com/webtoon/list?titleId=848874&tab=fri,13860331,나랑 한판,나랑 한판 (총 14화/미완결),총 14화/미완결,14.0,미완결,,,https://series.naver.com/comic/detail.series?productNo=13860331,matched,ok,"나랑 한판 (총 14화/미완결)
평점
10.0 | MIMIC MIMIC | 2026.06.04. | 총14화/미완결 | 12화 무료
폼생폼사!싸움 하나만큼은 누구보다 자신 있는 고등학생 박기현.전학 간 새 학교에서도 당연히 중심이 될 줄 알았지만—“어라, 한방에 보내는 건 내 주특기였는데...?”결과는 단 한판!압도적인 상대 앞에서 기현의 자존심은 ..",fri,1,fri,1,thu,fri,True,fri,금,thu,fri,13860331_fri,post_24h,어제 밤 10시 공개 이후 증가분 확인용 수집,41만,410000.0,https://series.naver.com/comic/detail.series?productNo=13860331,20260814_172433,fri,금,2026-08-14 17:24:33,2026-08-14,17:24:33,2026-08-14 17:40:53,2026-08-14 17:40:55,2.28,2026-08-14 17:40:55,2026-08-14,17:40:55,2026-08-14 17:42:09,1056.05
fri,22,현질무신,황토,849031,https://comic.naver.com/webtoon/list?titleId=849031&tab=fri,13902716,현질무신,현질무신 (총 18화/미완결),총 18화/미완결,18.0,미완결,,,https://series.naver.com/comic/detail.series?productNo=13902716,matched,ok,"현질무신 (총 18화/미완결)
평점
8.8 | 시저디 황토 | 2026.06.04. | 총18화/미완결 | 12화 무료
중원의 거상, 묵휘영은 어느 날 마교의 습격을 받아 죽음을 맞이한다.죽었다고 생각한 것도 잠시 30년도 전 무당파에서 속가제자로 수련하던 어린 시절로회귀하게 된다.그리고 휘영의 눈 앞에 무인의 재능을 사고파는 신비한 ..",fri,1,fri,1,thu,fri,True,fri,금,thu,fri,13902716_fri,post_24h,어제 밤 10시 공개 이후 증가분 확인용 수집,83.4만,834000.0,https://series.naver.com/comic/detail.series?productNo=13902716,20260814_172433,fri,금,2026-08-14 17:24:33,2026-08-14,17:24:33,2026-08-14 17:40:56,2026-08-14 17:40:58,2.39,2026-08-14 17:40:58,2026-08-14,17:40:58,2026-08-14 17:42:09,1056.05
tue,42,생활의 참견 2 : 지금은 가족시절,김양수,849676,https://comic.naver.com/webtoon/list?titleId=849676&tab=tue,14011888,생활의 참견 2 : 지금은 가족시절,생활의 참견 2 : 지금은 가족시절 (총 20화/미완결),총 20화/미완결,20.0,미완결,,,https://series.naver.com/comic/detail.series?productNo=14011888,matched,ok,"생활의 참견 2 : 지금은 가족시절 (총 20화/미완결)
평점
10.0 | 김양수 | 2026.06.08. | 총20화/미완결 | 15화 무료
쉽게 지나치는 일상과 지나간 추억 속에서 발견하는 유쾌한 웃음,자라난 아이들과 더욱 강력해진 케미로 그가 돌아왔다!","tue,fri",2,"tue,fri",2,"mon,thu","tue,fri",True,fri,금,thu,fri,14011888_fri,post_24h,어제 밤 10시 공개 이후 증가분 확인용 수집,5만,50000.0,https://series.naver.com/comic/detail.series?productNo=14011888,20260814_172433,fri,금,2026-08-14 17:24:33,2026-08-14,17:24:33,2026-08-14 17:40:59,2026-08-14 17:41:01,2.03,2026-08-14 17:41:01,2026-08-14,17:41:01,2026-08-14 17:42:09,1056.05
fri,102,내가 죽인 전남편과 재혼하겠습니다,깜자,849684,https://comic.naver.com/webtoon/list?titleId=849684&tab=fri,13971725,내가 죽인 전남편과 재혼하겠습니다,내가 죽인 전남편과 재혼하겠습니다 (총 12화/미완결),총 12화/미완결,12.0,미완결,,,https://series.naver.com/comic/detail.series?productNo=13971725,matched,ok,"내가 죽인 전남편과 재혼하겠습니다 (총 12화/미완결)
평점
10.0 | 미건 | 2026.06.04. | 총12화/미완결 | 7화 무료
""전생에 널 죽인 게 나야. 이번 생의 널 살린 것도 나고.“부인의 가족을 몰살한 남편, 그런 남편을 살해한 부인.파국을 맞이했던 원수보다 못한 남편과 현대에서 다시 만나 주어진 시간 안에 재혼해야만 한다.피를 묻힌 바리에게..",fri,1,fri,1,thu,fri,True,fri,금,thu,fri,13971725_fri,post_24h,어제 밤 10시 공개 이후 증가분 확인용 수집,5.3만,53000.0,https://series.naver.com/comic/detail.series?productNo=13971725,20260814_172433,fri,금,2026-08-14 17:24:33,2026-08-14,17:24:33,2026-08-14 17:41:03,2026-08-14 17:41:06,2.76,2026-08-14 17:41:06,2026-08-14,17:41:06,2026-08-14 17:42:09,1056.05
fri,92,"빚, 나는 연인",김순돌,849749,https://comic.naver.com/webtoon/list?titleId=849749&tab=fri,14025289,"빚, 나는 연인","빚, 나는 연인 (총 10화/미완결)",총 10화/미완결,10.0,미완결,,,https://series.naver.com/comic/detail.series?productNo=14025289,matched,ok,"빚, 나는 연인 (총 10화/미완결)
평점
10.0 | 김순돌 김순돌 | 2026.06.04. | 총10화/미완결 | 5화 무료
오랜 연인과 절친한 친구의 바람.그들의 배신으로 사랑과 우정을 동시에 잃은 이봄.전 연인이 빌려 간 5천만 원마저 사라진 순간, 수상한 남자 백도혁이 나타난다.“사람은요, 자기 손에서 놓친 게 더 빛나 보이면결국 다시 돌..",fri,1,fri,1,thu,fri,True,fri,금,thu,fri,14025289_fri,post_24h,어제 밤 10시 공개 이후 증가분 확인용 수집,15.4만,154000.0,https://series.naver.com/comic/detail.series?productNo=14025289,20260814_172433,fri,금,2026-08-14 17:24:33,2026-08-14,17:24:33,2026-08-14 17:41:07,2026-08-14 17:41:09,2.7,2026-08-14 17:41:09,2026-08-14,17:41:09,2026-08-14 17:42:09,1056.05
tue,32,커플이상 부부미만,마자,850026,https://comic.naver.com/webtoon/list?titleId=850026&tab=tue,14070509,커플이상 부부미만,커플이상 부부미만 (총 14화/미완결),총 14화/미완결,14.0,미완결,,,https://series.naver.com/comic/detail.series?productNo=14070509,matched,ok,"커플이상 부부미만 (총 14화/미완결)
평점
10.0 | 마자 마자 | 2026.06.08. | 총14화/미완결 | 9화 무료
결혼까진 좀 그렇고… 일단 한번 같이 살아볼까?연애하는 룸메이트! 결혼 맛보기 스푼! 커플보다는 가깝고 부부보다는 먼 동거 커플의 일상!본격적인 혼인숙려기간 시작!","tue,fri",2,"tue,fri",2,"mon,thu","tue,fri",True,fri,금,thu,fri,14070509_fri,post_24h,어제 밤 10시 공개 이후 증가분 확인용 수집,7.2만,72000.0,https://series.naver.com/comic/detail.series?productNo=14070509,20260814_172433,fri,금,2026-08-14 17:24:33,2026-08-14,17:24:33,2026-08-14 17:41:11,2026-08-14 17:41:13,2.46,2026-08-14 17:41:13,2026-08-14,17:41:13,2026-08-14 17:42:09,1056.05
fri,31,검술명가의 네크로맨서,해귤,850499,https://comic.naver.com/webtoon/list?titleId=850499&tab=fri,14132199,검술명가의 네크로맨서,검술명가의 네크로맨서 (총 13화/미완결),총 13화/미완결,13.0,미완결,,,https://series.naver.com/comic/detail.series?productNo=14132199,matched,ok,"검술명가의 네크로맨서 (총 13화/미완결)
평점
9.5 | 해귤, 감튀이이이 이광수 | 2026.06.04. | 총13화/미완결 | 6화 무료
대륙을 공포로 몰아넣었던 최강의 네크로맨서 아키몬드.그는 영웅 베르켈 라인란트의 검에 목숨을 잃는다.그리고 200년 후, 어느 가문의 아기로 태어나 첫 마디를 뱉는다.“어둠의 문지기와 하수인 그리고 병사들이여, 내 명을..",fri,1,fri,1,thu,fri,True,fri,금,thu,fri,14132199_fri,post_24h,어제 밤 10시 공개 이후 증가분 확인용 수집,133.9만,1339000.0,https://series.naver.com/comic/detail.series?productNo=14132199,20260814_172433,fri,금,2026-08-14 17:24:33,2026-08-14,17:24:33,2026-08-14 17:41:14,2026-08-14 17:41:17,2.84,2026-08-14 17:41:17,2026-08-14,17:41:17,2026-08-14 17:42:09,1056.05
fri,88,세상 사람들이 모두가 고양이라면,기선,850657,https://comic.naver.com/webtoon/list?titleId=850657&tab=fri,14152275,세상 사람들이 모두가 고양이라면,세상 사람들이 모두가 고양이라면 (총 9화/미완결),총 9화/미완결,9.0,미완결,,,https://series.naver.com/comic/detail.series?productNo=14152275,matched,ok,"세상 사람들이 모두가 고양이라면 (총 9화/미완결)
평점
10.0 | 기선 덕귀 | 2026.06.04. | 총9화/미완결 | 4화 무료
세상 사람들이 전부 고양이로 보인다!? 사람이 모두 고양이로 보이는 특별한 능력과 함께 과거로 회귀한 소미.외모 편견 없이 세상을 다시 살아보려던 그녀 앞에, 특별한 고양이 두 마리... 아니, 두 남자가 나타난다.고양이와 인..",fri,1,fri,1,thu,fri,True,fri,금,thu,fri,14152275_fri,post_24h,어제 밤 10시 공개 이후 증가분 확인용 수집,10.2만,102000.0,https://series.naver.com/comic/detail.series?productNo=14152275,20260814_172433,fri,금,2026-08-14 17:24:33,2026-08-14,17:24:33,2026-08-14 17:41:18,2026-08-14 17:41:21,2.51,2026-08-14 17:41:21,2026-08-14,17:41:21,2026-08-14 17:42:09,1056.05
fri,58,7황자는 애매해서 탈출합니다,건진,850682,https://comic.naver.com/webtoon/list?titleId=850682&tab=fri,14157833,7황자는 애매해서 탈출합니다,7황자는 애매해서 탈출합니다 (총 7화/미완결),총 7화/미완결,7.0,미완결,,,https://series.naver.com/comic/detail.series?productNo=14157833,matched,ok,"7황자는 애매해서 탈출합니다 (총 7화/미완결)
평점
8.4 | 건진, 핏수 천진희 | 2026.06.04. | 총7화/미완결 | 2화 무료
고된 하루 끝 갑작스런 고통과 함께 판타지 소설 <다크 헤더> 속으로 빙의했다!그런데…하필이면 3년 뒤 비참하게 처형당할 운명인 망나니 7황자라고?!이제부터 목표는 단 하나, 원작의 주인공이 등장할 때까지 숨죽여 지내..",fri,1,fri,1,thu,fri,True,fri,금,thu,fri,14157833_fri,post_24h,어제 밤 10시 공개 이후 증가분 확인용 수집,28.1만,281000.0,https://series.naver.com/comic/detail.series?productNo=14157833,20260814_172433,fri,금,2026-08-14 17:24:33,2026-08-14,17:24:33,2026-08-14 17:41:22,2026-08-14 17:41:25,2.95,2026-08-14 17:41:25,2026-08-14,17:41:25,2026-08-14 17:42:09,1056.05
fri,81,지옥 최강 마금강,최봉수,850745,https://comic.naver.com/webtoon/list?titleId=850745&tab=fri,14168919,지옥 최강 마금강,지옥 최강 마금강 (총 6화/미완결),총 6화/미완결,6.0,미완결,최봉수 최봉수,평점 1.0 | 최봉수 최봉수 | 2026.06.25. | 총6화/미완결 | 1화 무료,https://series.naver.com/comic/detail.series?productNo=14168919,matched,ok,"지옥 최강 마금강 (총 6화/미완결)
평점
1.0 | 최봉수 최봉수 | 2026.06.25. | 총6화/미완결 | 1화 무료
타고난 괴력으로 세상 무서울 것 없던 마금강, 힘의 한계를 시험해보다 지옥에 떨어졌다. 심지어 부모님까지? 원래 세계로 돌아가려면 지옥의 악인들을 쓰러뜨리고 최강자가 되어야 한다. 지옥을 박살 내며 올라서는 최강 격투..",fri,1,fri,1,thu,fri,True,fri,금,thu,fri,14168919_fri,post_24h,어제 밤 10시 공개 이후 증가분 확인용 수집,3.5만,35000.0,https://series.naver.com/comic/detail.series?productNo=14168919,20260814_172433,fri,금,2026-08-14 17:24:33,2026-08-14,17:24:33,2026-08-14 17:41:26,2026-08-14 17:41:29,2.2,2026-08-14 17:41:29,2026-08-14,17:41:29,2026-08-14 17:42:09,1056.05
fri,25,고독살인,부향연,850749,https://comic.naver.com/webtoon/list?titleId=850749&tab=fri,14168953,고독살인,고독살인 (총 8화/미완결),총 8화/미완결,8.0,미완결,,,https://series.naver.com/comic/detail.series?productNo=14168953,matched,ok,"고독살인 (총 8화/미완결)
평점
10.0 | 부향연 부향연 | 2026.06.04. | 총8화/미완결 | 3화 무료
무시 당하며 살아온 밑바닥 인생의 중년 남성 고영도는 술에 취해 사적인 장면이 담긴 영상을 남긴다. 그날의 영상이 실수로 생중계 되자, 외면 받던 그의 비참한 일상은 뜻밖의 관심을 받는다. 위로처럼 보였던 관심은 곧 고영..",fri,1,fri,1,thu,fri,True,fri,금,thu,fri,14168953_fri,post_24h,어제 밤 10시 공개 이후 증가분 확인용 수집,23.5만,235000.0,https://series.naver.com/comic/detail.series?productNo=14168953,20260814_172433,fri,금,2026-08-14 17:24:33,2026-08-14,17:24:33,2026-08-14 17:41:29,2026-08-14 17:41:32,2.48,2026-08-14 17:41:32,2026-08-14,17:41:32,2026-08-14 17:42:09,1056.05
fri,112,후키,미리암 보나스트레,850943,https://comic.naver.com/webtoon/list?titleId=850943&tab=fri,14190949,후키,후키 (총 8화/미완결),총 8화/미완결,8.0,미완결,,,https://series.naver.com/comic/detail.series?productNo=14190949,matched,ok,"후키 (총 8화/미완결)
0.0 | 미리암 보나스트레 미리암 보나스트레 | 2026.06.04. | 총8화/미완결 | 3화 무료
다니와 도리안은 마법 학교 버스를 놓치고 말았습니다. 이제 두 사람은 자신들을 위대하고 훌륭한 마법사로 가르쳐 줄 누군가를 찾아야 합니다... 어쩌면, 그렇지 않을지도 모르지만요.",fri,1,fri,1,thu,fri,True,fri,금,thu,fri,14190949_fri,post_24h,어제 밤 10시 공개 이후 증가분 확인용 수집,3천,3000.0,https://series.naver.com/comic/detail.series?productNo=14190949,20260814_172433,fri,금,2026-08-14 17:24:33,2026-08-14,17:24:33,2026-08-14 17:41:33,2026-08-14 17:41:36,2.6,2026-08-14 17:41:36,2026-08-14,17:41:36,2026-08-14 17:42:09,1056.05
fri,93,만약은 없다,시니,850976,https://comic.naver.com/webtoon/list?titleId=850976&tab=fri,14197030,만약은 없다,만약은 없다 (총 9화/미완결),총 9화/미완결,9.0,미완결,,,https://series.naver.com/comic/detail.series?productNo=14197030,matched,ok,"만약은 없다 (총 9화/미완결)
평점
9.8 | 남궁인, 시니 본인 | 2026.06.04. | 총9화/미완결 | 4화 무료
살리거나, 죽거나. 이곳에 만약은 없다. 생과 사가 교차하는 응급실에서 가장 지독한 하루를 견뎌내는 자들의 이야기.",fri,1,fri,1,thu,fri,True,fri,금,thu,fri,14197030_fri,post_24h,어제 밤 10시 공개 이후 증가분 확인용 수집,3만,30000.0,https://series.naver.com/comic/detail.series?productNo=14197030,20260814_172433,fri,금,2026-08-14 17:24:33,2026-08-14,17:24:33,2026-08-14 17:41:37,2026-08-14 17:41:39,2.46,2026-08-14 17:41:39,2026-08-14,17:41:39,2026-08-14 17:42:09,1056.05
fri,26,연상녀클럽,한성만,851476,https://comic.naver.com/webtoon/list?titleId=851476&tab=fri,14259167,연상녀클럽,연상녀클럽 (총 7화/미완결),총 7화/미완결,7.0,미완결,한성만 한성만,평점 9.8 | 한성만 한성만 | 2026.06.25. | 총7화/미완결 | 2화 무료,https://series.naver.com/comic/detail.series?productNo=14259167,matched,ok,"연상녀클럽 (총 7화/미완결)
평점
9.8 | 한성만 한성만 | 2026.06.25. | 총7화/미완결 | 2화 무료
스물 일곱 동갑내기 세 친구.우연찮게도 줄줄이 연하남과 사랑에 빠지면서 <연상녀클럽> 결성!이건 우리의 지극히 개인적이면서, 동시에 보편적인 현실 연애 이야기이다.",fri,1,fri,1,thu,fri,True,fri,금,thu,fri,14259167_fri,post_24h,어제 밤 10시 공개 이후 증가분 확인용 수집,41.1만,411000.0,https://series.naver.com/comic/detail.series?productNo=14259167,20260814_172433,fri,금,2026-08-14 17:24:33,2026-08-14,17:24:33,2026-08-14 17:41:40,2026-08-14 17:41:43,2.82,2026-08-14 17:41:43,2026-08-14,17:41:43,2026-08-14 17:42:09,1056.05
fri,34,반로환동한 천마의 마경방송,리진,851642,https://comic.naver.com/webtoon/list?titleId=851642&tab=fri,14154785,반로환동한 천마의 마경방송,반로환동한 천마의 마경방송 (총 6화/미완결),총 6화/미완결,6.0,미완결,"판테라, 리진, 찰하리 영광","평점 10.0 | 판테라, 리진, 찰하리 영광 | 2026.06.18. | 총6화/미완결 | 1화 무료",https://series.naver.com/comic/detail.series?productNo=14154785,matched,ok,"반로환동한 천마의 마경방송 (총 6화/미완결)
평점
10.0 | 판테라, 리진, 찰하리 영광 | 2026.06.18. | 총6화/미완결 | 1화 무료
천상천하 유아독존! 강호제일인 천마 '치유랑'은 정체불명의 힘에 의해 미지의 섬 '마경'에 갇히게 된다.10년간 고독하게 살고 있던 와중 신비로운 기기를 통해 네 개의 세계가 합쳐진 것을 알게 되고,세상과의 소통과 생존을 ..",fri,1,fri,1,thu,fri,True,fri,금,thu,fri,14154785_fri,post_24h,어제 밤 10시 공개 이후 증가분 확인용 수집,76.3만,763000.0,https://series.naver.com/comic/detail.series?productNo=14154785,20260814_172433,fri,금,2026-08-14 17:24:33,2026-08-14,17:24:33,2026-08-14 17:41:44,2026-08-14 17:41:46,2.04,2026-08-14 17:41:46,2026-08-14,17:41:46,2026-08-14 17:42:09,1056.05
fri,73,너를 울린 비밀,연수,851715,https://comic.naver.com/webtoon/list?titleId=851715&tab=fri,14380320,너를 울린 비밀,너를 울린 비밀 (총 6화/미완결),총 6화/미완결,6.0,미완결,연수 연수,평점 10.0 | 연수 연수 | 2026.07.02. | 총6화/미완결 | 1화 무료,https://series.naver.com/comic/detail.series?productNo=14380320,matched,ok,"너를 울린 비밀 (총 6화/미완결)
평점
10.0 | 연수 연수 | 2026.07.02. | 총6화/미완결 | 1화 무료
학교 축제를 앞두고 사진 전시회를 준비하게 된 한소은.우연히 만난 소년 윤지후와 함께 사진을 찍으며 평범했던 일상은 조금씩 특별해지기 시작한다.하지만 웃고 있는 얼굴 뒤에는 누구에게도 말하지 못한 비밀이 있었다.가장..",fri,1,fri,1,thu,fri,True,fri,금,thu,fri,14380320_fri,post_24h,어제 밤 10시 공개 이후 증가분 확인용 수집,5.3만,53000.0,https://series.naver.com/comic/detail.series?productNo=14380320,20260814_172433,fri,금,2026-08-14 17:24:33,2026-08-14,17:24:33,2026-08-14 17:41:48,2026-08-14 17:41:50,2.58,2026-08-14 17:41:50,2026-08-14,17:41:50,2026-08-14 17:42:09,1056.05
fri,19,홍색인간,퀴니니,852170,https://comic.naver.com/webtoon/list?titleId=852170&tab=fri,14338247,홍색인간 [독점],홍색인간 [독점] (총 7화/미완결),총 7화/미완결,7.0,미완결,퀴니니 퀴니니,평점 9.8 | 퀴니니 퀴니니 | 2026.07.09. | 총7화/미완결 | 1화 무료,https://series.naver.com/comic/detail.series?productNo=14338247,matched,ok,"홍색인간 [독점] (총 7화/미완결)
평점
9.8 | 퀴니니 퀴니니 | 2026.07.09. | 총7화/미완결 | 1화 무료
2004년 서울의 작은 동네.온몸이 붉다는 이유로 ‘괴물’이라 불리는 아이, 정희.사람들의 놀림 속에서도 누구보다 맑고 순수한 정희는새아빠와 엄마의 온갖 심부름을 하며 하루 하루를 보낸다.그리고 여덟 살, 처음 학교에 간..",fri,1,fri,1,thu,fri,True,fri,금,thu,fri,14338247_fri,post_24h,어제 밤 10시 공개 이후 증가분 확인용 수집,14.6만,146000.0,https://series.naver.com/comic/detail.series?productNo=14338247,20260814_172433,fri,금,2026-08-14 17:24:33,2026-08-14,17:24:33,2026-08-14 17:41:51,2026-08-14 17:41:53,2.38,2026-08-14 17:41:53,2026-08-14,17:41:53,2026-08-14 17:42:09,1056.05
fri,54,싸움 1티어 과외 쌤 구하기,버퍼링,852547,https://comic.naver.com/webtoon/list?titleId=852547&tab=fri,14437935,싸움 1티어 과외 쌤 구하기,싸움 1티어 과외 쌤 구하기 (총 7화/미완결),총 7화/미완결,7.0,미완결,버퍼링 바캣,평점 8.6 | 버퍼링 바캣 | 2026.07.16. | 총7화/미완결 | 1화 무료,https://series.naver.com/comic/detail.series?productNo=14437935,matched,ok,"싸움 1티어 과외 쌤 구하기 (총 7화/미완결)
평점
8.6 | 버퍼링 바캣 | 2026.07.16. | 총7화/미완결 | 1화 무료
""내가 다니는 대학에 들어오면 소원 들어줄게.""첫사랑 누나가 내던진 약속을 위해, 싸움만 할 줄 알던 용범이가 처음으로 공부를 시작한다.하지만 공부라고는 해 본 적 없는 용범이.각 과목 1등급 과외 선생을 찾아 나서는데...1..",fri,1,fri,1,thu,fri,True,fri,금,thu,fri,14437935_fri,post_24h,어제 밤 10시 공개 이후 증가분 확인용 수집,17.2만,172000.0,https://series.naver.com/comic/detail.series?productNo=14437935,20260814_172433,fri,금,2026-08-14 17:24:33,2026-08-14,17:24:33,2026-08-14 17:41:55,2026-08-14 17:41:58,2.97,2026-08-14 17:41:58,2026-08-14,17:41:58,2026-08-14 17:42:09,1056.05
fri,24,곤륜에 용이 산다,정범구,852601,https://comic.naver.com/webtoon/list?titleId=852601&tab=fri,14449210,곤륜에 용이 산다,곤륜에 용이 산다 (총 6화/미완결),총 6화/미완결,6.0,미완결,정범구 오상97,평점 9.8 | 정범구 오상97 | 2026.07.23. | 총6화/미완결 | 1화 무료,https://series.naver.com/comic/detail.series?productNo=14449210,matched,ok,"곤륜에 용이 산다 (총 6화/미완결)
평점
9.8 | 정범구 오상97 | 2026.07.23. | 총6화/미완결 | 1화 무료
한때 구파일방 중 하나였던 곤륜파의 제자가 된 교하.사제들과 함께 곤륜파를 재건하기 위해서 고군분투한다.근데, 뭔가 좀 이상하다.제자들이 거지에 산적, 사기꾼에 도둑 출신이라고?이거… 정파 맞나?",fri,1,fri,1,thu,fri,True,fri,금,thu,fri,14449210_fri,post_24h,어제 밤 10시 공개 이후 증가분 확인용 수집,20.8만,208000.0,https://series.naver.com/comic/detail.series?productNo=14449210,20260814_172433,fri,금,2026-08-14 17:24:33,2026-08-14,17:24:33,2026-08-14 17:41:59,2026-08-14 17:42:01,1.9,2026-08-14 17:42:01,2026-08-14,17:42:01,2026-08-14 17:42:09,1056.05
fri,47,가난한 영지의 주인이 되어 버렸다,환범,853073,https://comic.naver.com/webtoon/list?titleId=853073&tab=fri,14501529,가난한 영지의 주인이 되어 버렸다,가난한 영지의 주인이 되어 버렸다 (총 6화/미완결),총 6화/미완결,6.0,미완결,"바가지, 환범 D","평점 9.8 | 바가지, 환범 D | 2026.07.30. | 총6화/미완결 | 1화 무료",https://series.naver.com/comic/detail.series?productNo=14501529,matched,ok,"가난한 영지의 주인이 되어 버렸다 (총 6화/미완결)
평점
9.8 | 바가지, 환범 D | 2026.07.30. | 총6화/미완결 | 1화 무료
빚에 허덕이며 살아가는 알바생 동희.늦은 밤까지 알바로 개고생하다 잠들었을 뿐인데,눈을 떠보니 그레이스 영지의 주인이 되어 있다?[빙고! 어서어서 찢어지게 가난한 영지를 둘러보세요! ㅎㅎㅎ]“ㅎㅎㅎ는… 뭐지?”하다..",fri,1,fri,1,thu,fri,True,fri,금,thu,fri,14501529_fri,post_24h,어제 밤 10시 공개 이후 증가분 확인용 수집,6.1만,61000.0,https://series.naver.com/comic/detail.series?productNo=14501529,20260814_172433,fri,금,2026-08-14 17:24:33,2026-08-14,17:24:33,2026-08-14 17:42:02,2026-08-14 17:42:05,2.54,2026-08-14 17:42:05,2026-08-14,17:42:05,2026-08-14 17:42:09,1056.05
fri,74,미술 연작,설이,853280,https://comic.naver.com/webtoon/list?titleId=853280&tab=fri,14532606,미술 연작,미술 연작 (총 10화/미완결),총 10화/미완결,10.0,미완결,설이 금하,평점 10.0 | 설이 금하 | 2026.08.06. | 총10화/미완결 | 1화 무료,https://series.naver.com/comic/detail.series?productNo=14532606,matched,ok,"미술 연작 (총 10화/미완결)
평점
10.0 | 설이 금하 | 2026.08.06. | 총10화/미완결 | 1화 무료
시대와 상황, 모든 것이 다른 화가 둘의 이야기가 시작된다.각 두 사람은 자신의 그림을 그리면서 난관에 부딪히게 되며,이를 이겨내고 그림을 완성해야만 한다.그것이 그들의 유일한 의무이며 숭고한 기쁨일 테니.",fri,1,fri,1,thu,fri,True,fri,금,thu,fri,14532606_fri,post_24h,어제 밤 10시 공개 이후 증가분 확인용 수집,7.1천,7100.0,https://series.naver.com/comic/detail.series?productNo=14532606,20260814_172433,fri,금,2026-08-14 17:24:33,2026-08-14,17:24:33,2026-08-14 17:42:06,2026-08-14 17:42:08,1.92,2026-08-14 17:42:08,2026-08-14,17:42:08,2026-08-14 17:42:09,1056.05
