weekday,rank,webtoon_title,webtoon_author,webtoon_title_id,webtoon_url,series_product_no,series_title,series_title_raw,series_episode_info,series_total_episode_count,series_completion_status,series_author,series_author_raw,series_url,match_status,download_status,series_result_text,weekday_list,weekday_row_count,serial_weekdays,serial_weekday_count,pre_collect_weekdays,post_24h_collect_weekdays,is_download_collectable,release_weekday,release_weekday_ko,pre_collect_weekday,post_24h_collect_weekday,release_event_key,collection_context,target_reason,series_download_text,series_download_count,current_url,snapshot_id,snapshot_weekday,snapshot_weekday_ko,snapshot_started_at_kst,snapshot_date_kst,snapshot_time_kst,item_collect_started_at_kst,item_collect_finished_at_kst,item_collect_elapsed_seconds,collected_at_kst,collected_date_kst,collected_time_kst,snapshot_finished_at_kst,snapshot_elapsed_seconds,baseline_found,baseline_snapshot_id,baseline_collected_at_kst,baseline_download_text,baseline_download_count,download_increase,download_increase_rate,dt
tue,63,윌유메리미,마인드C,616239,https://comic.naver.com/webtoon/list?titleId=616239&tab=tue,2505304,윌유메리미,윌유메리미 (총 1262화/미완결),총 1262화/미완결,1262.0,미완결,,,https://series.naver.com/comic/detail.series?productNo=2505304,matched,ok,"윌유메리미 (총 1262화/미완결)
평점
9.8 | 마인드C 마인드C | 2026.06.08. | 총1262화/미완결 | 1256화 무료
마인드C 작가의 실제 연애경험담을 일상툰으로 풀어낸 작품 <윌유메리미>서울과 부산이라는 지역차, 12살이라는 나이 차, 그리고 정 반대의 성격차까지!서울 남자 '윌(마인드C 본인)'과 부산 여자 '메리' 서로 다른 두 사람..","tue,sat",2,"tue,sat",2,"mon,fri","tue,sat",True,sat,토,fri,sat,2505304_sat,post_24h,어제 밤 10시 공개 이후 증가분 확인용 수집,564.7만,5647000.0,https://series.naver.com/comic/detail.series?productNo=2505304,20260926_211154,sat,토,2026-09-26 21:11:54,2026-09-26,21:11:54,2026-09-26 21:20:28,2026-09-26 21:20:31,2.51,2026-09-26 21:20:31,2026-09-26,21:20:31,2026-09-26 21:29:24,1049.41,True,20260925_214353,2026-09-25 21:44:07,564.7만,5647000.0,0.0,0.0,2026-09-26 21:20:31
sat,26,나이트런,김성민,64997,https://comic.naver.com/webtoon/list?titleId=64997&tab=sat,667537,나이트런,나이트런 (총 805화/미완결),총 805화/미완결,805.0,미완결,,,https://series.naver.com/comic/detail.series?productNo=667537,matched,ok,"나이트런 (총 805화/미완결)
평점
9.8 | 김성민 김성민 | 2026.06.05. | 총805화/미완결 | 800화 무료
우주력 430년. 성간이동이 가능해져 별과 별을 이동하는 시대인간은 괴수와 싸우고 있다. 기사와 함께.광활한 우주를 배경으로 판타지 SF가 다가온다.",sat,1,sat,1,fri,sat,True,sat,토,fri,sat,667537_sat,post_24h,어제 밤 10시 공개 이후 증가분 확인용 수집,"2,991만",29910000.0,https://series.naver.com/comic/detail.series?productNo=667537,20260926_211154,sat,토,2026-09-26 21:11:54,2026-09-26,21:11:54,2026-09-26 21:20:32,2026-09-26 21:20:34,2.82,2026-09-26 21:20:34,2026-09-26,21:20:34,2026-09-26 21:29:24,1049.41,True,20260925_214353,2026-09-25 21:44:11,"2,991만",29910000.0,0.0,0.0,2026-09-26 21:20:34
sat,2,호랑이형님,이상규,650305,https://comic.naver.com/webtoon/list?titleId=650305&tab=sat,1880317,호랑이 형님,호랑이 형님 (총 462화/미완결),총 462화/미완결,462.0,미완결,이상규 이상규,평점 9.5 | 이상규 이상규 | 2026.08.14. | 총462화/미완결 | 458화 무료,https://series.naver.com/comic/detail.series?productNo=1880317,matched,ok,"호랑이 형님 (총 462화/미완결)
평점
9.5 | 이상규 이상규 | 2026.08.14. | 총462화/미완결 | 458화 무료
신비한 힘을 가진 아이를 이용하여 세상을 지배하려는 반인반수 흰눈썹!그리고 얼떨결에 아이의 보호자가 된 괴물호랑이 빠르와 착호갑사 지망생 가우리!이제 힘을 합쳐 흰눈썹으로부터 아이와 세상을 지켜라!!!",sat,1,sat,1,fri,sat,True,sat,토,fri,sat,1880317_sat,post_24h,어제 밤 10시 공개 이후 증가분 확인용 수집,"8,991만",89910000.0,https://series.naver.com/comic/detail.series?productNo=1880317,20260926_211154,sat,토,2026-09-26 21:11:54,2026-09-26,21:11:54,2026-09-26 21:20:36,2026-09-26 21:20:38,2.06,2026-09-26 21:20:38,2026-09-26,21:20:38,2026-09-26 21:29:24,1049.41,True,20260925_214353,2026-09-25 21:44:14,"8,988만",89880000.0,30000.0,0.0003337783711615487,2026-09-26 21:20:38
sat,52,어글리후드,미애,703630,https://comic.naver.com/webtoon/list?titleId=703630&tab=sat,3218003,어글리후드,어글리후드 (총 377화/미완결),총 377화/미완결,377.0,미완결,,,https://series.naver.com/comic/detail.series?productNo=3218003,matched,ok,"어글리후드 (총 377화/미완결)
평점
10.0 | 미애 미애 | 2026.06.06. | 총377화/미완결 | 373화 무료
외계인이 유일신으로 군림한 미친 세상, 바꾸고싶다면 사탄이 되어라",sat,1,sat,1,fri,sat,True,sat,토,fri,sat,3218003_sat,post_24h,어제 밤 10시 공개 이후 증가분 확인용 수집,974.2만,9742000.0,https://series.naver.com/comic/detail.series?productNo=3218003,20260926_211154,sat,토,2026-09-26 21:11:54,2026-09-26,21:11:54,2026-09-26 21:20:39,2026-09-26 21:20:42,2.63,2026-09-26 21:20:42,2026-09-26,21:20:42,2026-09-26 21:29:24,1049.41,True,20260925_214353,2026-09-25 21:44:18,974만,9740000.0,2000.0,0.0002053388090349076,2026-09-26 21:20:42
sat,32,스터디그룹,신형욱,721948,https://comic.naver.com/webtoon/list?titleId=721948&tab=sat,3895137,스터디그룹,스터디그룹 (총 332화/미완결),총 332화/미완결,332.0,미완결,,,https://series.naver.com/comic/detail.series?productNo=3895137,matched,ok,"스터디그룹 (총 332화/미완결)
평점
9.8 | 신형욱 유승연 | 2026.06.05. | 총332화/미완결 | 327화 무료
우등생을 꿈꾸는 최강 소년의 고교액션활극.공부를 잘 하고 싶지만 애석하게도 싸움 실력에만 재능이 몰빵된 고등학생 윤가민.똥통학교 유성공고에서 스터디그룹을 만드는데….그와 스터디 멤버들의 (진짜로) 피튀기는 입시이..",sat,1,sat,1,fri,sat,True,sat,토,fri,sat,3895137_sat,post_24h,어제 밤 10시 공개 이후 증가분 확인용 수집,"3,614만",36140000.0,https://series.naver.com/comic/detail.series?productNo=3895137,20260926_211154,sat,토,2026-09-26 21:11:54,2026-09-26,21:11:54,2026-09-26 21:20:43,2026-09-26 21:20:45,2.02,2026-09-26 21:20:45,2026-09-26,21:20:45,2026-09-26 21:29:24,1049.41,True,20260925_214353,2026-09-25 21:44:22,"3,613만",36130000.0,10000.0,0.0002767783005812344,2026-09-26 21:20:45
sat,7,초인의 시대,섭이,730694,https://comic.naver.com/webtoon/list?titleId=730694&tab=sat,4325208,초인의 시대,초인의 시대 (총 240화/미완결),총 240화/미완결,240.0,미완결,,,https://series.naver.com/comic/detail.series?productNo=4325208,matched,ok,"초인의 시대 (총 240화/미완결)
평점
9.7 | 섭이 섭이 | 2026.06.05. | 총240화/미완결 | 235화 무료
사기캐 고딩 히어로 등.장.",sat,1,sat,1,fri,sat,True,sat,토,fri,sat,4325208_sat,post_24h,어제 밤 10시 공개 이후 증가분 확인용 수집,"4,128만",41280000.0,https://series.naver.com/comic/detail.series?productNo=4325208,20260926_211154,sat,토,2026-09-26 21:11:54,2026-09-26,21:11:54,2026-09-26 21:20:47,2026-09-26 21:20:49,2.37,2026-09-26 21:20:49,2026-09-26,21:20:49,2026-09-26 21:29:24,1049.41,True,20260925_214353,2026-09-25 21:44:26,"4,127만",41270000.0,10000.0,0.000242306760358614,2026-09-26 21:20:49
sat,24,나를 바꿔줘,이지호,733280,https://comic.naver.com/webtoon/list?titleId=733280&tab=sat,4463273,나를 바꿔줘,나를 바꿔줘 (총 353화/미완결),총 353화/미완결,353.0,미완결,,,https://series.naver.com/comic/detail.series?productNo=4463273,matched,ok,"나를 바꿔줘 (총 353화/미완결)
평점
9.7 | 이지호 호띠 | 2026.06.05. | 총353화/미완결 | 348화 무료
인생을 바꾸기 위해 얼굴을 훔치다",sat,1,sat,1,fri,sat,True,sat,토,fri,sat,4463273_sat,post_24h,어제 밤 10시 공개 이후 증가분 확인용 수집,"2,279만",22790000.0,https://series.naver.com/comic/detail.series?productNo=4463273,20260926_211154,sat,토,2026-09-26 21:11:54,2026-09-26,21:11:54,2026-09-26 21:20:50,2026-09-26 21:20:52,1.84,2026-09-26 21:20:52,2026-09-26,21:20:52,2026-09-26 21:29:24,1049.41,True,20260925_214353,2026-09-25 21:44:29,"2,278만",22780000.0,10000.0,0.0004389815627743635,2026-09-26 21:20:52
sat,9,"나태 공자, 노력 천재 되다",doip,772853,https://comic.naver.com/webtoon/list?titleId=772853&tab=sat,6198340,"나태 공자, 노력 천재 되다 [독점]","나태 공자, 노력 천재 되다 [독점] (총 147화/미완결)",총 147화/미완결,147.0,미완결,,,https://series.naver.com/comic/detail.series?productNo=6198340,matched,ok,"나태 공자, 노력 천재 되다 [독점] (총 147화/미완결)
평점
9.9 | doip, 이등별 도도문 | 2026.06.05. | 총147화/미완결 | 142화 무료
가문의 게으름뱅이, 마침내 검을 들다! 잠을 도피처로 삼아 온 소년 아이른 파레이라. 사람들은 그를 나태 공자라 부르며 조롱하지만 그렇다 하더라도 그는 변할 생각이 전혀 없었다. 어느 날 어느 검사의 꿈을 꾸기 전까지는... ..",sat,1,sat,1,fri,sat,True,sat,토,fri,sat,6198340_sat,post_24h,어제 밤 10시 공개 이후 증가분 확인용 수집,"1,612만",16120000.0,https://series.naver.com/comic/detail.series?productNo=6198340,20260926_211154,sat,토,2026-09-26 21:11:54,2026-09-26,21:11:54,2026-09-26 21:20:54,2026-09-26 21:20:55,1.78,2026-09-26 21:20:55,2026-09-26,21:20:55,2026-09-26 21:29:24,1049.41,True,20260925_214353,2026-09-25 21:44:33,"1,610만",16100000.0,20000.0,0.0012422360248447205,2026-09-26 21:20:55
sat,55,같은 학교 친구,유유,774832,https://comic.naver.com/webtoon/list?titleId=774832&tab=sat,6328911,같은 학교 친구,같은 학교 친구 (총 102화/미완결),총 102화/미완결,102.0,미완결,유유 유유,평점 10.0 | 유유 유유 | 2026.09.11. | 총102화/미완결 | 99화 무료,https://series.naver.com/comic/detail.series?productNo=6328911,matched,ok,"같은 학교 친구 (총 102화/미완결)
평점
10.0 | 유유 유유 | 2026.09.11. | 총102화/미완결 | 99화 무료
항상 바른 자세를 하는 같은 반 친구 겨울이.요한이는 그런 겨울이가 왠지 신경 쓰인다. 그때 마침 짝이 된 두 사람. 가까워진 자리만큼 마음의 거리가 좁혀져 간다.두근대는 심장 소리.피어오르는 얼굴의 이 열기를 뭐라고 부르..",sat,1,sat,1,fri,sat,True,sat,토,fri,sat,6328911_sat,post_24h,어제 밤 10시 공개 이후 증가분 확인용 수집,237.7만,2377000.0,https://series.naver.com/comic/detail.series?productNo=6328911,20260926_211154,sat,토,2026-09-26 21:11:54,2026-09-26,21:11:54,2026-09-26 21:20:56,2026-09-26 21:20:58,2.01,2026-09-26 21:20:58,2026-09-26,21:20:58,2026-09-26 21:29:24,1049.41,True,20260925_214353,2026-09-25 21:44:37,237.3만,2373000.0,4000.0,0.001685630004214075,2026-09-26 21:20:58
sat,82,용사참수인,김세래,783590,https://comic.naver.com/webtoon/list?titleId=783590&tab=sat,6782665,용사참수인,용사참수인 (총 203화/미완결),총 203화/미완결,203.0,미완결,,,https://series.naver.com/comic/detail.series?productNo=6782665,matched,ok,"용사참수인 (총 203화/미완결)
평점
9.9 | 김세래 김세래 | 2026.06.05. | 총203화/미완결 | 198화 무료
<마술사> 김세래 작가의 판타지 신작!사형집행인으로 용사를 참수하고 은퇴하여 자유인이 된 데닐 패트릭은 한적한 산골에서 무료한 나날을 보낸다.그러던 어느 날 난데없이 딸이라고 찾아온 아이의 등장에 데닐 패트릭의 인..",sat,1,sat,1,fri,sat,True,sat,토,fri,sat,6782665_sat,post_24h,어제 밤 10시 공개 이후 증가분 확인용 수집,213.3만,2133000.0,https://series.naver.com/comic/detail.series?productNo=6782665,20260926_211154,sat,토,2026-09-26 21:11:54,2026-09-26,21:11:54,2026-09-26 21:21:00,2026-09-26 21:21:02,2.76,2026-09-26 21:21:02,2026-09-26,21:21:02,2026-09-26 21:29:24,1049.41,True,20260925_214353,2026-09-25 21:44:40,213.3만,2133000.0,0.0,0.0,2026-09-26 21:21:02
sat,92,마법사가 죽음을 맞이하는 방법,박젶,786269,https://comic.naver.com/webtoon/list?titleId=786269&tab=sat,8160828,마법사가 죽음을 맞이하는 방법,마법사가 죽음을 맞이하는 방법 (총 106화/미완결),총 106화/미완결,106.0,미완결,"주은설, 박젶 박젶","평점 9.9 | 주은설, 박젶 박젶 | 2024.10.04. | 총106화/미완결 | 전화 무료",https://series.naver.com/comic/detail.series?productNo=8160828,matched,ok,"마법사가 죽음을 맞이하는 방법 (총 106화/미완결)
평점
9.9 | 주은설, 박젶 박젶 | 2024.10.04. | 총106화/미완결 | 전화 무료
“이제 끝내고 싶어.”사악한 드래곤을 없애야 죽을 수 있다는 저주로 인해, 300년이라는 긴 시간을 살아온 대마법사 엔테. 마침내 드래곤을 물리치고 안식을 맞이했으나 눈을 뜬 곳은 사후세계가 아닌, 휘황찬란한 귀족 저택..",sat,1,sat,1,fri,sat,True,sat,토,fri,sat,8160828_sat,post_24h,어제 밤 10시 공개 이후 증가분 확인용 수집,172.6만,1726000.0,https://series.naver.com/comic/detail.series?productNo=8160828,20260926_211154,sat,토,2026-09-26 21:11:54,2026-09-26,21:11:54,2026-09-26 21:21:04,2026-09-26 21:21:07,3.02,2026-09-26 21:21:07,2026-09-26,21:21:07,2026-09-26 21:29:24,1049.41,True,20260925_214353,2026-09-25 21:44:44,172.5만,1725000.0,1000.0,0.0005797101449275362,2026-09-26 21:21:07
sat,13,99강화나무몽둥이,홍실,792651,https://comic.naver.com/webtoon/list?titleId=792651&tab=sat,8306797,99강화나무몽둥이,99강화나무몽둥이 (총 214화/미완결),총 214화/미완결,214.0,미완결,,,https://series.naver.com/comic/detail.series?productNo=8306797,matched,ok,"99강화나무몽둥이 (총 214화/미완결)
평점
9.7 | 홍실 지페리 | 2026.06.05. | 총214화/미완결 | 206화 무료
약육강식이 진리인 가상 현실 게임 '크로노 라이프' 허접이라며 무시만 당하던 '나'는 우연히 얻은 초보용 기본 무기 '나무 뭉둥이' 를 +99 강화까지 성공하게 되고, 본인을 무시하던 놈들을 찾아다니며 몽둥이로 무자비하게 패..",sat,1,sat,1,fri,sat,True,sat,토,fri,sat,8306797_sat,post_24h,어제 밤 10시 공개 이후 증가분 확인용 수집,"3,630만",36300000.0,https://series.naver.com/comic/detail.series?productNo=8306797,20260926_211154,sat,토,2026-09-26 21:11:54,2026-09-26,21:11:54,2026-09-26 21:21:08,2026-09-26 21:21:10,2.39,2026-09-26 21:21:10,2026-09-26,21:21:10,2026-09-26 21:29:24,1049.41,True,20260925_214353,2026-09-25 21:44:48,"3,629만",36290000.0,10000.0,0.0002755580049600441,2026-09-26 21:21:10
sat,80,복수를 위한 결혼동맹,EMMA,794161,https://comic.naver.com/webtoon/list?titleId=794161&tab=sat,8427789,복수를 위한 결혼동맹,복수를 위한 결혼동맹 (총 93화/미완결),총 93화/미완결,93.0,미완결,,,https://series.naver.com/comic/detail.series?productNo=8427789,matched,ok,"복수를 위한 결혼동맹 (총 93화/미완결)
평점
9.8 | 윤희사, EMMA EMMA | 2026.06.05. | 총93화/미완결 | 88화 무료
황제인 남편의 음모로 죽은 론 제국의 황후 올리비아는 빈민가에 살던 이름 모를 여인의 몸으로 다시 깨어난다.그 후 도착한 곳은 결별한 전 약혼자이자, 쿠데타로 자리를 빼앗긴 '진짜' 황위 계승자 루카스의 공작 저.올리비아..",sat,1,sat,1,fri,sat,True,sat,토,fri,sat,8427789_sat,post_24h,어제 밤 10시 공개 이후 증가분 확인용 수집,262.1만,2621000.0,https://series.naver.com/comic/detail.series?productNo=8427789,20260926_211154,sat,토,2026-09-26 21:11:54,2026-09-26,21:11:54,2026-09-26 21:21:12,2026-09-26 21:21:14,1.99,2026-09-26 21:21:14,2026-09-26,21:21:14,2026-09-26 21:29:24,1049.41,True,20260925_214353,2026-09-25 21:44:50,261.9만,2619000.0,2000.0,0.0007636502481863307,2026-09-26 21:21:14
sat,11,디펜스 게임의 폭군이 되었다,하정,798182,https://comic.naver.com/webtoon/list?titleId=798182&tab=sat,8716191,디펜스 게임의 폭군이 되었다,디펜스 게임의 폭군이 되었다 (총 184화/미완결),총 184화/미완결,184.0,미완결,,,https://series.naver.com/comic/detail.series?productNo=8716191,matched,ok,"디펜스 게임의 폭군이 되었다 (총 184화/미완결)
평점
9.9 | 하정, 류은가람 굥 | 2026.06.05. | 총184화/미완결 | 178화 무료
타워디펜스&던전오펜스 RPG <제국을 지켜라>누구도 클리어하지 못한 난이도로 게임의 엔딩을 봤다.그런데 정신을 차리니 게임 속이다.그것도 공략이 불가능한 튜토리얼 스테이지다.""반드시 클리어해 주마, 이 거지 같은 게..",sat,1,sat,1,fri,sat,True,sat,토,fri,sat,8716191_sat,post_24h,어제 밤 10시 공개 이후 증가분 확인용 수집,"1,647만",16470000.0,https://series.naver.com/comic/detail.series?productNo=8716191,20260926_211154,sat,토,2026-09-26 21:11:54,2026-09-26,21:11:54,2026-09-26 21:21:15,2026-09-26 21:21:17,2.75,2026-09-26 21:21:17,2026-09-26,21:21:17,2026-09-26 21:29:24,1049.41,True,20260925_214353,2026-09-25 21:44:55,"1,647만",16470000.0,0.0,0.0,2026-09-26 21:21:17
sat,12,세레나,정이나,801475,https://comic.naver.com/webtoon/list?titleId=801475&tab=sat,8994138,세레나,세레나 (총 129화/미완결),총 129화/미완결,129.0,미완결,정이나 정이나,평점 10.0 | 정이나 정이나 | 2025.09.26. | 총129화/미완결 | 전화 무료,https://series.naver.com/comic/detail.series?productNo=8994138,matched,ok,"세레나 (총 129화/미완결)
평점
10.0 | 정이나 정이나 | 2025.09.26. | 총129화/미완결 | 전화 무료
왕국에서 가장 화려했던 나의 가문이 망했다.할머니가 선택한 유일한 방법은 계약 결혼뿐.하필 그 남자와.",sat,1,sat,1,fri,sat,True,sat,토,fri,sat,8994138_sat,post_24h,어제 밤 10시 공개 이후 증가분 확인용 수집,"2,106만",21060000.0,https://series.naver.com/comic/detail.series?productNo=8994138,20260926_211154,sat,토,2026-09-26 21:11:54,2026-09-26,21:11:54,2026-09-26 21:21:18,2026-09-26 21:21:20,1.98,2026-09-26 21:21:20,2026-09-26,21:21:20,2026-09-26 21:29:24,1049.41,True,20260925_214353,2026-09-25 21:44:58,"2,101만",21010000.0,50000.0,0.002379819133745835,2026-09-26 21:21:20
sat,15,귀환했는데 입대 전날이다,해일,807393,https://comic.naver.com/webtoon/list?titleId=807393&tab=sat,9491374,귀환했는데 입대 전날이다 [독점],귀환했는데 입대 전날이다 [독점] (총 91화/미완결),총 91화/미완결,91.0,미완결,,,https://series.naver.com/comic/detail.series?productNo=9491374,matched,ok,"귀환했는데 입대 전날이다 [독점] (총 91화/미완결)
평점
9.8 | 해일, 황금비둘기 오코믹 | 2026.06.05. | 총91화/미완결 | 86화 무료
대한민국의 평범한 고3이었던 김민준은 갑자기 이세계로 소환 당해 흑마법사가 되었다.집으로 돌아가겠다는 일념으로 온갖 고난을 뚫고 흑마법으로 이세계를 구한 민준.영웅으로서의 삶과 보장된 부귀영화를 뿌리치고 지구로..",sat,1,sat,1,fri,sat,True,sat,토,fri,sat,9491374_sat,post_24h,어제 밤 10시 공개 이후 증가분 확인용 수집,"1,015만",10150000.0,https://series.naver.com/comic/detail.series?productNo=9491374,20260926_211154,sat,토,2026-09-26 21:11:54,2026-09-26,21:11:54,2026-09-26 21:21:22,2026-09-26 21:21:25,2.48,2026-09-26 21:21:25,2026-09-26,21:21:25,2026-09-26 21:29:24,1049.41,True,20260925_214353,2026-09-25 21:45:03,"1,015만",10150000.0,0.0,0.0,2026-09-26 21:21:25
sat,3,마도전생기,포스스튜디오,807777,https://comic.naver.com/webtoon/list?titleId=807777&tab=sat,9525690,마도전생기 [독점],마도전생기 [독점] (총 174화/미완결),총 174화/미완결,174.0,미완결,,,https://series.naver.com/comic/detail.series?productNo=9525690,matched,ok,"마도전생기 [독점] (총 174화/미완결)
평점
9.9 | codezero 포스스튜디오 | 2026.06.05. | 총174화/미완결 | 168화 무료
정파무림 의천맹의 최강 살수, 천하진.자유를 찾기 위해 탈출을 감행하지만 코앞에서 목숨을 잃고 만다.그런데… '신교불패, 만마앙복. 삼공자님의 쾌유를 경하드리옵니다!'무림의 공적, 마교의 삼공자로 전생해버렸다?!정파무..",sat,1,sat,1,fri,sat,True,sat,토,fri,sat,9525690_sat,post_24h,어제 밤 10시 공개 이후 증가분 확인용 수집,"2,412만",24120000.0,https://series.naver.com/comic/detail.series?productNo=9525690,20260926_211154,sat,토,2026-09-26 21:11:54,2026-09-26,21:11:54,2026-09-26 21:21:26,2026-09-26 21:21:28,2.31,2026-09-26 21:21:28,2026-09-26,21:21:28,2026-09-26 21:29:24,1049.41,True,20260925_214353,2026-09-25 21:45:08,"2,408만",24080000.0,40000.0,0.0016611295681063123,2026-09-26 21:21:28
sat,17,킬러경찰,이제환,808439,https://comic.naver.com/webtoon/list?titleId=808439&tab=sat,9641115,킬러경찰,킬러경찰 (총 137화/미완결),총 137화/미완결,137.0,미완결,,,https://series.naver.com/comic/detail.series?productNo=9641115,matched,ok,"킬러경찰 (총 137화/미완결)
평점
9.8 | 이제환 이윤균 | 2026.06.05. | 총137화/미완결 | 132화 무료
조직의 배신으로 죽게 된 전설의 킬러 ‘비광’. 경찰 ‘김경수’의 몸으로 환생한 그는 자신을 배신했던 킬러조직 화국사에게 복수를 다짐한다.",sat,1,sat,1,fri,sat,True,sat,토,fri,sat,9641115_sat,post_24h,어제 밤 10시 공개 이후 증가분 확인용 수집,931.5만,9315000.0,https://series.naver.com/comic/detail.series?productNo=9641115,20260926_211154,sat,토,2026-09-26 21:11:54,2026-09-26,21:11:54,2026-09-26 21:21:29,2026-09-26 21:21:32,2.25,2026-09-26 21:21:32,2026-09-26,21:21:32,2026-09-26 21:29:24,1049.41,True,20260925_214353,2026-09-25 21:45:12,930.7만,9307000.0,8000.0,0.0008595680670463093,2026-09-26 21:21:32
sat,33,야매 힐러로 사는 법,14획,808757,https://comic.naver.com/webtoon/list?titleId=808757&tab=sat,9676803,야매 힐러로 사는 법 [독점],야매 힐러로 사는 법 [독점] (총 159화/미완결),총 159화/미완결,159.0,미완결,,,https://series.naver.com/comic/detail.series?productNo=9676803,matched,ok,"야매 힐러로 사는 법 [독점] (총 159화/미완결)
평점
9.9 | 14획, 새송이덮밥 나옌 | 2026.06.05. | 총159화/미완결 | 154화 무료
어느 날 강승현은 이곳 아즐 대륙에서 눈을 떴다. 이유는 모른다.그냥 깨어나고 보니 한국이 아닌 판타지 세계에 던져진 것이다.‘내가 왜 이딴 곳에 온 걸까.’그때 눈앞에 떠오르는 상태창[당신의 직업은 힐러'?입니다.]하지만..",sat,1,sat,1,fri,sat,True,sat,토,fri,sat,9676803_sat,post_24h,어제 밤 10시 공개 이후 증가분 확인용 수집,486.1만,4861000.0,https://series.naver.com/comic/detail.series?productNo=9676803,20260926_211154,sat,토,2026-09-26 21:11:54,2026-09-26,21:11:54,2026-09-26 21:21:33,2026-09-26 21:21:35,2.13,2026-09-26 21:21:35,2026-09-26,21:21:35,2026-09-26 21:29:24,1049.41,True,20260925_214353,2026-09-25 21:45:15,485.8만,4858000.0,3000.0,0.0006175380815150268,2026-09-26 21:21:35
sat,20,플레이어가 과거를 숨김,콘차,811707,https://comic.naver.com/webtoon/list?titleId=811707&tab=sat,9847125,플레이어가 과거를 숨김 [독점],플레이어가 과거를 숨김 [독점] (총 125화/미완결),총 125화/미완결,125.0,미완결,,,https://series.naver.com/comic/detail.series?productNo=9847125,matched,ok,"플레이어가 과거를 숨김 [독점] (총 125화/미완결)
평점
9.9 | 콘차, 베데스 비누끼 | 2026.06.05. | 총125화/미완결 | 120화 무료
가상현실게임 '아르카나 대륙전기'가 현실과 동화되면서, 자신의 게임 캐릭터와 동화된 '플레이어'가 등장해 세계를 지키기 시작한다.평범한 직장인 이호열 역시, 중2때 만든 흑역사 가득 캐릭터 ""그랑펠 클라우디 아르페우스 ..",sat,1,sat,1,fri,sat,True,sat,토,fri,sat,9847125_sat,post_24h,어제 밤 10시 공개 이후 증가분 확인용 수집,742.7만,7427000.0,https://series.naver.com/comic/detail.series?productNo=9847125,20260926_211154,sat,토,2026-09-26 21:11:54,2026-09-26,21:11:54,2026-09-26 21:21:36,2026-09-26 21:21:39,2.24,2026-09-26 21:21:39,2026-09-26,21:21:39,2026-09-26 21:29:24,1049.41,True,20260925_214353,2026-09-25 21:45:19,742만,7420000.0,7000.0,0.0009433962264150943,2026-09-26 21:21:39
sat,113,동그란 그녀와 소심한 그 남자,하야마 이즈미,812156,https://comic.naver.com/webtoon/list?titleId=812156&tab=sat,9863731,동그란 그녀와 소심한 그 남자,동그란 그녀와 소심한 그 남자 (총 165화/미완결),총 165화/미완결,165.0,미완결,,,https://series.naver.com/comic/detail.series?productNo=9863731,matched,ok,"동그란 그녀와 소심한 그 남자 (총 165화/미완결)
평점
9.8 | 하야마 이즈미 오카무라 야치요 | 2026.06.05. | 총165화/미완결 | 158화 무료
긍정적인 힘으로 살아가자! 당신을 힘나게 해줄 오버 사이즈 여자의 파워풀한 러브 스토리!먹는 것을 너무 좋아해서 어릴 때부터 쭉 플러스 사이즈였던 간호사 마리코.사랑과는 무관한 삶인 줄 알았는데 어느 날 선배의 권유로..",sat,1,sat,1,fri,sat,True,sat,토,fri,sat,9863731_sat,post_24h,어제 밤 10시 공개 이후 증가분 확인용 수집,54.7만,547000.0,https://series.naver.com/comic/detail.series?productNo=9863731,20260926_211154,sat,토,2026-09-26 21:11:54,2026-09-26,21:11:54,2026-09-26 21:21:40,2026-09-26 21:21:42,2.37,2026-09-26 21:21:42,2026-09-26,21:21:42,2026-09-26 21:29:24,1049.41,True,20260925_214353,2026-09-25 21:45:23,54.7만,547000.0,0.0,0.0,2026-09-26 21:21:42
sat,19,황제의 검,레드훅,813443,https://comic.naver.com/webtoon/list?titleId=813443&tab=sat,9986097,황제의 검,황제의 검 (총 120화/미완결),총 120화/미완결,120.0,미완결,"레드훅, 임무성 요그소","평점 9.6 | 레드훅, 임무성 요그소 | 2026.01.02. | 총120화/미완결 | 전화 무료",https://series.naver.com/comic/detail.series?productNo=9986097,matched,ok,"황제의 검 (총 120화/미완결)
평점
9.6 | 레드훅, 임무성 요그소 | 2026.01.02. | 총120화/미완결 | 전화 무료
정난의 변에서 간신히 살아난 주윤문,마교 천하제일 천마(天魔)와 소림사 육조 혜능(慧能)을 몸 안에 받아천마서생 '파천'으로 재탄생하게 되는데…절대지존을 향한 파천의 새로운 이야기가 시작된다!",sat,1,sat,1,fri,sat,True,sat,토,fri,sat,9986097_sat,post_24h,어제 밤 10시 공개 이후 증가분 확인용 수집,514.2만,5142000.0,https://series.naver.com/comic/detail.series?productNo=9986097,20260926_211154,sat,토,2026-09-26 21:11:54,2026-09-26,21:11:54,2026-09-26 21:21:43,2026-09-26 21:21:45,2.07,2026-09-26 21:21:45,2026-09-26,21:21:45,2026-09-26 21:29:24,1049.41,True,20260925_214353,2026-09-25 21:45:27,513.9만,5139000.0,3000.0,0.0005837711617046118,2026-09-26 21:21:45
wed,57,마님이네 미국 시골집 이야기,마님,814048,https://comic.naver.com/webtoon/list?titleId=814048&tab=wed,10056128,마님이네 미국 시골집 이야기,마님이네 미국 시골집 이야기 (총 288화/미완결),총 288화/미완결,288.0,미완결,,,https://series.naver.com/comic/detail.series?productNo=10056128,matched,ok,"마님이네 미국 시골집 이야기 (총 288화/미완결)
평점
8.9 | 마님 마님 | 2026.06.05. | 총288화/미완결 | 285화 무료
마님♡올리버쌤♡체리 가족이 찾아왔습니다!미국 남자 올리버와, 토종 한국인 마님, 그리고 사랑스러운 딸 체리와 다섯 마리 반려 동물까지.하루종일 육아하고 털 청소하느라 바쁘지만, 그래도 하하 호호 행복한 미국 시골집 ..","wed,sat",2,"wed,sat",2,"tue,fri","wed,sat",True,sat,토,fri,sat,10056128_sat,post_24h,어제 밤 10시 공개 이후 증가분 확인용 수집,76.7만,767000.0,https://series.naver.com/comic/detail.series?productNo=10056128,20260926_211154,sat,토,2026-09-26 21:11:54,2026-09-26,21:11:54,2026-09-26 21:21:47,2026-09-26 21:21:49,2.27,2026-09-26 21:21:49,2026-09-26,21:21:49,2026-09-26 21:29:24,1049.41,True,20260925_214353,2026-09-25 21:45:31,76.7만,767000.0,0.0,0.0,2026-09-26 21:21:49
sat,40,회귀자의 은퇴 라이프,서희,814509,https://comic.naver.com/webtoon/list?titleId=814509&tab=sat,10097427,회귀자의 은퇴 라이프,회귀자의 은퇴 라이프 (총 98화/미완결),총 98화/미완결,98.0,미완결,"서희, 간짜장 IN사","평점 9.7 | 서희, 간짜장 IN사 | 2025.11.28. | 총98화/미완결 | 전화 무료",https://series.naver.com/comic/detail.series?productNo=10097427,matched,ok,"회귀자의 은퇴 라이프 (총 98화/미완결)
평점
9.7 | 서희, 간짜장 IN사 | 2025.11.28. | 총98화/미완결 | 전화 무료
2018년 퍼스트 게이트가 열린 이후,여러 차원이 연결된 지구에서 임대인은 20년간 살아남았다.마침내 맞이한 은퇴식 다음날,아무것도 없는 20년 전으로 회귀하게 되는데…",sat,1,sat,1,fri,sat,True,sat,토,fri,sat,10097427_sat,post_24h,어제 밤 10시 공개 이후 증가분 확인용 수집,231.6만,2316000.0,https://series.naver.com/comic/detail.series?productNo=10097427,20260926_211154,sat,토,2026-09-26 21:11:54,2026-09-26,21:11:54,2026-09-26 21:21:51,2026-09-26 21:21:53,2.53,2026-09-26 21:21:53,2026-09-26,21:21:53,2026-09-26 21:29:24,1049.41,True,20260925_214353,2026-09-25 21:45:34,231.4만,2314000.0,2000.0,0.000864304235090752,2026-09-26 21:21:53
sat,6,킬러 배드로,김정현,816798,https://comic.naver.com/webtoon/list?titleId=816798&tab=sat,10177857,킬러 배드로,킬러 배드로 (총 136화/미완결),총 136화/미완결,136.0,미완결,,,https://series.naver.com/comic/detail.series?productNo=10177857,matched,ok,"킬러 배드로 (총 136화/미완결)
평점
9.8 | 김정현 임리나 | 2026.06.05. | 총136화/미완결 | 130화 무료
배신당한 노인킬러 회춘하다!그런데... 아무도 날 못 알아봐?! ""그럼 내가 최강이지!""",sat,1,sat,1,fri,sat,True,sat,토,fri,sat,10177857_sat,post_24h,어제 밤 10시 공개 이후 증가분 확인용 수집,"2,640만",26400000.0,https://series.naver.com/comic/detail.series?productNo=10177857,20260926_211154,sat,토,2026-09-26 21:11:54,2026-09-26,21:11:54,2026-09-26 21:21:55,2026-09-26 21:21:58,2.66,2026-09-26 21:21:58,2026-09-26,21:21:58,2026-09-26 21:29:24,1049.41,True,20260925_214353,2026-09-25 21:45:38,"2,637만",26370000.0,30000.0,0.0011376564277588168,2026-09-26 21:21:58
sat,110,S.K.T(Swallow Knights Tales),한흔,816817,https://comic.naver.com/webtoon/list?titleId=816817&tab=sat,10195675,S.K.T(Swallow Knights Tales),S.K.T(Swallow Knights Tales) (총 66화/미완결),총 66화/미완결,66.0,미완결,,,https://series.naver.com/comic/detail.series?productNo=10195675,matched,ok,"S.K.T(Swallow Knights Tales) (총 66화/미완결)
평점
9.2 | 한흔, 김철곤 구당 | 2026.06.05. | 총66화/미완결 | 60화 무료
최고의 호스트였던 엔디미온 키리안.꼬마였을 적 우연히 만났던 기사단장이 쥐여준 추천장을 믿고기사가 되고 싶다는 일념 하나로 상경해 기사단 '스왈로우 나이츠'에 입단한다.하지만 막상 들어간 기사단은 다른 기사단과 어..",sat,1,sat,1,fri,sat,True,sat,토,fri,sat,10195675_sat,post_24h,어제 밤 10시 공개 이후 증가분 확인용 수집,25.2만,252000.0,https://series.naver.com/comic/detail.series?productNo=10195675,20260926_211154,sat,토,2026-09-26 21:11:54,2026-09-26,21:11:54,2026-09-26 21:21:59,2026-09-26 21:22:01,1.91,2026-09-26 21:22:01,2026-09-26,21:22:01,2026-09-26 21:29:24,1049.41,True,20260925_214353,2026-09-25 21:45:42,25.2만,252000.0,0.0,0.0,2026-09-26 21:22:01
sat,35,왕의 힘으로 회귀한다,재키레이,817958,https://comic.naver.com/webtoon/list?titleId=817958&tab=sat,10319749,왕의 힘으로 회귀한다,왕의 힘으로 회귀한다 (총 146화/미완결),총 146화/미완결,146.0,미완결,,,https://series.naver.com/comic/detail.series?productNo=10319749,matched,ok,"왕의 힘으로 회귀한다 (총 146화/미완결)
평점
9.6 | 재키레이, 안소설 KIM | 2026.06.05. | 총146화/미완결 | 137화 무료
무시, 멸시, 괴롭힘이 당연한 비각성자의 삶.빌어먹을 루저...빌어먹을 인생...빌어먹을 각성..! 그리고 빌어먹을 죽음의 순간,나는 기이한 존재 '왕'을 만난다. 눈 부신 빛과 함께 다시 시작된 또 한 번의 삶.하지만 이번에는 다르다...",sat,1,sat,1,fri,sat,True,sat,토,fri,sat,10319749_sat,post_24h,어제 밤 10시 공개 이후 증가분 확인용 수집,617.1만,6171000.0,https://series.naver.com/comic/detail.series?productNo=10319749,20260926_211154,sat,토,2026-09-26 21:11:54,2026-09-26,21:11:54,2026-09-26 21:22:02,2026-09-26 21:22:05,2.6,2026-09-26 21:22:05,2026-09-26,21:22:05,2026-09-26 21:29:24,1049.41,True,20260925_214353,2026-09-25 21:45:45,616.8만,6168000.0,3000.0,0.00048638132295719845,2026-09-26 21:22:05
sat,38,멸망한 세계의 취사병,진석,818409,https://comic.naver.com/webtoon/list?titleId=818409&tab=sat,10371285,멸망한 세계의 취사병 [독점],멸망한 세계의 취사병 [독점] (총 126화/미완결),총 126화/미완결,126.0,미완결,,,https://series.naver.com/comic/detail.series?productNo=10371285,matched,ok,"멸망한 세계의 취사병 [독점] (총 126화/미완결)
평점
9.7 | 마일드커피/진석 조돌 | 2026.06.05. | 총126화/미완결 | 119화 무료
말년 휴가를 며칠 앞둔 취사병 병장 신영준에게 멸망이 찾아왔다.삽시간에 아비규환이 되어 버린 대대, 끊어져 버린 연락망.눈 앞에 보이는 것은 하나![각성을 축하드립니다!][직업 : 신입 요리사 Lv.1]차라리 전사, 암살자 같..",sat,1,sat,1,fri,sat,True,sat,토,fri,sat,10371285_sat,post_24h,어제 밤 10시 공개 이후 증가분 확인용 수집,232.2만,2322000.0,https://series.naver.com/comic/detail.series?productNo=10371285,20260926_211154,sat,토,2026-09-26 21:11:54,2026-09-26,21:11:54,2026-09-26 21:22:06,2026-09-26 21:22:08,2.28,2026-09-26 21:22:08,2026-09-26,21:22:08,2026-09-26 21:29:24,1049.41,True,20260925_214353,2026-09-25 21:45:49,232.1만,2321000.0,1000.0,0.00043084877208099956,2026-09-26 21:22:08
sat,107,이매망량,관절,819506,https://comic.naver.com/webtoon/list?titleId=819506&tab=sat,10532886,이매망량,이매망량 (총 135화/미완결),총 135화/미완결,135.0,미완결,,,https://series.naver.com/comic/detail.series?productNo=10532886,matched,ok,"이매망량 (총 135화/미완결)
평점
9.9 | 관절 관절 | 2026.06.05. | 총135화/미완결 | 130화 무료
사람을 해치는 악귀 이매망량이 본격적으로 활개를 펼치기 시작한 조선, 전 국토 곳곳에 고통과 신음이 끊이질 않는다.",sat,1,sat,1,fri,sat,True,sat,토,fri,sat,10532886_sat,post_24h,어제 밤 10시 공개 이후 증가분 확인용 수집,23.6만,236000.0,https://series.naver.com/comic/detail.series?productNo=10532886,20260926_211154,sat,토,2026-09-26 21:11:54,2026-09-26,21:11:54,2026-09-26 21:22:09,2026-09-26 21:22:12,2.78,2026-09-26 21:22:12,2026-09-26,21:22:12,2026-09-26 21:29:24,1049.41,True,20260925_214353,2026-09-25 21:45:52,23.5만,235000.0,1000.0,0.00425531914893617,2026-09-26 21:22:12
sat,62,탑아이돌의 막내 멤버가 되었다,맛곰,819748,https://comic.naver.com/webtoon/list?titleId=819748&tab=sat,10559488,탑아이돌의 막내 멤버가 되었다,탑아이돌의 막내 멤버가 되었다 (총 91화/미완결),총 91화/미완결,91.0,미완결,"강서울, 맛곰 맛곰","평점 10.0 | 강서울, 맛곰 맛곰 | 2026.03.06. | 총91화/미완결 | 전화 무료",https://series.naver.com/comic/detail.series?productNo=10559488,matched,ok,"탑아이돌의 막내 멤버가 되었다 (총 91화/미완결)
평점
10.0 | 강서울, 맛곰 맛곰 | 2026.03.06. | 총91화/미완결 | 전화 무료
""25살…그거 아이돌은 못하는 나이잖아요.""유명 서바이벌 아이돌 오디션 '스타더스트 프로젝트'에서 탈락했던 도서한.꿈에 미련은 못버리고 현실과 타협한 채 알바를 전전하는데…눈을 떠보니 8년 전으로 돌아왔다.그것도 '스..",sat,1,sat,1,fri,sat,True,sat,토,fri,sat,10559488_sat,post_24h,어제 밤 10시 공개 이후 증가분 확인용 수집,263.1만,2631000.0,https://series.naver.com/comic/detail.series?productNo=10559488,20260926_211154,sat,토,2026-09-26 21:11:54,2026-09-26,21:11:54,2026-09-26 21:22:14,2026-09-26 21:22:16,2.26,2026-09-26 21:22:16,2026-09-26,21:22:16,2026-09-26 21:29:24,1049.41,True,20260925_214353,2026-09-25 21:45:56,262.8만,2628000.0,3000.0,0.001141552511415525,2026-09-26 21:22:16
sat,14,멸망한 가문의 회귀자,양평,819946,https://comic.naver.com/webtoon/list?titleId=819946&tab=sat,10580540,멸망한 가문의 회귀자,멸망한 가문의 회귀자 (총 137화/미완결),총 137화/미완결,137.0,미완결,,,https://series.naver.com/comic/detail.series?productNo=10580540,matched,ok,"멸망한 가문의 회귀자 (총 137화/미완결)
평점
9.8 | 양평, Painkiller 성구 | 2026.06.05. | 총137화/미완결 | 127화 무료
후회로만 가득한 생.스스로의 잘못을 깨닫고 다시 사람이 되고자 했을 때,이미 가문은 불타 사라진 뒤였다.발악 같은 분노로 하루하루 연명하던 삶.그 절망의 끝에서, 간절한 염원이 하늘에 닿았다.용서받지 못한 자.운명을 거슬..",sat,1,sat,1,fri,sat,True,sat,토,fri,sat,10580540_sat,post_24h,어제 밤 10시 공개 이후 증가분 확인용 수집,835.6만,8356000.0,https://series.naver.com/comic/detail.series?productNo=10580540,20260926_211154,sat,토,2026-09-26 21:11:54,2026-09-26,21:11:54,2026-09-26 21:22:17,2026-09-26 21:22:20,2.65,2026-09-26 21:22:20,2026-09-26,21:22:20,2026-09-26 21:29:24,1049.41,True,20260925_214353,2026-09-25 21:46:00,834.4만,8344000.0,12000.0,0.0014381591562799617,2026-09-26 21:22:20
sat,78,천 살 연하 황제가 집착한다,이윤희,821378,https://comic.naver.com/webtoon/list?titleId=821378&tab=sat,10726305,천 살 연하 황제가 집착한다,천 살 연하 황제가 집착한다 (총 75화/미완결),총 75화/미완결,75.0,미완결,이윤희 카라,평점 9.9 | 이윤희 카라 | 2026.02.06. | 총75화/미완결 | 전화 무료,https://series.naver.com/comic/detail.series?productNo=10726305,matched,ok,"천 살 연하 황제가 집착한다 (총 75화/미완결)
평점
9.9 | 이윤희 카라 | 2026.02.06. | 총75화/미완결 | 전화 무료
숲에서 거둔 아름다운 소년 때문에 천년의 계획이 망가져 버렸다. 결국 아리엘은 그 소년을 버렸다. 10년 후. 버림 받은 원한을 품은 소년, 세드릭이 숲에 쳐들어 온다. 그리고 세드릭은 숲을 활활 태우는 불길 속에서, “결혼..",sat,1,sat,1,fri,sat,True,sat,토,fri,sat,10726305_sat,post_24h,어제 밤 10시 공개 이후 증가분 확인용 수집,163.2만,1632000.0,https://series.naver.com/comic/detail.series?productNo=10726305,20260926_211154,sat,토,2026-09-26 21:11:54,2026-09-26,21:11:54,2026-09-26 21:22:21,2026-09-26 21:22:24,2.15,2026-09-26 21:22:24,2026-09-26,21:22:24,2026-09-26 21:29:24,1049.41,True,20260925_214353,2026-09-25 21:46:04,163.1만,1631000.0,1000.0,0.0006131207847946045,2026-09-26 21:22:24
sat,10,짜장 한 그릇에 제갈세가 데릴사위,홍민석,822114,https://comic.naver.com/webtoon/list?titleId=822114&tab=sat,10782310,짜장 한 그릇에 제갈세가 데릴사위,짜장 한 그릇에 제갈세가 데릴사위 (총 50화/미완결),총 50화/미완결,50.0,미완결,"허일, 에르훗 허일","평점 9.7 | 허일, 에르훗 허일 | 2025.01.17. | 총50화/미완결 | 전화 무료",https://series.naver.com/comic/detail.series?productNo=10782310,matched,ok,"짜장 한 그릇에 제갈세가 데릴사위 (총 50화/미완결)
평점
9.7 | 허일, 에르훗 허일 | 2025.01.17. | 총50화/미완결 | 전화 무료
짜장면 한 그릇으로 전 무림을 평정할 수 있을 것 같다? 최고의 중식 요리사를 꿈꿨지만 중국 송나라 시대로보내져버린 주인공! 하지만 깨어난 몸에 무공은 전혀 없고,남은 거라곤 전생에서 익힌 요리 기술들뿐.그런데 이 요리..",sat,1,sat,1,fri,sat,True,sat,토,fri,sat,10782310_sat,post_24h,어제 밤 10시 공개 이후 증가분 확인용 수집,233.2만,2332000.0,https://series.naver.com/comic/detail.series?productNo=10782310,20260926_211154,sat,토,2026-09-26 21:11:54,2026-09-26,21:11:54,2026-09-26 21:22:25,2026-09-26 21:22:27,2.19,2026-09-26 21:22:27,2026-09-26,21:22:27,2026-09-26 21:29:24,1049.41,True,20260925_214353,2026-09-25 21:46:08,232.6만,2326000.0,6000.0,0.0025795356835769563,2026-09-26 21:22:27
sat,64,스쿨 오브 스트릿,슬랭킷,822642,https://comic.naver.com/webtoon/list?titleId=822642&tab=sat,10884362,스쿨 오브 스트릿,스쿨 오브 스트릿 (총 97화/미완결),총 97화/미완결,97.0,미완결,,,https://series.naver.com/comic/detail.series?productNo=10884362,matched,ok,"스쿨 오브 스트릿 (총 97화/미완결)
평점
9.8 | 슬랭킷 슬랭킷 | 2026.06.05. | 총97화/미완결 | 92화 무료
천재 댄서이지만 무대 공포증을 지닌 혜은과,초보 댄서이지만 무대를 두려워하지 않는 수현.서로 다른 두 댄서의 스트릿 댄스 성장기!",sat,1,sat,1,fri,sat,True,sat,토,fri,sat,10884362_sat,post_24h,어제 밤 10시 공개 이후 증가분 확인용 수집,211.6만,2116000.0,https://series.naver.com/comic/detail.series?productNo=10884362,20260926_211154,sat,토,2026-09-26 21:11:54,2026-09-26,21:11:54,2026-09-26 21:22:28,2026-09-26 21:22:31,2.71,2026-09-26 21:22:31,2026-09-26,21:22:31,2026-09-26 21:29:24,1049.41,True,20260925_214353,2026-09-25 21:46:11,211.4만,2114000.0,2000.0,0.000946073793755913,2026-09-26 21:22:31
mon,64,K학원 생존기,양아최,823190,https://comic.naver.com/webtoon/list?titleId=823190&tab=mon,10921535,K학원 생존기,K학원 생존기 (총 228화/미완결),총 228화/미완결,228.0,미완결,,,https://series.naver.com/comic/detail.series?productNo=10921535,matched,ok,"K학원 생존기 (총 228화/미완결)
평점
9.9 | 양아최 양아최 | 2026.06.07. | 총228화/미완결 | 223화 무료
K학원 지옥에 빠져있던 내가선생이 되어 다시 학원으로 돌아왔다?!본격 학원고인물이 되어버린선생님의 학원공감툰!","mon,sat",2,"mon,sat",2,"sun,fri","mon,sat",True,sat,토,fri,sat,10921535_sat,post_24h,어제 밤 10시 공개 이후 증가분 확인용 수집,56.6만,566000.0,https://series.naver.com/comic/detail.series?productNo=10921535,20260926_211154,sat,토,2026-09-26 21:11:54,2026-09-26,21:11:54,2026-09-26 21:22:32,2026-09-26 21:22:34,2.33,2026-09-26 21:22:34,2026-09-26,21:22:34,2026-09-26 21:29:24,1049.41,True,20260925_214353,2026-09-25 21:46:15,56.5만,565000.0,1000.0,0.0017699115044247787,2026-09-26 21:22:34
sat,127,유령의 노래,김문경,823239,https://comic.naver.com/webtoon/list?titleId=823239&tab=sat,10936575,유령의 노래,유령의 노래 (총 62화/미완결),총 62화/미완결,62.0,미완결,김문경 김문경,평점 10.0 | 김문경 김문경 | 2025.06.07. | 총62화/미완결 | 전화 무료,https://series.naver.com/comic/detail.series?productNo=10936575,matched,ok,"유령의 노래 (총 62화/미완결)
평점
10.0 | 김문경 김문경 | 2025.06.07. | 총62화/미완결 | 전화 무료
어렸을 때부터 환청을 듣는 병을 앓아왔던 노아. 어느 날 의문의 살인사건이 일어나고, 환청은 범인을 알고 있다며 노아에게 속삭인다.진실을 알 수 없어 혼란스러워하는 그녀의 주변에 이상한 일이 일어나기 시작한다.",sat,1,sat,1,fri,sat,True,sat,토,fri,sat,10936575_sat,post_24h,어제 밤 10시 공개 이후 증가분 확인용 수집,59.1만,591000.0,https://series.naver.com/comic/detail.series?productNo=10936575,20260926_211154,sat,토,2026-09-26 21:11:54,2026-09-26,21:11:54,2026-09-26 21:22:35,2026-09-26 21:22:38,2.84,2026-09-26 21:22:38,2026-09-26,21:22:38,2026-09-26 21:29:24,1049.41,True,20260925_214353,2026-09-25 21:46:18,58.6만,586000.0,5000.0,0.008532423208191127,2026-09-26 21:22:38
sat,77,죽었는데 왜 집착하세요,미카,826529,https://comic.naver.com/webtoon/list?titleId=826529&tab=sat,11168350,죽었는데 왜 집착하세요,죽었는데 왜 집착하세요 (총 46화/미완결),총 46화/미완결,46.0,미완결,"베스트프렌드, 한윤설 미카","평점 9.7 | 베스트프렌드, 한윤설 미카 | 2026.07.03. | 총46화/미완결 | 41화 무료",https://series.naver.com/comic/detail.series?productNo=11168350,matched,ok,"죽었는데 왜 집착하세요 (총 46화/미완결)
평점
9.7 | 베스트프렌드, 한윤설 미카 | 2026.07.03. | 총46화/미완결 | 41화 무료
결혼식 당일, 내 연인과 친구가 바람이 났다.두 사람의 배신에 나는 죽었고, 다시 눈을 떴을 때는 과거로 회귀했다.이건 신이 내린 축복이니 정당하게 복수할 기회가 주어졌다고 생각했다.하지만……이 회귀가 끝나지 않는다.복..",sat,1,sat,1,fri,sat,True,sat,토,fri,sat,11168350_sat,post_24h,어제 밤 10시 공개 이후 증가분 확인용 수집,106.1만,1061000.0,https://series.naver.com/comic/detail.series?productNo=11168350,20260926_211154,sat,토,2026-09-26 21:11:54,2026-09-26,21:11:54,2026-09-26 21:22:40,2026-09-26 21:22:42,2.2,2026-09-26 21:22:42,2026-09-26,21:22:42,2026-09-26 21:29:24,1049.41,True,20260925_214353,2026-09-25 21:46:22,106만,1060000.0,1000.0,0.0009433962264150943,2026-09-26 21:22:42
sat,111,소마소응,예조,826530,https://comic.naver.com/webtoon/list?titleId=826530&tab=sat,11169314,소마소응,소마소응 (총 49화/미완결),총 49화/미완결,49.0,미완결,,,https://series.naver.com/comic/detail.series?productNo=11169314,matched,ok,"소마소응 (총 49화/미완결)
평점
10.0 | 예조 | 2026.06.05. | 총49화/미완결 | 43화 무료
누구에게나 사랑받는 우등생 ‘은호’와 그에게 열등감을 느끼는 전학생 ‘예봄’.꿈 없이 삭막한 삶을 살아가던 예봄은 뒤늦게 은호의 사인(死因)을 알게 된다.후회와 함께 돌아간 열여덟, 다시 마주한 너. 무엇이 그토록 완벽..",sat,1,sat,1,fri,sat,True,sat,토,fri,sat,11169314_sat,post_24h,어제 밤 10시 공개 이후 증가분 확인용 수집,41.5만,415000.0,https://series.naver.com/comic/detail.series?productNo=11169314,20260926_211154,sat,토,2026-09-26 21:11:54,2026-09-26,21:11:54,2026-09-26 21:22:44,2026-09-26 21:22:46,2.34,2026-09-26 21:22:46,2026-09-26,21:22:46,2026-09-26 21:29:24,1049.41,True,20260925_214353,2026-09-25 21:46:26,41.3만,413000.0,2000.0,0.004842615012106538,2026-09-26 21:22:46
sat,90,육각,권라드,826660,https://comic.naver.com/webtoon/list?titleId=826660&tab=sat,11196442,육각,육각 (총 77화/미완결),총 77화/미완결,77.0,미완결,권라드 권라드,평점 9.8 | 권라드 권라드 | 2026.07.03. | 총77화/미완결 | 72화 무료,https://series.naver.com/comic/detail.series?productNo=11196442,matched,ok,"육각 (총 77화/미완결)
평점
9.8 | 권라드 권라드 | 2026.07.03. | 총77화/미완결 | 72화 무료
돈과 명예, 모든 권력의 중심이 되는 '육각'성공만이 답인 세상에서, 길을 잃어가는 인간의 군상",sat,1,sat,1,fri,sat,True,sat,토,fri,sat,11196442_sat,post_24h,어제 밤 10시 공개 이후 증가분 확인용 수집,55.8만,558000.0,https://series.naver.com/comic/detail.series?productNo=11196442,20260926_211154,sat,토,2026-09-26 21:11:54,2026-09-26,21:11:54,2026-09-26 21:22:48,2026-09-26 21:22:50,2.61,2026-09-26 21:22:50,2026-09-26,21:22:50,2026-09-26 21:29:24,1049.41,True,20260925_214353,2026-09-25 21:46:29,55.7만,557000.0,1000.0,0.0017953321364452424,2026-09-26 21:22:50
sat,104,신이 되겠다,정연호,826667,https://comic.naver.com/webtoon/list?titleId=826667&tab=sat,11245915,신이 되겠다,신이 되겠다 (총 104화/미완결),총 104화/미완결,104.0,미완결,,,https://series.naver.com/comic/detail.series?productNo=11245915,matched,ok,"신이 되겠다 (총 104화/미완결)
평점
9.4 | 정연호 강구 | 2026.06.05. | 총104화/미완결 | 99화 무료
돈만 주면 무슨 일이든 해결해주는 무당 흥신소를 운영하는 이신, 그는 동생을 살리기 위해선 100억이 필요하다.하지만 돈을 마련 할 방법이 도무지 떠오르지 않는데...""인상이 선해 보이세요"" 자신을 길거리에서 포교하려 하..",sat,1,sat,1,fri,sat,True,sat,토,fri,sat,11245915_sat,post_24h,어제 밤 10시 공개 이후 증가분 확인용 수집,64.2만,642000.0,https://series.naver.com/comic/detail.series?productNo=11245915,20260926_211154,sat,토,2026-09-26 21:11:54,2026-09-26,21:11:54,2026-09-26 21:22:51,2026-09-26 21:22:54,2.3,2026-09-26 21:22:54,2026-09-26,21:22:54,2026-09-26 21:29:24,1049.41,True,20260925_214353,2026-09-25 21:46:32,64.2만,642000.0,0.0,0.0,2026-09-26 21:22:54
sat,4,시든 꽃에 눈물을,,827190,https://comic.naver.com/webtoon/list?titleId=827190&tab=sat,11253061,시든 꽃에 눈물을,시든 꽃에 눈물을 (총 106화/미완결),총 106화/미완결,106.0,미완결,개 개,평점 9.8 | 개 개 | 2026.06.12. | 총106화/미완결 | 100화 무료,https://series.naver.com/comic/detail.series?productNo=11253061,review_needed,not_found,"시든 꽃에 눈물을 (총 106화/미완결)
평점
9.8 | 개 개 | 2026.06.12. | 총106화/미완결 | 100화 무료
남편이 불륜을 저질렀다. 엄청난 빚을 떠안기고, 아이를 잃게 한 것으로 모자라, 한참 어린 여자와 제 눈앞에서 몸을 섞었다. 상처 입은 삶은 볼품 없이 시들어 버려질 예정이었다. 그런데-, ""어른의 사랑을 가르쳐 주세요.""나해..",sat,1,sat,1,fri,sat,True,sat,토,fri,sat,11253061_sat,post_24h,어제 밤 10시 공개 이후 증가분 확인용 수집,,,https://nid.naver.com/nidlogin.login?svctype=128&a_version=2&viewtype=1&url=http%3A%2F%2Fseries.naver.com%2Fcomic%2Fdetail.series%3FproductNo%3D11253061&surl=https%3A%2F%2Fseries.naver.com,20260926_211154,sat,토,2026-09-26 21:11:54,2026-09-26,21:11:54,2026-09-26 21:22:56,2026-09-26 21:23:10,14.55,2026-09-26 21:23:10,2026-09-26,21:23:10,2026-09-26 21:29:24,1049.41,True,20260925_214353,2026-09-25 21:46:51,,,,,2026-09-26 21:23:10
sat,85,나만 최강 초월자,에토 슌지,827423,https://comic.naver.com/webtoon/list?titleId=827423&tab=sat,11294531,나만 최강 초월자,나만 최강 초월자 (총 108화/미완결),총 108화/미완결,108.0,미완결,,,https://series.naver.com/comic/detail.series?productNo=11294531,matched,ok,"나만 최강 초월자 (총 108화/미완결)
평점
9.8 | 에토 슌지 츠지다 켄타 | 2026.05.29. | 총108화/미완결 | 104화 무료
뛰어난 신체 능력과 특수한 능력을 겸비한 ""초월자""가 존재하는 세계.따돌림 속에서 하루하루를 보내던 퇴물 초월자, 카미나기 미나토는 어떤 사건으로 인해 곤란에 처하지만, 죽음의 문턱에서 각성한다.몸 안에 한때 종말의 위..",sat,1,sat,1,fri,sat,True,sat,토,fri,sat,11294531_sat,post_24h,어제 밤 10시 공개 이후 증가분 확인용 수집,146.5만,1465000.0,https://series.naver.com/comic/detail.series?productNo=11294531,20260926_211154,sat,토,2026-09-26 21:11:54,2026-09-26,21:11:54,2026-09-26 21:23:11,2026-09-26 21:23:14,2.61,2026-09-26 21:23:14,2026-09-26,21:23:14,2026-09-26 21:29:24,1049.41,True,20260925_214353,2026-09-25 21:46:56,146.4만,1464000.0,1000.0,0.0006830601092896175,2026-09-26 21:23:14
sat,120,한판,백시우,828310,https://comic.naver.com/webtoon/list?titleId=828310&tab=sat,11375453,한판,한판 (총 100화/미완결),총 100화/미완결,100.0,미완결,,,https://series.naver.com/comic/detail.series?productNo=11375453,matched,ok,"한판 (총 100화/미완결)
평점
9.5 | 백시우 | 2026.06.05. | 총100화/미완결 | 96화 무료
나약하게 살아온 연우.고등학교에 입학해 새로운 출발을 하고 싶었지만 마음처럼 되지 않던 차, 옆자리 승권을 만난 것을 계기로 하랑고등학교 유도부 <한판>에 들어가 삶이 180도 뒤집히게 된다.연우의 좌충우돌 유도 한판..",sat,1,sat,1,fri,sat,True,sat,토,fri,sat,11375453_sat,post_24h,어제 밤 10시 공개 이후 증가분 확인용 수집,22.4만,224000.0,https://series.naver.com/comic/detail.series?productNo=11375453,20260926_211154,sat,토,2026-09-26 21:11:54,2026-09-26,21:11:54,2026-09-26 21:23:15,2026-09-26 21:23:17,1.98,2026-09-26 21:23:17,2026-09-26,21:23:17,2026-09-26 21:29:24,1049.41,True,20260925_214353,2026-09-25 21:47:00,22.4만,224000.0,0.0,0.0,2026-09-26 21:23:17
sat,76,살아생전,지도,832575,https://comic.naver.com/webtoon/list?titleId=832575&tab=sat,11640268,살아생전,살아생전 (총 59화/미완결),총 59화/미완결,59.0,미완결,지도 지도,평점 10.0 | 지도 지도 | 2026.09.04. | 총59화/미완결 | 54화 무료,https://series.naver.com/comic/detail.series?productNo=11640268,matched,ok,"살아생전 (총 59화/미완결)
평점
10.0 | 지도 지도 | 2026.09.04. | 총59화/미완결 | 54화 무료
사람이 죽으면 저승사자가 찾아와 이름을 세번 부른다. 마중 나온 저승사자와 망자가 삼도냇가에 이르면 의령수라는 아주 큰 나무가 있는데, 그 밑에 작은 식당 '살아생전'이 있다. 망자가 생전에 가장 먹고 싶었던 음식과 그곳..",sat,1,sat,1,fri,sat,True,sat,토,fri,sat,11640268_sat,post_24h,어제 밤 10시 공개 이후 증가분 확인용 수집,33.6만,336000.0,https://series.naver.com/comic/detail.series?productNo=11640268,20260926_211154,sat,토,2026-09-26 21:11:54,2026-09-26,21:11:54,2026-09-26 21:23:19,2026-09-26 21:23:21,2.31,2026-09-26 21:23:21,2026-09-26,21:23:21,2026-09-26 21:29:24,1049.41,True,20260925_214353,2026-09-25 21:47:03,33.5만,335000.0,1000.0,0.0029850746268656717,2026-09-26 21:23:21
sat,1,절대군림,박시대,832677,https://comic.naver.com/webtoon/list?titleId=832677&tab=sat,11652534,절대군림,절대군림 (총 96화/미완결),총 96화/미완결,96.0,미완결,,,https://series.naver.com/comic/detail.series?productNo=11652534,matched,ok,"절대군림 (총 96화/미완결)
평점
9.9 | 박시대, 장영훈 박시대 | 2026.06.05. | 총96화/미완결 | 88화 무료
""이 강호, 제가 먹습니다!""왼손에는 군자검을, 오른손에는 지옥도를 든미스터리한 과일상 아들.입담과 재주는 물론, 압도적인 무공 실력까지 갖춘완벽한 그의 진짜 정체는 무엇일까.'강호제패'를 품은 스무 살 청년, '적이건(赤..",sat,1,sat,1,fri,sat,True,sat,토,fri,sat,11652534_sat,post_24h,어제 밤 10시 공개 이후 증가분 확인용 수집,"1,519만",15190000.0,https://series.naver.com/comic/detail.series?productNo=11652534,20260926_211154,sat,토,2026-09-26 21:11:54,2026-09-26,21:11:54,2026-09-26 21:23:22,2026-09-26 21:23:24,1.91,2026-09-26 21:23:24,2026-09-26,21:23:24,2026-09-26 21:29:24,1049.41,True,20260925_214353,2026-09-25 21:47:06,"1,518만",15180000.0,10000.0,0.0006587615283267457,2026-09-26 21:23:24
sat,118,사운즈 라이크,소연,833041,https://comic.naver.com/webtoon/list?titleId=833041&tab=sat,11698645,사운즈 라이크,사운즈 라이크 (총 60화/미완결),총 60화/미완결,60.0,미완결,,,https://series.naver.com/comic/detail.series?productNo=11698645,matched,ok,"사운즈 라이크 (총 60화/미완결)
평점
9.9 | 소연 소연 | 2026.05.29. | 총60화/미완결 | 56화 무료
숨겨진 천재 '차수인' 그는 하나뿐인 형이 살해된 후 5년전으로 회귀한다.그리고 형이 우승한 밴드오디션의 후속이자, 형을 죽인 범인이 데뷔한 무대, 에 참가하기로 결심하는데…""넌 절대 곱게 데뷔 못해""억눌렸던 천재들의 ..",sat,1,sat,1,fri,sat,True,sat,토,fri,sat,11698645_sat,post_24h,어제 밤 10시 공개 이후 증가분 확인용 수집,38만,380000.0,https://series.naver.com/comic/detail.series?productNo=11698645,20260926_211154,sat,토,2026-09-26 21:11:54,2026-09-26,21:11:54,2026-09-26 21:23:25,2026-09-26 21:23:28,2.73,2026-09-26 21:23:28,2026-09-26,21:23:28,2026-09-26 21:29:24,1049.41,True,20260925_214353,2026-09-25 21:47:11,38만,380000.0,0.0,0.0,2026-09-26 21:23:28
sat,49,세상에 나쁜 용사는 없다,유령두부,833358,https://comic.naver.com/webtoon/list?titleId=833358&tab=sat,11729223,세상에 나쁜 용사는 없다,세상에 나쁜 용사는 없다 (총 81화/미완결),총 81화/미완결,81.0,미완결,,,https://series.naver.com/comic/detail.series?productNo=11729223,matched,ok,"세상에 나쁜 용사는 없다 (총 81화/미완결)
평점
9.7 | 유령두부, 한소 유령두부 | 2026.06.05. | 총81화/미완결 | 76화 무료
세상에서 가장 강한 남자라 불렸던 사나이.세계 최대 격투기 리그의 헤비급 챔피언.최강의 남자였던 최현석은 죽음 이후 이세계의 용사로서 새로운 삶을 시작한다.'부! 명예! 미녀를 독차지하는 용사!'찬란한 미래를 꿈꾸며 이..",sat,1,sat,1,fri,sat,True,sat,토,fri,sat,11729223_sat,post_24h,어제 밤 10시 공개 이후 증가분 확인용 수집,150.1만,1501000.0,https://series.naver.com/comic/detail.series?productNo=11729223,20260926_211154,sat,토,2026-09-26 21:11:54,2026-09-26,21:11:54,2026-09-26 21:23:29,2026-09-26 21:23:32,2.74,2026-09-26 21:23:32,2026-09-26,21:23:32,2026-09-26 21:29:24,1049.41,True,20260925_214353,2026-09-25 21:47:15,149.9만,1499000.0,2000.0,0.00133422281521014,2026-09-26 21:23:32
sat,128,호붕빵 아저씨,정다운,833361,https://comic.naver.com/webtoon/list?titleId=833361&tab=sat,11850025,호붕빵 아저씨,호붕빵 아저씨 (총 55화/미완결),총 55화/미완결,55.0,미완결,정다운 정다운,평점 10.0 | 정다운 정다운 | 2025.12.05. | 총55화/미완결 | 전화 무료,https://series.naver.com/comic/detail.series?productNo=11850025,matched,ok,"호붕빵 아저씨 (총 55화/미완결)
평점
10.0 | 정다운 정다운 | 2025.12.05. | 총55화/미완결 | 전화 무료
귀여운 디저트를 판매하고 싶은 꿈을 가진 호랑이, 맹호석.한때는 무서운 조직의 일원이었지만, 손을 씻고 시작한 건… 다름 아닌 붕어빵 장사!하지만 새 삶도 결코 순탄하지 않은데…선입견과 편견이 가득한 시선 속에서, 호..",sat,1,sat,1,fri,sat,True,sat,토,fri,sat,11850025_sat,post_24h,어제 밤 10시 공개 이후 증가분 확인용 수집,100.3만,1003000.0,https://series.naver.com/comic/detail.series?productNo=11850025,20260926_211154,sat,토,2026-09-26 21:11:54,2026-09-26,21:11:54,2026-09-26 21:23:33,2026-09-26 21:23:35,2.11,2026-09-26 21:23:35,2026-09-26,21:23:35,2026-09-26 21:29:24,1049.41,True,20260925_214353,2026-09-25 21:47:18,99.9만,999000.0,4000.0,0.004004004004004004,2026-09-26 21:23:35
sat,27,집구석 절대자,리원,834351,https://comic.naver.com/webtoon/list?titleId=834351&tab=sat,11866526,집구석 절대자,집구석 절대자 (총 83화/미완결),총 83화/미완결,83.0,미완결,,,https://series.naver.com/comic/detail.series?productNo=11866526,matched,ok,"집구석 절대자 (총 83화/미완결)
평점
9.9 | 판테라,리원, 아라만 탄토 | 2026.06.05. | 총83화/미완결 | 78화 무료
어느날 갑자기 세상에 종말이 찾아왔다.[집구석 절대자는 집구석을 벗어날 수 없습니다]가족을 구하기 위해서라도 반드시 살아남아야 한다.",sat,1,sat,1,fri,sat,True,sat,토,fri,sat,11866526_sat,post_24h,어제 밤 10시 공개 이후 증가분 확인용 수집,467.9만,4679000.0,https://series.naver.com/comic/detail.series?productNo=11866526,20260926_211154,sat,토,2026-09-26 21:11:54,2026-09-26,21:11:54,2026-09-26 21:23:36,2026-09-26 21:23:39,2.58,2026-09-26 21:23:39,2026-09-26,21:23:39,2026-09-26 21:29:24,1049.41,True,20260925_214353,2026-09-25 21:47:23,467만,4670000.0,9000.0,0.0019271948608137045,2026-09-26 21:23:39
sat,84,내 호수에 가둔 인어,밋츄,834391,https://comic.naver.com/webtoon/list?titleId=834391&tab=sat,11853866,내 호수에 가둔 인어 [독점],내 호수에 가둔 인어 [독점] (총 32화/미완결),총 32화/미완결,32.0,미완결,,,https://series.naver.com/comic/detail.series?productNo=11853866,matched,ok,"내 호수에 가둔 인어 [독점] (총 32화/미완결)
평점
10.0 | 밋츄 알뽀비 | 2025.06.20. | 총32화/미완결 | 전화 무료
“세르베인, 왜 날 만나러 오지 않았어?”나와 닮은 증조할아버지의 조카를 부르는 사람, 아니 인어.인어를 지독히 아낀 나의 조상은 그를 호수에 가두었다고 한다.그동안 인어는 무슨 생각을 하며 죽은 지 백 년도 더 된 사람..",sat,1,sat,1,fri,sat,True,sat,토,fri,sat,11853866_sat,post_24h,어제 밤 10시 공개 이후 증가분 확인용 수집,78.2만,782000.0,https://series.naver.com/comic/detail.series?productNo=11853866,20260926_211154,sat,토,2026-09-26 21:11:54,2026-09-26,21:11:54,2026-09-26 21:23:40,2026-09-26 21:23:43,2.47,2026-09-26 21:23:43,2026-09-26,21:23:43,2026-09-26 21:29:24,1049.41,True,20260925_214353,2026-09-25 21:47:27,78.1만,781000.0,1000.0,0.0012804097311139564,2026-09-26 21:23:43
sat,71,조은학생,이한솔,835189,https://comic.naver.com/webtoon/list?titleId=835189&tab=sat,12061680,조은학생,조은학생 (총 79화/미완결),총 79화/미완결,79.0,미완결,,,https://series.naver.com/comic/detail.series?productNo=12061680,matched,ok,"조은학생 (총 79화/미완결)
평점
9.3 | 이한솔 이한솔 | 2026.06.05. | 총79화/미완결 | 73화 무료
기억상실증에 걸려서 본인이 왕따 출신이라 믿는 부산 고등학생 '조은'. 서울로 전학을 온다.조은은 또 다시 왕따를 당하지 않기 위해 반 아이들과 잘 지내고자 노력하고, 새로운 학교 생활에도 얼추 적응한다.문제는 그곳에서 ..",sat,1,sat,1,fri,sat,True,sat,토,fri,sat,12061680_sat,post_24h,어제 밤 10시 공개 이후 증가분 확인용 수집,198.2만,1982000.0,https://series.naver.com/comic/detail.series?productNo=12061680,20260926_211154,sat,토,2026-09-26 21:11:54,2026-09-26,21:11:54,2026-09-26 21:23:44,2026-09-26 21:23:46,2.06,2026-09-26 21:23:46,2026-09-26,21:23:46,2026-09-26 21:29:24,1049.41,True,20260925_214353,2026-09-25 21:47:30,198만,1980000.0,2000.0,0.00101010101010101,2026-09-26 21:23:46
sat,22,미스 펜들턴,꼬막,835526,https://comic.naver.com/webtoon/list?titleId=835526&tab=sat,12060731,미스 펜들턴 [독점],미스 펜들턴 [독점] (총 57화/미완결),총 57화/미완결,57.0,미완결,,,https://series.naver.com/comic/detail.series?productNo=12060731,matched,ok,"미스 펜들턴 [독점] (총 57화/미완결)
평점
10.0 | 유혜민 꼬막 | 2026.06.05. | 총57화/미완결 | 52화 무료
[연재 요일: 매주 토요일]런던 사교계의 이름난 중매쟁이, 스물아홉 살 '노처녀'.상반된 두 수식어는 모두 로라 펜들턴을 가리킨다.이안 달턴이라는 남자의 짝을 찾아 달라는 의뢰를 받게 된 그녀.그러나 어느 모로 보나 일등 신..",sat,1,sat,1,fri,sat,True,sat,토,fri,sat,12060731_sat,post_24h,어제 밤 10시 공개 이후 증가분 확인용 수집,421.6만,4216000.0,https://series.naver.com/comic/detail.series?productNo=12060731,20260926_211154,sat,토,2026-09-26 21:11:54,2026-09-26,21:11:54,2026-09-26 21:23:47,2026-09-26 21:23:49,1.85,2026-09-26 21:23:49,2026-09-26,21:23:49,2026-09-26 21:29:24,1049.41,True,20260925_214353,2026-09-25 21:47:34,420.4만,4204000.0,12000.0,0.0028544243577545195,2026-09-26 21:23:49
sat,28,우리 길드 아이돌,꼬보,835557,https://comic.naver.com/webtoon/list?titleId=835557&tab=sat,12083216,우리 길드 아이돌,우리 길드 아이돌 (총 50화/미완결),총 50화/미완결,50.0,미완결,,,https://series.naver.com/comic/detail.series?productNo=12083216,matched,ok,"우리 길드 아이돌 (총 50화/미완결)
평점
10.0 | 꼬보 꼬보 | 2026.06.05. | 총50화/미완결 | 47화 무료
게임 친구가 유명 아이돌이었다!남동생의 계정으로 게임을 즐기던 '아진'.길드를 위해 여성유저 [꽃뿌링]에게 접근했다가 여미새로 찍혀버린다.나 사실 여자인데...! 한편 정체를 숨기고 [꽃뿌링]으로 활동 중인 '지현'은아진이 ..",sat,1,sat,1,fri,sat,True,sat,토,fri,sat,12083216_sat,post_24h,어제 밤 10시 공개 이후 증가분 확인용 수집,325.7만,3257000.0,https://series.naver.com/comic/detail.series?productNo=12083216,20260926_211154,sat,토,2026-09-26 21:11:54,2026-09-26,21:11:54,2026-09-26 21:23:51,2026-09-26 21:23:52,1.71,2026-09-26 21:23:52,2026-09-26,21:23:52,2026-09-26 21:29:24,1049.41,True,20260925_214353,2026-09-25 21:47:37,325.3만,3253000.0,4000.0,0.0012296341838303104,2026-09-26 21:23:52
sat,124,너랑 걷는 개 좋아,누리아 산귀노,836908,https://comic.naver.com/webtoon/list?titleId=836908&tab=sat,12268356,너랑 걷는 개 좋아,너랑 걷는 개 좋아 (총 77화/미완결),총 77화/미완결,77.0,미완결,,,https://series.naver.com/comic/detail.series?productNo=12268356,matched,ok,"너랑 걷는 개 좋아 (총 77화/미완결)
평점
10.0 | 누리아 산귀노 누리아 산귀노 | 2026.06.05. | 총77화/미완결 | 69화 무료
이별 후 주인공에게 찾아온 이웃집 남자 타일러. 주인공은 강아지를 잘 다루는 그를 보며 마음이 설레어 가는데..",sat,1,sat,1,fri,sat,True,sat,토,fri,sat,12268356_sat,post_24h,어제 밤 10시 공개 이후 증가분 확인용 수집,22.2만,222000.0,https://series.naver.com/comic/detail.series?productNo=12268356,20260926_211154,sat,토,2026-09-26 21:11:54,2026-09-26,21:11:54,2026-09-26 21:23:54,2026-09-26 21:23:56,2.66,2026-09-26 21:23:56,2026-09-26,21:23:56,2026-09-26 21:29:24,1049.41,True,20260925_214353,2026-09-25 21:47:41,22.2만,222000.0,0.0,0.0,2026-09-26 21:23:56
sat,86,우리집에 온 여우들,김현,837101,https://comic.naver.com/webtoon/list?titleId=837101&tab=sat,12404405,우리집에 온 여우들,우리집에 온 여우들 (총 50화/미완결),총 50화/미완결,50.0,미완결,김현 김현,평점 10.0 | 김현 김현 | 2026.02.06. | 총50화/미완결 | 전화 무료,https://series.naver.com/comic/detail.series?productNo=12404405,matched,ok,"우리집에 온 여우들 (총 50화/미완결)
평점
10.0 | 김현 김현 | 2026.02.06. | 총50화/미완결 | 전화 무료
17살 인정의 엄마인 상정은 연매출 수십억의 맛집 사장.돈길만 걷던 모녀 앞에 어느 날 남 다른 포스의 미중년 아저씨가 찾아온다. 그의 이름은 여병희. 아주 오래전 엄마인 상정의 짝사랑 상대였는데...여태 어디서 뭘 하며 구르..",sat,1,sat,1,fri,sat,True,sat,토,fri,sat,12404405_sat,post_24h,어제 밤 10시 공개 이후 증가분 확인용 수집,43.5만,435000.0,https://series.naver.com/comic/detail.series?productNo=12404405,20260926_211154,sat,토,2026-09-26 21:11:54,2026-09-26,21:11:54,2026-09-26 21:23:58,2026-09-26 21:24:00,2.2,2026-09-26 21:24:00,2026-09-26,21:24:00,2026-09-26 21:29:24,1049.41,True,20260925_214353,2026-09-25 21:47:44,43.5만,435000.0,0.0,0.0,2026-09-26 21:24:00
sat,121,비밀복식클럽,소영,837336,https://comic.naver.com/webtoon/list?titleId=837336&tab=sat,12387223,비밀복식클럽,비밀복식클럽 (총 44화/미완결),총 44화/미완결,44.0,미완결,,,https://series.naver.com/comic/detail.series?productNo=12387223,matched,ok,"비밀복식클럽 (총 44화/미완결)
평점
10.0 | 소영 소영 | 2026.06.05. | 총44화/미완결 | 40화 무료
인류가 초래한 위기로 40%만 생존한 2054년, 전지구인은 환경이 절대 우선인 ‘재생 인류시대’에 합의한다. 반세기 뒤, 생필품을 뺀 패션을 비롯한 모든 개성 추구가 금지를 넘어 죄악인 사회에서 각각의 이유로 패션을 하..",sat,1,sat,1,fri,sat,True,sat,토,fri,sat,12387223_sat,post_24h,어제 밤 10시 공개 이후 증가분 확인용 수집,4.9만,49000.0,https://series.naver.com/comic/detail.series?productNo=12387223,20260926_211154,sat,토,2026-09-26 21:11:54,2026-09-26,21:11:54,2026-09-26 21:24:01,2026-09-26 21:24:04,2.36,2026-09-26 21:24:04,2026-09-26,21:24:04,2026-09-26 21:29:24,1049.41,True,20260925_214353,2026-09-25 21:47:47,4.8만,48000.0,1000.0,0.020833333333333332,2026-09-26 21:24:04
sat,63,오사카 환상선,혀나현,838885,https://comic.naver.com/webtoon/list?titleId=838885&tab=sat,12569020,오사카 환상선,오사카 환상선 (총 55화/미완결),총 55화/미완결,55.0,미완결,,,https://series.naver.com/comic/detail.series?productNo=12569020,matched,ok,"오사카 환상선 (총 55화/미완결)
평점
10.0 | 혀나현 혀나현 | 2026.06.05. | 총55화/미완결 | 52화 무료
오사카의 재일조선인 소년 김용은 우연히 야쿠자 조카와의 싸움에 휘말린다. 야쿠자의 명령으로 조선인 부락에 잠입해 신분증을 훔치는 임무를 맡게 된 김용. 평범해 보였던 마을 사람들은 무언가를 꾸미고 있는 듯 한데.. 처음..",sat,1,sat,1,fri,sat,True,sat,토,fri,sat,12569020_sat,post_24h,어제 밤 10시 공개 이후 증가분 확인용 수집,40.4만,404000.0,https://series.naver.com/comic/detail.series?productNo=12569020,20260926_211154,sat,토,2026-09-26 21:11:54,2026-09-26,21:11:54,2026-09-26 21:24:05,2026-09-26 21:24:08,2.78,2026-09-26 21:24:08,2026-09-26,21:24:08,2026-09-26 21:29:24,1049.41,True,20260925_214353,2026-09-25 21:47:51,40.2만,402000.0,2000.0,0.004975124378109453,2026-09-26 21:24:08
sat,97,말없는 전학생,이유정,839102,https://comic.naver.com/webtoon/list?titleId=839102&tab=sat,12588447,말없는 전학생,말없는 전학생 (총 60화/미완결),총 60화/미완결,60.0,미완결,,,https://series.naver.com/comic/detail.series?productNo=12588447,matched,ok,"말없는 전학생 (총 60화/미완결)
평점
9.4 | 이유정 | 2026.06.05. | 총60화/미완결 | 55화 무료
침묵은 끝났다. 이제 그의 싸움이 시작된다!절대 말하지 않는 전학생 지존은 어느 날,압도적인 실력 차로 같은 반 일진을 제압해버린다.이 싸움으로 학교 안팎 일진들의 관심을 한몸에 받게 돼버린 지존.그리고 또 한 명의 말없..",sat,1,sat,1,fri,sat,True,sat,토,fri,sat,12588447_sat,post_24h,어제 밤 10시 공개 이후 증가분 확인용 수집,42.5만,425000.0,https://series.naver.com/comic/detail.series?productNo=12588447,20260926_211154,sat,토,2026-09-26 21:11:54,2026-09-26,21:11:54,2026-09-26 21:24:10,2026-09-26 21:24:12,2.15,2026-09-26 21:24:12,2026-09-26,21:24:12,2026-09-26 21:29:24,1049.41,True,20260925_214353,2026-09-25 21:47:54,42.4만,424000.0,1000.0,0.0023584905660377358,2026-09-26 21:24:12
sat,123,세이브 디 어스!,맴,840092,https://comic.naver.com/webtoon/list?titleId=840092&tab=sat,12734822,세이브 디 어스!,세이브 디 어스! (총 49화/미완결),총 49화/미완결,49.0,미완결,,,https://series.naver.com/comic/detail.series?productNo=12734822,matched,ok,"세이브 디 어스! (총 49화/미완결)
평점
10.0 | 맴 맴 | 2026.06.05. | 총49화/미완결 | 45화 무료
미친 학교생활의 연속, 살아남아라 강하람!",sat,1,sat,1,fri,sat,True,sat,토,fri,sat,12734822_sat,post_24h,어제 밤 10시 공개 이후 증가분 확인용 수집,4.2만,42000.0,https://series.naver.com/comic/detail.series?productNo=12734822,20260926_211154,sat,토,2026-09-26 21:11:54,2026-09-26,21:11:54,2026-09-26 21:24:13,2026-09-26 21:24:15,2.24,2026-09-26 21:24:15,2026-09-26,21:24:15,2026-09-26 21:29:24,1049.41,True,20260925_214353,2026-09-25 21:47:58,4.2만,42000.0,0.0,0.0,2026-09-26 21:24:15
sat,81,설탕에 곁들인 로맨스,을승,840179,https://comic.naver.com/webtoon/list?titleId=840179&tab=sat,12837996,설탕에 곁들인 로맨스,설탕에 곁들인 로맨스 (총 53화/미완결),총 53화/미완결,53.0,미완결,,,https://series.naver.com/comic/detail.series?productNo=12837996,matched,ok,"설탕에 곁들인 로맨스 (총 53화/미완결)
평점
10.0 | 을승 을승 | 2026.06.05. | 총53화/미완결 | 47화 무료
인생이 무(無)맛인 고등학생 찬희,소꿉친구 소유의 도발(?)에 처음 잡아보는 도마와 식칼, 팬과 국자.심심한 인생에 단 맛이 돌고 심장이 뛰기 시작한다!근데 이 심장.. 소유한테 뛰는 거야? 요리가 즐거워서 뛰는 거야?첫사랑과..",sat,1,sat,1,fri,sat,True,sat,토,fri,sat,12837996_sat,post_24h,어제 밤 10시 공개 이후 증가분 확인용 수집,22.7만,227000.0,https://series.naver.com/comic/detail.series?productNo=12837996,20260926_211154,sat,토,2026-09-26 21:11:54,2026-09-26,21:11:54,2026-09-26 21:24:16,2026-09-26 21:24:18,2.29,2026-09-26 21:24:18,2026-09-26,21:24:18,2026-09-26 21:29:24,1049.41,True,20260925_214353,2026-09-25 21:48:01,22.7만,227000.0,0.0,0.0,2026-09-26 21:24:18
sat,74,위탁가족!,조똘복,840736,https://comic.naver.com/webtoon/list?titleId=840736&tab=sat,12863042,위탁가족!,위탁가족! (총 57화/미완결),총 57화/미완결,57.0,미완결,,,https://series.naver.com/comic/detail.series?productNo=12863042,matched,ok,"위탁가족! (총 57화/미완결)
평점
10.0 | 조똘복 조똘복 | 2026.06.05. | 총57화/미완결 | 47화 무료
“오늘부터 우리가 네 가족이야.”15년 차 위탁가정 똘복이네 가족과 새로 온 아기 빵실이의 일상, 육아, 입양, 위탁, 그리고 이별 이야기.",sat,1,sat,1,fri,sat,True,sat,토,fri,sat,12863042_sat,post_24h,어제 밤 10시 공개 이후 증가분 확인용 수집,46.1만,461000.0,https://series.naver.com/comic/detail.series?productNo=12863042,20260926_211154,sat,토,2026-09-26 21:11:54,2026-09-26,21:11:54,2026-09-26 21:24:19,2026-09-26 21:24:21,2.03,2026-09-26 21:24:21,2026-09-26,21:24:21,2026-09-26 21:29:24,1049.41,True,20260925_214353,2026-09-25 21:48:05,46만,460000.0,1000.0,0.002173913043478261,2026-09-26 21:24:21
sat,101,짝사랑을 망치고 싶어,신여름,841562,https://comic.naver.com/webtoon/list?titleId=841562&tab=sat,13031894,짝사랑을 망치고 싶어,짝사랑을 망치고 싶어 (총 46화/미완결),총 46화/미완결,46.0,미완결,,,https://series.naver.com/comic/detail.series?productNo=13031894,matched,ok,"짝사랑을 망치고 싶어 (총 46화/미완결)
평점
10.0 | 신여름 신여름 | 2026.06.05. | 총46화/미완결 | 41화 무료
""제 짝사랑을 망쳐주세요!""짝사랑이 이루어지지 않길 바라는 로맨스 여주인공이 있다?!자신의 짝사랑을 망치고 싶은 '초희'와 그 비밀을 빌미로 거래를 제안한 '시호',그리고 그런 시호의 짝사랑을 눈치챈 '이태'까지.서로의 짝..",sat,1,sat,1,fri,sat,True,sat,토,fri,sat,13031894_sat,post_24h,어제 밤 10시 공개 이후 증가분 확인용 수집,37.4만,374000.0,https://series.naver.com/comic/detail.series?productNo=13031894,20260926_211154,sat,토,2026-09-26 21:11:54,2026-09-26,21:11:54,2026-09-26 21:24:23,2026-09-26 21:24:25,2.1,2026-09-26 21:24:25,2026-09-26,21:24:25,2026-09-26 21:29:24,1049.41,True,20260925_214353,2026-09-25 21:48:08,37.3만,373000.0,1000.0,0.002680965147453083,2026-09-26 21:24:25
sat,57,과학고 생존일지,윤찐빵,841608,https://comic.naver.com/webtoon/list?titleId=841608&tab=sat,13055999,과학고 생존일지,과학고 생존일지 (총 47화/미완결),총 47화/미완결,47.0,미완결,,,https://series.naver.com/comic/detail.series?productNo=13055999,matched,ok,"과학고 생존일지 (총 47화/미완결)
평점
10.0 | 윤찐빵 윤찐빵 | 2026.06.05. | 총47화/미완결 | 41화 무료
과학보다 만화가 좋았고, 수학은 보기만 해도 머리가 아픈 찐빵이.그런 내가... 대한민국 영재들만 모인다는 과학고에 덜컥 입학했다.천재들 사이에서 살아남기 위한, 범재의 눈물겨운 생존 분투기!100% 실화 기반 하이퍼리얼..",sat,1,sat,1,fri,sat,True,sat,토,fri,sat,13055999_sat,post_24h,어제 밤 10시 공개 이후 증가분 확인용 수집,45만,450000.0,https://series.naver.com/comic/detail.series?productNo=13055999,20260926_211154,sat,토,2026-09-26 21:11:54,2026-09-26,21:11:54,2026-09-26 21:24:26,2026-09-26 21:24:28,2.38,2026-09-26 21:24:28,2026-09-26,21:24:28,2026-09-26 21:29:24,1049.41,True,20260925_214353,2026-09-25 21:48:12,44.8만,448000.0,2000.0,0.004464285714285714,2026-09-26 21:24:28
wed,30,중대장은 실망했다,이량,841639,https://comic.naver.com/webtoon/list?titleId=841639&tab=wed,13001011,중대장은 실망했다,중대장은 실망했다 (총 90화/미완결),총 90화/미완결,90.0,미완결,,,https://series.naver.com/comic/detail.series?productNo=13001011,matched,ok,"중대장은 실망했다 (총 90화/미완결)
평점
9.9 | 이량 이량 | 2026.06.05. | 총90화/미완결 | 80화 무료
마흔 살이 넘은 중대장은 멋진 모습을 보이고 싶지만요즘 애들, 요즘 군대는 왜 이렇게 변해버린 것일까!참으로.. 중대장은 실망했다!","wed,sat",2,"wed,sat",2,"tue,fri","wed,sat",True,sat,토,fri,sat,13001011_sat,post_24h,어제 밤 10시 공개 이후 증가분 확인용 수집,140.1만,1401000.0,https://series.naver.com/comic/detail.series?productNo=13001011,20260926_211154,sat,토,2026-09-26 21:11:54,2026-09-26,21:11:54,2026-09-26 21:24:29,2026-09-26 21:24:31,2.32,2026-09-26 21:24:31,2026-09-26,21:24:31,2026-09-26 21:29:24,1049.41,True,20260925_214353,2026-09-25 21:48:15,139.9만,1399000.0,2000.0,0.0014295925661186562,2026-09-26 21:24:31
sat,53,문양전,강한,841762,https://comic.naver.com/webtoon/list?titleId=841762&tab=sat,13008941,문양전,문양전 (총 48화/미완결),총 48화/미완결,48.0,미완결,,,https://series.naver.com/comic/detail.series?productNo=13008941,matched,ok,"문양전 (총 48화/미완결)
평점
9.9 | 강한 강한 | 2026.06.05. | 총48화/미완결 | 43화 무료
‘운명은 거스를 수 없는 법칙인가, 스스로 개척해 나아가는 길인가.’ 파멸의 운명 속에서 복수의 화신이 되어 돌아온 소년 반, 그의 복수가 시작된다.",sat,1,sat,1,fri,sat,True,sat,토,fri,sat,13008941_sat,post_24h,어제 밤 10시 공개 이후 증가분 확인용 수집,103.9만,1039000.0,https://series.naver.com/comic/detail.series?productNo=13008941,20260926_211154,sat,토,2026-09-26 21:11:54,2026-09-26,21:11:54,2026-09-26 21:24:33,2026-09-26 21:24:36,2.53,2026-09-26 21:24:36,2026-09-26,21:24:36,2026-09-26 21:29:24,1049.41,True,20260925_214353,2026-09-25 21:48:18,103.5만,1035000.0,4000.0,0.003864734299516908,2026-09-26 21:24:36
sat,31,지옥도시,기호,842093,https://comic.naver.com/webtoon/list?titleId=842093&tab=sat,13036898,지옥도시,지옥도시 (총 49화/미완결),총 49화/미완결,49.0,미완결,,,https://series.naver.com/comic/detail.series?productNo=13036898,matched,ok,"지옥도시 (총 49화/미완결)
평점
9.9 | 기호 기호 | 2026.06.05. | 총49화/미완결 | 43화 무료
400만 명이 거주하는 수도권 거대 도시 송천 광역시, 그곳에서 유도선수를 꿈꾸던 고등학생 민호 앞에 나타난 정체불명의 괴생명체와 한 소녀.순식간에 지옥으로 변해버린 송천시에서 민호는 과연 살아남을 수 있을 것인가..!",sat,1,sat,1,fri,sat,True,sat,토,fri,sat,13036898_sat,post_24h,어제 밤 10시 공개 이후 증가분 확인용 수집,117.2만,1172000.0,https://series.naver.com/comic/detail.series?productNo=13036898,20260926_211154,sat,토,2026-09-26 21:11:54,2026-09-26,21:11:54,2026-09-26 21:24:36,2026-09-26 21:24:38,1.9,2026-09-26 21:24:38,2026-09-26,21:24:38,2026-09-26 21:29:24,1049.41,True,20260925_214353,2026-09-25 21:48:22,117.1만,1171000.0,1000.0,0.0008539709649871904,2026-09-26 21:24:38
sat,116,썩어도 혈육,bunny,842395,https://comic.naver.com/webtoon/list?titleId=842395&tab=sat,13073974,썩어도 혈육,썩어도 혈육 (총 44화/미완결),총 44화/미완결,44.0,미완결,,,https://series.naver.com/comic/detail.series?productNo=13073974,matched,ok,"썩어도 혈육 (총 44화/미완결)
평점
9.9 | bunny bunny | 2026.06.05. | 총44화/미완결 | 39화 무료
“아버지, 대신 감옥에 가 주세요.”결혼식 전날, 졸음운전으로 사람을 죽인 보험심사 팀장 류서호.사건을 은폐하기 위해 찾아간 사람은 15년 전 인연을 끊었던 아버지였다.하지만 그날부터 시작된 두 사람의 거짓된 공모는 오..",sat,1,sat,1,fri,sat,True,sat,토,fri,sat,13073974_sat,post_24h,어제 밤 10시 공개 이후 증가분 확인용 수집,8.5만,85000.0,https://series.naver.com/comic/detail.series?productNo=13073974,20260926_211154,sat,토,2026-09-26 21:11:54,2026-09-26,21:11:54,2026-09-26 21:24:39,2026-09-26 21:24:42,2.36,2026-09-26 21:24:42,2026-09-26,21:24:42,2026-09-26 21:29:24,1049.41,True,20260925_214353,2026-09-25 21:48:26,8.5만,85000.0,0.0,0.0,2026-09-26 21:24:42
sat,65,차라리 빌런으로 살겠다,덤보,842601,https://comic.naver.com/webtoon/list?titleId=842601&tab=sat,13091097,차라리 빌런으로 살겠다 [독점],차라리 빌런으로 살겠다 [독점] (총 41화/미완결),총 41화/미완결,41.0,미완결,"덤보, 서인하 다다","평점 9.8 | 덤보, 서인하 다다 | 2026.06.19. | 총41화/미완결 | 전화 무료",https://series.naver.com/comic/detail.series?productNo=13091097,matched,ok,"차라리 빌런으로 살겠다 [독점] (총 41화/미완결)
평점
9.8 | 덤보, 서인하 다다 | 2026.06.19. | 총41화/미완결 | 전화 무료
[매주 토요일 연재]대영 물산의 스페인팀 대리였던 주인공은 상사들에게 성과를 갈취당한 후 유통으로 밀려나면서 대영 그룹 유일 적통인 강문정 상무의 수행 비서 일을 시작하게 된다. 자신의 자리를 위협받고 있던 강문정 ..",sat,1,sat,1,fri,sat,True,sat,토,fri,sat,13091097_sat,post_24h,어제 밤 10시 공개 이후 증가분 확인용 수집,67.6만,676000.0,https://series.naver.com/comic/detail.series?productNo=13091097,20260926_211154,sat,토,2026-09-26 21:11:54,2026-09-26,21:11:54,2026-09-26 21:24:43,2026-09-26 21:24:45,2.46,2026-09-26 21:24:45,2026-09-26,21:24:45,2026-09-26 21:29:24,1049.41,True,20260925_214353,2026-09-25 21:48:29,67.4만,674000.0,2000.0,0.002967359050445104,2026-09-26 21:24:45
fri,22,용사파티만화,칰타,842647,https://comic.naver.com/webtoon/list?titleId=842647&tab=fri,13101435,용사파티만화,용사파티만화 (총 129화/미완결),총 129화/미완결,129.0,미완결,,,https://series.naver.com/comic/detail.series?productNo=13101435,matched,ok,"용사파티만화 (총 129화/미완결)
평점
10.0 | 칰타 랴코 | 2026.06.06. | 총129화/미완결 | 119화 무료
흔해 빠진 이세계에 어딘가 나사 빠진 용사 파티가 나타났다!자칭 용사 꼬마 탱커 파밍, 음침 수인 마법사 해피, 겉과 속이 다른 변태 수녀 클레어, 생각보다 너무 비겁한 도적 김도적까지...쪼렙 모험가답지 않게 우연히 이런 저..","fri,sat,sun",3,"fri,sat,sun",3,"thu,fri,sat","fri,sat,sun",True,sat,토,fri,sat,13101435_sat,post_24h,어제 밤 10시 공개 이후 증가분 확인용 수집,201만,2010000.0,https://series.naver.com/comic/detail.series?productNo=13101435,20260926_211154,sat,토,2026-09-26 21:11:54,2026-09-26,21:11:54,2026-09-26 21:24:46,2026-09-26 21:24:49,2.71,2026-09-26 21:24:49,2026-09-26,21:24:49,2026-09-26 21:29:24,1049.41,True,20260925_214353,2026-09-25 21:48:33,199.7만,1997000.0,13000.0,0.006509764646970456,2026-09-26 21:24:49
sat,103,마왕 마석호,유비,842699,https://comic.naver.com/webtoon/list?titleId=842699&tab=sat,13115967,마왕 마석호,마왕 마석호 (총 43화/미완결),총 43화/미완결,43.0,미완결,,,https://series.naver.com/comic/detail.series?productNo=13115967,matched,ok,"마왕 마석호 (총 43화/미완결)
평점
9.7 | 유비 유비 | 2026.06.05. | 총43화/미완결 | 38화 무료
전국 1번 마왕이라고 불리는 최강의 고등학생 마석호, 그리고 평범한 고등학생 조진호,두 영혼의 불편한 동거 생활.",sat,1,sat,1,fri,sat,True,sat,토,fri,sat,13115967_sat,post_24h,어제 밤 10시 공개 이후 증가분 확인용 수집,61.3만,613000.0,https://series.naver.com/comic/detail.series?productNo=13115967,20260926_211154,sat,토,2026-09-26 21:11:54,2026-09-26,21:11:54,2026-09-26 21:24:50,2026-09-26 21:24:53,2.65,2026-09-26 21:24:53,2026-09-26,21:24:53,2026-09-26 21:29:24,1049.41,True,20260925_214353,2026-09-25 21:48:37,61.3만,613000.0,0.0,0.0,2026-09-26 21:24:53
sat,100,펫로스클럽,올드독,842838,https://comic.naver.com/webtoon/list?titleId=842838&tab=sat,13129259,펫로스클럽,펫로스클럽 (총 43화/미완결),총 43화/미완결,43.0,미완결,,,https://series.naver.com/comic/detail.series?productNo=13129259,matched,ok,"펫로스클럽 (총 43화/미완결)
평점
10.0 | 올드독 올드독 | 2026.06.06. | 총43화/미완결 | 38화 무료
20년을 동고동락하던 반려견 풋코를 떠나보내고 2년, 이제는 울지 않고 남의 개를 안을 수 있다.그렇다면 드디어 도전, 남의 개 돌보기.",sat,1,sat,1,fri,sat,True,sat,토,fri,sat,13129259_sat,post_24h,어제 밤 10시 공개 이후 증가분 확인용 수집,7.2만,72000.0,https://series.naver.com/comic/detail.series?productNo=13129259,20260926_211154,sat,토,2026-09-26 21:11:54,2026-09-26,21:11:54,2026-09-26 21:24:54,2026-09-26 21:24:56,2.18,2026-09-26 21:24:56,2026-09-26,21:24:56,2026-09-26 21:29:24,1049.41,True,20260925_214353,2026-09-25 21:48:40,7.2만,72000.0,0.0,0.0,2026-09-26 21:24:56
sat,87,꿈의 엔트리,울리,843001,https://comic.naver.com/webtoon/list?titleId=843001&tab=sat,13189197,꿈의 엔트리,꿈의 엔트리 (총 41화/미완결),총 41화/미완결,41.0,미완결,,,https://series.naver.com/comic/detail.series?productNo=13189197,matched,ok,"꿈의 엔트리 (총 41화/미완결)
평점
9.8 | 울리 울리 | 2026.06.05. | 총41화/미완결 | 36화 무료
전직 축구선수였던 내가 10년 전으로 돌아왔다.“이제 누가 축구 스타가 되는지 알고 있어. 숨은 원석들을 찾아 최고의 팀을 꾸릴 거야.”경기보다 숨막히는 선수영입 프론트 스포츠물",sat,1,sat,1,fri,sat,True,sat,토,fri,sat,13189197_sat,post_24h,어제 밤 10시 공개 이후 증가분 확인용 수집,86.6만,866000.0,https://series.naver.com/comic/detail.series?productNo=13189197,20260926_211154,sat,토,2026-09-26 21:11:54,2026-09-26,21:11:54,2026-09-26 21:24:57,2026-09-26 21:24:59,2.35,2026-09-26 21:24:59,2026-09-26,21:24:59,2026-09-26 21:29:24,1049.41,True,20260925_214353,2026-09-25 21:48:43,86.4만,864000.0,2000.0,0.0023148148148148147,2026-09-26 21:24:59
sat,105,모두가 날 싫어한다,산하,843426,https://comic.naver.com/webtoon/list?titleId=843426&tab=sat,13230577,모두가 날 싫어한다,모두가 날 싫어한다 (총 31화/미완결),총 31화/미완결,31.0,미완결,산하 김세인,평점 10.0 | 산하 김세인 | 2026.08.28. | 총31화/미완결 | 27화 무료,https://series.naver.com/comic/detail.series?productNo=13230577,matched,ok,"모두가 날 싫어한다 (총 31화/미완결)
평점
10.0 | 산하 김세인 | 2026.08.28. | 총31화/미완결 | 27화 무료
초보 알바 저승집배원의 실수로 영혼을 빼앗긴채 살게 된 주인공 '김건표'. 그날 이후, 세상의 모든 것들이 그녀를 싫어한다. 특히 저승집배원 그놈이!!",sat,1,sat,1,fri,sat,True,sat,토,fri,sat,13230577_sat,post_24h,어제 밤 10시 공개 이후 증가분 확인용 수집,4.5만,45000.0,https://series.naver.com/comic/detail.series?productNo=13230577,20260926_211154,sat,토,2026-09-26 21:11:54,2026-09-26,21:11:54,2026-09-26 21:25:00,2026-09-26 21:25:02,1.89,2026-09-26 21:25:02,2026-09-26,21:25:02,2026-09-26 21:29:24,1049.41,True,20260925_214353,2026-09-25 21:48:46,4.5만,45000.0,0.0,0.0,2026-09-26 21:25:02
sat,102,그 냉장고 안에서는,냉친,843427,https://comic.naver.com/webtoon/list?titleId=843427&tab=sat,13230633,그 냉장고 안에서는,그 냉장고 안에서는 (총 34화/미완결),총 34화/미완결,34.0,미완결,,,https://series.naver.com/comic/detail.series?productNo=13230633,matched,ok,"그 냉장고 안에서는 (총 34화/미완결)
평점
9.8 | 냉친 냉친 | 2026.06.05. | 총34화/미완결 | 31화 무료
냉장고 속 살아 움직이는 음식 요정들의 이야기",sat,1,sat,1,fri,sat,True,sat,토,fri,sat,13230633_sat,post_24h,어제 밤 10시 공개 이후 증가분 확인용 수집,3만,30000.0,https://series.naver.com/comic/detail.series?productNo=13230633,20260926_211154,sat,토,2026-09-26 21:11:54,2026-09-26,21:11:54,2026-09-26 21:25:03,2026-09-26 21:25:06,2.64,2026-09-26 21:25:06,2026-09-26,21:25:06,2026-09-26 21:29:24,1049.41,True,20260925_214353,2026-09-25 21:48:50,3만,30000.0,0.0,0.0,2026-09-26 21:25:06
sat,115,DARK MOON: 두 개의 달,HYBE,843898,https://comic.naver.com/webtoon/list?titleId=843898&tab=sat,13256224,DARK MOON: 두 개의 달,DARK MOON: 두 개의 달 (총 39화/미완결),총 39화/미완결,39.0,미완결,,,https://series.naver.com/comic/detail.series?productNo=13256224,matched,ok,"DARK MOON: 두 개의 달 (총 39화/미완결)
평점
10.0 | HYBE HYBE | 2026.06.05. | 총39화/미완결 | 31화 무료
“너구나, 내 자리를 대신하고 있었다는 애가.”뱀파이어임을 숨긴 채 학교 공식 커플이 된 수하와 헬리 앞에 수하와 똑같은 얼굴을 한 의문의 소녀, 셀렌이 등장한다.현생에서 함께 추억을 쌓아온 수하와, 애틋한 전생의 기억..",sat,1,sat,1,fri,sat,True,sat,토,fri,sat,13256224_sat,post_24h,어제 밤 10시 공개 이후 증가분 확인용 수집,13.4만,134000.0,https://series.naver.com/comic/detail.series?productNo=13256224,20260926_211154,sat,토,2026-09-26 21:11:54,2026-09-26,21:11:54,2026-09-26 21:25:07,2026-09-26 21:25:10,2.57,2026-09-26 21:25:10,2026-09-26,21:25:10,2026-09-26 21:29:24,1049.41,True,20260925_214353,2026-09-25 21:48:54,13.3만,133000.0,1000.0,0.007518796992481203,2026-09-26 21:25:10
sat,126,청춘 관찰기,한민기,844048,https://comic.naver.com/webtoon/list?titleId=844048&tab=sat,13285030,청춘 관찰기,청춘 관찰기 (총 37화/미완결),총 37화/미완결,37.0,미완결,,,https://series.naver.com/comic/detail.series?productNo=13285030,matched,ok,"청춘 관찰기 (총 37화/미완결)
평점
10.0 | 한민기 한민기 | 2026.06.05. | 총37화/미완결 | 32화 무료
탐조(새를 관찰하는 것)를 사랑하는 고등학교 1학년 한이솔의 앞에 나타난 재수 없는 전교 1등 최로운, 그리고 중학교 시절부터 같은 학원에 다니며 어느새 단짝이 된 인정민. ‘한쪽은 나를 너무 막 대하고 한쪽은 나를 너무 ..",sat,1,sat,1,fri,sat,True,sat,토,fri,sat,13285030_sat,post_24h,어제 밤 10시 공개 이후 증가분 확인용 수집,5.8만,58000.0,https://series.naver.com/comic/detail.series?productNo=13285030,20260926_211154,sat,토,2026-09-26 21:11:54,2026-09-26,21:11:54,2026-09-26 21:25:11,2026-09-26 21:25:13,2.3,2026-09-26 21:25:13,2026-09-26,21:25:13,2026-09-26 21:29:24,1049.41,True,20260925_214353,2026-09-25 21:48:58,5.8만,58000.0,0.0,0.0,2026-09-26 21:25:13
sat,30,르르르,우파람,844505,https://comic.naver.com/webtoon/list?titleId=844505&tab=sat,13342918,르르르,르르르 (총 35화/미완결),총 35화/미완결,35.0,미완결,,,https://series.naver.com/comic/detail.series?productNo=13342918,matched,ok,"르르르 (총 35화/미완결)
평점
9.4 | 우파람 | 2026.06.05. | 총35화/미완결 | 30화 무료
평범한 일상속에서 갑자기 등장한 괴생물체와그 주위에서 한명씩 학생들의 괴물화.평범함은 완전히 망가졌고, 구조를 기대하기도 힘든 상황.학생들은 저마다의 방법으로 뭉치고 생존해 나간다.",sat,1,sat,1,fri,sat,True,sat,토,fri,sat,13342918_sat,post_24h,어제 밤 10시 공개 이후 증가분 확인용 수집,90.5만,905000.0,https://series.naver.com/comic/detail.series?productNo=13342918,20260926_211154,sat,토,2026-09-26 21:11:54,2026-09-26,21:11:54,2026-09-26 21:25:14,2026-09-26 21:25:16,1.83,2026-09-26 21:25:16,2026-09-26,21:25:16,2026-09-26 21:29:24,1049.41,True,20260925_214353,2026-09-25 21:49:01,90.4만,904000.0,1000.0,0.0011061946902654867,2026-09-26 21:25:16
sat,70,로스트 미디어샵 아코드,육공,844728,https://comic.naver.com/webtoon/list?titleId=844728&tab=sat,13367829,로스트 미디어샵 아코드,로스트 미디어샵 아코드 (총 33화/미완결),총 33화/미완결,33.0,미완결,,,https://series.naver.com/comic/detail.series?productNo=13367829,matched,ok,"로스트 미디어샵 아코드 (총 33화/미완결)
평점
9.2 | 육공 육공 | 2026.06.05. | 총33화/미완결 | 28화 무료
‘잊혀진 매체‘라는 뜻을 가진 ’로스트 미디어‘.아코드는 그런 로스트 미디어를 사람들에게 선보이는 가게이다.아코드의 아리따운 점원 ’리카‘는 손님들이 찾는 로스트 미디어를 다시금 그들 앞에 선보인다.하지만 잊혀..",sat,1,sat,1,fri,sat,True,sat,토,fri,sat,13367829_sat,post_24h,어제 밤 10시 공개 이후 증가분 확인용 수집,47.6만,476000.0,https://series.naver.com/comic/detail.series?productNo=13367829,20260926_211154,sat,토,2026-09-26 21:11:54,2026-09-26,21:11:54,2026-09-26 21:25:17,2026-09-26 21:25:20,2.08,2026-09-26 21:25:20,2026-09-26,21:25:20,2026-09-26 21:29:24,1049.41,True,20260925_214353,2026-09-25 21:49:05,47.4만,474000.0,2000.0,0.004219409282700422,2026-09-26 21:25:20
wed,67,냥냥찍찍!,꾀돌이,844952,https://comic.naver.com/webtoon/list?titleId=844952&tab=wed,13397735,냥냥찍찍!,냥냥찍찍! (총 61화/미완결),총 61화/미완결,61.0,미완결,,,https://series.naver.com/comic/detail.series?productNo=13397735,matched,ok,"냥냥찍찍! (총 61화/미완결)
평점
10.0 | 꾀돌이 | 2026.06.05. | 총61화/미완결 | 55화 무료
햄스터로 변하는 여자 금해미, 고양이로 변하는 남자 고우영.저주를 풀기 위해선 스킨십을 해야 한다?!고양이와 햄스터의 아찔한 코믹 풀충전 캠퍼스 로맨스!","wed,sat",2,"wed,sat",2,"tue,fri","wed,sat",True,sat,토,fri,sat,13397735_sat,post_24h,어제 밤 10시 공개 이후 증가분 확인용 수집,48.9만,489000.0,https://series.naver.com/comic/detail.series?productNo=13397735,20260926_211154,sat,토,2026-09-26 21:11:54,2026-09-26,21:11:54,2026-09-26 21:25:21,2026-09-26 21:25:23,2.36,2026-09-26 21:25:23,2026-09-26,21:25:23,2026-09-26 21:29:24,1049.41,True,20260925_214353,2026-09-25 21:49:08,48.8만,488000.0,1000.0,0.0020491803278688526,2026-09-26 21:25:23
sat,89,마왕의 채널,말랭2,845026,https://comic.naver.com/webtoon/list?titleId=845026&tab=sat,13420100,마왕의 채널,마왕의 채널 (총 33화/미완결),총 33화/미완결,33.0,미완결,,,https://series.naver.com/comic/detail.series?productNo=13420100,matched,ok,"마왕의 채널 (총 33화/미완결)
평점
10.0 | 말랭2 말랭2 | 2026.06.05. | 총33화/미완결 | 28화 무료
우주에서 온 이종족이 지구의 방송에 참여하게 되고, 마왕 행성에서 온 마왕 에일은 지구의 인간 도현과 힘을 합쳐 베스트 스트리머에 도전하는 중 다양한 이종족들과 만나며 얽히게 되는데..",sat,1,sat,1,fri,sat,True,sat,토,fri,sat,13420100_sat,post_24h,어제 밤 10시 공개 이후 증가분 확인용 수집,29.4만,294000.0,https://series.naver.com/comic/detail.series?productNo=13420100,20260926_211154,sat,토,2026-09-26 21:11:54,2026-09-26,21:11:54,2026-09-26 21:25:24,2026-09-26 21:25:27,2.71,2026-09-26 21:25:27,2026-09-26,21:25:27,2026-09-26 21:29:24,1049.41,True,20260925_214353,2026-09-25 21:49:12,29.4만,294000.0,0.0,0.0,2026-09-26 21:25:27
sat,21,환생했더니 대공의 셋째 아들,밤이밤,845380,https://comic.naver.com/webtoon/list?titleId=845380&tab=sat,13449911,환생했더니 대공의 셋째 아들,환생했더니 대공의 셋째 아들 (총 35화/미완결),총 35화/미완결,35.0,미완결,,,https://series.naver.com/comic/detail.series?productNo=13449911,matched,ok,"환생했더니 대공의 셋째 아들 (총 35화/미완결)
평점
9.7 | BELF 밤이밤 | 2026.06.05. | 총35화/미완결 | 28화 무료
혈통 때문에 출세하지 못하고 용병으로 죽었다.그런데 다시 눈을 뜨자 내가 대공의 아들이란다.그토록 바라던 가문, 지위 재능까지 모두 갖춰졌으니 정점까지 올라가 봐야겠지?전(前) 용병 단장, 현(現) 대공 셋째 아들의 파격..",sat,1,sat,1,fri,sat,True,sat,토,fri,sat,13449911_sat,post_24h,어제 밤 10시 공개 이후 증가분 확인용 수집,328.9만,3289000.0,https://series.naver.com/comic/detail.series?productNo=13449911,20260926_211154,sat,토,2026-09-26 21:11:54,2026-09-26,21:11:54,2026-09-26 21:25:28,2026-09-26 21:25:30,2.11,2026-09-26 21:25:30,2026-09-26,21:25:30,2026-09-26 21:29:24,1049.41,True,20260925_214353,2026-09-25 21:49:16,327.8만,3278000.0,11000.0,0.003355704697986577,2026-09-26 21:25:30
sat,72,고고농구,이명재,845463,https://comic.naver.com/webtoon/list?titleId=845463&tab=sat,13481883,고고농구,고고농구 (총 29화/미완결),총 29화/미완결,29.0,미완결,,,https://series.naver.com/comic/detail.series?productNo=13481883,matched,ok,"고고농구 (총 29화/미완결)
평점
10.0 | 이명재 이명재 | 2026.06.05. | 총29화/미완결 | 24화 무료
포지션도 스타일도, 엉망진창 제각각인 선수들.모인 건 우연이지만 목표는 분명하다!승남고 농구부, 올해는 우승을 향해 뛴다.",sat,1,sat,1,fri,sat,True,sat,토,fri,sat,13481883_sat,post_24h,어제 밤 10시 공개 이후 증가분 확인용 수집,51.5만,515000.0,https://series.naver.com/comic/detail.series?productNo=13481883,20260926_211154,sat,토,2026-09-26 21:11:54,2026-09-26,21:11:54,2026-09-26 21:25:32,2026-09-26 21:25:34,2.1,2026-09-26 21:25:34,2026-09-26,21:25:34,2026-09-26 21:29:24,1049.41,True,20260925_214353,2026-09-25 21:49:20,51.2만,512000.0,3000.0,0.005859375,2026-09-26 21:25:34
sat,8,둘째에게,,845711,https://comic.naver.com/webtoon/list?titleId=845711&tab=sat,13512084,둘째에게,둘째에게 (총 32화/미완결),총 32화/미완결,32.0,미완결,고태호 고태호,평점 10.0 | 고태호 고태호 | 2026.06.12. | 총32화/미완결 | 27화 무료,https://series.naver.com/comic/detail.series?productNo=13512084,review_needed,not_found,"둘째에게 (총 32화/미완결)
평점
10.0 | 고태호 고태호 | 2026.06.12. | 총32화/미완결 | 27화 무료
슬럼프에 시달리고 있는 작가 '이류진'은 자신의 팬이자 조직폭력배 '둘째'와 우연히 엮이게 되고, 슬럼프를 극복하고 싶은 작가와 글쓰는 법을 배우고 싶어하는 조폭은 필요로 인해 서로 교류를 하게 된다.그렇게 교류를 하며 ..",sat,1,sat,1,fri,sat,True,sat,토,fri,sat,13512084_sat,post_24h,어제 밤 10시 공개 이후 증가분 확인용 수집,,,https://nid.naver.com/nidlogin.login?svctype=128&a_version=2&viewtype=1&url=http%3A%2F%2Fseries.naver.com%2Fcomic%2Fdetail.series%3FproductNo%3D13512084&surl=https%3A%2F%2Fseries.naver.com,20260926_211154,sat,토,2026-09-26 21:11:54,2026-09-26,21:11:54,2026-09-26 21:25:35,2026-09-26 21:25:51,16.04,2026-09-26 21:25:51,2026-09-26,21:25:51,2026-09-26 21:29:24,1049.41,True,20260925_214353,2026-09-25 21:49:36,,,,,2026-09-26 21:25:51
sat,48,억만무림,매일,845867,https://comic.naver.com/webtoon/list?titleId=845867&tab=sat,13531223,억만무림,억만무림 (총 28화/미완결),총 28화/미완결,28.0,미완결,,,https://series.naver.com/comic/detail.series?productNo=13531223,matched,ok,"억만무림 (총 28화/미완결)
평점
10.0 | 매일 포톤 | 2026.06.05. | 총28화/미완결 | 23화 무료
6600만 년 전, 무공을 쓰는 공룡들이 살아가는 무림.천마의 난 이후 혼란이 이어지는 가운데, 스승을 잃은 트리케라톱스 소년 벽뢰아는 숨겨진 무공과 천마의 진실을 찾기 위해 모험에 나선다.거대한 음모와 대재앙의 비밀에 ..",sat,1,sat,1,fri,sat,True,sat,토,fri,sat,13531223_sat,post_24h,어제 밤 10시 공개 이후 증가분 확인용 수집,22.2만,222000.0,https://series.naver.com/comic/detail.series?productNo=13531223,20260926_211154,sat,토,2026-09-26 21:11:54,2026-09-26,21:11:54,2026-09-26 21:25:52,2026-09-26 21:25:55,2.56,2026-09-26 21:25:55,2026-09-26,21:25:55,2026-09-26 21:29:24,1049.41,True,20260925_214353,2026-09-25 21:49:40,22.2만,222000.0,0.0,0.0,2026-09-26 21:25:55
sat,108,내 남자친구는 고양이다옹,이하,846330,https://comic.naver.com/webtoon/list?titleId=846330&tab=sat,13585115,내 남자친구는 고양이다옹,내 남자친구는 고양이다옹 (총 25화/미완결),총 25화/미완결,25.0,미완결,,,https://series.naver.com/comic/detail.series?productNo=13585115,matched,ok,"내 남자친구는 고양이다옹 (총 25화/미완결)
평점
9.9 | 이하 영식 | 2026.05.22. | 총25화/미완결 | 20화 무료
재벌 2세인 내 남자친구가 냥냥증후군에 걸렸다고? 고양이처럼 행동하는 병에 걸린 내 남친 고양준. 하지만…고양이가 되도 나를 좋아하는 건 여전히 똑같은데? 고양이인걸 들켜서도, 사내연애도 들켜서는 안된다! 고양이 같..",sat,1,sat,1,fri,sat,True,sat,토,fri,sat,13585115_sat,post_24h,어제 밤 10시 공개 이후 증가분 확인용 수집,11.5만,115000.0,https://series.naver.com/comic/detail.series?productNo=13585115,20260926_211154,sat,토,2026-09-26 21:11:54,2026-09-26,21:11:54,2026-09-26 21:25:56,2026-09-26 21:25:59,2.64,2026-09-26 21:25:59,2026-09-26,21:25:59,2026-09-26 21:29:24,1049.41,True,20260925_214353,2026-09-25 21:49:43,11.4만,114000.0,1000.0,0.008771929824561403,2026-09-26 21:25:59
sat,34,오브차카,해태,846365,https://comic.naver.com/webtoon/list?titleId=846365&tab=sat,13589979,오브차카,오브차카 (총 26화/미완결),총 26화/미완결,26.0,미완결,,,https://series.naver.com/comic/detail.series?productNo=13589979,matched,ok,"오브차카 (총 26화/미완결)
평점
10.0 | 해태 병장 | 2026.06.05. | 총26화/미완결 | 21화 무료
러시아 마피아 빅 보스의 피습.권력을 노린 배신이 조직을 무너뜨린다.오브차카 보리스는친우의 피 앞에서 복수를 선택한다.[백XX]의 첫 공식 스핀오프.",sat,1,sat,1,fri,sat,True,sat,토,fri,sat,13589979_sat,post_24h,어제 밤 10시 공개 이후 증가분 확인용 수집,95.6만,956000.0,https://series.naver.com/comic/detail.series?productNo=13589979,20260926_211154,sat,토,2026-09-26 21:11:54,2026-09-26,21:11:54,2026-09-26 21:26:00,2026-09-26 21:26:02,2.46,2026-09-26 21:26:02,2026-09-26,21:26:02,2026-09-26 21:29:24,1049.41,True,20260925_214353,2026-09-25 21:49:46,95.3만,953000.0,3000.0,0.0031479538300104933,2026-09-26 21:26:02
sat,25,사천패왕,성구,846570,https://comic.naver.com/webtoon/list?titleId=846570&tab=sat,13606248,사천패왕,사천패왕 (총 30화/미완결),총 30화/미완결,30.0,미완결,,,https://series.naver.com/comic/detail.series?productNo=13606248,matched,ok,"사천패왕 (총 30화/미완결)
평점
9.6 | 사도연, 산보, 성구 성구 | 2026.06.05. | 총30화/미완결 | 22화 무료
마도천하가 도래한 날.천하최흉의 신장(神匠)이라 불리었던.마장(魔匠), 당세운(唐勢雲)이 죽음을 맞이하였다.",sat,1,sat,1,fri,sat,True,sat,토,fri,sat,13606248_sat,post_24h,어제 밤 10시 공개 이후 증가분 확인용 수집,106.5만,1065000.0,https://series.naver.com/comic/detail.series?productNo=13606248,20260926_211154,sat,토,2026-09-26 21:11:54,2026-09-26,21:11:54,2026-09-26 21:26:03,2026-09-26 21:26:05,2.16,2026-09-26 21:26:05,2026-09-26,21:26:05,2026-09-26 21:29:24,1049.41,True,20260925_214353,2026-09-25 21:49:50,106.2만,1062000.0,3000.0,0.002824858757062147,2026-09-26 21:26:05
sat,67,연애지옥,용오름,846650,https://comic.naver.com/webtoon/list?titleId=846650&tab=sat,13623480,연애지옥,연애지옥 (총 24화/미완결),총 24화/미완결,24.0,미완결,,,https://series.naver.com/comic/detail.series?productNo=13623480,matched,ok,"연애지옥 (총 24화/미완결)
평점
9.8 | 용오름 용오름 | 2026.06.05. | 총24화/미완결 | 19화 무료
화장실에서 밥 먹는 것이 익숙한 아싸의 삶을 살았던 대학생 '서은우'에게 어느 날 캠퍼스 최고 여신 '이연주'가 플러팅을?존못 아싸인 나한테 대체 왜?! 무슨 목적이지..?! 그래 일단 만나보자 그럼 분명 뭔가 알아낼 수 있을 ..",sat,1,sat,1,fri,sat,True,sat,토,fri,sat,13623480_sat,post_24h,어제 밤 10시 공개 이후 증가분 확인용 수집,23만,230000.0,https://series.naver.com/comic/detail.series?productNo=13623480,20260926_211154,sat,토,2026-09-26 21:11:54,2026-09-26,21:11:54,2026-09-26 21:26:06,2026-09-26 21:26:08,1.9,2026-09-26 21:26:08,2026-09-26,21:26:08,2026-09-26 21:29:24,1049.41,True,20260925_214353,2026-09-25 21:49:54,23만,230000.0,0.0,0.0,2026-09-26 21:26:08
sat,37,연애 못하면 죽음!,,846662,https://comic.naver.com/webtoon/list?titleId=846662&tab=sat,13633976,연애 못하면 죽음!,연애 못하면 죽음! (총 31화/미완결),총 31화/미완결,31.0,미완결,우연희 pusna,평점 9.8 | 우연희 pusna | 2026.06.12. | 총31화/미완결 | 23화 무료,https://series.naver.com/comic/detail.series?productNo=13633976,review_needed,not_found,"연애 못하면 죽음! (총 31화/미완결)
평점
9.8 | 우연희 pusna | 2026.06.12. | 총31화/미완결 | 23화 무료
똥차들과의 망한 연애로 인해사랑, 연애에 부정적인 30대가 된 워커홀릭 문주경은어느날 우연히 '금방 사랑에 빠지는' 저주에 걸리게 된다.마음에 드는 상대에게 다짜고짜 고백부터 하게 되는 끔찍한 저주.사랑에 빠지기를 거..",sat,1,sat,1,fri,sat,True,sat,토,fri,sat,13633976_sat,post_24h,어제 밤 10시 공개 이후 증가분 확인용 수집,,,https://nid.naver.com/nidlogin.login?svctype=128&a_version=2&viewtype=1&url=http%3A%2F%2Fseries.naver.com%2Fcomic%2Fdetail.series%3FproductNo%3D13633976&surl=https%3A%2F%2Fseries.naver.com,20260926_211154,sat,토,2026-09-26 21:11:54,2026-09-26,21:11:54,2026-09-26 21:26:10,2026-09-26 21:26:24,14.74,2026-09-26 21:26:24,2026-09-26,21:26:24,2026-09-26 21:29:24,1049.41,True,20260925_214353,2026-09-25 21:50:10,,,,,2026-09-26 21:26:24
sat,45,철과 얼음의 여정,울롱,846781,https://comic.naver.com/webtoon/list?titleId=846781&tab=sat,13634680,철과 얼음의 여정,철과 얼음의 여정 (총 25화/미완결),총 25화/미완결,25.0,미완결,,,https://series.naver.com/comic/detail.series?productNo=13634680,matched,ok,"철과 얼음의 여정 (총 25화/미완결)
평점
9.9 | 울롱 울롱 | 2026.06.05. | 총25화/미완결 | 20화 무료
자신들의 정체를 알기 위해 남극으로 순례길을 떠난다.",sat,1,sat,1,fri,sat,True,sat,토,fri,sat,13634680_sat,post_24h,어제 밤 10시 공개 이후 증가분 확인용 수집,37.7만,377000.0,https://series.naver.com/comic/detail.series?productNo=13634680,20260926_211154,sat,토,2026-09-26 21:11:54,2026-09-26,21:11:54,2026-09-26 21:26:25,2026-09-26 21:26:28,2.7,2026-09-26 21:26:28,2026-09-26,21:26:28,2026-09-26 21:29:24,1049.41,True,20260925_214353,2026-09-25 21:50:15,37.6만,376000.0,1000.0,0.0026595744680851063,2026-09-26 21:26:28
sat,91,들개전쟁,서패스,846820,https://comic.naver.com/webtoon/list?titleId=846820&tab=sat,13638313,들개전쟁,들개전쟁 (총 24화/미완결),총 24화/미완결,24.0,미완결,,,https://series.naver.com/comic/detail.series?productNo=13638313,matched,ok,"들개전쟁 (총 24화/미완결)
평점
9.4 | 서패스 서패스 | 2026.06.05. | 총24화/미완결 | 19화 무료
쇼다운으로 너의 강함을 증명하라!",sat,1,sat,1,fri,sat,True,sat,토,fri,sat,13638313_sat,post_24h,어제 밤 10시 공개 이후 증가분 확인용 수집,29.6만,296000.0,https://series.naver.com/comic/detail.series?productNo=13638313,20260926_211154,sat,토,2026-09-26 21:11:54,2026-09-26,21:11:54,2026-09-26 21:26:29,2026-09-26 21:26:31,2.3,2026-09-26 21:26:31,2026-09-26,21:26:31,2026-09-26 21:29:24,1049.41,True,20260925_214353,2026-09-25 21:50:18,29.5만,295000.0,1000.0,0.003389830508474576,2026-09-26 21:26:31
sat,5,만취남녀,,846883,https://comic.naver.com/webtoon/list?titleId=846883&tab=sat,13646371,19금 만취남녀,19금 만취남녀 (총 26화/미완결),총 26화/미완결,26.0,미완결,금 금,평점 9.7 | 금 금 | 2026.06.12. | 총26화/미완결 | 21화 무료,https://series.naver.com/comic/detail.series?productNo=13646371,review_needed,not_found,"19금 만취남녀 (총 26화/미완결)
평점
9.7 | 금 금 | 2026.06.12. | 총26화/미완결 | 21화 무료",sat,1,sat,1,fri,sat,True,sat,토,fri,sat,13646371_sat,post_24h,어제 밤 10시 공개 이후 증가분 확인용 수집,,,https://nid.naver.com/nidlogin.login?svctype=128&a_version=2&viewtype=1&url=http%3A%2F%2Fseries.naver.com%2Fcomic%2Fdetail.series%3FproductNo%3D13646371&surl=https%3A%2F%2Fseries.naver.com,20260926_211154,sat,토,2026-09-26 21:11:54,2026-09-26,21:11:54,2026-09-26 21:26:32,2026-09-26 21:26:47,14.68,2026-09-26 21:26:47,2026-09-26,21:26:47,2026-09-26 21:29:24,1049.41,True,20260925_214353,2026-09-25 21:50:33,,,,,2026-09-26 21:26:47
sat,69,꽤애액,고래군,847483,https://comic.naver.com/webtoon/list?titleId=847483&tab=sat,13703619,꽤애액,꽤애액 (총 22화/미완결),총 22화/미완결,22.0,미완결,,,https://series.naver.com/comic/detail.series?productNo=13703619,matched,ok,"꽤애액 (총 22화/미완결)
평점
10.0 | 고래군 고래군 | 2026.06.05. | 총22화/미완결 | 17화 무료
썸타는 두 남녀 영수와 고란.하지만 고란의 정체를 알게 된 영수는 큰 혼란에 빠진다.둘의 사랑은 이뤄질 수 있을 것인가?",sat,1,sat,1,fri,sat,True,sat,토,fri,sat,13703619_sat,post_24h,어제 밤 10시 공개 이후 증가분 확인용 수집,12.5만,125000.0,https://series.naver.com/comic/detail.series?productNo=13703619,20260926_211154,sat,토,2026-09-26 21:11:54,2026-09-26,21:11:54,2026-09-26 21:26:48,2026-09-26 21:26:51,2.69,2026-09-26 21:26:51,2026-09-26,21:26:51,2026-09-26 21:29:24,1049.41,True,20260925_214353,2026-09-25 21:50:37,12.5만,125000.0,0.0,0.0,2026-09-26 21:26:51
sat,75,장인의 거리,kain_y,847612,https://comic.naver.com/webtoon/list?titleId=847612&tab=sat,13655146,장인의 거리,장인의 거리 (총 24화/미완결),총 24화/미완결,24.0,미완결,,,https://series.naver.com/comic/detail.series?productNo=13655146,matched,ok,"장인의 거리 (총 24화/미완결)
평점
9.9 | kain_y 호재 | 2026.06.05. | 총24화/미완결 | 17화 무료
부모님을 잃고 홀로 마왕군의 노예가 된 어린 '유타'.떠돌이 용사에게 구출 된 후, 장인의 거리로 향한다.파란만장한 용사의 동화에는 실리지 않은, 그들을 도왔던 대장장이들의 잊혀진 이야기.""장인의 거리의 오신 걸 환영합니..",sat,1,sat,1,fri,sat,True,sat,토,fri,sat,13655146_sat,post_24h,어제 밤 10시 공개 이후 증가분 확인용 수집,24.9만,249000.0,https://series.naver.com/comic/detail.series?productNo=13655146,20260926_211154,sat,토,2026-09-26 21:11:54,2026-09-26,21:11:54,2026-09-26 21:26:52,2026-09-26 21:26:54,2.44,2026-09-26 21:26:54,2026-09-26,21:26:54,2026-09-26 21:29:24,1049.41,True,20260925_214353,2026-09-25 21:50:41,24.8만,248000.0,1000.0,0.004032258064516129,2026-09-26 21:26:54
sat,93,용사 출연 마왕 연출,희또,847812,https://comic.naver.com/webtoon/list?titleId=847812&tab=sat,13736313,용사 출연 마왕 연출,용사 출연 마왕 연출 (총 24화/미완결),총 24화/미완결,24.0,미완결,,,https://series.naver.com/comic/detail.series?productNo=13736313,matched,ok,"용사 출연 마왕 연출 (총 24화/미완결)
평점
10.0 | 희또 희또 | 2026.06.05. | 총24화/미완결 | 19화 무료
도미니언 대륙을 위협하는 존재, 마왕 크라드.자신의 힘에 대항할 호적수와의 결전을 꿈꾸며 마왕성에 앉아 하염없이 용사들을 기다린다.그렇게 수천 년간 호적수를 기다리다 지쳐버린 크라드는 우연히 인간의 대중문화에 입..",sat,1,sat,1,fri,sat,True,sat,토,fri,sat,13736313_sat,post_24h,어제 밤 10시 공개 이후 증가분 확인용 수집,25.9만,259000.0,https://series.naver.com/comic/detail.series?productNo=13736313,20260926_211154,sat,토,2026-09-26 21:11:54,2026-09-26,21:11:54,2026-09-26 21:26:55,2026-09-26 21:26:58,2.35,2026-09-26 21:26:58,2026-09-26,21:26:58,2026-09-26 21:29:24,1049.41,True,20260925_214353,2026-09-25 21:50:45,25.7만,257000.0,2000.0,0.007782101167315175,2026-09-26 21:26:58
sat,109,사신님과 3년 계약,사쿠라다 린,847850,https://comic.naver.com/webtoon/list?titleId=847850&tab=sat,13740786,사신님과 3년 계약,사신님과 3년 계약 (총 21화/미완결),총 21화/미완결,21.0,미완결,,,https://series.naver.com/comic/detail.series?productNo=13740786,matched,ok,"사신님과 3년 계약 (총 21화/미완결)
평점
9.8 | 사쿠라다 린, 스야스야의 난 MONA | 2026.06.05. | 총21화/미완결 | 16화 무료
살 날이 얼마 남지 않은 병약한 스텔라 크라울리는 의붓 어머니와 의붓 동생에게 집을 빼앗길 위기에 처한다.하지만 죽기 직전, 갑자기 나타난 사신 리바이와 ‘수명을 3년 연장하는 계약’을 하게 된다.연명의 대가는 “그를 ..",sat,1,sat,1,fri,sat,True,sat,토,fri,sat,13740786_sat,post_24h,어제 밤 10시 공개 이후 증가분 확인용 수집,8.3만,83000.0,https://series.naver.com/comic/detail.series?productNo=13740786,20260926_211154,sat,토,2026-09-26 21:11:54,2026-09-26,21:11:54,2026-09-26 21:26:59,2026-09-26 21:27:01,2.17,2026-09-26 21:27:01,2026-09-26,21:27:01,2026-09-26 21:29:24,1049.41,True,20260925_214353,2026-09-25 21:50:48,8.3만,83000.0,0.0,0.0,2026-09-26 21:27:01
sat,119,빅 샤이닝,바리,847913,https://comic.naver.com/webtoon/list?titleId=847913&tab=sat,13750743,빅 샤이닝,빅 샤이닝 (총 22화/미완결),총 22화/미완결,22.0,미완결,,,https://series.naver.com/comic/detail.series?productNo=13750743,matched,ok,"빅 샤이닝 (총 22화/미완결)
평점
9.7 | 바리 바리 | 2026.06.05. | 총22화/미완결 | 17화 무료
단숨에 주목받게 된 유망주 ‘은도현’. 또래보다 빠른 성장과 뛰어난 실력은 환호보다 불편한 시선을 먼저 불러왔다. 눈치도, 사회성도 부족한 그는 팀 안에서 번번이 어긋난다. 잘하는 것 만으로는 부족한 세계. 재능이 빛날수..",sat,1,sat,1,fri,sat,True,sat,토,fri,sat,13750743_sat,post_24h,어제 밤 10시 공개 이후 증가분 확인용 수집,13.8만,138000.0,https://series.naver.com/comic/detail.series?productNo=13750743,20260926_211154,sat,토,2026-09-26 21:11:54,2026-09-26,21:11:54,2026-09-26 21:27:02,2026-09-26 21:27:05,2.65,2026-09-26 21:27:05,2026-09-26,21:27:05,2026-09-26 21:29:24,1049.41,True,20260925_214353,2026-09-25 21:50:52,13.7만,137000.0,1000.0,0.0072992700729927005,2026-09-26 21:27:05
sat,39,마수 사냥꾼이 살아가는 법,버퍼링,848239,https://comic.naver.com/webtoon/list?titleId=848239&tab=sat,13779405,마수 사냥꾼이 살아가는 법,마수 사냥꾼이 살아가는 법 (총 21화/미완결),총 21화/미완결,21.0,미완결,,,https://series.naver.com/comic/detail.series?productNo=13779405,matched,ok,"마수 사냥꾼이 살아가는 법 (총 21화/미완결)
평점
9.6 | 쌍봉낙타3, 버퍼링 카멜레온F | 2026.06.05. | 총21화/미완결 | 16화 무료
12년 동안 정체 모를 악몽으로 인해 고통 받던 우진은갑작스러운 죽음을 맞이하게 되는데...그가 눈을 뜬 곳은 다름 아닌 악몽 속 세상, '마경'.그동안 갈고 닦은 실력으로 마수를 사냥하며 강해지는 우진은마수 사냥꾼으로서 새..",sat,1,sat,1,fri,sat,True,sat,토,fri,sat,13779405_sat,post_24h,어제 밤 10시 공개 이후 증가분 확인용 수집,59.9만,599000.0,https://series.naver.com/comic/detail.series?productNo=13779405,20260926_211154,sat,토,2026-09-26 21:11:54,2026-09-26,21:11:54,2026-09-26 21:27:06,2026-09-26 21:27:09,2.42,2026-09-26 21:27:09,2026-09-26,21:27:09,2026-09-26 21:29:24,1049.41,True,20260925_214353,2026-09-25 21:50:56,59.7만,597000.0,2000.0,0.0033500837520938024,2026-09-26 21:27:09
sat,96,배고픈 새가 일찍 일어난다,세싸미,848896,https://comic.naver.com/webtoon/list?titleId=848896&tab=sat,13887764,배고픈 새가 일찍 일어난다,배고픈 새가 일찍 일어난다 (총 19화/미완결),총 19화/미완결,19.0,미완결,,,https://series.naver.com/comic/detail.series?productNo=13887764,matched,ok,"배고픈 새가 일찍 일어난다 (총 19화/미완결)
평점
10.0 | 세싸미 세싸미 | 2026.06.05. | 총19화/미완결 | 14화 무료
완벽주의자의 늪에 빠진 김새랑의 두 눈에 들어온 거슬리는 남자, 같은과 동기 백은재""아...얘 맘에 안드네?"" 첫만남 부터 삐걱삐걱... 얘랑 친해질 수 있을까?좋아하는 음식부터 취향까지 정반대인 미대생들의 풋풋한 먹방 로맨스",sat,1,sat,1,fri,sat,True,sat,토,fri,sat,13887764_sat,post_24h,어제 밤 10시 공개 이후 증가분 확인용 수집,6.7만,67000.0,https://series.naver.com/comic/detail.series?productNo=13887764,20260926_211154,sat,토,2026-09-26 21:11:54,2026-09-26,21:11:54,2026-09-26 21:27:10,2026-09-26 21:27:12,2.36,2026-09-26 21:27:12,2026-09-26,21:27:12,2026-09-26 21:29:24,1049.41,True,20260925_214353,2026-09-25 21:51:00,6.6만,66000.0,1000.0,0.015151515151515152,2026-09-26 21:27:12
sat,44,엄마는 남자만 좋아해,타리,848901,https://comic.naver.com/webtoon/list?titleId=848901&tab=sat,13890971,엄마는 남자만 좋아해,엄마는 남자만 좋아해 (총 16화/미완결),총 16화/미완결,16.0,미완결,,,https://series.naver.com/comic/detail.series?productNo=13890971,matched,ok,"엄마는 남자만 좋아해 (총 16화/미완결)
평점
9.3 | 타리 타리 | 2026.06.05. | 총16화/미완결 | 12화 무료
평생을 오빠와 차별받으며 살아온 주인공 안나희는 여전히 엄마의 사랑을 받고 싶다. 오빠가 결혼할 사람을 데려오며 엄마의 첫 번째가 될 수 있단 기대감에 차오르지만 예상치 못한 사람이 등장하는데...엄마와 나희와 새언니, ..",sat,1,sat,1,fri,sat,True,sat,토,fri,sat,13890971_sat,post_24h,어제 밤 10시 공개 이후 증가분 확인용 수집,59.5만,595000.0,https://series.naver.com/comic/detail.series?productNo=13890971,20260926_211154,sat,토,2026-09-26 21:11:54,2026-09-26,21:11:54,2026-09-26 21:27:13,2026-09-26 21:27:15,2.5,2026-09-26 21:27:15,2026-09-26,21:27:15,2026-09-26 21:29:24,1049.41,True,20260925_214353,2026-09-25 21:51:04,59.2만,592000.0,3000.0,0.005067567567567568,2026-09-26 21:27:15
sat,106,짝사랑 사생결단,만깍,849079,https://comic.naver.com/webtoon/list?titleId=849079&tab=sat,13913298,짝사랑 사생결단,짝사랑 사생결단 (총 16화/미완결),총 16화/미완결,16.0,미완결,,,https://series.naver.com/comic/detail.series?productNo=13913298,matched,ok,"짝사랑 사생결단 (총 16화/미완결)
평점
9.8 | 만깍 만깍 | 2026.06.05. | 총16화/미완결 | 11화 무료
간절했던 엄마의 손, 간절했던 결승선과 메달.현여의 사랑은 언제나 돌려받지 못한다.짝사랑 범벅인 인생에서 단 하나 믿을 구석이었던 그 애, 한요준.그 애마저 기어코 간절한 짝사랑의 대상이 돼버렸을 때, 더는 견딜 수가 없..",sat,1,sat,1,fri,sat,True,sat,토,fri,sat,13913298_sat,post_24h,어제 밤 10시 공개 이후 증가분 확인용 수집,11.3만,113000.0,https://series.naver.com/comic/detail.series?productNo=13913298,20260926_211154,sat,토,2026-09-26 21:11:54,2026-09-26,21:11:54,2026-09-26 21:27:16,2026-09-26 21:27:18,2.01,2026-09-26 21:27:18,2026-09-26,21:27:18,2026-09-26 21:29:24,1049.41,True,20260925_214353,2026-09-25 21:51:06,11.2만,112000.0,1000.0,0.008928571428571428,2026-09-26 21:27:18
sat,114,행운의 여신,허니비,849092,https://comic.naver.com/webtoon/list?titleId=849092&tab=sat,13970367,행운의 여신,행운의 여신 (총 14화/미완결),총 14화/미완결,14.0,미완결,,,https://series.naver.com/comic/detail.series?productNo=13970367,matched,ok,"행운의 여신 (총 14화/미완결)
평점
10.0 | 허니비 남우리 | 2026.06.05. | 총14화/미완결 | 9화 무료
만년 전교 2등이던 지윤에게 어느날 행운의 노트가 찾아왔다. 그 노트는 1등이라는 행운을 주었지만, 그로 인해 평화로운 일상이 온통 흐트러져 버린다. 공부에 집중하기 위해서는 그 기묘한 문제들을 해결해야만 한다. 그 엉망..",sat,1,sat,1,fri,sat,True,sat,토,fri,sat,13970367_sat,post_24h,어제 밤 10시 공개 이후 증가분 확인용 수집,6.6만,66000.0,https://series.naver.com/comic/detail.series?productNo=13970367,20260926_211154,sat,토,2026-09-26 21:11:54,2026-09-26,21:11:54,2026-09-26 21:27:20,2026-09-26 21:27:22,2.56,2026-09-26 21:27:22,2026-09-26,21:27:22,2026-09-26 21:29:24,1049.41,True,20260925_214353,2026-09-25 21:51:10,6.6만,66000.0,0.0,0.0,2026-09-26 21:27:22
sat,59,남편 도둑,알파타르트,849266,https://comic.naver.com/webtoon/list?titleId=849266&tab=sat,13934899,남편 도둑,남편 도둑 (총 21화/미완결),총 21화/미완결,21.0,미완결,,,https://series.naver.com/comic/detail.series?productNo=13934899,matched,ok,"남편 도둑 (총 21화/미완결)
평점
9.7 | 알파타르트 검푸 | 2026.06.05. | 총21화/미완결 | 11화 무료
재산을 상속받기 위해 반드시 결혼해야만 하는 클래이시는 나이 차이도 별로 나지 않는 조카 메런의 훼방으로 번번이 연애 할 기회를 놓치다 운명처럼 만난 남자와 진정한 사랑 끝에 결혼에 이르게 된다.행복한 신혼생활 중 이..",sat,1,sat,1,fri,sat,True,sat,토,fri,sat,13934899_sat,post_24h,어제 밤 10시 공개 이후 증가분 확인용 수집,83.4만,834000.0,https://series.naver.com/comic/detail.series?productNo=13934899,20260926_211154,sat,토,2026-09-26 21:11:54,2026-09-26,21:11:54,2026-09-26 21:27:24,2026-09-26 21:27:26,2.37,2026-09-26 21:27:26,2026-09-26,21:27:26,2026-09-26 21:29:24,1049.41,True,20260925_214353,2026-09-25 21:51:13,83.1만,831000.0,3000.0,0.0036101083032490976,2026-09-26 21:27:26
sat,98,불량순정,김수박,849365,https://comic.naver.com/webtoon/list?titleId=849365&tab=sat,13971615,불량순정,불량순정 (총 14화/미완결),총 14화/미완결,14.0,미완결,,,https://series.naver.com/comic/detail.series?productNo=13971615,matched,ok,"불량순정 (총 14화/미완결)
평점
9.7 | 김수박 쌍필 | 2026.06.05. | 총14화/미완결 | 8화 무료
첫사랑은 다정한 게 아니라, 그냥 아무에게나 잘해주는 사람이었다.그래서 이번엔 안 속으려고 했다. 두 번째로 엮인 남자는 더 노골적이니까.사람 다루는 게 능숙하고, 관심도 애정도 적당히 나눠 쓰는… 또 어장남!근데 이상..",sat,1,sat,1,fri,sat,True,sat,토,fri,sat,13971615_sat,post_24h,어제 밤 10시 공개 이후 증가분 확인용 수집,32.3만,323000.0,https://series.naver.com/comic/detail.series?productNo=13971615,20260926_211154,sat,토,2026-09-26 21:11:54,2026-09-26,21:11:54,2026-09-26 21:27:28,2026-09-26 21:27:30,2.5,2026-09-26 21:27:30,2026-09-26,21:27:30,2026-09-26 21:29:24,1049.41,True,20260925_214353,2026-09-25 21:51:16,32.2만,322000.0,1000.0,0.003105590062111801,2026-09-26 21:27:30
sat,79,고교야구 타이쿤,박대혁,849538,https://comic.naver.com/webtoon/list?titleId=849538&tab=sat,13991372,고교야구 타이쿤,고교야구 타이쿤 (총 16화/미완결),총 16화/미완결,16.0,미완결,,,https://series.naver.com/comic/detail.series?productNo=13991372,matched,ok,"고교야구 타이쿤 (총 16화/미완결)
평점
9.6 | 박대혁 박대혁 | 2026.06.05. | 총16화/미완결 | 11화 무료
프로야구 유니콘즈의 스카우터로 활동한 서도영은 성적 부진으로 팀이 해체가 된 후 백수가 된다. 그녀의 앞에 나타난 정체불명의 앱 [고교야구 타이쿤] 서도영은 앱을 사용하여 꼴찌였던 청일고교를 전국 최강으로 만들려고 ..",sat,1,sat,1,fri,sat,True,sat,토,fri,sat,13991372_sat,post_24h,어제 밤 10시 공개 이후 증가분 확인용 수집,18.8만,188000.0,https://series.naver.com/comic/detail.series?productNo=13991372,20260926_211154,sat,토,2026-09-26 21:11:54,2026-09-26,21:11:54,2026-09-26 21:27:31,2026-09-26 21:27:34,2.8,2026-09-26 21:27:34,2026-09-26,21:27:34,2026-09-26 21:29:24,1049.41,True,20260925_214353,2026-09-25 21:51:20,18.7만,187000.0,1000.0,0.0053475935828877,2026-09-26 21:27:34
sat,66,로도스도 전기 : 사령의 여왕,남부낙타,849587,https://comic.naver.com/webtoon/list?titleId=849587&tab=sat,13998120,로도스도 전기 : 사령의 여왕,로도스도 전기 : 사령의 여왕 (총 10화/미완결),총 10화/미완결,10.0,미완결,,,https://series.naver.com/comic/detail.series?productNo=13998120,matched,ok,"로도스도 전기 : 사령의 여왕 (총 10화/미완결)
평점
10.0 | 남부낙타, Ryo MIZUNO Blanton | 2026.06.05. | 총10화/미완결 | 7화 무료
카스툴의 피를 이은 사령술사 넥트렐라. 그의 손에 붙잡힌 연인을 되찾기 위해, 광전사 테인은 목숨을 건 싸움에 뛰어든다.",sat,1,sat,1,fri,sat,True,sat,토,fri,sat,13998120_sat,post_24h,어제 밤 10시 공개 이후 증가분 확인용 수집,5.5만,55000.0,https://series.naver.com/comic/detail.series?productNo=13998120,20260926_211154,sat,토,2026-09-26 21:11:54,2026-09-26,21:11:54,2026-09-26 21:27:36,2026-09-26 21:27:38,2.65,2026-09-26 21:27:38,2026-09-26,21:27:38,2026-09-26 21:29:24,1049.41,True,20260925_214353,2026-09-25 21:51:24,5.5만,55000.0,0.0,0.0,2026-09-26 21:27:38
sat,125,백 킥!,최 강,849881,https://comic.naver.com/webtoon/list?titleId=849881&tab=sat,14042630,백 킥!,백 킥! (총 11화/미완결),총 11화/미완결,11.0,미완결,,,https://series.naver.com/comic/detail.series?productNo=14042630,matched,ok,"백 킥! (총 11화/미완결)
평점
10.0 | 최 강 최 강 | 2026.06.05. | 총11화/미완결 | 6화 무료
""일반부에서 뛰는 청각장애인 선수라고?""선배의 괴롭힘에 태권도를 그만둔 남 건과 소리를 듣지 못하는 천재 선수 강이토. 상처투성이 소년들은 다시 정상에 설 수 있을까?",sat,1,sat,1,fri,sat,True,sat,토,fri,sat,14042630_sat,post_24h,어제 밤 10시 공개 이후 증가분 확인용 수집,6.3만,63000.0,https://series.naver.com/comic/detail.series?productNo=14042630,20260926_211154,sat,토,2026-09-26 21:11:54,2026-09-26,21:11:54,2026-09-26 21:27:40,2026-09-26 21:27:42,1.91,2026-09-26 21:27:42,2026-09-26,21:27:42,2026-09-26 21:29:24,1049.41,True,20260925_214353,2026-09-25 21:51:28,6.3만,63000.0,0.0,0.0,2026-09-26 21:27:42
thu,58,사회초년캣,잇선,850237,https://comic.naver.com/webtoon/list?titleId=850237&tab=thu,14110481,사회초년캣,사회초년캣 (총 15화/미완결),총 15화/미완결,15.0,미완결,,,https://series.naver.com/comic/detail.series?productNo=14110481,matched,ok,"사회초년캣 (총 15화/미완결)
평점
10.0 | 잇선 잇선 | 2026.06.05. | 총15화/미완결 | 10화 무료
냐냐냐냥 냐냐냐냐냥냐냐냥냐냐냥 냐냐냥 냐냐냥냐냐냥(인간 사회에 적응해 볼게요)","thu,sat",2,"thu,sat",2,"wed,fri","thu,sat",True,sat,토,fri,sat,14110481_sat,post_24h,어제 밤 10시 공개 이후 증가분 확인용 수집,8.7만,87000.0,https://series.naver.com/comic/detail.series?productNo=14110481,20260926_211154,sat,토,2026-09-26 21:11:54,2026-09-26,21:11:54,2026-09-26 21:27:43,2026-09-26 21:27:45,2.28,2026-09-26 21:27:45,2026-09-26,21:27:45,2026-09-26 21:29:24,1049.41,True,20260925_214353,2026-09-25 21:51:33,8.6만,86000.0,1000.0,0.011627906976744186,2026-09-26 21:27:45
sat,50,드블리와 힐링합니다.,지대공마법소년,850505,https://comic.naver.com/webtoon/list?titleId=850505&tab=sat,14130181,드블리와 힐링합니다.,드블리와 힐링합니다. (총 10화/미완결),총 10화/미완결,10.0,미완결,,,https://series.naver.com/comic/detail.series?productNo=14130181,matched,ok,"드블리와 힐링합니다. (총 10화/미완결)
평점
9.6 | fides 지원 | 2026.06.05. | 총10화/미완결 | 4화 무료
평범한 직장인 시현의 몸으로 전생한 드루이드 테오필로.과로로 사망한 시현의 몸을 위해 요양차 내려온 시골 마을에서드루이드의 힘으로 힐링 라이프를 시작한다.",sat,1,sat,1,fri,sat,True,sat,토,fri,sat,14130181_sat,post_24h,어제 밤 10시 공개 이후 증가분 확인용 수집,74만,740000.0,https://series.naver.com/comic/detail.series?productNo=14130181,20260926_211154,sat,토,2026-09-26 21:11:54,2026-09-26,21:11:54,2026-09-26 21:27:47,2026-09-26 21:27:49,1.92,2026-09-26 21:27:49,2026-09-26,21:27:49,2026-09-26 21:29:24,1049.41,True,20260925_214353,2026-09-25 21:51:36,73.6만,736000.0,4000.0,0.005434782608695652,2026-09-26 21:27:49
sat,41,무무무,박용제,850649,https://comic.naver.com/webtoon/list?titleId=850649&tab=sat,14151581,무무무,무무무 (총 10화/미완결),총 10화/미완결,10.0,미완결,,,https://series.naver.com/comic/detail.series?productNo=14151581,matched,ok,"무무무 (총 10화/미완결)
평점
9.4 | 박용제, 픞2 박용제 | 2026.06.05. | 총10화/미완결 | 4화 무료
만년에 한번 태어나는 '천마'동시대에 태어난 두명의 천재. 이중에 천마는 과연 누구?그리고 이 둘은 동료일까 적일까? 본격 전통 무협의 효시! 무협.무협.무협!",sat,1,sat,1,fri,sat,True,sat,토,fri,sat,14151581_sat,post_24h,어제 밤 10시 공개 이후 증가분 확인용 수집,57.1만,571000.0,https://series.naver.com/comic/detail.series?productNo=14151581,20260926_211154,sat,토,2026-09-26 21:11:54,2026-09-26,21:11:54,2026-09-26 21:27:50,2026-09-26 21:27:53,2.32,2026-09-26 21:27:53,2026-09-26,21:27:53,2026-09-26 21:29:24,1049.41,True,20260925_214353,2026-09-25 21:51:40,56.7만,567000.0,4000.0,0.007054673721340388,2026-09-26 21:27:53
sat,117,스트레이 불렛,모카개,850708,https://comic.naver.com/webtoon/list?titleId=850708&tab=sat,14162094,스트레이 불렛,스트레이 불렛 (총 8화/미완결),총 8화/미완결,8.0,미완결,,,https://series.naver.com/comic/detail.series?productNo=14162094,matched,ok,"스트레이 불렛 (총 8화/미완결)
평점
10.0 | 모카개 모카개 | 2026.06.05. | 총8화/미완결 | 3화 무료
“지금 가족끼리 뭐 하는 거야, 새X야.”살인 청부 조직 <노덴 컴퍼니>. 그 내부에 잠입한 신입 경찰, 김은호.그는 운 좋게 조직의 에이스 킬러 태이의 직속 후임이 되어 살아남는다. 이태이는 김은호의 숨겨진 재능을 알아보고 ..",sat,1,sat,1,fri,sat,True,sat,토,fri,sat,14162094_sat,post_24h,어제 밤 10시 공개 이후 증가분 확인용 수집,3.2만,32000.0,https://series.naver.com/comic/detail.series?productNo=14162094,20260926_211154,sat,토,2026-09-26 21:11:54,2026-09-26,21:11:54,2026-09-26 21:27:54,2026-09-26 21:27:56,1.95,2026-09-26 21:27:56,2026-09-26,21:27:56,2026-09-26 21:29:24,1049.41,True,20260925_214353,2026-09-25 21:51:43,3.2만,32000.0,0.0,0.0,2026-09-26 21:27:56
sat,73,예쁜 개차반,박로세,850885,https://comic.naver.com/webtoon/list?titleId=850885&tab=sat,14178960,예쁜 개차반,예쁜 개차반 (총 9화/미완결),총 9화/미완결,9.0,미완결,,,https://series.naver.com/comic/detail.series?productNo=14178960,matched,ok,"예쁜 개차반 (총 9화/미완결)
평점
10.0 | 박로세, LEE LEE | 2026.06.05. | 총9화/미완결 | 3화 무료
자신을 길러준 할머니와 행복하게 사는 것만이 꿈인 용희에게""용~! 대가리! 빨리 안오냐?!"" 자신을 '용 대가리' 라고 부르는 개차반이 하나 생겼다.생긴 건 이쁘게 생겨놓고 입만 열면 밉상인 찬영은타고난 개차반력으로 용희..",sat,1,sat,1,fri,sat,True,sat,토,fri,sat,14178960_sat,post_24h,어제 밤 10시 공개 이후 증가분 확인용 수집,42.5만,425000.0,https://series.naver.com/comic/detail.series?productNo=14178960,20260926_211154,sat,토,2026-09-26 21:11:54,2026-09-26,21:11:54,2026-09-26 21:27:58,2026-09-26 21:28:00,2.15,2026-09-26 21:28:00,2026-09-26,21:28:00,2026-09-26 21:29:24,1049.41,True,20260925_214353,2026-09-25 21:51:47,42.2만,422000.0,3000.0,0.0071090047393364926,2026-09-26 21:28:00
sat,112,결혼파행,한지,850960,https://comic.naver.com/webtoon/list?titleId=850960&tab=sat,14192920,결혼파행,결혼파행 (총 6화/미완결),총 6화/미완결,6.0,미완결,,,https://series.naver.com/comic/detail.series?productNo=14192920,matched,ok,"결혼파행 (총 6화/미완결)
평점
10.0 | 한지 | 2026.06.05. | 총6화/미완결 | 1화 무료
10년을 만난 연인이 다른 여자와 결혼을 한다. 하지만 우린 이별하지도 않는다. 이게 맞아?이 상황에 절망하는 '효림' 앞에 도움을 주겠다는 정체불명의 남자가 나타난다.이 수상한 남자는 누구이며, 효림은 연인의 결혼을 막을..",sat,1,sat,1,fri,sat,True,sat,토,fri,sat,14192920_sat,post_24h,어제 밤 10시 공개 이후 증가분 확인용 수집,10.9만,109000.0,https://series.naver.com/comic/detail.series?productNo=14192920,20260926_211154,sat,토,2026-09-26 21:11:54,2026-09-26,21:11:54,2026-09-26 21:28:01,2026-09-26 21:28:03,2.22,2026-09-26 21:28:03,2026-09-26,21:28:03,2026-09-26 21:29:24,1049.41,True,20260925_214353,2026-09-25 21:51:51,10.9만,109000.0,0.0,0.0,2026-09-26 21:28:03
sat,83,결혼 청약 당첨,권계림,851265,https://comic.naver.com/webtoon/list?titleId=851265&tab=sat,14354988,결혼 청약 당첨,결혼 청약 당첨 (총 6화/미완결),총 6화/미완결,6.0,미완결,권계림 대니 서,평점 9.9 | 권계림 대니 서 | 2026.06.26. | 총6화/미완결 | 1화 무료,https://series.naver.com/comic/detail.series?productNo=14354988,matched,ok,"결혼 청약 당첨 (총 6화/미완결)
평점
9.9 | 권계림 대니 서 | 2026.06.26. | 총6화/미완결 | 1화 무료
프리랜서지만 로또 청약에 당첨되어 아파트를 소유하게 된 '진리연'. 그래도 결혼을 앞두고 있어 신혼부부 대출만 받으면 될 줄 알았는데.... 남친이 바람피우는 현장을 목격해 버린다. 파혼해야 하는 건 알지만 그렇다고 일생일..",sat,1,sat,1,fri,sat,True,sat,토,fri,sat,14354988_sat,post_24h,어제 밤 10시 공개 이후 증가분 확인용 수집,22.6만,226000.0,https://series.naver.com/comic/detail.series?productNo=14354988,20260926_211154,sat,토,2026-09-26 21:11:54,2026-09-26,21:11:54,2026-09-26 21:28:05,2026-09-26 21:28:07,2.44,2026-09-26 21:28:07,2026-09-26,21:28:07,2026-09-26 21:29:24,1049.41,True,20260925_214353,2026-09-25 21:51:54,22.4만,224000.0,2000.0,0.008928571428571428,2026-09-26 21:28:07
tue,26,동생 왔다,모나,851503,https://comic.naver.com/webtoon/list?titleId=851503&tab=tue,14264185,동생 왔다,동생 왔다 (총 6화/미완결),총 6화/미완결,6.0,미완결,모나,평점 10.0 | 모나 | 2026.06.15. | 총6화/미완결 | 1화 무료,https://series.naver.com/comic/detail.series?productNo=14264185,matched,ok,"동생 왔다 (총 6화/미완결)
평점
10.0 | 모나 | 2026.06.15. | 총6화/미완결 | 1화 무료
오빠보다 더한 여동생이 나타났다.리얼 자매 이야기, 진짜 동생이 왔다!","tue,sat",2,"tue,sat",2,"mon,fri","tue,sat",True,sat,토,fri,sat,14264185_sat,post_24h,어제 밤 10시 공개 이후 증가분 확인용 수집,8.3만,83000.0,https://series.naver.com/comic/detail.series?productNo=14264185,20260926_211154,sat,토,2026-09-26 21:11:54,2026-09-26,21:11:54,2026-09-26 21:28:08,2026-09-26 21:28:10,2.31,2026-09-26 21:28:10,2026-09-26,21:28:10,2026-09-26 21:29:24,1049.41,True,20260925_214353,2026-09-25 21:51:58,8.3만,83000.0,0.0,0.0,2026-09-26 21:28:10
sat,36,정권으로 세계최강,레블스튜디오,851800,https://comic.naver.com/webtoon/list?titleId=851800&tab=sat,14319936,정권으로 세계최강,정권으로 세계최강 (총 6화/미완결),총 6화/미완결,6.0,미완결,"레블스튜디오, 유승원 누이","평점 9.3 | 레블스튜디오, 유승원 누이 | 2026.06.19. | 총6화/미완결 | 1화 무료",https://series.naver.com/comic/detail.series?productNo=14319936,matched,ok,"정권으로 세계최강 (총 6화/미완결)
평점
9.3 | 레블스튜디오, 유승원 누이 | 2026.06.19. | 총6화/미완결 | 1화 무료
아버지의 복수를 위해 10년간 폐관 수련에 들어간 진권.마침내 하산한 그를 기다리고 있던 건,원수가 아닌 낯선 세상이었다.무림은 사라지고, 스킬이 지배하는 판타지 세상으로 변해버렸다.그런 세상에서 주먹과 도복 뿐인 진..",sat,1,sat,1,fri,sat,True,sat,토,fri,sat,14319936_sat,post_24h,어제 밤 10시 공개 이후 증가분 확인용 수집,36.2만,362000.0,https://series.naver.com/comic/detail.series?productNo=14319936,20260926_211154,sat,토,2026-09-26 21:11:54,2026-09-26,21:11:54,2026-09-26 21:28:11,2026-09-26 21:28:13,1.85,2026-09-26 21:28:13,2026-09-26,21:28:13,2026-09-26 21:29:24,1049.41,True,20260925_214353,2026-09-25 21:52:01,36만,360000.0,2000.0,0.005555555555555556,2026-09-26 21:28:13
sat,95,쌍둥이에게 아내 자리를 빼앗겼다,해민,852058,https://comic.naver.com/webtoon/list?titleId=852058&tab=sat,14359543,쌍둥이에게 아내 자리를 빼앗겼다 [독점],쌍둥이에게 아내 자리를 빼앗겼다 [독점] (총 6화/미완결),총 6화/미완결,6.0,미완결,"해민, 단구름·불랄리 자라개","평점 9.6 | 해민, 단구름·불랄리 자라개 | 2026.07.03. | 총6화/미완결 | 1화 무료",https://series.naver.com/comic/detail.series?productNo=14359543,matched,ok,"쌍둥이에게 아내 자리를 빼앗겼다 [독점] (총 6화/미완결)
평점
9.6 | 해민, 단구름·불랄리 자라개 | 2026.07.03. | 총6화/미완결 | 1화 무료
쌍둥이 동생과 남편의 계략으로 동생과 신분을 바꿔치기 당한 마리엔느.그리고 죽은 줄 알았던 동생의 남편과 함께 모든 걸 되돌려놓고자 하는 복수 로맨스물.",sat,1,sat,1,fri,sat,True,sat,토,fri,sat,14359543_sat,post_24h,어제 밤 10시 공개 이후 증가분 확인용 수집,16.5만,165000.0,https://series.naver.com/comic/detail.series?productNo=14359543,20260926_211154,sat,토,2026-09-26 21:11:54,2026-09-26,21:11:54,2026-09-26 21:28:15,2026-09-26 21:28:18,2.62,2026-09-26 21:28:18,2026-09-26,21:28:18,2026-09-26 21:29:24,1049.41,True,20260925_214353,2026-09-25 21:52:05,16.4만,164000.0,1000.0,0.006097560975609756,2026-09-26 21:28:18
sat,56,데스루프,,852086,https://comic.naver.com/webtoon/list?titleId=852086&tab=sat,14366954,데스루프,데스루프 (총 6화/미완결),총 6화/미완결,6.0,미완결,은삼 은삼,평점 8.3 | 은삼 은삼 | 2026.06.26. | 총6화/미완결 | 1화 무료,https://series.naver.com/comic/detail.series?productNo=14366954,review_needed,not_found,"데스루프 (총 6화/미완결)
평점
8.3 | 은삼 은삼 | 2026.06.26. | 총6화/미완결 | 1화 무료
정신을 차려 보니 지하 창고에 갇힌 주인공 홍연화.연화는 자신을 가둔 남성에게 여러 번 끔찍한 죽음을 맞이하지만, 계속해서 시간이 반복된다.겨우 그곳을 빠져나오지만 그녀 앞에 마주한 것은 끔찍하게 생긴 괴물.과연 그녀..",sat,1,sat,1,fri,sat,True,sat,토,fri,sat,14366954_sat,post_24h,어제 밤 10시 공개 이후 증가분 확인용 수집,,,https://nid.naver.com/nidlogin.login?svctype=128&a_version=2&viewtype=1&url=http%3A%2F%2Fseries.naver.com%2Fcomic%2Fdetail.series%3FproductNo%3D14366954&surl=https%3A%2F%2Fseries.naver.com,20260926_211154,sat,토,2026-09-26 21:11:54,2026-09-26,21:11:54,2026-09-26 21:28:19,2026-09-26 21:28:34,14.92,2026-09-26 21:28:34,2026-09-26,21:28:34,2026-09-26 21:29:24,1049.41,True,20260925_214353,2026-09-25 21:52:22,,,,,2026-09-26 21:28:34
sat,122,"다시, 순정퀘스트",이온도,852275,https://comic.naver.com/webtoon/list?titleId=852275&tab=sat,14435263,"다시, 순정퀘스트","다시, 순정퀘스트 (총 6화/미완결)",총 6화/미완결,6.0,미완결,이온도,평점 10.0 | 이온도 | 2026.07.24. | 총6화/미완결 | 1화 무료,https://series.naver.com/comic/detail.series?productNo=14435263,matched,ok,"다시, 순정퀘스트 (총 6화/미완결)
평점
10.0 | 이온도 | 2026.07.24. | 총6화/미완결 | 1화 무료
5년간 게임으로만 만난 비대면 커플 ‘나하나’와 ‘송두리’. 첫 현실 만남과 동시에 서로 사랑의 온도 차를 느끼고 초고속으로 헤어진다! 그런데 헤어졌는데 왜 설레지? 마음은 〈환승연애〉인데 연애 경험치는 〈모태솔로..",sat,1,sat,1,fri,sat,True,sat,토,fri,sat,14435263_sat,post_24h,어제 밤 10시 공개 이후 증가분 확인용 수집,8.5천,8500.0,https://series.naver.com/comic/detail.series?productNo=14435263,20260926_211154,sat,토,2026-09-26 21:11:54,2026-09-26,21:11:54,2026-09-26 21:28:35,2026-09-26 21:28:38,3.42,2026-09-26 21:28:38,2026-09-26,21:28:38,2026-09-26 21:29:24,1049.41,True,20260925_214353,2026-09-25 21:52:26,8.5천,8500.0,0.0,0.0,2026-09-26 21:28:38
sat,61,블랙 옵스,신진우,852377,https://comic.naver.com/webtoon/list?titleId=852377&tab=sat,14394451,블랙 옵스,블랙 옵스 (총 6화/미완결),총 6화/미완결,6.0,미완결,신진우 홍순식,평점 10.0 | 신진우 홍순식 | 2026.07.10. | 총6화/미완결 | 1화 무료,https://series.naver.com/comic/detail.series?productNo=14394451,matched,ok,"블랙 옵스 (총 6화/미완결)
평점
10.0 | 신진우 홍순식 | 2026.07.10. | 총6화/미완결 | 1화 무료
최악의 테러 조직 소탕 작전 이후, 세상에서 사라진 휴대용 핵무기 10기. 수년 뒤, 그 핵무기들이 아시아를 전쟁으로 몰아넣을 거대한 음모와 연결되어 있다는 사실이 드러난다. 핵전쟁을 막기 위해 소집된 두 사람. 국정원 최..",sat,1,sat,1,fri,sat,True,sat,토,fri,sat,14394451_sat,post_24h,어제 밤 10시 공개 이후 증가분 확인용 수집,5.1만,51000.0,https://series.naver.com/comic/detail.series?productNo=14394451,20260926_211154,sat,토,2026-09-26 21:11:54,2026-09-26,21:11:54,2026-09-26 21:28:39,2026-09-26 21:28:42,2.47,2026-09-26 21:28:42,2026-09-26,21:28:42,2026-09-26 21:29:24,1049.41,True,20260925_214353,2026-09-25 21:52:29,5.1만,51000.0,0.0,0.0,2026-09-26 21:28:42
sat,94,오싹한 연애,꼉,852570,https://comic.naver.com/webtoon/list?titleId=852570&tab=sat,14440360,오싹한 연애,오싹한 연애 (총 6화/미완결),총 6화/미완결,6.0,미완결,꼉 키무,평점 10.0 | 꼉 키무 | 2026.07.17. | 총6화/미완결 | 1화 무료,https://series.naver.com/comic/detail.series?productNo=14440360,matched,ok,"오싹한 연애 (총 6화/미완결)
평점
10.0 | 꼉 키무 | 2026.07.17. | 총6화/미완결 | 1화 무료
완벽한 재벌 상속녀 천여리. 손이 닿는 사람까지 귀신을 보게 만드는 저주를 지녔다.시신 유기 현장에서 엮인 열혈 검사 마강욱은 여리의 '실수' 한 번으로 귀신이 보게 되는데…귀신을 막으려면 밀착, 정체를 숨기려면 위장 약..",sat,1,sat,1,fri,sat,True,sat,토,fri,sat,14440360_sat,post_24h,어제 밤 10시 공개 이후 증가분 확인용 수집,4.6만,46000.0,https://series.naver.com/comic/detail.series?productNo=14440360,20260926_211154,sat,토,2026-09-26 21:11:54,2026-09-26,21:11:54,2026-09-26 21:28:43,2026-09-26 21:28:45,1.8,2026-09-26 21:28:45,2026-09-26,21:28:45,2026-09-26 21:29:24,1049.41,True,20260925_214353,2026-09-25 21:52:33,4.6만,46000.0,0.0,0.0,2026-09-26 21:28:45
sat,46,아주 사적인 영역,숲,852616,https://comic.naver.com/webtoon/list?titleId=852616&tab=sat,14451474,아주 사적인 영역,아주 사적인 영역 (총 6화/미완결),총 6화/미완결,6.0,미완결,숲,평점 10.0 | 숲 | 2026.08.21. | 총6화/미완결 | 1화 무료,https://series.naver.com/comic/detail.series?productNo=14451474,matched,ok,"아주 사적인 영역 (총 6화/미완결)
평점
10.0 | 숲 | 2026.08.21. | 총6화/미완결 | 1화 무료
“내가 도와줄게. 네 연애.”삐그덕 삐그덕― 사교성 따윈 제로! 폐쇄된 ‘제2도서관’의 주인이 된 김초이.어느 날 그곳에 침입한 불편한 선배 이도진에게 가장 숨기고 싶었던 짝사랑을 들키고 만다.근데 이 자식… 무슨 속셈..",sat,1,sat,1,fri,sat,True,sat,토,fri,sat,14451474_sat,post_24h,어제 밤 10시 공개 이후 증가분 확인용 수집,5.9만,59000.0,https://series.naver.com/comic/detail.series?productNo=14451474,20260926_211154,sat,토,2026-09-26 21:11:54,2026-09-26,21:11:54,2026-09-26 21:28:46,2026-09-26 21:28:48,1.79,2026-09-26 21:28:48,2026-09-26,21:28:48,2026-09-26 21:29:24,1049.41,True,20260925_214353,2026-09-25 21:52:37,5.7만,57000.0,2000.0,0.03508771929824561,2026-09-26 21:28:48
sat,58,나랑 같이살아,수현,853327,https://comic.naver.com/webtoon/list?titleId=853327&tab=sat,14536909,나랑 같이살아,나랑 같이살아 (총 6화/미완결),총 6화/미완결,6.0,미완결,수현 수현,평점 10.0 | 수현 수현 | 2026.08.07. | 총6화/미완결 | 1화 무료,https://series.naver.com/comic/detail.series?productNo=14536909,matched,ok,"나랑 같이살아 (총 6화/미완결)
평점
10.0 | 수현 수현 | 2026.08.07. | 총6화/미완결 | 1화 무료
사랑하는 가족과 이별한 순간, 고양이 하루는 입양되기 전 어린 시절로 돌아온다.자신을 아직 모르는 엄마 소원을 다시 만나기 위해 기억 속 집을 향해 길을 나서지만, 사람의 말도 길도 알 수 없는 작은 고양이에게 세상은 너..",sat,1,sat,1,fri,sat,True,sat,토,fri,sat,14536909_sat,post_24h,어제 밤 10시 공개 이후 증가분 확인용 수집,7.9만,79000.0,https://series.naver.com/comic/detail.series?productNo=14536909,20260926_211154,sat,토,2026-09-26 21:11:54,2026-09-26,21:11:54,2026-09-26 21:28:49,2026-09-26 21:28:52,2.68,2026-09-26 21:28:52,2026-09-26,21:28:52,2026-09-26 21:29:24,1049.41,True,20260925_214353,2026-09-25 21:52:40,7.8만,78000.0,1000.0,0.01282051282051282,2026-09-26 21:28:52
sat,51,새끼부터 시작하는 악마생활,화현,854302,https://comic.naver.com/webtoon/list?titleId=854302&tab=sat,14646051,새끼부터 시작하는 악마생활,새끼부터 시작하는 악마생활 (총 6화/미완결),총 6화/미완결,6.0,미완결,"화현, 중고루 장요나","평점 8.9 | 화현, 중고루 장요나 | 2026.09.11. | 총6화/미완결 | 1화 무료",https://series.naver.com/comic/detail.series?productNo=14646051,matched,ok,"새끼부터 시작하는 악마생활 (총 6화/미완결)
평점
8.9 | 화현, 중고루 장요나 | 2026.09.11. | 총6화/미완결 | 1화 무료
소설 [인마록] 속, 천사와 악마의 끊임없는 전쟁터인 세계.세상의 균형이 위태롭게 흔들리는 시대, 인간이 낳은 반인반마로 환생한 요한은튀어나오는 악마의 본능을 때로는 억누르며, 때로는 이용하며 소설 속 인물들을 이용..",sat,1,sat,1,fri,sat,True,sat,토,fri,sat,14646051_sat,post_24h,어제 밤 10시 공개 이후 증가분 확인용 수집,12만,120000.0,https://series.naver.com/comic/detail.series?productNo=14646051,20260926_211154,sat,토,2026-09-26 21:11:54,2026-09-26,21:11:54,2026-09-26 21:28:53,2026-09-26 21:28:56,2.6,2026-09-26 21:28:56,2026-09-26,21:28:56,2026-09-26 21:29:24,1049.41,True,20260925_214353,2026-09-25 21:52:44,11.6만,116000.0,4000.0,0.034482758620689655,2026-09-26 21:28:56
sat,29,초임계지옥,,854340,https://comic.naver.com/webtoon/list?titleId=854340&tab=sat,14649867,19금 초임계지옥,19금 초임계지옥 (총 4화/미완결),총 4화/미완결,4.0,미완결,김성진 김성진,평점 10.0 | 김성진 김성진 | 2026.08.28. | 총4화/미완결 | 1화 무료,https://series.naver.com/comic/detail.series?productNo=14649867,review_needed,not_found,"19금 초임계지옥 (총 4화/미완결)
평점
10.0 | 김성진 김성진 | 2026.08.28. | 총4화/미완결 | 1화 무료",sat,1,sat,1,fri,sat,True,sat,토,fri,sat,14649867_sat,post_24h,어제 밤 10시 공개 이후 증가분 확인용 수집,,,https://nid.naver.com/nidlogin.login?svctype=128&a_version=2&viewtype=1&url=http%3A%2F%2Fseries.naver.com%2Fcomic%2Fdetail.series%3FproductNo%3D14649867&surl=https%3A%2F%2Fseries.naver.com,20260926_211154,sat,토,2026-09-26 21:11:54,2026-09-26,21:11:54,2026-09-26 21:28:57,2026-09-26 21:29:11,14.56,2026-09-26 21:29:11,2026-09-26,21:29:11,2026-09-26 21:29:24,1049.41,True,20260925_214353,2026-09-25 21:53:00,,,,,2026-09-26 21:29:11
sat,68,남편이 아이를 숨겼다,개굴,854412,https://comic.naver.com/webtoon/list?titleId=854412&tab=sat,14659741,남편이 아이를 숨겼다,남편이 아이를 숨겼다 (총 6화/미완결),총 6화/미완결,6.0,미완결,"개굴, 김노라 류솔","평점 10.0 | 개굴, 김노라 류솔 | 2026.09.04. | 총6화/미완결 | 1화 무료",https://series.naver.com/comic/detail.series?productNo=14659741,matched,ok,"남편이 아이를 숨겼다 (총 6화/미완결)
평점
10.0 | 개굴, 김노라 류솔 | 2026.09.04. | 총6화/미완결 | 1화 무료
[매주 토요일 연재]분홍빛 드레스를 입었던 여자는 강렬했던 하룻밤을 남기고 사라졌다.고이 간직한 순결을 갖고 사라진 그녀를 그리워하며 보낸 1년. 갑작스럽게 찾아왔던 그 밤처럼, 유영은 백주 앞에 또 다시 나타났다. 그..",sat,1,sat,1,fri,sat,True,sat,토,fri,sat,14659741_sat,post_24h,어제 밤 10시 공개 이후 증가분 확인용 수집,9.8만,98000.0,https://series.naver.com/comic/detail.series?productNo=14659741,20260926_211154,sat,토,2026-09-26 21:11:54,2026-09-26,21:11:54,2026-09-26 21:29:12,2026-09-26 21:29:15,2.8,2026-09-26 21:29:15,2026-09-26,21:29:15,2026-09-26 21:29:24,1049.41,True,20260925_214353,2026-09-25 21:53:04,9.3만,93000.0,5000.0,0.053763440860215055,2026-09-26 21:29:15
sat,99,태은민호만화,가량,854519,https://comic.naver.com/webtoon/list?titleId=854519&tab=sat,14664937,태은민호만화,태은민호만화 (총 6화/미완결),총 6화/미완결,6.0,미완결,가량 가량,평점 10.0 | 가량 가량 | 2026.09.18. | 총6화/미완결 | 1화 무료,https://series.naver.com/comic/detail.series?productNo=14664937,matched,ok,"태은민호만화 (총 6화/미완결)
평점
10.0 | 가량 가량 | 2026.09.18. | 총6화/미완결 | 1화 무료
""나 좋아하지?""내 짝꿍 김태은은 오늘도 나를 부끄럽게 만든다..대체 왜 나한테만 이러는 건데?!오늘도 얼렁뚱땅,썸도 연애도 아닌 어딘가를 헤매는 중!",sat,1,sat,1,fri,sat,True,sat,토,fri,sat,14664937_sat,post_24h,어제 밤 10시 공개 이후 증가분 확인용 수집,4.2천,4200.0,https://series.naver.com/comic/detail.series?productNo=14664937,20260926_211154,sat,토,2026-09-26 21:11:54,2026-09-26,21:11:54,2026-09-26 21:29:16,2026-09-26 21:29:18,2.4,2026-09-26 21:29:18,2026-09-26,21:29:18,2026-09-26 21:29:24,1049.41,True,20260925_214353,2026-09-25 21:53:07,3.2천,3200.0,1000.0,0.3125,2026-09-26 21:29:18
sat,88,싸움이 너무 쉽다,정상,855035,https://comic.naver.com/webtoon/list?titleId=855035&tab=sat,14729337,싸움이 너무 쉽다,싸움이 너무 쉽다 (총 6화/미완결),총 6화/미완결,6.0,미완결,"정상, 블루티풀 OFOZ","평점 8.7 | 정상, 블루티풀 OFOZ | 2026.09.18. | 총6화/미완결 | 1화 무료",https://series.naver.com/comic/detail.series?productNo=14729337,matched,ok,"싸움이 너무 쉽다 (총 6화/미완결)
평점
8.7 | 정상, 블루티풀 OFOZ | 2026.09.18. | 총6화/미완결 | 1화 무료
평생을 싸움과 담 쌓고 살던 이재하.이렇다 할 꿈도 재능도 없던 재하는 자신에게 엄청난 격투 재능이 있었음을 깨닫는다.'쌈박질 잘해서 뭐한다고...' 하지만 싸움에 흥미가 없던 재하는 친구 임명인의 격투기 권유에도 시큰둥..",sat,1,sat,1,fri,sat,True,sat,토,fri,sat,14729337_sat,post_24h,어제 밤 10시 공개 이후 증가분 확인용 수집,7.1만,71000.0,https://series.naver.com/comic/detail.series?productNo=14729337,20260926_211154,sat,토,2026-09-26 21:11:54,2026-09-26,21:11:54,2026-09-26 21:29:20,2026-09-26 21:29:22,2.51,2026-09-26 21:29:22,2026-09-26,21:29:22,2026-09-26 21:29:24,1049.41,True,20260925_214353,2026-09-25 21:53:11,5.9만,59000.0,12000.0,0.2033898305084746,2026-09-26 21:29:22
