weekday,rank,webtoon_title,webtoon_author,webtoon_title_id,webtoon_url,series_product_no,series_title,series_title_raw,series_episode_info,series_total_episode_count,series_completion_status,series_author,series_author_raw,series_url,match_status,download_status,series_result_text,weekday_list,weekday_row_count,serial_weekdays,serial_weekday_count,pre_collect_weekdays,post_24h_collect_weekdays,is_download_collectable,release_weekday,release_weekday_ko,pre_collect_weekday,post_24h_collect_weekday,release_event_key,collection_context,target_reason,series_download_text,series_download_count,current_url,snapshot_id,snapshot_weekday,snapshot_weekday_ko,snapshot_started_at_kst,snapshot_date_kst,snapshot_time_kst,item_collect_started_at_kst,item_collect_finished_at_kst,item_collect_elapsed_seconds,collected_at_kst,collected_date_kst,collected_time_kst,snapshot_finished_at_kst,snapshot_elapsed_seconds
mon,48,히어로메이커,빤쓰,21815,https://comic.naver.com/webtoon/list?titleId=21815&tab=mon,8029706,역대급 히어로 메이커,역대급 히어로 메이커 (총 248화/완결),총 248화/완결,248.0,완결,,,https://series.naver.com/novel/detail.series?productNo=8029706,matched,ok,"역대급 히어로 메이커 (총 248화/완결)
평점
7.3 | FL.R | 2022.01.03. | 총248화/완결 | 25화 무료
히어로 덕후는 다른 세상에 환생해도 덕질을 포기하지 못하는 법.그래서 만들었습니다. 히어로.작은 덕질의 날갯짓이 뒤로 갈수록 인류의 희망으로 커졌지만.뭐, 좋은 게 좋은 거다.짬뽕물 히어로들 빌런을 향해 돌격!난 뒤에서 ..",mon,1,mon,1,sun,mon,True,mon,월,sun,mon,8029706_mon,pre_release,오늘 밤 10시 새 회차 공개 전 기준값 수집,7.6천,7600.0,https://series.naver.com/novel/detail.series?productNo=8029706,20260906_203811,sun,일,2026-09-06 20:38:11,2026-09-06,20:38:11,2026-09-06 20:38:16,2026-09-06 20:38:21,5.82,2026-09-06 20:38:21,2026-09-06,20:38:21,2026-09-06 20:51:42,811.09
mon,9,소녀의 세계,모랑지,654774,https://comic.naver.com/webtoon/list?titleId=654774&tab=mon,2225134,소녀의 세계,소녀의 세계 (총 502화/미완결),총 502화/미완결,502.0,미완결,모랑지 모랑지,평점 9.9 | 모랑지 모랑지 | 2026.07.19. | 총502화/미완결 | 499화 무료,https://series.naver.com/comic/detail.series?productNo=2225134,matched,ok,"소녀의 세계 (총 502화/미완결)
평점
9.9 | 모랑지 모랑지 | 2026.07.19. | 총502화/미완결 | 499화 무료
완벽해 보이지만 사실 외로웠던 백조들과 맘씨 착한 오리가 만나 여러 갈등을 함께 겪으며 진짜 친구가 되어가는 이야기",mon,1,mon,1,sun,mon,True,mon,월,sun,mon,2225134_mon,pre_release,오늘 밤 10시 새 회차 공개 전 기준값 수집,"5,928만",59280000.0,https://series.naver.com/comic/detail.series?productNo=2225134,20260906_203811,sun,일,2026-09-06 20:38:11,2026-09-06,20:38:11,2026-09-06 20:38:22,2026-09-06 20:38:24,2.2,2026-09-06 20:38:24,2026-09-06,20:38:24,2026-09-06 20:51:42,811.09
mon,7,백수세끼,치즈,733074,https://comic.naver.com/webtoon/list?titleId=733074&tab=mon,4440934,백수세끼,백수세끼 (총 290화/미완결),총 290화/미완결,290.0,미완결,치즈 치즈,평점 9.9 | 치즈 치즈 | 2026.07.19. | 총290화/미완결 | 285화 무료,https://series.naver.com/comic/detail.series?productNo=4440934,matched,ok,"백수세끼 (총 290화/미완결)
평점
9.9 | 치즈 치즈 | 2026.07.19. | 총290화/미완결 | 285화 무료
가슴 아픈 시련 뒤에도 밥은 넘어간다.백수 재호가 먹는 세끼",mon,1,mon,1,sun,mon,True,mon,월,sun,mon,4440934_mon,pre_release,오늘 밤 10시 새 회차 공개 전 기준값 수집,"2,045만",20450000.0,https://series.naver.com/comic/detail.series?productNo=4440934,20260906_203811,sun,일,2026-09-06 20:38:11,2026-09-06,20:38:11,2026-09-06 20:38:26,2026-09-06 20:38:28,2.59,2026-09-06 20:38:28,2026-09-06,20:38:28,2026-09-06 20:51:42,811.09
mon,56,라서드,감람,756140,https://comic.naver.com/webtoon/list?titleId=756140&tab=mon,5788657,라서드,라서드 (총 176화/미완결),총 176화/미완결,176.0,미완결,,,https://series.naver.com/comic/detail.series?productNo=5788657,matched,ok,"라서드 (총 176화/미완결)
평점
10.0 | 감람 감람 | 2026.06.07. | 총176화/미완결 | 171화 무료
절대적 권능을 지닌 11인의 왕과, 왕을 수호하기 위한 기사단이 존재하는 세계.수습기사 힌타는 파트너 캐넛과 함께 정식 기사가 되기 위한 모험을 떠나는데...정식기사가 되기 위한 소년들의 고군분투 정통판타지액션!",mon,1,mon,1,sun,mon,True,mon,월,sun,mon,5788657_mon,pre_release,오늘 밤 10시 새 회차 공개 전 기준값 수집,271.3만,2713000.0,https://series.naver.com/comic/detail.series?productNo=5788657,20260906_203811,sun,일,2026-09-06 20:38:11,2026-09-06,20:38:11,2026-09-06 20:38:29,2026-09-06 20:38:32,2.31,2026-09-06 20:38:32,2026-09-06,20:38:32,2026-09-06 20:51:42,811.09
mon,2,참교육,채용택,758037,https://comic.naver.com/webtoon/list?titleId=758037&tab=mon,5620215,참교육,참교육 (총 258화/미완결),총 258화/미완결,258.0,미완결,채용택 한가람,평점 9.8 | 채용택 한가람 | 2026.07.26. | 총258화/미완결 | 253화 무료,https://series.naver.com/comic/detail.series?productNo=5620215,matched,ok,"참교육 (총 258화/미완결)
평점
9.8 | 채용택 한가람 | 2026.07.26. | 총258화/미완결 | 253화 무료
지금부터 참교육이 시작된다!",mon,1,mon,1,sun,mon,True,mon,월,sun,mon,5620215_mon,pre_release,오늘 밤 10시 새 회차 공개 전 기준값 수집,"5,846만",58460000.0,https://series.naver.com/comic/detail.series?productNo=5620215,20260906_203811,sun,일,2026-09-06 20:38:11,2026-09-06,20:38:11,2026-09-06 20:38:32,2026-09-06 20:38:35,2.42,2026-09-06 20:38:35,2026-09-06,20:38:35,2026-09-06 20:51:42,811.09
mon,52,더블클릭,박수봉,769663,https://comic.naver.com/webtoon/list?titleId=769663&tab=mon,6503332,더블클릭,더블클릭 (총 256화/미완결),총 256화/미완결,256.0,미완결,,,https://series.naver.com/comic/detail.series?productNo=6503332,matched,ok,"더블클릭 (총 256화/미완결)
평점
9.9 | 김장훈,박수봉 박수봉 | 2026.06.07. | 총256화/미완결 | 252화 무료
악명 높은 난이도를 가진 게임의 세계 랭킹 1위였던 지호.서비스 종료된 줄만 알았던 그 게임이 새롭게 돌아왔다!지호는 다시 한번 랭킹 1위를 꿈꾸며 게임 동아리에 입부한다.오랜만에 게임을 해도 살아있는 감각. 하지만 게임..",mon,1,mon,1,sun,mon,True,mon,월,sun,mon,6503332_mon,pre_release,오늘 밤 10시 새 회차 공개 전 기준값 수집,"1,427만",14270000.0,https://series.naver.com/comic/detail.series?productNo=6503332,20260906_203811,sun,일,2026-09-06 20:38:11,2026-09-06,20:38:11,2026-09-06 20:38:36,2026-09-06 20:38:39,2.64,2026-09-06 20:38:39,2026-09-06,20:38:39,2026-09-06 20:51:42,811.09
mon,10,똑 닮은 딸,이담,774866,https://comic.naver.com/webtoon/list?titleId=774866&tab=mon,6546523,똑 닮은 딸,똑 닮은 딸 (총 218화/미완결),총 218화/미완결,218.0,미완결,이담 이담,평점 9.8 | 이담 이담 | 2026.07.19. | 총218화/미완결 | 214화 무료,https://series.naver.com/comic/detail.series?productNo=6546523,matched,ok,"똑 닮은 딸 (총 218화/미완결)
평점
9.8 | 이담 이담 | 2026.07.19. | 총218화/미완결 | 214화 무료
'우리 엄마가 살인마인 것 같다.' 성적 우수, 품행 단정, 모범적인 자식인 길소명은 엄마가 요구하는 기준에 맞춰 완벽한 딸로 살아왔다. 그러나 남동생이 강물에서 시체로 떠오른 그 날, 소명의 머릿속엔 섬뜩한 의혹이 피어오..",mon,1,mon,1,sun,mon,True,mon,월,sun,mon,6546523_mon,pre_release,오늘 밤 10시 새 회차 공개 전 기준값 수집,"2,446만",24460000.0,https://series.naver.com/comic/detail.series?productNo=6546523,20260906_203811,sun,일,2026-09-06 20:38:11,2026-09-06,20:38:11,2026-09-06 20:38:40,2026-09-06 20:38:43,2.35,2026-09-06 20:38:43,2026-09-06,20:38:43,2026-09-06 20:51:42,811.09
mon,25,신화급 귀속 아이템을 손에 넣었다,판테라,795297,https://comic.naver.com/webtoon/list?titleId=795297&tab=mon,8563145,신화급 귀속 아이템을 손에 넣었다,신화급 귀속 아이템을 손에 넣었다 (총 185화/미완결),총 185화/미완결,185.0,미완결,,,https://series.naver.com/comic/detail.series?productNo=8563145,matched,ok,"신화급 귀속 아이템을 손에 넣었다 (총 185화/미완결)
평점
9.7 | 판테라,정선율 헤스 | 2026.06.07. | 총185화/미완결 | 182화 무료
D급 무투계 레이더,최강의 귀속 아이템으로세계를 구할 신의 대적자가 되다!",mon,1,mon,1,sun,mon,True,mon,월,sun,mon,8563145_mon,pre_release,오늘 밤 10시 새 회차 공개 전 기준값 수집,"2,295만",22950000.0,https://series.naver.com/comic/detail.series?productNo=8563145,20260906_203811,sun,일,2026-09-06 20:38:11,2026-09-06,20:38:11,2026-09-06 20:38:44,2026-09-06 20:38:46,1.83,2026-09-06 20:38:46,2026-09-06,20:38:46,2026-09-06 20:51:42,811.09
mon,6,절대검감,김두루미,796075,https://comic.naver.com/webtoon/list?titleId=796075&tab=mon,8555655,절대검감[독점],절대검감[독점] (총 193화/미완결),총 193화/미완결,193.0,미완결,"한중월야, 김두루미 티아이","평점 9.8 | 한중월야, 김두루미 티아이 | 2026.07.19. | 총193화/미완결 | 188화 무료",https://series.naver.com/comic/detail.series?productNo=8555655,matched,ok,"절대검감[독점] (총 193화/미완결)
평점
9.8 | 한중월야, 김두루미 티아이 | 2026.07.19. | 총193화/미완결 | 188화 무료
단전이 부숴졌다는 이유로 집에서는 내놓은 자식 취급을 받던 소운휘는 혈교에 납치되어서도 삼류 첩자로 살아왔다.어느 날, 전설로만 알려진 검선비록을 찾는데 이용당하다 죽은 운휘는 10년 전, 혈교에 납치되던 그 날로 돌..",mon,1,mon,1,sun,mon,True,mon,월,sun,mon,8555655_mon,pre_release,오늘 밤 10시 새 회차 공개 전 기준값 수집,"1,970만",19700000.0,https://series.naver.com/comic/detail.series?productNo=8555655,20260906_203811,sun,일,2026-09-06 20:38:11,2026-09-06,20:38:11,2026-09-06 20:38:48,2026-09-06 20:38:49,1.92,2026-09-06 20:38:49,2026-09-06,20:38:49,2026-09-06 20:51:42,811.09
mon,19,천재 타자가 강속구를 숨김,황지성,807775,https://comic.naver.com/webtoon/list?titleId=807775&tab=mon,9545261,천재 타자가 강속구를 숨김 [독점],천재 타자가 강속구를 숨김 [독점] (총 123화/미완결),총 123화/미완결,123.0,미완결,,,https://series.naver.com/comic/detail.series?productNo=9545261,matched,ok,"천재 타자가 강속구를 숨김 [독점] (총 123화/미완결)
평점
9.8 | 황지성, 이블라인 김성은, 스튜디오MW | 2026.06.07. | 총123화/미완결 | 119화 무료
사랑 빼고 모든 걸 얻은 천재 메이저리거 강건우.그가 놓쳐버린 사랑을 위해 과거로 돌아왔다!",mon,1,mon,1,sun,mon,True,mon,월,sun,mon,9545261_mon,pre_release,오늘 밤 10시 새 회차 공개 전 기준값 수집,794.2만,7942000.0,https://series.naver.com/comic/detail.series?productNo=9545261,20260906_203811,sun,일,2026-09-06 20:38:11,2026-09-06,20:38:11,2026-09-06 20:38:50,2026-09-06 20:38:53,2.23,2026-09-06 20:38:53,2026-09-06,20:38:53,2026-09-06 20:51:42,811.09
mon,55,개같이 탈출,갬쟈,814594,https://comic.naver.com/webtoon/list?titleId=814594&tab=mon,10111737,개같이 탈출,개같이 탈출 (총 130화/미완결),총 130화/미완결,130.0,미완결,,,https://series.naver.com/comic/detail.series?productNo=10111737,matched,ok,"개같이 탈출 (총 130화/미완결)
평점
9.9 | 갬쟈 갬쟈 | 2026.06.07. | 총130화/미완결 | 125화 무료
""살아남으라고? 나는 자그만 말티즈란 말이야!""세상 따뜻하고 포근한 가정집에서 살아온 삐용이. 언니 품에서 그저 귀엽기만 하면 되는 견생이었는데... 갑자기 가족들과 모든 인간이 사라져버렸다.혼자서는 아무것도 할 줄 모르..",mon,1,mon,1,sun,mon,True,mon,월,sun,mon,10111737_mon,pre_release,오늘 밤 10시 새 회차 공개 전 기준값 수집,265.8만,2658000.0,https://series.naver.com/comic/detail.series?productNo=10111737,20260906_203811,sun,일,2026-09-06 20:38:11,2026-09-06,20:38:11,2026-09-06 20:38:54,2026-09-06 20:38:56,2.04,2026-09-06 20:38:56,2026-09-06,20:38:56,2026-09-06 20:51:42,811.09
mon,36,좀비묵시록 82-08,달아,814742,https://comic.naver.com/webtoon/list?titleId=814742&tab=mon,10100875,좀비묵시록 82-08,좀비묵시록 82-08 (총 134화/미완결),총 134화/미완결,134.0,미완결,,,https://series.naver.com/comic/detail.series?productNo=10100875,matched,ok,"좀비묵시록 82-08 (총 134화/미완결)
평점
9.5 | 달아, 박스오피스 경우,아쿠아콘 | 2026.06.07. | 총134화/미완결 | 129화 무료
탕-!의문의 선박 속'그것'으로부터 시작된 괴이한 전염병은서울을 죽음의 도시로 만들어버린다.예고 없이 닥쳐온 심판의 그날부터세상의 모든 질서는 완전히 리셋되었다.처절한 생존 경쟁 속에서프로젝트명 [좀비묵시록 82-0..",mon,1,mon,1,sun,mon,True,mon,월,sun,mon,10100875_mon,pre_release,오늘 밤 10시 새 회차 공개 전 기준값 수집,266.9만,2669000.0,https://series.naver.com/comic/detail.series?productNo=10100875,20260906_203811,sun,일,2026-09-06 20:38:11,2026-09-06,20:38:11,2026-09-06 20:38:57,2026-09-06 20:38:59,2.29,2026-09-06 20:38:59,2026-09-06,20:38:59,2026-09-06 20:51:42,811.09
mon,30,어린이집 다니는 구나,구나,817945,https://comic.naver.com/webtoon/list?titleId=817945&tab=mon,10301137,어린이집 다니는 구나,어린이집 다니는 구나 (총 187화/미완결),총 187화/미완결,187.0,미완결,,,https://series.naver.com/comic/detail.series?productNo=10301137,matched,ok,"어린이집 다니는 구나 (총 187화/미완결)
평점
10.0 | 구나 구나 | 2026.06.07. | 총187화/미완결 | 181화 무료
""노는 게 제일 좋아!"" 라고 했더니 정말 노는 게 직업이 됐다?! 매일 동심의 세계로 출퇴근한지 어쩌다 10년째!아이들이라면 알 만큼 안다고 생각했는데... 예측불가한 말과 행동들은 여전히 새롭기만 하다. 그런 아이들에게 언제..","mon,wed",2,"mon,wed",2,"sun,tue","mon,wed",True,mon,월,sun,mon,10301137_mon,pre_release,오늘 밤 10시 새 회차 공개 전 기준값 수집,210.9만,2109000.0,https://series.naver.com/comic/detail.series?productNo=10301137,20260906_203811,sun,일,2026-09-06 20:38:11,2026-09-06,20:38:11,2026-09-06 20:39:00,2026-09-06 20:39:03,2.36,2026-09-06 20:39:03,2026-09-06,20:39:03,2026-09-06 20:51:42,811.09
mon,20,영업 천재가 되었다,혜림,818780,https://comic.naver.com/webtoon/list?titleId=818780&tab=mon,10402415,영업 천재가 되었다 [독점],영업 천재가 되었다 [독점] (총 106화/미완결),총 106화/미완결,106.0,미완결,,,https://series.naver.com/comic/detail.series?productNo=10402415,matched,ok,"영업 천재가 되었다 [독점] (총 106화/미완결)
평점
9.9 | 혜림,댄킴 혜림 | 2026.06.07. | 총106화/미완결 | 101화 무료
나는 빚을 갚기 위해 당장 할 수 있는 일을 선택했고, 그게 내겐 영업이었다.그리고 내게 다시 한 번의 기회가 주어졌다.ⓒ혜림(원작:댄킴)/학산문화사",mon,1,mon,1,sun,mon,True,mon,월,sun,mon,10402415_mon,pre_release,오늘 밤 10시 새 회차 공개 전 기준값 수집,546.8만,5468000.0,https://series.naver.com/comic/detail.series?productNo=10402415,20260906_203811,sun,일,2026-09-06 20:38:11,2026-09-06,20:38:11,2026-09-06 20:39:04,2026-09-06 20:39:06,1.95,2026-09-06 20:39:06,2026-09-06,20:39:06,2026-09-06 20:51:42,811.09
mon,70,함부로 친절하지 말라,아린,821095,https://comic.naver.com/webtoon/list?titleId=821095&tab=mon,10691291,함부로 친절하지 말라,함부로 친절하지 말라 (총 85화/미완결),총 85화/미완결,85.0,미완결,아린 류화,평점 9.9 | 아린 류화 | 2026.08.10. | 총85화/미완결 | 전화 무료,https://series.naver.com/comic/detail.series?productNo=10691291,matched,ok,"함부로 친절하지 말라 (총 85화/미완결)
평점
9.9 | 아린 류화 | 2026.08.10. | 총85화/미완결 | 전화 무료
[연재 요일 : 매주 월요일]수백 년간 '장벽'과 끊임없는 전쟁을 치루는 칼레타 제국의천재 기사로 칭송 받던 '루스티카 제너스'는거짓말처럼 하루아침에 모든 힘이 증발했다.그 후, 4년 간 폐인처럼 칩거하던 그녀 앞에 나타나..",mon,1,mon,1,sun,mon,True,mon,월,sun,mon,10691291_mon,pre_release,오늘 밤 10시 새 회차 공개 전 기준값 수집,104.8만,1048000.0,https://series.naver.com/comic/detail.series?productNo=10691291,20260906_203811,sun,일,2026-09-06 20:38:11,2026-09-06,20:38:11,2026-09-06 20:39:07,2026-09-06 20:39:10,2.19,2026-09-06 20:39:10,2026-09-06,20:39:10,2026-09-06 20:51:42,811.09
mon,17,회귀한 공작가의 막내도련님은 암살자,스윙뱃,821195,https://comic.naver.com/webtoon/list?titleId=821195&tab=mon,10719212,회귀한 공작가의 막내도련님은 암살자,회귀한 공작가의 막내도련님은 암살자 (총 136화/미완결),총 136화/미완결,136.0,미완결,"스윙뱃, 커피라임 스윙뱃","평점 9.8 | 스윙뱃, 커피라임 스윙뱃 | 2026.07.19. | 총136화/미완결 | 126화 무료",https://series.naver.com/comic/detail.series?productNo=10719212,matched,ok,"회귀한 공작가의 막내도련님은 암살자 (총 136화/미완결)
평점
9.8 | 스윙뱃, 커피라임 스윙뱃 | 2026.07.19. | 총136화/미완결 | 126화 무료
대륙 제일의 암살자 시안 베르트평생을 믿고 따랐던 형에게 배신당한 뒤, 비참한 최후를 맞이한다.만약 내게 한 번 더 생이 주어진다면 그때는 다른 삶을 살 것이다.오로지 나 하나만을 바라보면서, 내 스스로 모든 것을 이룰 수..",mon,1,mon,1,sun,mon,True,mon,월,sun,mon,10719212_mon,pre_release,오늘 밤 10시 새 회차 공개 전 기준값 수집,"1,120만",11200000.0,https://series.naver.com/comic/detail.series?productNo=10719212,20260906_203811,sun,일,2026-09-06 20:38:11,2026-09-06,20:38:11,2026-09-06 20:39:11,2026-09-06 20:39:13,2.46,2026-09-06 20:39:13,2026-09-06,20:39:13,2026-09-06 20:51:42,811.09
mon,22,수상한 다이어트 클럽,스프링,821626,https://comic.naver.com/webtoon/list?titleId=821626&tab=mon,10877028,수상한 다이어트 클럽,수상한 다이어트 클럽 (총 60화/미완결),총 60화/미완결,60.0,미완결,스프링 스프링,평점 9.8 | 스프링 스프링 | 2026.07.26. | 총60화/미완결 | 55화 무료,https://series.naver.com/comic/detail.series?productNo=10877028,matched,ok,"수상한 다이어트 클럽 (총 60화/미완결)
평점
9.8 | 스프링 스프링 | 2026.07.26. | 총60화/미완결 | 55화 무료
모태 통통 ‘고양순’은 부모님의 등쌀에 못이겨 박박사 다이어트 클럽에 입소한다. 어딘가 수상해 보이는 박박사지만, 그녀의 이력 만큼은 누구보다 확실하다. 성공률 100%를 자랑하는 이곳의 퇴소 조건은 단 하나, ‘목표 ..",mon,1,mon,1,sun,mon,True,mon,월,sun,mon,10877028_mon,pre_release,오늘 밤 10시 새 회차 공개 전 기준값 수집,199.8만,1998000.0,https://series.naver.com/comic/detail.series?productNo=10877028,20260906_203811,sun,일,2026-09-06 20:38:11,2026-09-06,20:38:11,2026-09-06 20:39:14,2026-09-06 20:39:16,1.84,2026-09-06 20:39:16,2026-09-06,20:39:16,2026-09-06 20:51:42,811.09
mon,8,귀촌리,황양,822573,https://comic.naver.com/webtoon/list?titleId=822573&tab=mon,10845772,귀촌리,귀촌리 (총 106화/미완결),총 106화/미완결,106.0,미완결,황양 이대한,평점 9.8 | 황양 이대한 | 2026.07.19. | 총106화/미완결 | 101화 무료,https://series.naver.com/comic/detail.series?productNo=10845772,matched,ok,"귀촌리 (총 106화/미완결)
평점
9.8 | 황양 이대한 | 2026.07.19. | 총106화/미완결 | 101화 무료
평범한 시골 마을 '귀촌리'를 찾은 '허무명'. 그는 돌아가신 할머니의 빈 집에 조용히 숨어든다. 그런데 집이 이상하리만큼 깔끔하다. 할머니가 돌아가신 건 3년 전인데? 어쩐지 마을 사람들은 이방인 무명의 방문을 달가워 하는..",mon,1,mon,1,sun,mon,True,mon,월,sun,mon,10845772_mon,pre_release,오늘 밤 10시 새 회차 공개 전 기준값 수집,608.9만,6089000.0,https://series.naver.com/comic/detail.series?productNo=10845772,20260906_203811,sun,일,2026-09-06 20:38:11,2026-09-06,20:38:11,2026-09-06 20:39:18,2026-09-06 20:39:22,3.99,2026-09-06 20:39:22,2026-09-06,20:39:22,2026-09-06 20:51:42,811.09
mon,3,환생천마,JP,822657,https://comic.naver.com/webtoon/list?titleId=822657&tab=mon,10856132,환생천마,환생천마 (총 131화/미완결),총 131화/미완결,131.0,미완결,"장영훈, JP 부겸","평점 9.9 | 장영훈, JP 부겸 | 2026.07.19. | 총131화/미완결 | 124화 무료",https://series.naver.com/comic/detail.series?productNo=10856132,matched,ok,"환생천마 (총 131화/미완결)
평점
9.9 | 장영훈, JP 부겸 | 2026.07.19. | 총131화/미완결 | 124화 무료
철혈의 맹주, 강호의 절대자 '천하진'. 가문의 수치라 불리는 망나니 '벽리단'의 몸으로 깨어나다! 취미는 사기도박, 검은 창고에 박아둔지 오래. 하루아침에 천하제일인에서 천하의 쓰레기가 된 그는 다시 검을 잡고, 전생에서 ..",mon,1,mon,1,sun,mon,True,mon,월,sun,mon,10856132_mon,pre_release,오늘 밤 10시 새 회차 공개 전 기준값 수집,"1,227만",12270000.0,https://series.naver.com/comic/detail.series?productNo=10856132,20260906_203811,sun,일,2026-09-06 20:38:11,2026-09-06,20:38:11,2026-09-06 20:39:23,2026-09-06 20:39:25,2.32,2026-09-06 20:39:25,2026-09-06,20:39:25,2026-09-06 20:51:42,811.09
mon,59,K학원 생존기,양아최,823190,https://comic.naver.com/webtoon/list?titleId=823190&tab=mon,10921535,K학원 생존기,K학원 생존기 (총 228화/미완결),총 228화/미완결,228.0,미완결,,,https://series.naver.com/comic/detail.series?productNo=10921535,matched,ok,"K학원 생존기 (총 228화/미완결)
평점
9.9 | 양아최 양아최 | 2026.06.07. | 총228화/미완결 | 223화 무료
K학원 지옥에 빠져있던 내가선생이 되어 다시 학원으로 돌아왔다?!본격 학원고인물이 되어버린선생님의 학원공감툰!","mon,sat",2,"mon,sat",2,"sun,fri","mon,sat",True,mon,월,sun,mon,10921535_mon,pre_release,오늘 밤 10시 새 회차 공개 전 기준값 수집,55.3만,553000.0,https://series.naver.com/comic/detail.series?productNo=10921535,20260906_203811,sun,일,2026-09-06 20:38:11,2026-09-06,20:38:11,2026-09-06 20:39:26,2026-09-06 20:39:29,2.29,2026-09-06 20:39:29,2026-09-06,20:39:29,2026-09-06 20:51:42,811.09
mon,18,아포칼립스에 집을 숨김,DD,825332,https://comic.naver.com/webtoon/list?titleId=825332&tab=mon,11138966,아포칼립스에 집을 숨김,아포칼립스에 집을 숨김 (총 107화/미완결),총 107화/미완결,107.0,미완결,,,https://series.naver.com/comic/detail.series?productNo=11138966,matched,ok,"아포칼립스에 집을 숨김 (총 107화/미완결)
평점
9.6 | DD, 로드워리어 송지형 | 2026.06.07. | 총107화/미완결 | 104화 무료
3년 뒤, 이 세상이 멸망하리라 예측하고 온갖 대비를 해온 '멸망주의자' 박규. 그리고 그의 예상대로, 어느 날 서울 핵 공습을 시작으로 전 세계는 핵 전쟁에 돌입. 미증유의 아포칼립스가 펼쳐진다.모두의 비웃음에도 불구하고 ..",mon,1,mon,1,sun,mon,True,mon,월,sun,mon,11138966_mon,pre_release,오늘 밤 10시 새 회차 공개 전 기준값 수집,349.1만,3491000.0,https://series.naver.com/comic/detail.series?productNo=11138966,20260906_203811,sun,일,2026-09-06 20:38:11,2026-09-06,20:38:11,2026-09-06 20:39:30,2026-09-06 20:39:33,2.6,2026-09-06 20:39:33,2026-09-06,20:39:33,2026-09-06 20:51:42,811.09
mon,47,피폐물을 힐링물로 만드는 방법,,826381,https://comic.naver.com/webtoon/list?titleId=826381&tab=mon,11152272,피폐물을 힐링물로 만드는 방법,피폐물을 힐링물로 만드는 방법 (총 84화/미완결),총 84화/미완결,84.0,미완결,"류호, 황도톨 양담","평점 9.9 | 류호, 황도톨 양담 | 2026.06.14. | 총84화/미완결 | 78화 무료",https://series.naver.com/comic/detail.series?productNo=11152272,matched,ok,"피폐물을 힐링물로 만드는 방법 (총 84화/미완결)
평점
9.9 | 류호, 황도톨 양담 | 2026.06.14. | 총84화/미완결 | 78화 무료
[살아생전 즐겨보던 소설에 환생했다.] 너무 진부하다구요? 아닐 걸요!왜냐면 그 소설이... 19금 피폐물이거든요...! ̗̀(ꀬ⏖ꀬ∴)예쁘고 상냥한 여주인공의 동생으로 환생했지만, 언니의 새드엔딩을 지켜볼 수 없었던 레나티..",mon,1,mon,1,sun,mon,True,mon,월,sun,mon,11152272_mon,pre_release,오늘 밤 10시 새 회차 공개 전 기준값 수집,234.5만,2345000.0,https://series.naver.com/comic/detail.series?productNo=11152272,20260906_203811,sun,일,2026-09-06 20:38:11,2026-09-06,20:38:11,2026-09-06 20:39:33,2026-09-06 20:39:36,2.58,2026-09-06 20:39:36,2026-09-06,20:39:36,2026-09-06 20:51:42,811.09
mon,43,구야는 신입,구야,828167,https://comic.naver.com/webtoon/list?titleId=828167&tab=mon,11367370,구야는 신입,구야는 신입 (총 182화/미완결),총 182화/미완결,182.0,미완결,,,https://series.naver.com/comic/detail.series?productNo=11367370,matched,ok,"구야는 신입 (총 182화/미완결)
평점
9.9 | 구야 구야 | 2026.06.07. | 총182화/미완결 | 178화 무료
평생 학생일 줄 알았던 내가 어느새 직장인이 되어버렸다.직장인이 된 기쁨도 잠시... 이제는 일하다가 몰래 잡코리x만 뒤져보는 직장인이 되어버렸다는데...사회초년생 구야의 웃픈(?) 홀로서기","mon,fri",2,"mon,fri",2,"sun,thu","mon,fri",True,mon,월,sun,mon,11367370_mon,pre_release,오늘 밤 10시 새 회차 공개 전 기준값 수집,55.9만,559000.0,https://series.naver.com/comic/detail.series?productNo=11367370,20260906_203811,sun,일,2026-09-06 20:38:11,2026-09-06,20:38:11,2026-09-06 20:39:37,2026-09-06 20:39:39,2.23,2026-09-06 20:39:39,2026-09-06,20:39:39,2026-09-06 20:51:42,811.09
mon,31,우주천마 3077,산하,829195,https://comic.naver.com/webtoon/list?titleId=829195&tab=mon,11474896,우주천마 3077,우주천마 3077 (총 94화/미완결),총 94화/미완결,94.0,미완결,,,https://series.naver.com/comic/detail.series?productNo=11474896,matched,ok,"우주천마 3077 (총 94화/미완결)
평점
9.0 | 산하, 녹색여우 김대영 | 2026.06.07. | 총94화/미완결 | 92화 무료
오랜 세월이 흘러 태산에 봉인된 천마가 눈을 떴을 때,이미 인류는 방사능에 절여진 지구를 떠나 은하를 누비고 있었다.",mon,1,mon,1,sun,mon,True,mon,월,sun,mon,11474896_mon,pre_release,오늘 밤 10시 새 회차 공개 전 기준값 수집,274.3만,2743000.0,https://series.naver.com/comic/detail.series?productNo=11474896,20260906_203811,sun,일,2026-09-06 20:38:11,2026-09-06,20:38:11,2026-09-06 20:39:41,2026-09-06 20:39:43,2.78,2026-09-06 20:39:43,2026-09-06,20:39:43,2026-09-06 20:51:42,811.09
mon,33,중세 판타지 속 망나니 경비조장,스튜디오MW,831416,https://comic.naver.com/webtoon/list?titleId=831416&tab=mon,11583362,중세 판타지 속 망나니 경비조장,중세 판타지 속 망나니 경비조장 (총 36화/미완결),총 36화/미완결,36.0,미완결,,,https://series.naver.com/comic/detail.series?productNo=11583362,matched,ok,"중세 판타지 속 망나니 경비조장 (총 36화/미완결)
평점
9.8 | 스튜디오MW, 곰돌이는 김가든 | 2026.06.07. | 총36화/미완결 | 31화 무료
노동법도 없는 무식한 중세.전쟁과 빈곤, 마법과 비상식이 지배하는 이곳에서경비조장은 오늘도 뺑이를 친다.",mon,1,mon,1,sun,mon,True,mon,월,sun,mon,11583362_mon,pre_release,오늘 밤 10시 새 회차 공개 전 기준값 수집,112.6만,1126000.0,https://series.naver.com/comic/detail.series?productNo=11583362,20260906_203811,sun,일,2026-09-06 20:38:11,2026-09-06,20:38:11,2026-09-06 20:39:44,2026-09-06 20:39:47,2.84,2026-09-06 20:39:47,2026-09-06,20:39:47,2026-09-06 20:51:42,811.09
mon,42,"정신 차려, 전승연",제민,832243,https://comic.naver.com/webtoon/list?titleId=832243&tab=mon,11589552,"정신 차려, 전승연 [독점]","정신 차려, 전승연 [독점] (총 94화/미완결)",총 94화/미완결,94.0,미완결,,,https://series.naver.com/comic/detail.series?productNo=11589552,matched,ok,"정신 차려, 전승연 [독점] (총 94화/미완결)
평점
9.5 | 제민 | 2026.06.07. | 총94화/미완결 | 89화 무료
PC방 여신의 대학 생활. 4학년은 제대로 해내고 싶은데!예쁜 얼굴, 큰 키, 특유의 분위기 덕에 인기가 많은 승연은 PC방에서 알바하며, 자신에게 호의를 보이는 남자 손님들에게 값싼 자존감을 얻곤 한다.4학년이 된 지금은 학..",mon,1,mon,1,sun,mon,True,mon,월,sun,mon,11589552_mon,pre_release,오늘 밤 10시 새 회차 공개 전 기준값 수집,259.2만,2592000.0,https://series.naver.com/comic/detail.series?productNo=11589552,20260906_203811,sun,일,2026-09-06 20:38:11,2026-09-06,20:38:11,2026-09-06 20:39:49,2026-09-06 20:39:51,2.58,2026-09-06 20:39:51,2026-09-06,20:39:51,2026-09-06 20:51:42,811.09
mon,5,시한부 천재가 살아남는 법,JP,832703,https://comic.naver.com/webtoon/list?titleId=832703&tab=mon,11659054,시한부 천재가 살아남는 법,시한부 천재가 살아남는 법 (총 86화/미완결),총 86화/미완결,86.0,미완결,"JP, 청시소 윤승기","평점 9.9 | JP, 청시소 윤승기 | 2026.07.19. | 총86화/미완결 | 81화 무료",https://series.naver.com/comic/detail.series?productNo=11659054,matched,ok,"시한부 천재가 살아남는 법 (총 86화/미완결)
평점
9.9 | JP, 청시소 윤승기 | 2026.07.19. | 총86화/미완결 | 81화 무료
'스물을 넘기지 못하고 단명할 운명'을 타고난 정연신.집안사람들 모두 연신을 홀대하지만,직접 무공을 만들 정도로 그의 실력은 대단했다.그러던 어느 날, 연신은 자신의 수명이 얼마 남지 않았음을 알게 되는데...시한부 천재 ..",mon,1,mon,1,sun,mon,True,mon,월,sun,mon,11659054_mon,pre_release,오늘 밤 10시 새 회차 공개 전 기준값 수집,906.6만,9066000.0,https://series.naver.com/comic/detail.series?productNo=11659054,20260906_203811,sun,일,2026-09-06 20:38:11,2026-09-06,20:38:11,2026-09-06 20:39:53,2026-09-06 20:39:55,2.11,2026-09-06 20:39:55,2026-09-06,20:39:55,2026-09-06 20:51:42,811.09
mon,69,모솔대첩,진자,833596,https://comic.naver.com/webtoon/list?titleId=833596&tab=mon,11762378,모솔대첩,모솔대첩 (총 76화/미완결),총 76화/미완결,76.0,미완결,,,https://series.naver.com/comic/detail.series?productNo=11762378,matched,ok,"모솔대첩 (총 76화/미완결)
평점
10.0 | 진자 정생 | 2026.06.07. | 총76화/미완결 | 71화 무료
사랑도 얻고! 5억도 얻고! 만 30세 여자 3명의 5억을 건 모솔탈출내기가 시작된다. 왕자 없는 공주림 , 쓰레기 수집가 강선아 , 혼전순결 김채율 과연 모솔대첩의 우승자는 누가 될 것인가?",mon,1,mon,1,sun,mon,True,mon,월,sun,mon,11762378_mon,pre_release,오늘 밤 10시 새 회차 공개 전 기준값 수집,90.5만,905000.0,https://series.naver.com/comic/detail.series?productNo=11762378,20260906_203811,sun,일,2026-09-06 20:38:11,2026-09-06,20:38:11,2026-09-06 20:39:57,2026-09-06 20:39:59,1.93,2026-09-06 20:39:59,2026-09-06,20:39:59,2026-09-06 20:51:42,811.09
mon,12,파브르 in 사천당가,지대공마법소년,833702,https://comic.naver.com/webtoon/list?titleId=833702&tab=mon,11779376,파브르 in 사천당가,파브르 in 사천당가 (총 97화/미완결),총 97화/미완결,97.0,미완결,에르훗 크라켄,평점 9.9 | 에르훗 크라켄 | 2026.07.19. | 총97화/미완결 | 92화 무료,https://series.naver.com/comic/detail.series?productNo=11779376,matched,ok,"파브르 in 사천당가 (총 97화/미완결)
평점
9.9 | 에르훗 크라켄 | 2026.07.19. | 총97화/미완결 | 92화 무료
독물과 독충을 다루던 백만 스트리머 매운 파브르.아프리카 현지촬영중 블랙맘바에 물려 무림에 전생하게 된다.정글에서 자신이 좋아하는 독물들을 키우며 자연인 생활을 하던 주인공은독공을 사용하는 사천당가의 눈에 띄게 ..",mon,1,mon,1,sun,mon,True,mon,월,sun,mon,11779376_mon,pre_release,오늘 밤 10시 새 회차 공개 전 기준값 수집,759.2만,7592000.0,https://series.naver.com/comic/detail.series?productNo=11779376,20260906_203811,sun,일,2026-09-06 20:38:11,2026-09-06,20:38:11,2026-09-06 20:40:00,2026-09-06 20:40:03,2.65,2026-09-06 20:40:03,2026-09-06,20:40:03,2026-09-06 20:51:42,811.09
mon,66,제국 최고의 악녀를 사랑하게 되었습니다,아지,833908,https://comic.naver.com/webtoon/list?titleId=833908&tab=mon,11846155,제국 최고의 악녀를 사랑하게 되었습니다,제국 최고의 악녀를 사랑하게 되었습니다 (총 88화/미완결),총 88화/미완결,88.0,미완결,,,https://series.naver.com/comic/detail.series?productNo=11846155,matched,ok,"제국 최고의 악녀를 사랑하게 되었습니다 (총 88화/미완결)
평점
10.0 | 아지 아츠시, Perlacot | 2026.06.07. | 총88화/미완결 | 83화 무료
여러 여인들을 농락하며 독신 생활을 고수하는 걸로 유명한 공작, 레이븐.어느날 그런 그 앞에 남자를 싫어하는 것으로 이름높은 제국 최고의 악녀, 에스테렐라 공녀가 나타나 구혼한다.수많은 염문을 뿌리고 다니는 레이븐과 ..",mon,1,mon,1,sun,mon,True,mon,월,sun,mon,11846155_mon,pre_release,오늘 밤 10시 새 회차 공개 전 기준값 수집,161.9만,1619000.0,https://series.naver.com/comic/detail.series?productNo=11846155,20260906_203811,sun,일,2026-09-06 20:38:11,2026-09-06,20:38:11,2026-09-06 20:40:04,2026-09-06 20:40:06,2.25,2026-09-06 20:40:06,2026-09-06,20:40:06,2026-09-06 20:51:42,811.09
mon,45,시간을 돌아온 황후의 납치 결혼,그리온,834548,https://comic.naver.com/webtoon/list?titleId=834548&tab=mon,11916111,시간을 돌아온 황후의 납치 결혼,시간을 돌아온 황후의 납치 결혼 (총 65화/미완결),총 65화/미완결,65.0,미완결,신은예 그리온,평점 10.0 | 신은예 그리온 | 2026.07.19. | 총65화/미완결 | 59화 무료,https://series.naver.com/comic/detail.series?productNo=11916111,matched,ok,"시간을 돌아온 황후의 납치 결혼 (총 65화/미완결)
평점
10.0 | 신은예 그리온 | 2026.07.19. | 총65화/미완결 | 59화 무료
“아이라도 낳든가. 씨를 뿌리면 무엇 하나.”절벽 위의 고고한 꽃으로 불리는 공녀, 엘리아노 로사나.적국으로 강제로 시집가 고귀한 황후가 되었지만,가문에게도 남편에게도 버림받아 비참하게 죽는다.모든 것이 잘못되었다...",mon,1,mon,1,sun,mon,True,mon,월,sun,mon,11916111_mon,pre_release,오늘 밤 10시 새 회차 공개 전 기준값 수집,175.5만,1755000.0,https://series.naver.com/comic/detail.series?productNo=11916111,20260906_203811,sun,일,2026-09-06 20:38:11,2026-09-06,20:38:11,2026-09-06 20:40:07,2026-09-06 20:40:09,2.62,2026-09-06 20:40:09,2026-09-06,20:40:09,2026-09-06 20:51:42,811.09
mon,16,시리도록 불꽃처럼,김인호,834686,https://comic.naver.com/webtoon/list?titleId=834686&tab=mon,11932919,시리도록 불꽃처럼,시리도록 불꽃처럼 (총 87화/미완결),총 87화/미완결,87.0,미완결,,,https://series.naver.com/comic/detail.series?productNo=11932919,matched,ok,"시리도록 불꽃처럼 (총 87화/미완결)
평점
9.8 | 유진성 김인호 | 2026.06.07. | 총87화/미완결 | 79화 무료
""강호로 내려가면 세상이 너의 적이 될 것이야..."" 쇠락한 가문의 젊은 가주 '백무진'은 가세를 바로 잡기 위해 세상 밖으로의 여정을 준비한다. 세상은 그의 적이 될 것이라는 예견된 미래에도 불구하고, 무진은 외로운 싸움을 시..",mon,1,mon,1,sun,mon,True,mon,월,sun,mon,11932919_mon,pre_release,오늘 밤 10시 새 회차 공개 전 기준값 수집,288.8만,2888000.0,https://series.naver.com/comic/detail.series?productNo=11932919,20260906_203811,sun,일,2026-09-06 20:38:11,2026-09-06,20:38:11,2026-09-06 20:40:11,2026-09-06 20:40:14,2.52,2026-09-06 20:40:14,2026-09-06,20:40:14,2026-09-06 20:51:42,811.09
mon,39,연애리뷰,송채윤,835082,https://comic.naver.com/webtoon/list?titleId=835082&tab=mon,12012518,연애리뷰,연애리뷰 (총 75화/미완결),총 75화/미완결,75.0,미완결,"송채윤, 평강 라희","평점 9.9 | 송채윤, 평강 라희 | 2026.06.14. | 총75화/미완결 | 70화 무료",https://series.naver.com/comic/detail.series?productNo=12012518,matched,ok,"연애리뷰 (총 75화/미완결)
평점
9.9 | 송채윤, 평강 라희 | 2026.06.14. | 총75화/미완결 | 70화 무료
평소엔 누구보다 이성적! 그러나 연애만 하면 상호구가 되는 기주. 이번엔 다를 거라 믿었던 남자친구와의 다툼 중 계단에서 굴러 떨어지게 되는데.. 병원에서 깨어난 기주의 눈 앞에 수상한 리뷰창이 보인다! '이게 뭐지? 남..",mon,1,mon,1,sun,mon,True,mon,월,sun,mon,12012518_mon,pre_release,오늘 밤 10시 새 회차 공개 전 기준값 수집,285.1만,2851000.0,https://series.naver.com/comic/detail.series?productNo=12012518,20260906_203811,sun,일,2026-09-06 20:38:11,2026-09-06,20:38:11,2026-09-06 20:40:14,2026-09-06 20:40:17,2.15,2026-09-06 20:40:17,2026-09-06,20:40:17,2026-09-06 20:51:42,811.09
mon,54,해피 페이스,이저녁,838569,https://comic.naver.com/webtoon/list?titleId=838569&tab=mon,12529878,해피 페이스,해피 페이스 (총 63화/미완결),총 63화/미완결,63.0,미완결,,,https://series.naver.com/comic/detail.series?productNo=12529878,matched,ok,"해피 페이스 (총 63화/미완결)
평점
9.9 | 이저녁 이저녁 | 2026.06.07. | 총63화/미완결 | 58화 무료
투기장에서 노예로 자란 해피는 괴물 같은 실력으로 생존해왔다.투기장 주인이 사형되는 사건이 생기며 해방된 해피는새로운 가족과 친구들을 만나며 조금씩 사회를 배워간다.하지만 세상은 해피에게 싸움을 멈출 기회를 주지..",mon,1,mon,1,sun,mon,True,mon,월,sun,mon,12529878_mon,pre_release,오늘 밤 10시 새 회차 공개 전 기준값 수집,169.8만,1698000.0,https://series.naver.com/comic/detail.series?productNo=12529878,20260906_203811,sun,일,2026-09-06 20:38:11,2026-09-06,20:38:11,2026-09-06 20:40:18,2026-09-06 20:40:20,2.06,2026-09-06 20:40:20,2026-09-06,20:40:20,2026-09-06 20:51:42,811.09
mon,60,돌아온 여름에게,청푸,839539,https://comic.naver.com/webtoon/list?titleId=839539&tab=mon,12662763,돌아온 여름에게,돌아온 여름에게 (총 57화/미완결),총 57화/미완결,57.0,미완결,,,https://series.naver.com/comic/detail.series?productNo=12662763,matched,ok,"돌아온 여름에게 (총 57화/미완결)
평점
9.9 | 청푸 9주영 | 2026.06.07. | 총57화/미완결 | 52화 무료
제자였던 전남친이 신입사원이 되어 나타났다.뜨겁게 사랑하고 차갑게 헤어졌던 전남친이자 첫 제자 한여름.떠올리고 싶지조차 않았던 그 남자를 회사에서 마주쳤다.""이전처럼 다정하게 대해 주시면 더 좋을 것 같은데."" 그저 ..",mon,1,mon,1,sun,mon,True,mon,월,sun,mon,12662763_mon,pre_release,오늘 밤 10시 새 회차 공개 전 기준값 수집,89.7만,897000.0,https://series.naver.com/comic/detail.series?productNo=12662763,20260906_203811,sun,일,2026-09-06 20:38:11,2026-09-06,20:38:11,2026-09-06 20:40:21,2026-09-06 20:40:23,2.23,2026-09-06 20:40:23,2026-09-06,20:40:23,2026-09-06 20:51:42,811.09
mon,4,샤MONEY즘,나락,840014,https://comic.naver.com/webtoon/list?titleId=840014&tab=mon,12731193,샤MONEY즘,샤MONEY즘 (총 59화/미완결),총 59화/미완결,59.0,미완결,나락 영기,평점 10.0 | 나락 영기 | 2026.07.19. | 총59화/미완결 | 55화 무료,https://series.naver.com/comic/detail.series?productNo=12731193,matched,ok,"샤MONEY즘 (총 59화/미완결)
평점
10.0 | 나락 영기 | 2026.07.19. | 총59화/미완결 | 55화 무료
“진짜 일류 무당은 여의도에서 논다.” 주가의 오르내림을 예측하는 것만으로 수십, 수백 억을 벌 수 있는 여의도의 투자사들은 신통력이 있는 무당들을 고용했고, 그것은 여의도를 일류 무당들의 무대로 만들었다. 가난한 소..",mon,1,mon,1,sun,mon,True,mon,월,sun,mon,12731193_mon,pre_release,오늘 밤 10시 새 회차 공개 전 기준값 수집,"1,127만",11270000.0,https://series.naver.com/comic/detail.series?productNo=12731193,20260906_203811,sun,일,2026-09-06 20:38:11,2026-09-06,20:38:11,2026-09-06 20:40:25,2026-09-06 20:40:27,2.06,2026-09-06 20:40:27,2026-09-06,20:40:27,2026-09-06 20:51:42,811.09
mon,27,다정한 침입자,이니,840839,https://comic.naver.com/webtoon/list?titleId=840839&tab=mon,12891387,다정한 침입자,다정한 침입자 (총 52화/미완결),총 52화/미완결,52.0,미완결,,,https://series.naver.com/comic/detail.series?productNo=12891387,matched,ok,"다정한 침입자 (총 52화/미완결)
평점
9.9 | 이니 정유한 | 2026.06.07. | 총52화/미완결 | 47화 무료
""우리가 이성으로 보일 확률? 절대 없지.""어린 시절 사고로 가족을 잃고 한치오 가족의 보살핌 속에 자란 정이한.커갈수록 어색함만 쌓여갔던 옆집 오빠와의 동거가 시작되는데...꼭꼭 숨겨둔 마음에 자꾸만 침입하는 서로의 관..",mon,1,mon,1,sun,mon,True,mon,월,sun,mon,12891387_mon,pre_release,오늘 밤 10시 새 회차 공개 전 기준값 수집,491.8만,4918000.0,https://series.naver.com/comic/detail.series?productNo=12891387,20260906_203811,sun,일,2026-09-06 20:38:11,2026-09-06,20:38:11,2026-09-06 20:40:29,2026-09-06 20:40:32,2.87,2026-09-06 20:40:32,2026-09-06,20:40:32,2026-09-06 20:51:42,811.09
mon,68,남4친,올챙구리,841069,https://comic.naver.com/webtoon/list?titleId=841069&tab=mon,12922538,남4친,남4친 (총 49화/미완결),총 49화/미완결,49.0,미완결,,,https://series.naver.com/comic/detail.series?productNo=12922538,matched,ok,"남4친 (총 49화/미완결)
평점
10.0 | 올챙구리 올챙구리 | 2026.06.07. | 총49화/미완결 | 44화 무료
내성적인 오타쿠 소녀 양지인.혼자 있는 건 익숙하지만… 외롭지 않은 건 아니다.그런 그녀의 곁에 네 명의 '남사친'이 나타나고,지인의 평온했던 일상은 흔들리기 시작한다.남사친도… 진짜 친구가 될 수 있을까?",mon,1,mon,1,sun,mon,True,mon,월,sun,mon,12922538_mon,pre_release,오늘 밤 10시 새 회차 공개 전 기준값 수집,58.1만,581000.0,https://series.naver.com/comic/detail.series?productNo=12922538,20260906_203811,sun,일,2026-09-06 20:38:11,2026-09-06,20:38:11,2026-09-06 20:40:33,2026-09-06 20:40:35,2.32,2026-09-06 20:40:35,2026-09-06,20:40:35,2026-09-06 20:51:42,811.09
mon,29,대공비가 체질입니다,LICO,841126,https://comic.naver.com/webtoon/list?titleId=841126&tab=mon,12938361,대공비가 체질입니다,대공비가 체질입니다 (총 51화/미완결),총 51화/미완결,51.0,미완결,,,https://series.naver.com/comic/detail.series?productNo=12938361,matched,ok,"대공비가 체질입니다 (총 51화/미완결)
평점
10.0 | LICO, 레치모나 챰이 | 2026.06.07. | 총51화/미완결 | 46화 무료
1년 후, 처형당할 소설 속 악녀에 빙의한 아네트.어떻게든 살기 위해 저주받은 북부 대공과 계약 결혼을 한다.그런데...“오늘 밤도 안아주시면 안 됩니까?”손만 닿아도 질색하던 남편이 요망해졌다!게다가!“북부, 제국 최고의..",mon,1,mon,1,sun,mon,True,mon,월,sun,mon,12938361_mon,pre_release,오늘 밤 10시 새 회차 공개 전 기준값 수집,258.2만,2582000.0,https://series.naver.com/comic/detail.series?productNo=12938361,20260906_203811,sun,일,2026-09-06 20:38:11,2026-09-06,20:38:11,2026-09-06 20:40:37,2026-09-06 20:40:39,2.52,2026-09-06 20:40:39,2026-09-06,20:40:39,2026-09-06 20:51:42,811.09
wed,78,오늘은 뭐하고 놀까?,햄김밥,842116,https://comic.naver.com/webtoon/list?titleId=842116&tab=wed,13041640,오늘은 뭐하고 놀까?,오늘은 뭐하고 놀까? (총 89화/미완결),총 89화/미완결,89.0,미완결,,,https://series.naver.com/comic/detail.series?productNo=13041640,matched,ok,"오늘은 뭐하고 놀까? (총 89화/미완결)
평점
10.0 | 햄김밥 | 2026.06.07. | 총89화/미완결 | 84화 무료
게임을 좋아하는 원숭이 ‘햄김밥’의 징글 귀염 게이머 공감 일상 개그툰! 오늘은 뭐하고 놀까?",wed,1,"mon,wed",2,"sun,tue","mon,wed",True,mon,월,sun,mon,13041640_mon,pre_release,오늘 밤 10시 새 회차 공개 전 기준값 수집,3.9만,39000.0,https://series.naver.com/comic/detail.series?productNo=13041640,20260906_203811,sun,일,2026-09-06 20:38:11,2026-09-06,20:38:11,2026-09-06 20:40:41,2026-09-06 20:40:43,1.77,2026-09-06 20:40:43,2026-09-06,20:40:43,2026-09-06 20:51:42,811.09
mon,41,포도가 익기 전에,삼태,843017,https://comic.naver.com/webtoon/list?titleId=843017&tab=mon,13155192,포도가 익기 전에,포도가 익기 전에 (총 44화/미완결),총 44화/미완결,44.0,미완결,삼태 삼태,평점 10.0 | 삼태 삼태 | 2026.06.14. | 총44화/미완결 | 39화 무료,https://series.naver.com/comic/detail.series?productNo=13155192,matched,ok,"포도가 익기 전에 (총 44화/미완결)
평점
10.0 | 삼태 삼태 | 2026.06.14. | 총44화/미완결 | 39화 무료
어릴적 사건으로 수영의 집에 빚을 진 태은의 아버지는 매달 100만원을 수영의 집에 보낸다. 시간이 흘러 성인이 된 두사람은 새로 부임한 팀장과 팀의 막내로 만나게 되고 아슬아슬한 회사 생활을 이어간다.. “팀장님, 저한테..",mon,1,mon,1,sun,mon,True,mon,월,sun,mon,13155192_mon,pre_release,오늘 밤 10시 새 회차 공개 전 기준값 수집,246.4만,2464000.0,https://series.naver.com/comic/detail.series?productNo=13155192,20260906_203811,sun,일,2026-09-06 20:38:11,2026-09-06,20:38:11,2026-09-06 20:40:44,2026-09-06 20:40:47,2.36,2026-09-06 20:40:47,2026-09-06,20:40:47,2026-09-06 20:51:42,811.09
mon,46,강아지별,아음,843129,https://comic.naver.com/webtoon/list?titleId=843129&tab=mon,13177885,강아지별,강아지별 (총 24화/미완결),총 24화/미완결,24.0,미완결,,,https://series.naver.com/comic/detail.series?productNo=13177885,matched,ok,"강아지별 (총 24화/미완결)
평점
10.0 | 아음 | 2026.06.07. | 총24화/미완결 | 19화 무료
사람보다 먼저 떠나게 된 반려견들이 가는 곳, 강아지별. 이곳에선 일 년이 하루와 같다고 한다.그런 강아지 별에 오게 된 아홉 살 토리. 가족들이 없는 낯선 곳에서 토리를 반겨주는 선생님과 친구들.선생님 말씀으로는 백 밤만..",mon,1,mon,1,sun,mon,True,mon,월,sun,mon,13177885_mon,pre_release,오늘 밤 10시 새 회차 공개 전 기준값 수집,30.9만,309000.0,https://series.naver.com/comic/detail.series?productNo=13177885,20260906_203811,sun,일,2026-09-06 20:38:11,2026-09-06,20:38:11,2026-09-06 20:40:47,2026-09-06 20:40:49,2.09,2026-09-06 20:40:49,2026-09-06,20:40:49,2026-09-06 20:51:42,811.09
mon,38,장편단편선,기주주,843310,https://comic.naver.com/webtoon/list?titleId=843310&tab=mon,13223209,장편단편선,장편단편선 (총 39화/미완결),총 39화/미완결,39.0,미완결,,,https://series.naver.com/comic/detail.series?productNo=13223209,matched,ok,"장편단편선 (총 39화/미완결)
평점
10.0 | 기주주 기주주 | 2026.06.07. | 총39화/미완결 | 35화 무료
장편의 감상이 느껴지는 다양한 장르의 단편 모음집.스릴러와 개그, 드라마와 로맨스 등 장르를 넘나드는 다양한 단편을 한 번에 즐겨보세요.",mon,1,mon,1,sun,mon,True,mon,월,sun,mon,13223209_mon,pre_release,오늘 밤 10시 새 회차 공개 전 기준값 수집,137.4만,1374000.0,https://series.naver.com/comic/detail.series?productNo=13223209,20260906_203811,sun,일,2026-09-06 20:38:11,2026-09-06,20:38:11,2026-09-06 20:40:50,2026-09-06 20:40:52,1.95,2026-09-06 20:40:52,2026-09-06,20:40:52,2026-09-06 20:51:42,811.09
mon,58,첩보원 악어새,배가봉,843425,https://comic.naver.com/webtoon/list?titleId=843425&tab=mon,13230589,첩보원 악어새,첩보원 악어새 (총 39화/미완결),총 39화/미완결,39.0,미완결,,,https://series.naver.com/comic/detail.series?productNo=13230589,matched,ok,"첩보원 악어새 (총 39화/미완결)
평점
9.9 | 배가봉 배가봉 | 2026.06.07. | 총39화/미완결 | 34화 무료
베일에 싸인 조직,국정원 산하 민간 첩보기관 ‘악어’.그곳에서 활동하는 프리랜서 첩보원, ‘코드네임 악어새’.아버지를 죽이고 조직을 집어삼키려는 국정원에 맞서 싸워라!",mon,1,mon,1,sun,mon,True,mon,월,sun,mon,13230589_mon,pre_release,오늘 밤 10시 새 회차 공개 전 기준값 수집,26.9만,269000.0,https://series.naver.com/comic/detail.series?productNo=13230589,20260906_203811,sun,일,2026-09-06 20:38:11,2026-09-06,20:38:11,2026-09-06 20:40:53,2026-09-06 20:40:56,2.39,2026-09-06 20:40:56,2026-09-06,20:40:56,2026-09-06 20:51:42,811.09
mon,1,신체,,844058,https://comic.naver.com/webtoon/list?titleId=844058&tab=mon,13285897,19금 신체,19금 신체 (총 44화/미완결),총 44화/미완결,44.0,미완결,엄세윤 정썸머,평점 9.8 | 엄세윤 정썸머 | 2026.07.26. | 총44화/미완결 | 39화 무료,https://series.naver.com/comic/detail.series?productNo=13285897,review_needed,not_found,"19금 신체 (총 44화/미완결)
평점
9.8 | 엄세윤 정썸머 | 2026.07.26. | 총44화/미완결 | 39화 무료",mon,1,mon,1,sun,mon,True,mon,월,sun,mon,13285897_mon,pre_release,오늘 밤 10시 새 회차 공개 전 기준값 수집,,,https://nid.naver.com/nidlogin.login?svctype=128&a_version=2&viewtype=1&url=http%3A%2F%2Fseries.naver.com%2Fcomic%2Fdetail.series%3FproductNo%3D13285897&surl=https%3A%2F%2Fseries.naver.com,20260906_203811,sun,일,2026-09-06 20:38:11,2026-09-06,20:38:11,2026-09-06 20:40:57,2026-09-06 20:41:14,17.65,2026-09-06 20:41:14,2026-09-06,20:41:14,2026-09-06 20:51:42,811.09
mon,65,나의 다정에게,쏘림,844388,https://comic.naver.com/webtoon/list?titleId=844388&tab=mon,13337769,나의 다정에게,나의 다정에게 (총 35화/미완결),총 35화/미완결,35.0,미완결,,,https://series.naver.com/comic/detail.series?productNo=13337769,matched,ok,"나의 다정에게 (총 35화/미완결)
평점
9.9 | 쏘림 | 2026.06.07. | 총35화/미완결 | 30화 무료
1년 만에 다시 돌아오게 된 학교. 즐거운 일만 있을 거라 생각한 복학 첫날, 친동생과 같은 반이 되는 기적의 상황이 펼쳐지더니 급기야 창피한 모습을 외간 남자에게 들키고 마는데..!근데 그 남자가 하필 서진영이라고?! ..",mon,1,mon,1,sun,mon,True,mon,월,sun,mon,13337769_mon,pre_release,오늘 밤 10시 새 회차 공개 전 기준값 수집,81.3만,813000.0,https://series.naver.com/comic/detail.series?productNo=13337769,20260906_203811,sun,일,2026-09-06 20:38:11,2026-09-06,20:38:11,2026-09-06 20:41:15,2026-09-06 20:41:18,3.41,2026-09-06 20:41:18,2026-09-06,20:41:18,2026-09-06 20:51:42,811.09
mon,53,나의 연애 참견자,꿀삼,844840,https://comic.naver.com/webtoon/list?titleId=844840&tab=mon,13389458,나의 연애 참견자,나의 연애 참견자 (총 34화/미완결),총 34화/미완결,34.0,미완결,,,https://series.naver.com/comic/detail.series?productNo=13389458,matched,ok,"나의 연애 참견자 (총 34화/미완결)
평점
10.0 | 꿀삼 꿀삼 | 2026.06.07. | 총34화/미완결 | 29화 무료
행복함만이 가득할 것 같았던 첫 연애.그러나 내 남자친구는 ""여자사람친구""를 좋아하는 것 같다..답답한 마음에 사용해 본 AI연애상담어플 '참견이'근데 나보고 호구라고? 이거 AI 맞아?",mon,1,mon,1,sun,mon,True,mon,월,sun,mon,13389458_mon,pre_release,오늘 밤 10시 새 회차 공개 전 기준값 수집,125.2만,1252000.0,https://series.naver.com/comic/detail.series?productNo=13389458,20260906_203811,sun,일,2026-09-06 20:38:11,2026-09-06,20:38:11,2026-09-06 20:41:20,2026-09-06 20:41:22,2.33,2026-09-06 20:41:22,2026-09-06,20:41:22,2026-09-06 20:51:42,811.09
mon,13,먹는 인생2,홍끼,845271,https://comic.naver.com/webtoon/list?titleId=845271&tab=mon,13455875,먹는 인생2,먹는 인생2 (총 58화/미완결),총 58화/미완결,58.0,미완결,,,https://series.naver.com/comic/detail.series?productNo=13455875,matched,ok,"먹는 인생2 (총 58화/미완결)
평점
9.8 | 홍끼 홍끼 | 2026.06.07. | 총58화/미완결 | 53화 무료
행복한 일상에는 맛있는 음식이 빠질 수 없지!맛있는 음식을 탐험하며 이어지는 일상 이야기","mon,thu",2,"mon,thu",2,"sun,wed","mon,thu",True,mon,월,sun,mon,13455875_mon,pre_release,오늘 밤 10시 새 회차 공개 전 기준값 수집,28.8만,288000.0,https://series.naver.com/comic/detail.series?productNo=13455875,20260906_203811,sun,일,2026-09-06 20:38:11,2026-09-06,20:38:11,2026-09-06 20:41:23,2026-09-06 20:41:26,2.17,2026-09-06 20:41:26,2026-09-06,20:41:26,2026-09-06 20:51:42,811.09
mon,37,빌런의 순정,수민,845531,https://comic.naver.com/webtoon/list?titleId=845531&tab=mon,13483817,빌런의 순정,빌런의 순정 (총 31화/미완결),총 31화/미완결,31.0,미완결,,,https://series.naver.com/comic/detail.series?productNo=13483817,matched,ok,"빌런의 순정 (총 31화/미완결)
평점
10.0 | 수민, 로즈빈 수민 | 2026.06.07. | 총31화/미완결 | 25화 무료
비서인 연우는 부사장 윤석의 가스라이팅과 괴롭힘에고향인 목산군으로 도망간다.그곳에서 설양 건설의 전무 성헌을 만나게 되고,얼음장 같던 성헌의 마음은따스한 봄과 닮은 연우에게 녹아 스며든다.한편 윤석은 연우를 찾으..",mon,1,mon,1,sun,mon,True,mon,월,sun,mon,13483817_mon,pre_release,오늘 밤 10시 새 회차 공개 전 기준값 수집,276만,2760000.0,https://series.naver.com/comic/detail.series?productNo=13483817,20260906_203811,sun,일,2026-09-06 20:38:11,2026-09-06,20:38:11,2026-09-06 20:41:27,2026-09-06 20:41:30,2.92,2026-09-06 20:41:30,2026-09-06,20:41:30,2026-09-06 20:51:42,811.09
mon,51,세상도 구해본 놈이 잘 구한다,오정훈,845832,https://comic.naver.com/webtoon/list?titleId=845832&tab=mon,13522357,세상도 구해본 놈이 잘 구한다,세상도 구해본 놈이 잘 구한다 (총 30화/미완결),총 30화/미완결,30.0,미완결,,,https://series.naver.com/comic/detail.series?productNo=13522357,matched,ok,"세상도 구해본 놈이 잘 구한다 (총 30화/미완결)
평점
9.7 | rororo, 아낙필 영38 | 2026.06.07. | 총30화/미완결 | 25화 무료
이세계를 구했더니, 지구가 더 막장이었다.하지만 걱정 마라. 세상 구해본 놈이, 한 번 더 구한다.",mon,1,mon,1,sun,mon,True,mon,월,sun,mon,13522357_mon,pre_release,오늘 밤 10시 새 회차 공개 전 기준값 수집,81만,810000.0,https://series.naver.com/comic/detail.series?productNo=13522357,20260906_203811,sun,일,2026-09-06 20:38:11,2026-09-06,20:38:11,2026-09-06 20:41:31,2026-09-06 20:41:34,2.31,2026-09-06 20:41:34,2026-09-06,20:41:34,2026-09-06 20:51:42,811.09
mon,26,검 먹는 소드마스터,양명,845918,https://comic.naver.com/webtoon/list?titleId=845918&tab=mon,13493972,검 먹는 소드마스터,검 먹는 소드마스터 (총 32화/미완결),총 32화/미완결,32.0,미완결,,,https://series.naver.com/comic/detail.series?productNo=13493972,matched,ok,"검 먹는 소드마스터 (총 32화/미완결)
평점
9.7 | 진범 양명 | 2026.06.07. | 총32화/미완결 | 26화 무료
영문조차 모른 채 소드마스터에게 모든 것을 잃은 아르한.죽음 같은 절망 속에서, 전설로만 전해지던 선조 리암 카라반이 모습을 드러낸다.리암이 제시한 아르한의 유일한 복수 방법은 바로-“검을 먹고, 그 안에 깃든 힘을 자..",mon,1,mon,1,sun,mon,True,mon,월,sun,mon,13493972_mon,pre_release,오늘 밤 10시 새 회차 공개 전 기준값 수집,180.6만,1806000.0,https://series.naver.com/comic/detail.series?productNo=13493972,20260906_203811,sun,일,2026-09-06 20:38:11,2026-09-06,20:38:11,2026-09-06 20:41:35,2026-09-06 20:41:37,2.16,2026-09-06 20:41:37,2026-09-06,20:41:37,2026-09-06 20:51:42,811.09
mon,34,이혼자녀,051,846616,https://comic.naver.com/webtoon/list?titleId=846616&tab=mon,13617466,이혼자녀,이혼자녀 (총 25화/미완결),총 25화/미완결,25.0,미완결,,,https://series.naver.com/comic/detail.series?productNo=13617466,matched,ok,"이혼자녀 (총 25화/미완결)
평점
10.0 | 051 051 | 2026.06.07. | 총25화/미완결 | 20화 무료
오랫동안 연을 끊었던 아버지의 죽음.장례식장에서 마주한 건 눈물이 아닌, 파도처럼 밀려 드는 기억과 상처였다.그 끝에서 '제훈'은 삶과 용서에 대해 다시 고민하게 된다.",mon,1,mon,1,sun,mon,True,mon,월,sun,mon,13617466_mon,pre_release,오늘 밤 10시 새 회차 공개 전 기준값 수집,68.8만,688000.0,https://series.naver.com/comic/detail.series?productNo=13617466,20260906_203811,sun,일,2026-09-06 20:38:11,2026-09-06,20:38:11,2026-09-06 20:41:39,2026-09-06 20:41:41,2.29,2026-09-06 20:41:41,2026-09-06,20:41:41,2026-09-06 20:51:42,811.09
mon,62,애드립의 신,GO,848578,https://comic.naver.com/webtoon/list?titleId=848578&tab=mon,13844696,애드립의 신,애드립의 신 (총 22화/미완결),총 22화/미완결,22.0,미완결,,,https://series.naver.com/comic/detail.series?productNo=13844696,matched,ok,"애드립의 신 (총 22화/미완결)
평점
9.8 | 전명, GO 남장현 | 2026.06.07. | 총22화/미완결 | 15화 무료
서른 살 백수 이태규.어느 순간부터 감정의 진폭을 느끼지 못한 채 무기력한 삶을 이어가고 있다.의미 없는 일상에서 벗어나기 위해 발버둥치던 그는,우연히 만난 신비한 노인을 통해 타인의 감정을 ‘복사’할 수 있는 도깨비..",mon,1,mon,1,sun,mon,True,mon,월,sun,mon,13844696_mon,pre_release,오늘 밤 10시 새 회차 공개 전 기준값 수집,136만,1360000.0,https://series.naver.com/comic/detail.series?productNo=13844696,20260906_203811,sun,일,2026-09-06 20:38:11,2026-09-06,20:38:11,2026-09-06 20:41:42,2026-09-06 20:41:44,2.3,2026-09-06 20:41:44,2026-09-06,20:41:44,2026-09-06 20:51:42,811.09
mon,44,프레스턴 경의 비밀 가정교사,오로라 스튜디오,848884,https://comic.naver.com/webtoon/list?titleId=848884&tab=mon,13883541,프레스턴 경의 비밀 가정교사,프레스턴 경의 비밀 가정교사 (총 17화/미완결),총 17화/미완결,17.0,미완결,,,https://series.naver.com/comic/detail.series?productNo=13883541,matched,ok,"프레스턴 경의 비밀 가정교사 (총 17화/미완결)
평점
9.9 | 오로라 스튜디오, 성하 오로라 스튜디오 | 2026.06.07. | 총17화/미완결 | 11화 무료
부친의 죽음과 파산으로 하루아침에 빈털터리가 된 재클린 서머셋.그녀는 프레스턴 저택의 열세 번째 가정교사로 채용된다.까다롭기로 소문난 후작과 살얼음판 같은 관계 속에서, 그녀는 단순한 생존을 넘어 후작의 숨겨진 비..",mon,1,mon,1,sun,mon,True,mon,월,sun,mon,13883541_mon,pre_release,오늘 밤 10시 새 회차 공개 전 기준값 수집,60.8만,608000.0,https://series.naver.com/comic/detail.series?productNo=13883541,20260906_203811,sun,일,2026-09-06 20:38:11,2026-09-06,20:38:11,2026-09-06 20:41:45,2026-09-06 20:41:48,2.73,2026-09-06 20:41:48,2026-09-06,20:41:48,2026-09-06 20:51:42,811.09
mon,40,상사폭행,레블스튜디오,849297,https://comic.naver.com/webtoon/list?titleId=849297&tab=mon,13962690,상사폭행,상사폭행 (총 17화/미완결),총 17화/미완결,17.0,미완결,,,https://series.naver.com/comic/detail.series?productNo=13962690,matched,ok,"상사폭행 (총 17화/미완결)
평점
9.4 | 레블스튜디오 이도엽 | 2026.06.07. | 총17화/미완결 | 11화 무료
18살, 서울 전역 고등학교를 평정하며 폭력의 정점에 오른 '레전드' 권승호. 하지만, 정점에 오른 뒤 권승호는 소리 소문 없이 사라졌는데.. 그로부터 10년이 지난 지금, 사람들은 권승호가 적어도 전국구 조폭 두목이 되었을 거..",mon,1,mon,1,sun,mon,True,mon,월,sun,mon,13962690_mon,pre_release,오늘 밤 10시 새 회차 공개 전 기준값 수집,79만,790000.0,https://series.naver.com/comic/detail.series?productNo=13962690,20260906_203811,sun,일,2026-09-06 20:38:11,2026-09-06,20:38:11,2026-09-06 20:41:50,2026-09-06 20:41:52,2.65,2026-09-06 20:41:52,2026-09-06,20:41:52,2026-09-06 20:51:42,811.09
mon,21,변경백의 10클래스 망나니,양평,849510,https://comic.naver.com/webtoon/list?titleId=849510&tab=mon,13977185,변경백의 10클래스 망나니,변경백의 10클래스 망나니 (총 14화/미완결),총 14화/미완결,14.0,미완결,,,https://series.naver.com/comic/detail.series?productNo=13977185,matched,ok,"변경백의 10클래스 망나니 (총 14화/미완결)
평점
9.4 | 양평 시연 | 2026.06.07. | 총14화/미완결 | 8화 무료
칠십대의 늙고 추레한 마법사는 육십 년 전으로 돌아온다.아주 오래된그리워하던어떤 날로…….",mon,1,mon,1,sun,mon,True,mon,월,sun,mon,13977185_mon,pre_release,오늘 밤 10시 새 회차 공개 전 기준값 수집,163.4만,1634000.0,https://series.naver.com/comic/detail.series?productNo=13977185,20260906_203811,sun,일,2026-09-06 20:38:11,2026-09-06,20:38:11,2026-09-06 20:41:54,2026-09-06 20:41:56,2.35,2026-09-06 20:41:56,2026-09-06,20:41:56,2026-09-06 20:51:42,811.09
mon,57,페일 블루 아이즈,,849898,https://comic.naver.com/webtoon/list?titleId=849898&tab=mon,14051143,페일 블루 아이즈,페일 블루 아이즈 (총 13화/미완결),총 13화/미완결,13.0,미완결,"LICO, 피숙혜 당도삼십","평점 9.9 | LICO, 피숙혜 당도삼십 | 2026.06.14. | 총13화/미완결 | 9화 무료",https://series.naver.com/comic/detail.series?productNo=14051143,review_needed,not_found,"페일 블루 아이즈 (총 13화/미완결)
평점
9.9 | LICO, 피숙혜 당도삼십 | 2026.06.14. | 총13화/미완결 | 9화 무료
주은은 자신을 늘 외롭게 만드는 가족을 떠나 홀연히 영국으로 향한다. 그곳에서 만난 창백한 푸른눈의 남자, 에덴. 조악한 문신으로 온몸을 뒤덮은, 쓰레기 같은 펑크를 노래하는, 주변의 모든 여자를 열병에 들끓게 만드는, 하..",mon,1,mon,1,sun,mon,True,mon,월,sun,mon,14051143_mon,pre_release,오늘 밤 10시 새 회차 공개 전 기준값 수집,,,https://nid.naver.com/nidlogin.login?svctype=128&a_version=2&viewtype=1&url=http%3A%2F%2Fseries.naver.com%2Fcomic%2Fdetail.series%3FproductNo%3D14051143&surl=https%3A%2F%2Fseries.naver.com,20260906_203811,sun,일,2026-09-06 20:38:11,2026-09-06,20:38:11,2026-09-06 20:41:58,2026-09-06 20:42:13,15.18,2026-09-06 20:42:13,2026-09-06,20:42:13,2026-09-06 20:51:42,811.09
mon,28,조선야차,두엽,850109,https://comic.naver.com/webtoon/list?titleId=850109&tab=mon,14092291,조선야차,조선야차 (총 11화/미완결),총 11화/미완결,11.0,미완결,,,https://series.naver.com/comic/detail.series?productNo=14092291,matched,ok,"조선야차 (총 11화/미완결)
평점
9.2 | 두엽,지존세호 미노 | 2026.06.07. | 총11화/미완결 | 7화 무료
""조선의 개가 되어라, 어명이다.""한순간에 깨진 평화. 왕의 부름에 야차가 된 두 사람, 얘네한테 조선의 운명을 맡겨도 되는걸까...?",mon,1,mon,1,sun,mon,True,mon,월,sun,mon,14092291_mon,pre_release,오늘 밤 10시 새 회차 공개 전 기준값 수집,40만,400000.0,https://series.naver.com/comic/detail.series?productNo=14092291,20260906_203811,sun,일,2026-09-06 20:38:11,2026-09-06,20:38:11,2026-09-06 20:42:15,2026-09-06 20:42:18,3.15,2026-09-06 20:42:18,2026-09-06,20:42:18,2026-09-06 20:51:42,811.09
mon,61,1인칭 혈육시점,모카빵,850236,https://comic.naver.com/webtoon/list?titleId=850236&tab=mon,14110451,1인칭 혈육시점,1인칭 혈육시점 (총 10화/미완결),총 10화/미완결,10.0,미완결,,,https://series.naver.com/comic/detail.series?productNo=14110451,matched,ok,"1인칭 혈육시점 (총 10화/미완결)
평점
9.4 | 모카빵 모카빵 | 2026.06.07. | 총10화/미완결 | 6화 무료
어릴 적부터 가영의 연애를 방해하는 혈육이자 웬수, 차강현.왜인지 이번 짝사랑도 차강현 때문에 망할 것 같은 불길한 예감에용하다는 타로집에서 수상한 팔찌를 사 오게 되는데…왜 내가 차강현이 된 거지?",mon,1,mon,1,sun,mon,True,mon,월,sun,mon,14110451_mon,pre_release,오늘 밤 10시 새 회차 공개 전 기준값 수집,30.7만,307000.0,https://series.naver.com/comic/detail.series?productNo=14110451,20260906_203811,sun,일,2026-09-06 20:38:11,2026-09-06,20:38:11,2026-09-06 20:42:19,2026-09-06 20:42:22,2.35,2026-09-06 20:42:22,2026-09-06,20:42:22,2026-09-06 20:51:42,811.09
mon,32,망플루언서,,850526,https://comic.naver.com/webtoon/list?titleId=850526&tab=mon,14140191,망플루언서,망플루언서 (총 12화/미완결),총 12화/미완결,12.0,미완결,망순 망순,평점 10.0 | 망순 망순 | 2026.06.14. | 총12화/미완결 | 6화 무료,https://series.naver.com/comic/detail.series?productNo=14140191,review_needed,not_found,"망플루언서 (총 12화/미완결)
평점
10.0 | 망순 망순 | 2026.06.14. | 총12화/미완결 | 6화 무료
대중의 관심을 먹고 사는 빛나는 직업 '인플루언서!'보여지는 모습과 달리 그들의 숨겨진 추악한 비밀들을 폭로하는 유명 렉카 너튜브 채널 '셀럽 쓰레기통'그 채널을 운영하는 두 여자, 선미와 주원의 이야기.""거짓으로 돈을 ..",mon,1,mon,1,sun,mon,True,mon,월,sun,mon,14140191_mon,pre_release,오늘 밤 10시 새 회차 공개 전 기준값 수집,,,https://nid.naver.com/nidlogin.login?svctype=128&a_version=2&viewtype=1&url=http%3A%2F%2Fseries.naver.com%2Fcomic%2Fdetail.series%3FproductNo%3D14140191&surl=https%3A%2F%2Fseries.naver.com,20260906_203811,sun,일,2026-09-06 20:38:11,2026-09-06,20:38:11,2026-09-06 20:42:23,2026-09-06 20:42:38,15.19,2026-09-06 20:42:38,2026-09-06,20:42:38,2026-09-06 20:51:42,811.09
mon,24,그린스킨,,851187,https://comic.naver.com/webtoon/list?titleId=851187&tab=mon,14212275,그린스킨,그린스킨 (총 12화/미완결),총 12화/미완결,12.0,미완결,"승기사, 흙수저 파김치","평점 8.8 | 승기사, 흙수저 파김치 | 2026.07.19. | 총12화/미완결 | 8화 무료",https://series.naver.com/comic/detail.series?productNo=14212275,review_needed,not_found,"그린스킨 (총 12화/미완결)
평점
8.8 | 승기사, 흙수저 파김치 | 2026.07.19. | 총12화/미완결 | 8화 무료
이세계에서 10년을 버텼다. 하지만 돌아온 건 배신과 죽음. 다시눈을 뜬 순간, 나는 인간이 아닌 고블린이 되어 있었다",mon,1,mon,1,sun,mon,True,mon,월,sun,mon,14212275_mon,pre_release,오늘 밤 10시 새 회차 공개 전 기준값 수집,,,https://nid.naver.com/nidlogin.login?svctype=128&a_version=2&viewtype=1&url=http%3A%2F%2Fseries.naver.com%2Fcomic%2Fdetail.series%3FproductNo%3D14212275&surl=https%3A%2F%2Fseries.naver.com,20260906_203811,sun,일,2026-09-06 20:38:11,2026-09-06,20:38:11,2026-09-06 20:42:39,2026-09-06 20:42:54,14.68,2026-09-06 20:42:54,2026-09-06,20:42:54,2026-09-06 20:51:42,811.09
mon,49,비공식 CC,백유안,851431,https://comic.naver.com/webtoon/list?titleId=851431&tab=mon,14253469,비공식 CC,비공식 CC (총 6화/미완결),총 6화/미완결,6.0,미완결,,,https://series.naver.com/comic/detail.series?productNo=14253469,matched,ok,"비공식 CC (총 6화/미완결)
평점
10.0 | 백유안 백유안 | 2026.06.07. | 총6화/미완결 | 1화 무료
캠퍼스 인기남 성우와 비밀 연애 중인 도아.하지만 성우에겐 숨겨진 비밀이 있다.그 사실을 아는 은호와 얽히며 도아의 연애는 흔들리기 시작한다.엇갈린 욕망이 뒤얽힌 캠퍼스 치정 로맨스!",mon,1,mon,1,sun,mon,True,mon,월,sun,mon,14253469_mon,pre_release,오늘 밤 10시 새 회차 공개 전 기준값 수집,45.4만,454000.0,https://series.naver.com/comic/detail.series?productNo=14253469,20260906_203811,sun,일,2026-09-06 20:38:11,2026-09-06,20:38:11,2026-09-06 20:42:55,2026-09-06 20:42:59,3.83,2026-09-06 20:42:59,2026-09-06,20:42:59,2026-09-06 20:51:42,811.09
mon,15,계속 써도 돈이 쌓임,나들이,851687,https://comic.naver.com/webtoon/list?titleId=851687&tab=mon,14292289,계속 써도 돈이 쌓임,계속 써도 돈이 쌓임 (총 5화/미완결),총 5화/미완결,5.0,미완결,"나들이, 운좋은놈 포스스튜디오","평점 9.0 | 나들이, 운좋은놈 포스스튜디오 | 2026.06.14. | 총5화/미완결 | 1화 무료",https://series.naver.com/comic/detail.series?productNo=14292289,matched,ok,"계속 써도 돈이 쌓임 (총 5화/미완결)
평점
9.0 | 나들이, 운좋은놈 포스스튜디오 | 2026.06.14. | 총5화/미완결 | 1화 무료
청년 실업 100만 시대, 스펙 제로 백수 정진호. ""너, 내 회사로 와라."" 같은 게임의 길드 마스터였던 증권사 대표의 제안으로얼떨결에 사회로 뛰어들게 된다!그리고 그곳에서 발현된 정진호의 특별한 능력. 마우스 '딸깍' 한 번에..",mon,1,mon,1,sun,mon,True,mon,월,sun,mon,14292289_mon,pre_release,오늘 밤 10시 새 회차 공개 전 기준값 수집,193.7만,1937000.0,https://series.naver.com/comic/detail.series?productNo=14292289,20260906_203811,sun,일,2026-09-06 20:38:11,2026-09-06,20:38:11,2026-09-06 20:43:00,2026-09-06 20:43:03,2.43,2026-09-06 20:43:03,2026-09-06,20:43:03,2026-09-06 20:51:42,811.09
mon,11,청부입학,강필,851688,https://comic.naver.com/webtoon/list?titleId=851688&tab=mon,14297993,청부입학,청부입학 (총 6화/미완결),총 6화/미완결,6.0,미완결,강필 지뚱,평점 10.0 | 강필 지뚱 | 2026.06.21. | 총6화/미완결 | 1화 무료,https://series.naver.com/comic/detail.series?productNo=14297993,matched,ok,"청부입학 (총 6화/미완결)
평점
10.0 | 강필 지뚱 | 2026.06.21. | 총6화/미완결 | 1화 무료
거대한 킬러조직 ‘바탈라’의 일원인 ‘류강민’.이 곳은 한 번 들어오면 나갈 수 없는 곳이다.그러던 어느날, 그는 ‘자유’를 대가로 한 특별한 의뢰를 받게 된다.의뢰의 내용은 ‘한국에 있는 타겟’을 죽이는 것. ‘류강민..",mon,1,mon,1,sun,mon,True,mon,월,sun,mon,14297993_mon,pre_release,오늘 밤 10시 새 회차 공개 전 기준값 수집,90.7만,907000.0,https://series.naver.com/comic/detail.series?productNo=14297993,20260906_203811,sun,일,2026-09-06 20:38:11,2026-09-06,20:38:11,2026-09-06 20:43:04,2026-09-06 20:43:06,1.84,2026-09-06 20:43:06,2026-09-06,20:43:06,2026-09-06 20:51:42,811.09
mon,23,세림의 철칙,세윤,852516,https://comic.naver.com/webtoon/list?titleId=852516&tab=mon,14431553,세림의 철칙,세림의 철칙 (총 7화/미완결),총 7화/미완결,7.0,미완결,세윤 써나,평점 9.9 | 세윤 써나 | 2026.07.19. | 총7화/미완결 | 2화 무료,https://series.naver.com/comic/detail.series?productNo=14431553,matched,ok,"세림의 철칙 (총 7화/미완결)
평점
9.9 | 세윤 써나 | 2026.07.19. | 총7화/미완결 | 2화 무료
조폭이라는 소문으로 모두가 두려워하는 한세림.'엄친아' 강승우는 한세림과 멘토멘티 프로그램을 하게 되고, 늘 그렇듯 완벽하게 해내기 위해 한세림과 친해지려 한다.그런데 얘... 뭐하는 애지? 내일이 없는 듯 구는 한세림과 ..",mon,1,mon,1,sun,mon,True,mon,월,sun,mon,14431553_mon,pre_release,오늘 밤 10시 새 회차 공개 전 기준값 수집,51.5만,515000.0,https://series.naver.com/comic/detail.series?productNo=14431553,20260906_203811,sun,일,2026-09-06 20:38:11,2026-09-06,20:38:11,2026-09-06 20:43:08,2026-09-06 20:43:10,2.0,2026-09-06 20:43:10,2026-09-06,20:43:10,2026-09-06 20:51:42,811.09
mon,35,고블린 주식회사,살려주세요,852571,https://comic.naver.com/webtoon/list?titleId=852571&tab=mon,14440638,고블린 주식회사,고블린 주식회사 (총 6화/미완결),총 6화/미완결,6.0,미완결,"살려주세요, 몬 번인","평점 9.8 | 살려주세요, 몬 번인 | 2026.07.26. | 총6화/미완결 | 2화 무료",https://series.naver.com/comic/detail.series?productNo=14440638,matched,ok,"고블린 주식회사 (총 6화/미완결)
평점
9.8 | 살려주세요, 몬 번인 | 2026.07.26. | 총6화/미완결 | 2화 무료
출근길 대신 마계에 떨어진 평범한 회사원 오 과장. 눈뜨니 멸망 직전 고블린 영주가 되었다. 살려면 빼앗고, 살아남으려면 정복해야 한다. 샐러리맨의 근성으로 마계의 판도를 뒤엎는다",mon,1,mon,1,sun,mon,True,mon,월,sun,mon,14440638_mon,pre_release,오늘 밤 10시 새 회차 공개 전 기준값 수집,28.2만,282000.0,https://series.naver.com/comic/detail.series?productNo=14440638,20260906_203811,sun,일,2026-09-06 20:38:11,2026-09-06,20:38:11,2026-09-06 20:43:11,2026-09-06 20:43:14,2.67,2026-09-06 20:43:14,2026-09-06,20:43:14,2026-09-06 20:51:42,811.09
mon,64,부활성녀,사리앵,853115,https://comic.naver.com/webtoon/list?titleId=853115&tab=mon,14509567,부활성녀,부활성녀 (총 7화/미완결),총 7화/미완결,7.0,미완결,0.0,0.0 | 사리앵 미르 | 2026.07.26. | 총7화/미완결 | 1화 무료,https://series.naver.com/comic/detail.series?productNo=14509567,matched,ok,"부활성녀 (총 7화/미완결)
0.0 | 사리앵 미르 | 2026.07.26. | 총7화/미완결 | 1화 무료
수십 년간 이어진 전쟁으로 황폐해진 프랑셀라 왕국. 시골 마을 동레미에 사는 잔 다르크는 어느 날, 정체불명의 약탈자들에 의해 마을이 습격을 당해 그 혼란 속에서 목숨을 잃는다. 정신을 차려보니 사건이 일어나기 전 아침..",mon,1,mon,1,sun,mon,True,mon,월,sun,mon,14509567_mon,pre_release,오늘 밤 10시 새 회차 공개 전 기준값 수집,1.3만,13000.0,https://series.naver.com/comic/detail.series?productNo=14509567,20260906_203811,sun,일,2026-09-06 20:38:11,2026-09-06,20:38:11,2026-09-06 20:43:15,2026-09-06 20:43:18,2.58,2026-09-06 20:43:18,2026-09-06,20:43:18,2026-09-06 20:51:42,811.09
mon,67,킬링가드,이제환,853116,https://comic.naver.com/webtoon/list?titleId=853116&tab=mon,14509571,킬링가드,킬링가드 (총 9화/미완결),총 9화/미완결,9.0,미완결,이제환 도림,평점 7.9 | 이제환 도림 | 2026.08.16. | 총9화/미완결 | 4화 무료,https://series.naver.com/comic/detail.series?productNo=14509571,matched,ok,"킬링가드 (총 9화/미완결)
평점
7.9 | 이제환 도림 | 2026.08.16. | 총9화/미완결 | 4화 무료
‘위험이 닥치기 전에 위험을 제거한다’는 철학을 가진 보디가드 류신. 그러나 ‘위험이 없으면 경호도 없다’는 이유로 회사로부터 제거당할 위기에 처하는데… 최강의 보디가드 류신은 세상의 모든 위험으로부터 스스로를..",mon,1,mon,1,sun,mon,True,mon,월,sun,mon,14509571_mon,pre_release,오늘 밤 10시 새 회차 공개 전 기준값 수집,2.3만,23000.0,https://series.naver.com/comic/detail.series?productNo=14509571,20260906_203811,sun,일,2026-09-06 20:38:11,2026-09-06,20:38:11,2026-09-06 20:43:19,2026-09-06 20:43:21,1.99,2026-09-06 20:43:21,2026-09-06,20:43:21,2026-09-06 20:51:42,811.09
mon,63,기로의 밤,DOCI,853687,https://comic.naver.com/webtoon/list?titleId=853687&tab=mon,14569639,기로의 밤,기로의 밤 (총 9화/미완결),총 9화/미완결,9.0,미완결,DOCI DOCI,평점 10.0 | DOCI DOCI | 2026.08.16. | 총9화/미완결 | 4화 무료,https://series.naver.com/comic/detail.series?productNo=14569639,matched,ok,"기로의 밤 (총 9화/미완결)
평점
10.0 | DOCI DOCI | 2026.08.16. | 총9화/미완결 | 4화 무료
불운으로부터 시작된 삶이었다. 스무 살, 모든 기억을 잃은 채 병실에서 눈을 뜨고 퇴원길에는 보지 말아야 할 것을 봤을 때부터 서이연은 매사에 필사적이었다.괜찮아지기 위해, 평범해지기 위해, 외로움에 죽지 않기 위해. 몇 ..",mon,1,mon,1,sun,mon,True,mon,월,sun,mon,14569639_mon,pre_release,오늘 밤 10시 새 회차 공개 전 기준값 수집,3.6만,36000.0,https://series.naver.com/comic/detail.series?productNo=14569639,20260906_203811,sun,일,2026-09-06 20:38:11,2026-09-06,20:38:11,2026-09-06 20:43:22,2026-09-06 20:43:24,2.15,2026-09-06 20:43:24,2026-09-06,20:43:24,2026-09-06 20:51:42,811.09
mon,14,생존지상주의,토이,853709,https://comic.naver.com/webtoon/list?titleId=853709&tab=mon,14574320,생존지상주의,생존지상주의 (총 6화/미완결),총 6화/미완결,6.0,미완결,토이 싱싱,평점 10.0 | 토이 싱싱 | 2026.08.16. | 총6화/미완결 | 1화 무료,https://series.naver.com/comic/detail.series?productNo=14574320,matched,ok,"생존지상주의 (총 6화/미완결)
평점
10.0 | 토이 싱싱 | 2026.08.16. | 총6화/미완결 | 1화 무료
괴수가 들끓는 이세계에 떨어진 하교 버스. 절망적인 상황 속, 오직 주인공의 Chat AI만이 작동하기 시작한다.",mon,1,mon,1,sun,mon,True,mon,월,sun,mon,14574320_mon,pre_release,오늘 밤 10시 새 회차 공개 전 기준값 수집,69.7만,697000.0,https://series.naver.com/comic/detail.series?productNo=14574320,20260906_203811,sun,일,2026-09-06 20:38:11,2026-09-06,20:38:11,2026-09-06 20:43:25,2026-09-06 20:43:27,1.96,2026-09-06 20:43:27,2026-09-06,20:43:27,2026-09-06 20:51:42,811.09
mon,50,공포 쯔꾸르 생존기,LICO,854133,https://comic.naver.com/webtoon/list?titleId=854133&tab=mon,14626810,공포 쯔꾸르 생존기 [독점],공포 쯔꾸르 생존기 [독점] (총 6화/미완결),총 6화/미완결,6.0,미완결,"LICO, 파급효과 LICO","평점 10.0 | LICO, 파급효과 LICO | 2026.08.23. | 총6화/미완결 | 1화 무료",https://series.naver.com/comic/detail.series?productNo=14626810,matched,ok,"공포 쯔꾸르 생존기 [독점] (총 6화/미완결)
평점
10.0 | LICO, 파급효과 LICO | 2026.08.23. | 총6화/미완결 | 1화 무료
전설의 공포게임 [비현실]을 실행한 순간 게임 속에 갇힌 이현. 한밤중의 학교에서 눈을 뜬 그는 의문의 여고생 다연과 만난다. 이곳에서 살아남는 방법은 단 하나, 섬뜩한 퍼즐을 풀고 숨겨진 규칙을 찾아낼 것. 과연 두 사람은..",mon,1,mon,1,sun,mon,True,mon,월,sun,mon,14626810_mon,pre_release,오늘 밤 10시 새 회차 공개 전 기준값 수집,4만,40000.0,https://series.naver.com/comic/detail.series?productNo=14626810,20260906_203811,sun,일,2026-09-06 20:38:11,2026-09-06,20:38:11,2026-09-06 20:43:29,2026-09-06 20:43:31,2.08,2026-09-06 20:43:31,2026-09-06,20:43:31,2026-09-06 20:51:42,811.09
sun,57,경자 전성시대,김호드,769658,https://comic.naver.com/webtoon/list?titleId=769658&tab=sun,6451484,경자 전성시대,경자 전성시대 (총 252화/미완결),총 252화/미완결,252.0,미완결,,,https://series.naver.com/comic/detail.series?productNo=6451484,matched,ok,"경자 전성시대 (총 252화/미완결)
평점
9.7 | 김호드 김호드 | 2026.06.06. | 총252화/미완결 | 249화 무료
<연애의 정령> 김호드 작가 신작. 남들보다 강한 그녀, 육경자가 돌아왔다!!연인과 헤어지고 취업도 번번이 실패하며 힘든 하루를 보내던 경자는 더 쉴드라는 대기업으로부터 스카우트 제안을 받게 된다.학벌도 빽(?)도 없는 ..",sun,1,sun,1,sat,sun,True,sun,일,sat,sun,6451484_sun,post_24h,어제 밤 10시 공개 이후 증가분 확인용 수집,306.8만,3068000.0,https://series.naver.com/comic/detail.series?productNo=6451484,20260906_203811,sun,일,2026-09-06 20:38:11,2026-09-06,20:38:11,2026-09-06 20:43:33,2026-09-06 20:43:36,2.78,2026-09-06 20:43:36,2026-09-06,20:43:36,2026-09-06 20:51:42,811.09
sun,40,위닝샷!,강견,778578,https://comic.naver.com/webtoon/list?titleId=778578&tab=sun,6593832,위닝샷!,위닝샷! (총 182화/미완결),총 182화/미완결,182.0,미완결,,,https://series.naver.com/comic/detail.series?productNo=6593832,matched,ok,"위닝샷! (총 182화/미완결)
평점
9.4 | 강견 시바견 | 2026.06.07. | 총182화/미완결 | 178화 무료
야구를 할 수 있는 조건이라면 팀의 패전조 역할도 마다하지 않는 투수 '안시윤'. 초라한 성적으로 중학교 선수 생활을 이어왔던 그는 상대팀의 포수 '백태오'와의 만남을 계기로 야구 인생이 송두리째 바뀌기 시작한다. 고교야..",sun,1,sun,1,sat,sun,True,sun,일,sat,sun,6593832_sun,post_24h,어제 밤 10시 공개 이후 증가분 확인용 수집,871.9만,8719000.0,https://series.naver.com/comic/detail.series?productNo=6593832,20260906_203811,sun,일,2026-09-06 20:38:11,2026-09-06,20:38:11,2026-09-06 20:43:37,2026-09-06 20:43:39,2.43,2026-09-06 20:43:39,2026-09-06,20:43:39,2026-09-06 20:51:42,811.09
sun,11,일타강사 백사부,사내,779632,https://comic.naver.com/webtoon/list?titleId=779632&tab=sun,6698881,일타강사 백사부 [독점],일타강사 백사부 [독점] (총 154화/미완결),총 154화/미완결,154.0,미완결,"사내, 오름, 간짜장 드로우웨이즈","평점 9.8 | 사내, 오름, 간짜장 드로우웨이즈 | 2026.07.11. | 총154화/미완결 | 149화 무료",https://series.naver.com/comic/detail.series?productNo=6698881,matched,ok,"일타강사 백사부 [독점] (총 154화/미완결)
평점
9.8 | 사내, 오름, 간짜장 드로우웨이즈 | 2026.07.11. | 총154화/미완결 | 149화 무료
혈교 최고의 무공 교관, 시골 무관의 사부로 환생하다. 정파 무림의 일타강사가 되기로 결심한 백사부... 이제 그가 전 무림을 참교육한다! ⓒJC미디어",sun,1,sun,1,sat,sun,True,sun,일,sat,sun,6698881_sun,post_24h,어제 밤 10시 공개 이후 증가분 확인용 수집,"1,826만",18260000.0,https://series.naver.com/comic/detail.series?productNo=6698881,20260906_203811,sun,일,2026-09-06 20:38:11,2026-09-06,20:38:11,2026-09-06 20:43:41,2026-09-06 20:43:43,2.12,2026-09-06 20:43:43,2026-09-06,20:43:43,2026-09-06 20:51:42,811.09
sun,32,장풍전,신영우,789966,https://comic.naver.com/webtoon/list?titleId=789966&tab=sun,8174901,장풍전,장풍전 (총 229화/미완결),총 229화/미완결,229.0,미완결,,,https://series.naver.com/comic/detail.series?productNo=8174901,matched,ok,"장풍전 (총 229화/미완결)
평점
9.6 | 신영우 신영우 | 2026.06.06. | 총229화/미완결 | 224화 무료
세상 모두가 내공을 가질 수 있는 시대.아직까진 고수라는 존재의 의미가 없지만,세상 한켠에선 옛 고서나 체계적인 연구로 인해 인간의 능력을 월등히뛰어넘는 고수들이 만들어지고 있다.세상에 공개된 내공수련법 이외에 ..",sun,1,sun,1,sat,sun,True,sun,일,sat,sun,8174901_sun,post_24h,어제 밤 10시 공개 이후 증가분 확인용 수집,440.1만,4401000.0,https://series.naver.com/comic/detail.series?productNo=8174901,20260906_203811,sun,일,2026-09-06 20:38:11,2026-09-06,20:38:11,2026-09-06 20:43:44,2026-09-06 20:43:47,2.61,2026-09-06 20:43:47,2026-09-06,20:43:47,2026-09-06 20:51:42,811.09
thu,3,육아일기,자까,812354,https://comic.naver.com/webtoon/list?titleId=812354&tab=thu,9901643,육아일기,육아일기 (총 236화/미완결),총 236화/미완결,236.0,미완결,,,https://series.naver.com/comic/detail.series?productNo=9901643,matched,ok,"육아일기 (총 236화/미완결)
평점
9.8 | 자까 자까 | 2026.06.06. | 총236화/미완결 | 231화 무료
이젠 갠플이 아니라 팀플이다! 조별 과제와 차원이 다른 인생을 건 팀플이 시작된다. 1인가구에서 2인가구로 성장한 자까 작가의 결혼 이야기.","thu,sun",2,"thu,sun",2,"wed,sat","thu,sun",True,sun,일,sat,sun,9901643_sun,post_24h,어제 밤 10시 공개 이후 증가분 확인용 수집,"2,136만",21360000.0,https://series.naver.com/comic/detail.series?productNo=9901643,20260906_203811,sun,일,2026-09-06 20:38:11,2026-09-06,20:38:11,2026-09-06 20:43:48,2026-09-06 20:43:51,2.66,2026-09-06 20:43:51,2026-09-06,20:43:51,2026-09-06 20:51:42,811.09
sun,13,아카데미의 천재칼잡이,시치,813564,https://comic.naver.com/webtoon/list?titleId=813564&tab=sun,10002986,아카데미의 천재칼잡이,아카데미의 천재칼잡이 (총 139화/미완결),총 139화/미완결,139.0,미완결,,,https://series.naver.com/comic/detail.series?productNo=10002986,matched,ok,"아카데미의 천재칼잡이 (총 139화/미완결)
평점
9.9 | 서관도 시치 | 2026.06.06. | 총139화/미완결 | 134화 무료
후회로 점철된 채 끝나버린 삶. 우연히 찾아온 두 번째 기회. 세상을 구하기 위한 로난의 모험이 시작된다.",sun,1,sun,1,sat,sun,True,sun,일,sat,sun,10002986_sun,post_24h,어제 밤 10시 공개 이후 증가분 확인용 수집,"1,066만",10660000.0,https://series.naver.com/comic/detail.series?productNo=10002986,20260906_203811,sun,일,2026-09-06 20:38:11,2026-09-06,20:38:11,2026-09-06 20:43:53,2026-09-06 20:43:55,1.94,2026-09-06 20:43:55,2026-09-06,20:43:55,2026-09-06 20:51:42,811.09
sun,24,용사보다 너무 강해서 힘을 숨김,승한,814213,https://comic.naver.com/webtoon/list?titleId=814213&tab=sun,10074273,용사보다 너무 강해서 힘을 숨김,용사보다 너무 강해서 힘을 숨김 (총 125화/미완결),총 125화/미완결,125.0,미완결,,,https://series.naver.com/comic/detail.series?productNo=10074273,matched,ok,"용사보다 너무 강해서 힘을 숨김 (총 125화/미완결)
평점
9.3 | 승한 예림 | 2026.06.06. | 총125화/미완결 | 120화 무료
어릴 적부터 만화 속에 나오는 주인공보다평소에는 가벼워 보이지만 사실 누구보다 강한 '힘을 숨긴 캐릭터'가 멋있었다그리고 찾아온 전생의 기회!""새로운 세상에서 무엇이 되고 싶나요?""""힘숨찐이 되고 싶어!""...내가 바란 힘..",sun,1,sun,1,sat,sun,True,sun,일,sat,sun,10074273_sun,post_24h,어제 밤 10시 공개 이후 증가분 확인용 수집,667.7만,6677000.0,https://series.naver.com/comic/detail.series?productNo=10074273,20260906_203811,sun,일,2026-09-06 20:38:11,2026-09-06,20:38:11,2026-09-06 20:43:56,2026-09-06 20:43:59,2.78,2026-09-06 20:43:59,2026-09-06,20:43:59,2026-09-06 20:51:42,811.09
sun,54,상사불상사,영하,814820,https://comic.naver.com/webtoon/list?titleId=814820&tab=sun,10120503,상사불상사 [독점],상사불상사 [독점] (총 125화/미완결),총 125화/미완결,125.0,미완결,,,https://series.naver.com/comic/detail.series?productNo=10120503,matched,ok,"상사불상사 [독점] (총 125화/미완결)
평점
10.0 | 영하 공사 | 2026.06.06. | 총125화/미완결 | 120화 무료
갑의 말에는 절대복종! 5년차 K-직장인 하은호의 신념이다.'빈틈없이 쌓아온 커리어만 있다면 연애는 안 해도 된다.'그런 그녀 앞에 어느 날 뚝 떨어진 낙하산 신입? 다시 흔들기 시작하는 과거 첫사랑? 이 불상사를 어떻게 해..",sun,1,sun,1,sat,sun,True,sun,일,sat,sun,10120503_sun,post_24h,어제 밤 10시 공개 이후 증가분 확인용 수집,323.4만,3234000.0,https://series.naver.com/comic/detail.series?productNo=10120503,20260906_203811,sun,일,2026-09-06 20:38:11,2026-09-06,20:38:11,2026-09-06 20:44:00,2026-09-06 20:44:03,2.79,2026-09-06 20:44:03,2026-09-06,20:44:03,2026-09-06 20:51:42,811.09
sun,74,아무래도 결혼을 잘못한 것 같다,빗잘,817122,https://comic.naver.com/webtoon/list?titleId=817122&tab=sun,10225742,아무래도 결혼을 잘못한 것 같다[독점],아무래도 결혼을 잘못한 것 같다[독점] (총 69화/미완결),총 69화/미완결,69.0,미완결,,,https://series.naver.com/comic/detail.series?productNo=10225742,matched,ok,"아무래도 결혼을 잘못한 것 같다[독점] (총 69화/미완결)
평점
9.9 | 빗잘, 김다함 지멸계, 스튜디오 파노라마 | 2026.06.06. | 총69화/미완결 | 62화 무료
소설 속 세상에 빙의했다.등장인물들이 악역의 손에 죄다 목이 뎅겅 잘려 죽는 피폐 소설 속에.소심한 걸 고치고 담력을 키워보고자유명한 피폐 소설을 읽었을 뿐인데!본격적인 이야기가 시작되기 전에 무시무시한 수도 사교계..",sun,1,sun,1,sat,sun,True,sun,일,sat,sun,10225742_sun,post_24h,어제 밤 10시 공개 이후 증가분 확인용 수집,159.7만,1597000.0,https://series.naver.com/comic/detail.series?productNo=10225742,20260906_203811,sun,일,2026-09-06 20:38:11,2026-09-06,20:38:11,2026-09-06 20:44:04,2026-09-06 20:44:07,2.66,2026-09-06 20:44:07,2026-09-06,20:44:07,2026-09-06 20:51:42,811.09
sun,90,죽거나 혹은 사랑에 빠지거나,,819696,https://comic.naver.com/webtoon/list?titleId=819696&tab=sun,10555314,죽거나 혹은 사랑에 빠지거나,죽거나 혹은 사랑에 빠지거나 (총 128화/미완결),총 128화/미완결,128.0,미완결,허니비 허니비,평점 9.8 | 허니비 허니비 | 2026.06.13. | 총128화/미완결 | 122화 무료,https://series.naver.com/comic/detail.series?productNo=10555314,review_needed,not_found,"죽거나 혹은 사랑에 빠지거나 (총 128화/미완결)
평점
9.8 | 허니비 허니비 | 2026.06.13. | 총128화/미완결 | 122화 무료
아름다운 도시 루베른에서 일어나는 의문의 연쇄살인 사건. 조용하고 눈에 띄지 않는 이자벨라에게 살인마의 초대장이 전달되는데.. 목숨을 건 15일간의 내기. 절대 어떤 쾌락과 환상에도 사랑에 빠져서는 안 된다.",sun,1,sun,1,sat,sun,True,sun,일,sat,sun,10555314_sun,post_24h,어제 밤 10시 공개 이후 증가분 확인용 수집,,,https://nid.naver.com/nidlogin.login?svctype=128&a_version=2&viewtype=1&url=http%3A%2F%2Fseries.naver.com%2Fcomic%2Fdetail.series%3FproductNo%3D10555314&surl=https%3A%2F%2Fseries.naver.com,20260906_203811,sun,일,2026-09-06 20:38:11,2026-09-06,20:38:11,2026-09-06 20:44:08,2026-09-06 20:44:23,15.02,2026-09-06 20:44:23,2026-09-06,20:44:23,2026-09-06 20:51:42,811.09
sun,19,환생좌,ALLA,819912,https://comic.naver.com/webtoon/list?titleId=819912&tab=sun,10577688,환생좌,환생좌 (총 138화/미완결),총 138화/미완결,138.0,미완결,,,https://series.naver.com/comic/detail.series?productNo=10577688,matched,ok,"환생좌 (총 138화/미완결)
평점
9.7 | ALLA, 아스트라페 아스트라페 | 2026.06.06. | 총138화/미완결 | 128화 무료
신은 자신의 심심함을 풀기 위해 어비스를 만들었다. 인류는 지옥과도 같은 어비스 안에 갇혀 멸망의 길을 걷게 되는데...""우리는 이제... 끝난건가...""인류가 절멸하기 바로 직전, 가장 강한 네 명의 생존자는 어비스로 끌려오기 전..",sun,1,sun,1,sat,sun,True,sun,일,sat,sun,10577688_sun,post_24h,어제 밤 10시 공개 이후 증가분 확인용 수집,356.8만,3568000.0,https://series.naver.com/comic/detail.series?productNo=10577688,20260906_203811,sun,일,2026-09-06 20:38:11,2026-09-06,20:38:11,2026-09-06 20:44:25,2026-09-06 20:44:27,2.55,2026-09-06 20:44:27,2026-09-06,20:44:27,2026-09-06 20:51:42,811.09
sun,80,무능력자,치킨무,821085,https://comic.naver.com/webtoon/list?titleId=821085&tab=sun,10694046,무능력자,무능력자 (총 36화/미완결),총 36화/미완결,36.0,미완결,치킨무 드쾅,평점 7.9 | 치킨무 드쾅 | 2024.08.17. | 총36화/미완결 | 전화 무료,https://series.naver.com/comic/detail.series?productNo=10694046,matched,ok,"무능력자 (총 36화/미완결)
평점
7.9 | 치킨무 드쾅 | 2024.08.17. | 총36화/미완결 | 전화 무료
이능력 리그에 밀려 망해버린 종합 격투기를 살리기 위해 과거 영구제명당한 챔피언 황광호를 불러들인 세연왜냐면 그는 '흥행의 신' 이니까이능VS무능구분은 이 남자 앞에서 무의미하다이능에 도달한 기술트리키한 싸움 방..",sun,1,sun,1,sat,sun,True,sun,일,sat,sun,10694046_sun,post_24h,어제 밤 10시 공개 이후 증가분 확인용 수집,118만,1180000.0,https://series.naver.com/comic/detail.series?productNo=10694046,20260906_203811,sun,일,2026-09-06 20:38:11,2026-09-06,20:38:11,2026-09-06 20:44:28,2026-09-06 20:44:31,2.22,2026-09-06 20:44:31,2026-09-06,20:44:31,2026-09-06 20:51:42,811.09
sun,27,재벌의 품격,아쿠아콘,823025,https://comic.naver.com/webtoon/list?titleId=823025&tab=sun,10892248,재벌의 품격,재벌의 품격 (총 120화/미완결),총 120화/미완결,120.0,미완결,,,https://series.naver.com/comic/detail.series?productNo=10892248,matched,ok,"재벌의 품격 (총 120화/미완결)
평점
9.5 | 아쿠아콘, 서인하 우주영 | 2026.06.06. | 총120화/미완결 | 115화 무료
1990년대 대한민국을 대표했던 재경 그룹 회장 손중길.눈을 감고 30년 뒤, 2022년 손자 손정훈의 몸으로 눈을 뜬다.30년 전과 비교해 눈에 띄게 쇠퇴한 재경 그룹.손중길은 자신이 일궈 낸 그룹을 다시금 정상에 올리려 한다.",sun,1,sun,1,sat,sun,True,sun,일,sat,sun,10892248_sun,post_24h,어제 밤 10시 공개 이후 증가분 확인용 수집,291.1만,2911000.0,https://series.naver.com/comic/detail.series?productNo=10892248,20260906_203811,sun,일,2026-09-06 20:38:11,2026-09-06,20:38:11,2026-09-06 20:44:32,2026-09-06 20:44:35,2.91,2026-09-06 20:44:35,2026-09-06,20:44:35,2026-09-06 20:51:42,811.09
sun,79,나는 참지 못한다,,823476,https://comic.naver.com/webtoon/list?titleId=823476&tab=sun,10970308,나는 참지 못한다,나는 참지 못한다 (총 115화/미완결),총 115화/미완결,115.0,미완결,성현 성현,평점 10.0 | 성현 성현 | 2026.06.13. | 총115화/미완결 | 111화 무료,https://series.naver.com/comic/detail.series?productNo=10970308,review_needed,not_found,"나는 참지 못한다 (총 115화/미완결)
평점
10.0 | 성현 성현 | 2026.06.13. | 총115화/미완결 | 111화 무료
평범한 회사원 김연지는 교통사고 이후 변화를 겪게 된다.스트레스가 폭발하면 아무것도 참지 못하는 상태가 되고 만다.계속 일어나는 통제불능 사건들, 자신에게 접근하는 의문의 남성 민성훈.사건은 커지고 일상은 꼬여만 가..",sun,1,sun,1,sat,sun,True,sun,일,sat,sun,10970308_sun,post_24h,어제 밤 10시 공개 이후 증가분 확인용 수집,,,https://nid.naver.com/nidlogin.login?svctype=128&a_version=2&viewtype=1&url=http%3A%2F%2Fseries.naver.com%2Fcomic%2Fdetail.series%3FproductNo%3D10970308&surl=https%3A%2F%2Fseries.naver.com,20260906_203811,sun,일,2026-09-06 20:38:11,2026-09-06,20:38:11,2026-09-06 20:44:36,2026-09-06 20:44:51,15.14,2026-09-06 20:44:51,2026-09-06,20:44:51,2026-09-06 20:51:42,811.09
sun,18,천재 무림 트레이너,코울,824295,https://comic.naver.com/webtoon/list?titleId=824295&tab=sun,11053491,천재 무림 트레이너 [독점],천재 무림 트레이너 [독점] (총 117화/미완결),총 117화/미완결,117.0,미완결,,,https://series.naver.com/comic/detail.series?productNo=11053491,matched,ok,"천재 무림 트레이너 [독점] (총 117화/미완결)
평점
9.8 | 코울 MIDNIGHT STUDIO | 2026.06.06. | 총117화/미완결 | 110화 무료
대 역병 시대, 운영하던 헬스장이 망했다.어떻게든 먹고 살아보려던 찰나 읽고 있던 무협지에 빙의했다.도착해보니 천년 소림이라 좋아했는데, 이건 뭐? 다들 잘못된 지식과 운동법으로 몸이 다 망가져 있잖아?!헬스 트레이너..",sun,1,sun,1,sat,sun,True,sun,일,sat,sun,11053491_sun,post_24h,어제 밤 10시 공개 이후 증가분 확인용 수집,455.6만,4556000.0,https://series.naver.com/comic/detail.series?productNo=11053491,20260906_203811,sun,일,2026-09-06 20:38:11,2026-09-06,20:38:11,2026-09-06 20:44:52,2026-09-06 20:44:55,2.91,2026-09-06 20:44:55,2026-09-06,20:44:55,2026-09-06 20:51:42,811.09
sun,49,남주의 정석,이온상,827323,https://comic.naver.com/webtoon/list?titleId=827323&tab=sun,11282654,남주의 정석,남주의 정석 (총 94화/미완결),총 94화/미완결,94.0,미완결,,,https://series.naver.com/comic/detail.series?productNo=11282654,matched,ok,"남주의 정석 (총 94화/미완결)
평점
9.9 | 이온상 이온상 | 2026.06.06. | 총94화/미완결 | 86화 무료
과거로부터 도망친 해주는 뒤늦게 연영과에 들어왔다.앞으로 꽃길 가득한 캠퍼스 라이프를 기대했는데...그러나 더는 도망칠 수 없다.다시 재회한 소꿉친구와 첫사랑 사이에서 마음을 종잡을 수 없는 해주.소꿉친구, 은석은 사심..",sun,1,sun,1,sat,sun,True,sun,일,sat,sun,11282654_sun,post_24h,어제 밤 10시 공개 이후 증가분 확인용 수집,168만,1680000.0,https://series.naver.com/comic/detail.series?productNo=11282654,20260906_203811,sun,일,2026-09-06 20:38:11,2026-09-06,20:38:11,2026-09-06 20:44:56,2026-09-06 20:44:58,2.19,2026-09-06 20:44:58,2026-09-06,20:44:58,2026-09-06 20:51:42,811.09
sun,36,소년교도소,청민,827335,https://comic.naver.com/webtoon/list?titleId=827335&tab=sun,11270032,소년교도소,소년교도소 (총 104화/미완결),총 104화/미완결,104.0,미완결,,,https://series.naver.com/comic/detail.series?productNo=11270032,matched,ok,"소년교도소 (총 104화/미완결)
평점
9.3 | 청민 이수현 | 2026.06.06. | 총104화/미완결 | 99화 무료
조폭인 아버지를 식물인간으로 만들어 소년교도소에 수감된 ‘차주영’.얼마 뒤, 깨어나지 못할 거라 여겼던 아버지가 찾아와 말한다.“아들아, 내가 너의 소꿉친구를 죽였다”그런 아버지에게 복수할 방법은 단 하나‘이 교..",sun,1,sun,1,sat,sun,True,sun,일,sat,sun,11270032_sun,post_24h,어제 밤 10시 공개 이후 증가분 확인용 수집,493.6만,4936000.0,https://series.naver.com/comic/detail.series?productNo=11270032,20260906_203811,sun,일,2026-09-06 20:38:11,2026-09-06,20:38:11,2026-09-06 20:45:00,2026-09-06 20:45:02,1.97,2026-09-06 20:45:02,2026-09-06,20:45:02,2026-09-06 20:51:42,811.09
sun,61,그레이마크,박태현,829462,https://comic.naver.com/webtoon/list?titleId=829462&tab=sun,11505183,그레이마크,그레이마크 (총 99화/미완결),총 99화/미완결,99.0,미완결,,,https://series.naver.com/comic/detail.series?productNo=11505183,matched,ok,"그레이마크 (총 99화/미완결)
평점
9.8 | 박태현 박태현 | 2026.06.06. | 총99화/미완결 | 93화 무료
수많은 죄를 짓고 우주로 쫓겨난 잔학무도한 죄인 <그레이트>그곳에서 만난 우주의 왕 <로훔로가하>에 의해 과거로 내쫓겨진다.그레이트는 과거 범했던 숱한 잘못을 바로잡고 올바른 미래를 다시 쓰려 하는데..",sun,1,sun,1,sat,sun,True,sun,일,sat,sun,11505183_sun,post_24h,어제 밤 10시 공개 이후 증가분 확인용 수집,258.3만,2583000.0,https://series.naver.com/comic/detail.series?productNo=11505183,20260906_203811,sun,일,2026-09-06 20:38:11,2026-09-06,20:38:11,2026-09-06 20:45:03,2026-09-06 20:45:05,2.1,2026-09-06 20:45:05,2026-09-06,20:45:05,2026-09-06 20:51:42,811.09
sun,84,"아임 파인 땡큐, 앤유?",벼락,829495,https://comic.naver.com/webtoon/list?titleId=829495&tab=sun,11505582,"아임 파인 땡큐, 앤유?","아임 파인 땡큐, 앤유? (총 92화/미완결)",총 92화/미완결,92.0,미완결,,,https://series.naver.com/comic/detail.series?productNo=11505582,matched,ok,"아임 파인 땡큐, 앤유? (총 92화/미완결)
평점
9.9 | 벼락 벼락 | 2026.06.06. | 총92화/미완결 | 87화 무료
어릴 적부터 진짜 불x친구였던 한겨울과 강태평. 남사친 여사친 사이에 '진짜 친구가 있냐'는 도발에 둘은 의기양양 대답한다. ""있다!""하지만 다음날, 자신만만했던 대답과 달리 난감한 상황이 닥쳐오는데... 과연 겨울이와 태평..",sun,1,sun,1,sat,sun,True,sun,일,sat,sun,11505582_sun,post_24h,어제 밤 10시 공개 이후 증가분 확인용 수집,187.3만,1873000.0,https://series.naver.com/comic/detail.series?productNo=11505582,20260906_203811,sun,일,2026-09-06 20:38:11,2026-09-06,20:38:11,2026-09-06 20:45:06,2026-09-06 20:45:08,2.05,2026-09-06 20:45:08,2026-09-06,20:45:08,2026-09-06 20:51:42,811.09
sun,92,감정전이,향유,832317,https://comic.naver.com/webtoon/list?titleId=832317&tab=sun,11618142,감정전이,감정전이 (총 82화/미완결),총 82화/미완결,82.0,미완결,,,https://series.naver.com/comic/detail.series?productNo=11618142,matched,ok,"감정전이 (총 82화/미완결)
평점
10.0 | 향유 향유 | 2026.06.06. | 총82화/미완결 | 78화 무료
어렸을 때의 트라우마로 감정 표현이 어려운 문창과 새내기 공수아.소설가를 꿈꾸고 있지만 꿈도 인간관계도 감정이란 놈한테 발목 잡히기 일쑤!그러던 어느 날, 수아의 고요한 세계에 체대생 선배님이 뚝 하고 떨어지는데,이 ..",sun,1,sun,1,sat,sun,True,sun,일,sat,sun,11618142_sun,post_24h,어제 밤 10시 공개 이후 증가분 확인용 수집,98.9만,989000.0,https://series.naver.com/comic/detail.series?productNo=11618142,20260906_203811,sun,일,2026-09-06 20:38:11,2026-09-06,20:38:11,2026-09-06 20:45:09,2026-09-06 20:45:11,1.97,2026-09-06 20:45:11,2026-09-06,20:45:11,2026-09-06 20:51:42,811.09
sun,5,2회차 환관이 남성을 되찾음,,832566,https://comic.naver.com/webtoon/list?titleId=832566&tab=sun,11636787,2회차 환관이 남성을 되찾음,2회차 환관이 남성을 되찾음 (총 93화/미완결),총 93화/미완결,93.0,미완결,"LICO, 노빠꾸맨 포스 스튜디오","평점 9.6 | LICO, 노빠꾸맨 포스 스튜디오 | 2026.06.13. | 총93화/미완결 | 89화 무료",https://series.naver.com/comic/detail.series?productNo=11636787,review_needed,not_found,"2회차 환관이 남성을 되찾음 (총 93화/미완결)
평점
9.6 | LICO, 노빠꾸맨 포스 스튜디오 | 2026.06.13. | 총93화/미완결 | 89화 무료
제국의 국정을 마음대로 주무르는 비선실세 환관, 이철수.절대 권력에 돈 많고, 무공까지 강하지만.. 그게 무슨 의미가 있지? '그걸' 못하는데!!환생대법을 통해, 고자가 되기 전으로 회귀한 철수의 목표는 하나다.알파메일이 되..",sun,1,sun,1,sat,sun,True,sun,일,sat,sun,11636787_sun,post_24h,어제 밤 10시 공개 이후 증가분 확인용 수집,,,https://nid.naver.com/nidlogin.login?svctype=128&a_version=2&viewtype=1&url=http%3A%2F%2Fseries.naver.com%2Fcomic%2Fdetail.series%3FproductNo%3D11636787&surl=https%3A%2F%2Fseries.naver.com,20260906_203811,sun,일,2026-09-06 20:38:11,2026-09-06,20:38:11,2026-09-06 20:45:12,2026-09-06 20:45:28,15.25,2026-09-06 20:45:28,2026-09-06,20:45:28,2026-09-06 20:51:42,811.09
sun,42,흉가에 들어가면 안되는 이유,벽돌,834250,https://comic.naver.com/webtoon/list?titleId=834250&tab=sun,11864814,흉가에 들어가면 안되는 이유,흉가에 들어가면 안되는 이유 (총 85화/미완결),총 85화/미완결,85.0,미완결,,,https://series.naver.com/comic/detail.series?productNo=11864814,matched,ok,"흉가에 들어가면 안되는 이유 (총 85화/미완결)
평점
10.0 | 벽돌 벽돌 | 2026.06.06. | 총85화/미완결 | 80화 무료
밝은 세상은 어떤 모습일까?'이현'의 세상은 흉측한 귀신과 영혼이 남기고 간 검은 덩어리로 가득하다.평범한 삶을 살기위해 애써 그것들을 모른척하던 현의 앞에 흉가만 찾아다니는 이상한놈이 나타나는데... 위험천만한 그곳..",sun,1,sun,1,sat,sun,True,sun,일,sat,sun,11864814_sun,post_24h,어제 밤 10시 공개 이후 증가분 확인용 수집,145.4만,1454000.0,https://series.naver.com/comic/detail.series?productNo=11864814,20260906_203811,sun,일,2026-09-06 20:38:11,2026-09-06,20:38:11,2026-09-06 20:45:29,2026-09-06 20:45:31,2.32,2026-09-06 20:45:31,2026-09-06,20:45:31,2026-09-06 20:51:42,811.09
sun,43,아마도 무적불패,2Poet,834396,https://comic.naver.com/webtoon/list?titleId=834396&tab=sun,11861453,아마도 무적불패,아마도 무적불패 (총 71화/미완결),총 71화/미완결,71.0,미완결,,,https://series.naver.com/comic/detail.series?productNo=11861453,matched,ok,"아마도 무적불패 (총 71화/미완결)
평점
9.0 | 2POET | 2026.06.06. | 총71화/미완결 | 69화 무료
험악한 겉모습 때문에 '사파의 별'이라 불리던 삼류 무사 유혈.헛소문 때문에 억울한 나날을 보내던 중 과거, 미래를 약속했던 여인설화가 진짜배기 고수가 되어 그의 앞에 나타난다.설화를 시작으로 수많은 무림인들과 엮이며 ..",sun,1,sun,1,sat,sun,True,sun,일,sat,sun,11861453_sun,post_24h,어제 밤 10시 공개 이후 증가분 확인용 수집,147.9만,1479000.0,https://series.naver.com/comic/detail.series?productNo=11861453,20260906_203811,sun,일,2026-09-06 20:38:11,2026-09-06,20:38:11,2026-09-06 20:45:32,2026-09-06 20:45:34,2.49,2026-09-06 20:45:34,2026-09-06,20:45:34,2026-09-06 20:51:42,811.09
sun,93,살인예정자,유령아이,834765,https://comic.naver.com/webtoon/list?titleId=834765&tab=sun,12107996,살인예정자,살인예정자 (총 76화/미완결),총 76화/미완결,76.0,미완결,,,https://series.naver.com/comic/detail.series?productNo=12107996,matched,ok,"살인예정자 (총 76화/미완결)
평점
9.9 | 유령아이 바밤 | 2026.06.06. | 총76화/미완결 | 72화 무료
""네 숫자가 보인다. 네가 앞으로 몇 명을 죽일지가.""죽이기 전에 죽여버리면 살인은 일어나지 않는다.그 일념 하에 ‘살인예정자’들을 하나씩 처단해가는 연쇄살인마 넘버.살인을 통해 살인 없는 세상을 만들겠다는 그의 바람..",sun,1,sun,1,sat,sun,True,sun,일,sat,sun,12107996_sun,post_24h,어제 밤 10시 공개 이후 증가분 확인용 수집,23.7만,237000.0,https://series.naver.com/comic/detail.series?productNo=12107996,20260906_203811,sun,일,2026-09-06 20:38:11,2026-09-06,20:38:11,2026-09-06 20:45:35,2026-09-06 20:45:38,2.7,2026-09-06 20:45:38,2026-09-06,20:45:38,2026-09-06 20:51:42,811.09
sun,30,내 최애는 막차를 탄다,직씨,834896,https://comic.naver.com/webtoon/list?titleId=834896&tab=sun,11969557,내 최애는 막차를 탄다,내 최애는 막차를 탄다 (총 81화/미완결),총 81화/미완결,81.0,미완결,,,https://series.naver.com/comic/detail.series?productNo=11969557,matched,ok,"내 최애는 막차를 탄다 (총 81화/미완결)
평점
10.0 | 직씨 직씨 | 2026.06.06. | 총81화/미완결 | 75화 무료
“오늘도 막차에서 만난 그녀, 그녀와 말할 수 있다면!” 대학생 이여운은 늦게까지 일하고 매일 막차를 탄다. 그때마다 마주치는 기타를 멘 여자 신해인. 우연인 듯 인연인 듯 만나는 두 사람은 서로의 최애가 인디 뮤지션 “긴..",sun,1,sun,1,sat,sun,True,sun,일,sat,sun,11969557_sun,post_24h,어제 밤 10시 공개 이후 증가분 확인용 수집,395.1만,3951000.0,https://series.naver.com/comic/detail.series?productNo=11969557,20260906_203811,sun,일,2026-09-06 20:38:11,2026-09-06,20:38:11,2026-09-06 20:45:39,2026-09-06 20:45:41,2.2,2026-09-06 20:45:41,2026-09-06,20:45:41,2026-09-06 20:51:42,811.09
sun,86,빙의자 베네핏이 없음,곽나나,835066,https://comic.naver.com/webtoon/list?titleId=835066&tab=sun,11978980,빙의자 베네핏이 없음 [독점],빙의자 베네핏이 없음 [독점] (총 60화/미완결),총 60화/미완결,60.0,미완결,,,https://series.naver.com/comic/detail.series?productNo=11978980,matched,ok,"빙의자 베네핏이 없음 [독점] (총 60화/미완결)
평점
10.0 | 곽나나 설동원 | 2026.06.06. | 총60화/미완결 | 55화 무료
10년차 경력직 빙의자 아이리는 3년간 빚을 내며 마법을 배웠지만 처참한 마나 운용량으로 변변찮은 기술도 못 배우고 가문의 몰락과 함께 하녀로 전락한다.어느 날, 어린 도련님의 장난으로 대공가 지하 서고에 갇히게 된 아..",sun,1,sun,1,sat,sun,True,sun,일,sat,sun,11978980_sun,post_24h,어제 밤 10시 공개 이후 증가분 확인용 수집,48.4만,484000.0,https://series.naver.com/comic/detail.series?productNo=11978980,20260906_203811,sun,일,2026-09-06 20:38:11,2026-09-06,20:38:11,2026-09-06 20:45:42,2026-09-06 20:45:45,2.38,2026-09-06 20:45:45,2026-09-06,20:45:45,2026-09-06 20:51:42,811.09
sun,15,축구천재로 오해받는 중입니다,이보테,835119,https://comic.naver.com/webtoon/list?titleId=835119&tab=sun,12008958,축구천재로 오해받는 중입니다,축구천재로 오해받는 중입니다 (총 80화/미완결),총 80화/미완결,80.0,미완결,,,https://series.naver.com/comic/detail.series?productNo=12008958,matched,ok,"축구천재로 오해받는 중입니다 (총 80화/미완결)
평점
9.9 | 한명현,이보테 이보테 | 2026.06.06. | 총80화/미완결 | 74화 무료
이탈리아 명문 유스에서 방출당한 한국인 소년 ‘이지안’은도망치듯이 도착한 ‘AC 피렌체’ 유스에서도 후보로 지내며 허송세월을 보낸다.평소처럼 소꿉친구인 ‘김지우’에게 자신이 천재라며 허세를 부리는데지우가 이..",sun,1,sun,1,sat,sun,True,sun,일,sat,sun,12008958_sun,post_24h,어제 밤 10시 공개 이후 증가분 확인용 수집,781.6만,7816000.0,https://series.naver.com/comic/detail.series?productNo=12008958,20260906_203811,sun,일,2026-09-06 20:38:11,2026-09-06,20:38:11,2026-09-06 20:45:46,2026-09-06 20:45:48,2.15,2026-09-06 20:45:48,2026-09-06,20:45:48,2026-09-06 20:51:42,811.09
sun,65,던전짐꾼,나진수,835423,https://comic.naver.com/webtoon/list?titleId=835423&tab=sun,12060139,던전짐꾼,던전짐꾼 (총 80화/미완결),총 80화/미완결,80.0,미완결,,,https://series.naver.com/comic/detail.series?productNo=12060139,matched,ok,"던전짐꾼 (총 80화/미완결)
평점
9.9 | 나진수 나진수 | 2026.06.06. | 총80화/미완결 | 74화 무료
타고난 재능을 가진 자들만이 던전을 토벌하는 모험가가 될 수 있는 세계.세상은 '나기'를 모험가가 될 수 없는 짐꾼으로 규정했다.하지만 던전을 클리어 하면 그게 모험가잖아?전투 스킬 0! 생존 능력 만렙!운명을 거스르는 만..",sun,1,sun,1,sat,sun,True,sun,일,sat,sun,12060139_sun,post_24h,어제 밤 10시 공개 이후 증가분 확인용 수집,98.8만,988000.0,https://series.naver.com/comic/detail.series?productNo=12060139,20260906_203811,sun,일,2026-09-06 20:38:11,2026-09-06,20:38:11,2026-09-06 20:45:49,2026-09-06 20:45:51,2.3,2026-09-06 20:45:51,2026-09-06,20:45:51,2026-09-06 20:51:42,811.09
sun,29,고대동물기,고제형,835910,https://comic.naver.com/webtoon/list?titleId=835910&tab=sun,12229938,고대동물기,고대동물기 (총 72화/미완결),총 72화/미완결,72.0,미완결,,,https://series.naver.com/comic/detail.series?productNo=12229938,matched,ok,"고대동물기 (총 72화/미완결)
평점
9.7 | 고제형 고제형 | 2026.06.06. | 총72화/미완결 | 66화 무료
모든 생명은 무엇을 위해 살아가고, 무엇을 위해 죽어갈까?세상으로부터 버려진 채 늙어 죽어가는 티라노사우루스 한 마리. 그런 그에게 죽기 전에 이뤄야 할 꿈이 생겼다. 이 땅에 살고, 이 땅에 죽어간 생명들의 기묘하고도 ..",sun,1,sun,1,sat,sun,True,sun,일,sat,sun,12229938_sun,post_24h,어제 밤 10시 공개 이후 증가분 확인용 수집,194.2만,1942000.0,https://series.naver.com/comic/detail.series?productNo=12229938,20260906_203811,sun,일,2026-09-06 20:38:11,2026-09-06,20:38:11,2026-09-06 20:45:53,2026-09-06 20:45:55,2.11,2026-09-06 20:45:55,2026-09-06,20:45:55,2026-09-06 20:51:42,811.09
sun,52,두근두근 귀연시,동우,836426,https://comic.naver.com/webtoon/list?titleId=836426&tab=sun,12189364,두근두근 귀연시,두근두근 귀연시 (총 59화/미완결),총 59화/미완결,59.0,미완결,,,https://series.naver.com/comic/detail.series?productNo=12189364,matched,ok,"두근두근 귀연시 (총 59화/미완결)
평점
10.0 | 동우 동우 | 2026.06.06. | 총59화/미완결 | 54화 무료
반지하 월세방에서 게임 스트리머로서 생활을 이어가던 최도연.자신에게 많은 도움을 준 고향 선배이자 방송 선배인 삭제형에게한 게임 링크를 받게 되는데.별생각 없이 [두근두근 귀연시] 를 다운로드한 도연의 앞에보여선 ..",sun,1,sun,1,sat,sun,True,sun,일,sat,sun,12189364_sun,post_24h,어제 밤 10시 공개 이후 증가분 확인용 수집,209.7만,2097000.0,https://series.naver.com/comic/detail.series?productNo=12189364,20260906_203811,sun,일,2026-09-06 20:38:11,2026-09-06,20:38:11,2026-09-06 20:45:56,2026-09-06 20:45:58,2.01,2026-09-06 20:45:58,2026-09-06,20:45:58,2026-09-06 20:51:42,811.09
sun,100,우리의 공백,조예빈,836948,https://comic.naver.com/webtoon/list?titleId=836948&tab=sun,12254838,우리의 공백,우리의 공백 (총 40화/미완결),총 40화/미완결,40.0,미완결,,,https://series.naver.com/comic/detail.series?productNo=12254838,matched,ok,"우리의 공백 (총 40화/미완결)
평점
10.0 | 조예빈 | 2025.11.01. | 총40화/미완결 | 전화 무료
누군가 떠나는것이 두려워 회피형으로 자란 희진자신과 정반대의 모습이 된 소꿉친구 진환과 5년만에 재회한다외톨이 희진이와 화려한 친구들의 조심스럽고 소중한 사랑과 우정이야기",sun,1,sun,1,sat,sun,True,sun,일,sat,sun,12254838_sun,post_24h,어제 밤 10시 공개 이후 증가분 확인용 수집,11.5만,115000.0,https://series.naver.com/comic/detail.series?productNo=12254838,20260906_203811,sun,일,2026-09-06 20:38:11,2026-09-06,20:38:11,2026-09-06 20:45:59,2026-09-06 20:46:02,2.71,2026-09-06 20:46:02,2026-09-06,20:46:02,2026-09-06 20:51:42,811.09
sun,56,공정거래위원회,권오준,837139,https://comic.naver.com/webtoon/list?titleId=837139&tab=sun,12278159,공정거래위원회,공정거래위원회 (총 75화/미완결),총 75화/미완결,75.0,미완결,,,https://series.naver.com/comic/detail.series?productNo=12278159,matched,ok,"공정거래위원회 (총 75화/미완결)
평점
9.9 | 권오준 taibogi | 2026.06.06. | 총75화/미완결 | 65화 무료
하청업자는 내게 고마운 로봇들일 뿐이었다.그 로봇들을 쥐어짜는 건 너무나도 당연한 일.그러나 몸담았던 그룹에서 토사구팽을 당한 나는새로운 몸에서 눈을 뜨고서야 '로봇'들의 눈물을 보았다.죽음의 문턱에서 얻은 두 번째..",sun,1,sun,1,sat,sun,True,sun,일,sat,sun,12278159_sun,post_24h,어제 밤 10시 공개 이후 증가분 확인용 수집,89만,890000.0,https://series.naver.com/comic/detail.series?productNo=12278159,20260906_203811,sun,일,2026-09-06 20:38:11,2026-09-06,20:38:11,2026-09-06 20:46:03,2026-09-06 20:46:05,1.95,2026-09-06 20:46:05,2026-09-06,20:46:05,2026-09-06 20:51:42,811.09
sun,39,솔플의 제왕,봄 버스터즈,837506,https://comic.naver.com/webtoon/list?titleId=837506&tab=sun,12355220,솔플의 제왕,솔플의 제왕 (총 70화/미완결),총 70화/미완결,70.0,미완결,,,https://series.naver.com/comic/detail.series?productNo=12355220,matched,ok,"솔플의 제왕 (총 70화/미완결)
평점
9.8 | 석신, 디다트 은화26 | 2026.06.06. | 총70화/미완결 | 61화 무료
2035년 가상현실게임 워로드의 등장은 세상을 바꾸었다. 그 세상에서 자신의 운명도 바꾸고 싶었던 안재현. 하지만 인생을 바꾸기 위해 일생을 게임에 바친 대가는 믿었던 동료들의 배신, 그 배신으로 모든 걸 잃은 안재현, 그..",sun,1,sun,1,sat,sun,True,sun,일,sat,sun,12355220_sun,post_24h,어제 밤 10시 공개 이후 증가분 확인용 수집,182.6만,1826000.0,https://series.naver.com/comic/detail.series?productNo=12355220,20260906_203811,sun,일,2026-09-06 20:38:11,2026-09-06,20:38:11,2026-09-06 20:46:07,2026-09-06 20:46:09,1.85,2026-09-06 20:46:09,2026-09-06,20:46:09,2026-09-06 20:51:42,811.09
sun,44,마탑의 문제아들,샘미,837812,https://comic.naver.com/webtoon/list?titleId=837812&tab=sun,12401198,마탑의 문제아들,마탑의 문제아들 (총 45화/미완결),총 45화/미완결,45.0,미완결,"샘미, 제리엠 영명","평점 9.8 | 샘미, 제리엠 영명 | 2026.02.07. | 총45화/미완결 | 전화 무료",https://series.naver.com/comic/detail.series?productNo=12401198,matched,ok,"마탑의 문제아들 (총 45화/미완결)
평점
9.8 | 샘미, 제리엠 영명 | 2026.02.07. | 총45화/미완결 | 전화 무료
백탑의 마탑주 오스카 세이지와 백탑의 마법사들.인류의 미래를 위해 목숨을 비롯한 모든 것을 바쳤다.그로부터 20년 후.오스카 세이지가 다시 눈을 떴을 때, 창문에 비친 건 기초 마법밖에 쓰지 못하는 1레벨 마법사.그리고 4..",sun,1,sun,1,sat,sun,True,sun,일,sat,sun,12401198_sun,post_24h,어제 밤 10시 공개 이후 증가분 확인용 수집,138.1만,1381000.0,https://series.naver.com/comic/detail.series?productNo=12401198,20260906_203811,sun,일,2026-09-06 20:38:11,2026-09-06,20:38:11,2026-09-06 20:46:10,2026-09-06 20:46:12,2.62,2026-09-06 20:46:12,2026-09-06,20:46:12,2026-09-06 20:51:42,811.09
sun,48,원 앤 온리,임주이,838102,https://comic.naver.com/webtoon/list?titleId=838102&tab=sun,12448512,원 앤 온리,원 앤 온리 (총 49화/미완결),총 49화/미완결,49.0,미완결,,,https://series.naver.com/comic/detail.series?productNo=12448512,matched,ok,"원 앤 온리 (총 49화/미완결)
평점
10.0 | 로즈빈 임주이 | 2026.06.06. | 총49화/미완결 | 44화 무료
연주는 사랑했던 은성의 성공을 위해 그를 떠난 뒤,자신이 임신한 사실을 알게 된다.10년 후, 한별의 엄마가 된 연주는 스타일리스트로 일하며,자신이 참여할 영화의 주연이 은성임을 알게 되는데.한편, 은성은 가장 행복했던 ..",sun,1,sun,1,sat,sun,True,sun,일,sat,sun,12448512_sun,post_24h,어제 밤 10시 공개 이후 증가분 확인용 수집,229.4만,2294000.0,https://series.naver.com/comic/detail.series?productNo=12448512,20260906_203811,sun,일,2026-09-06 20:38:11,2026-09-06,20:38:11,2026-09-06 20:46:14,2026-09-06 20:46:17,2.76,2026-09-06 20:46:17,2026-09-06,20:46:17,2026-09-06 20:51:42,811.09
sun,34,레드셔츠,펀치킥,838553,https://comic.naver.com/webtoon/list?titleId=838553&tab=sun,12525552,레드셔츠,레드셔츠 (총 63화/미완결),총 63화/미완결,63.0,미완결,,,https://series.naver.com/comic/detail.series?productNo=12525552,matched,ok,"레드셔츠 (총 63화/미완결)
평점
9.8 | 펀치킥 펀치킥 | 2026.06.06. | 총63화/미완결 | 57화 무료
킬러 회사의 전설, 차시혁.사랑하는 여자를 만나 은퇴를 결심하지만, 회사는 그를 쉽게 놔줄 생각이 없었다.결국, 그의 모든 것을 앗아가기 시작하고, 차시혁은 다시 칼을 든다.복수가 시작되고, 거대한 조직 ‘네빌가’와의 전..",sun,1,sun,1,sat,sun,True,sun,일,sat,sun,12525552_sun,post_24h,어제 밤 10시 공개 이후 증가분 확인용 수집,331.2만,3312000.0,https://series.naver.com/comic/detail.series?productNo=12525552,20260906_203811,sun,일,2026-09-06 20:38:11,2026-09-06,20:38:11,2026-09-06 20:46:18,2026-09-06 20:46:20,2.46,2026-09-06 20:46:20,2026-09-06,20:46:20,2026-09-06 20:51:42,811.09
sun,41,서바이브,,838594,https://comic.naver.com/webtoon/list?titleId=838594&tab=sun,10375934,연금술 무인도 서바이브,연금술 무인도 서바이브 (총 42화/완결),총 42화/완결,42.0,완결,"호시 렌지,이구치 콘 호시 렌지","평점 9.9 | 호시 렌지,이구치 콘 호시 렌지 | 2025.02.24. | 총42화/완결 | 1화 무료",https://series.naver.com/comic/detail.series?productNo=10375934,matched,ok,"연금술 무인도 서바이브 (총 42화/완결)
평점
9.9 | 호시 렌지,이구치 콘 호시 렌지 | 2025.02.24. | 총42화/완결 | 1화 무료
항행 중 사고를 당한 연금술사 니코, 요리사 진, 포로남 셋이 표착한 곳은…… 지도에도 표시돼 있지 않은 무인도였다! 「무인도에서 처음으로 해야 할 일은?」, 「물 확보는 어떻게?」, 「식량 수집의 포인트는?」 살아남기 ..",sun,1,sun,1,sat,sun,True,sun,일,sat,sun,10375934_sun,post_24h,어제 밤 10시 공개 이후 증가분 확인용 수집,5.6천,5600.0,https://series.naver.com/comic/detail.series?productNo=10375934,20260906_203811,sun,일,2026-09-06 20:38:11,2026-09-06,20:38:11,2026-09-06 20:46:22,2026-09-06 20:46:24,2.64,2026-09-06 20:46:24,2026-09-06,20:46:24,2026-09-06 20:51:42,811.09
sun,64,모럴리스 스캔들,둥그라미,838705,https://comic.naver.com/webtoon/list?titleId=838705&tab=sun,12547698,모럴리스 스캔들,모럴리스 스캔들 (총 64화/미완결),총 64화/미완결,64.0,미완결,,,https://series.naver.com/comic/detail.series?productNo=12547698,matched,ok,"모럴리스 스캔들 (총 64화/미완결)
평점
9.9 | 둥그라미 여슬기 | 2026.06.06. | 총64화/미완결 | 59화 무료
모든 것을 앗아간 남편에게 복수하기 위해 로레나는 죽음을 택했다.그러나 기적처럼 과거로 돌아온 순간, 결심이 바뀌었다.이번 생은 다르게. 가족을 지키고, 남편을 짓밟기 위해. 방법은 단 하나, 추문 가득한 이혼.“들개가 필..",sun,1,sun,1,sat,sun,True,sun,일,sat,sun,12547698_sun,post_24h,어제 밤 10시 공개 이후 증가분 확인용 수집,155.1만,1551000.0,https://series.naver.com/comic/detail.series?productNo=12547698,20260906_203811,sun,일,2026-09-06 20:38:11,2026-09-06,20:38:11,2026-09-06 20:46:26,2026-09-06 20:46:28,2.34,2026-09-06 20:46:28,2026-09-06,20:46:28,2026-09-06 20:51:42,811.09
sun,102,고백대리,문조,838945,https://comic.naver.com/webtoon/list?titleId=838945&tab=sun,12571026,고백대리,고백대리 (총 46화/미완결),총 46화/미완결,46.0,미완결,문조 문조,평점 10.0 | 문조 문조 | 2026.08.29. | 총46화/미완결 | 41화 무료,https://series.naver.com/comic/detail.series?productNo=12571026,matched,ok,"고백대리 (총 46화/미완결)
평점
10.0 | 문조 문조 | 2026.08.29. | 총46화/미완결 | 41화 무료
“고백같은 거 하지 말았어야 했는데.”평범한 직장인 ‘은주’는 오랜 기간 짝사랑하던 같은 팀 사수에게 고백하려던 모습을 새로 들어온 후임 ‘이준’에게 들켜버리고 만다.오해를 풀고 싶은 은주는 오히려 자신이 고백을 ..",sun,1,sun,1,sat,sun,True,sun,일,sat,sun,12571026_sun,post_24h,어제 밤 10시 공개 이후 증가분 확인용 수집,31.2만,312000.0,https://series.naver.com/comic/detail.series?productNo=12571026,20260906_203811,sun,일,2026-09-06 20:38:11,2026-09-06,20:38:11,2026-09-06 20:46:30,2026-09-06 20:46:32,2.04,2026-09-06 20:46:32,2026-09-06,20:46:32,2026-09-06 20:51:42,811.09
sun,4,권왕환생,최진형,839568,https://comic.naver.com/webtoon/list?titleId=839568&tab=sun,12656274,권왕환생 [독점],권왕환생 [독점] (총 55화/미완결),총 55화/미완결,55.0,미완결,,,https://series.naver.com/comic/detail.series?productNo=12656274,matched,ok,"권왕환생 [독점] (총 55화/미완결)
평점
9.9 | 최진형, 유진성 도나스 | 2026.05.30. | 총55화/미완결 | 50화 무료
주먹 하나로 무림을 누빈 남자 단우성.갑작스레 마도에게 죽음을 맞이하고,돈 많은 은하상단의 대공자의 몸에서 다시 눈을 뜨다.“나는 은원에서 자유롭길 바라지 않아.은혜가 있으면 갚고, 원한이 있어도 갚아줘야지.”가진 것..",sun,1,sun,1,sat,sun,True,sun,일,sat,sun,12656274_sun,post_24h,어제 밤 10시 공개 이후 증가분 확인용 수집,681만,6810000.0,https://series.naver.com/comic/detail.series?productNo=12656274,20260906_203811,sun,일,2026-09-06 20:38:11,2026-09-06,20:38:11,2026-09-06 20:46:33,2026-09-06 20:46:35,1.92,2026-09-06 20:46:35,2026-09-06,20:46:35,2026-09-06 20:51:42,811.09
sun,70,심검의 용사,문도현,839585,https://comic.naver.com/webtoon/list?titleId=839585&tab=sun,12680961,심검의 용사,심검의 용사 (총 57화/미완결),총 57화/미완결,57.0,미완결,,,https://series.naver.com/comic/detail.series?productNo=12680961,matched,ok,"심검의 용사 (총 57화/미완결)
평점
9.9 | 문도현 문도현 | 2026.06.06. | 총57화/미완결 | 50화 무료
심검을 뽑을 수 있는 자들을 사람들은 '용사'라 부른다. 엘런은 용사가 되기 위해 여행을 떠나지만, 꿈꾸던 영웅의 실체는 잔혹한 살인 병기에 지나지 않았다. 엘런은 과연 현실을 이겨내고 진정한 용사가 될 수 있을 것인가?",sun,1,sun,1,sat,sun,True,sun,일,sat,sun,12680961_sun,post_24h,어제 밤 10시 공개 이후 증가분 확인용 수집,67.2만,672000.0,https://series.naver.com/comic/detail.series?productNo=12680961,20260906_203811,sun,일,2026-09-06 20:38:11,2026-09-06,20:38:11,2026-09-06 20:46:36,2026-09-06 20:46:38,2.01,2026-09-06 20:46:38,2026-09-06,20:46:38,2026-09-06 20:51:42,811.09
sun,51,빌런의 프로파일러,파스타 코인,839959,https://comic.naver.com/webtoon/list?titleId=839959&tab=sun,12723125,빌런의 프로파일러,빌런의 프로파일러 (총 53화/미완결),총 53화/미완결,53.0,미완결,,,https://series.naver.com/comic/detail.series?productNo=12723125,matched,ok,"빌런의 프로파일러 (총 53화/미완결)
평점
9.9 | 파스타 코인, 정용(正龍) 김진석 | 2026.06.06. | 총53화/미완결 | 49화 무료
심리를 꿰뚫는 분석, 프로파일링으로 악인을 처단하다. 살인자로부터 엄마를 잃고, 사고를 당한 아이 이신혁.여러 지식과 학습할 수 있는 신비한 공간에서 15년간 지식을 쌓은 뒤,한 달 만에 코마 상태에서 깨어나게 된다. 15년..",sun,1,sun,1,sat,sun,True,sun,일,sat,sun,12723125_sun,post_24h,어제 밤 10시 공개 이후 증가분 확인용 수집,90.8만,908000.0,https://series.naver.com/comic/detail.series?productNo=12723125,20260906_203811,sun,일,2026-09-06 20:38:11,2026-09-06,20:38:11,2026-09-06 20:46:39,2026-09-06 20:46:41,2.64,2026-09-06 20:46:41,2026-09-06,20:46:41,2026-09-06 20:51:42,811.09
sun,77,청춘정식,봄소희,839992,https://comic.naver.com/webtoon/list?titleId=839992&tab=sun,12727318,청춘정식,청춘정식 (총 53화/미완결),총 53화/미완결,53.0,미완결,,,https://series.naver.com/comic/detail.series?productNo=12727318,matched,ok,"청춘정식 (총 53화/미완결)
평점
9.8 | 봄소희 KYMA | 2026.05.31. | 총53화/미완결 | 50화 무료
매일 맛있는 끼니를 제공해야'만' 하는 게스트하우스.그곳을 갑작스럽게 혼자 운영해야 하는 대학생 하리.그러나 하리가 유일하게 못하는 건 요리?! 주방 직원 지원자는 0..;난감하던 찰나에 수상한 지원자가 왔다!<헤어지면 죽..",sun,1,sun,1,sat,sun,True,sun,일,sat,sun,12727318_sun,post_24h,어제 밤 10시 공개 이후 증가분 확인용 수집,46.9만,469000.0,https://series.naver.com/comic/detail.series?productNo=12727318,20260906_203811,sun,일,2026-09-06 20:38:11,2026-09-06,20:38:11,2026-09-06 20:46:43,2026-09-06 20:46:45,2.55,2026-09-06 20:46:45,2026-09-06,20:46:45,2026-09-06 20:51:42,811.09
sun,60,구운몽 제로,민송아,840163,https://comic.naver.com/webtoon/list?titleId=840163&tab=sun,12754950,구운몽 제로,구운몽 제로 (총 56화/미완결),총 56화/미완결,56.0,미완결,,,https://series.naver.com/comic/detail.series?productNo=12754950,matched,ok,"구운몽 제로 (총 56화/미완결)
평점
10.0 | 민송아 민송아 | 2026.06.06. | 총56화/미완결 | 51화 무료
현대 배경의 이세계로 소환된 대한민국 20살 '양소유'가 용을 잡고 다시 현실 세계로 돌아가기까지의 이야기.고전 구운몽..... 의 거의 이름만 빌려온 먼치킨/상태창 없는 현대액션판타지 만화.",sun,1,sun,1,sat,sun,True,sun,일,sat,sun,12754950_sun,post_24h,어제 밤 10시 공개 이후 증가분 확인용 수집,106.1만,1061000.0,https://series.naver.com/comic/detail.series?productNo=12754950,20260906_203811,sun,일,2026-09-06 20:38:11,2026-09-06,20:38:11,2026-09-06 20:46:47,2026-09-06 20:46:49,1.89,2026-09-06 20:46:49,2026-09-06,20:46:49,2026-09-06 20:51:42,811.09
sun,53,용사생활기록부,땅콩,840332,https://comic.naver.com/webtoon/list?titleId=840332&tab=sun,12786655,용사생활기록부,용사생활기록부 (총 54화/미완결),총 54화/미완결,54.0,미완결,,,https://series.naver.com/comic/detail.series?productNo=12786655,matched,ok,"용사생활기록부 (총 54화/미완결)
평점
10.0 | 땅콩 땅콩 | 2026.06.06. | 총54화/미완결 | 49화 무료
뒤앙밍크 소울...아니, 대한민국 서울의 어느 고등학교. 이곳에 용사와 마법사,엘프가 있다?!평범한 고등학생 '윤희원'과 예측불가능한 용사의 동료들이 펼치는 좌충우돌 대한민국 생존기!",sun,1,sun,1,sat,sun,True,sun,일,sat,sun,12786655_sun,post_24h,어제 밤 10시 공개 이후 증가분 확인용 수집,74.1만,741000.0,https://series.naver.com/comic/detail.series?productNo=12786655,20260906_203811,sun,일,2026-09-06 20:38:11,2026-09-06,20:38:11,2026-09-06 20:46:50,2026-09-06 20:46:52,2.11,2026-09-06 20:46:52,2026-09-06,20:46:52,2026-09-06 20:51:42,811.09
sun,6,태존비록,김꿀빨,840687,https://comic.naver.com/webtoon/list?titleId=840687&tab=sun,12845401,태존비록,태존비록 (총 50화/미완결),총 50화/미완결,50.0,미완결,,,https://series.naver.com/comic/detail.series?productNo=12845401,matched,ok,"태존비록 (총 50화/미완결)
평점
9.8 | 비가, 김꿀빨 레드훅 | 2026.05.30. | 총50화/미완결 | 46화 무료
『태존비록』천하의 겁난을 종식시킨 위대한 무인.광휘무존(光輝武尊) 위연호(魏衍澔).그는 군자(君子)였으며, 대인(大人)이었고, 대협(大俠)이었…….""그 인간, 그거 완전 인간 말종이거든.""차마 세상에 알릴 수 없는 진실.고금..",sun,1,sun,1,sat,sun,True,sun,일,sat,sun,12845401_sun,post_24h,어제 밤 10시 공개 이후 증가분 확인용 수집,557.1만,5571000.0,https://series.naver.com/comic/detail.series?productNo=12845401,20260906_203811,sun,일,2026-09-06 20:38:11,2026-09-06,20:38:11,2026-09-06 20:46:53,2026-09-06 20:46:55,1.79,2026-09-06 20:46:55,2026-09-06,20:46:55,2026-09-06 20:51:42,811.09
sun,76,첫 고백,희똑,840969,https://comic.naver.com/webtoon/list?titleId=840969&tab=sun,12908635,첫 고백,첫 고백 (총 52화/미완결),총 52화/미완결,52.0,미완결,,,https://series.naver.com/comic/detail.series?productNo=12908635,matched,ok,"첫 고백 (총 52화/미완결)
평점
10.0 | 호애, 희똑 희똑 | 2026.06.06. | 총52화/미완결 | 46화 무료
""너랑 자고 싶어""""...뭐?""""성지원이랑 하고 싶다고""20살이 되던 날.너랑 추억 한 점 남겨보려 밤을 보냈다.그렇게 10년 만에 재회한 주성현,여전히 잘생겼...""무이자 대출, 한도는 자유, 상환은 안 해도 그만.""""...뭐?""""계속해 줘, 동거..",sun,1,sun,1,sat,sun,True,sun,일,sat,sun,12908635_sun,post_24h,어제 밤 10시 공개 이후 증가분 확인용 수집,105.7만,1057000.0,https://series.naver.com/comic/detail.series?productNo=12908635,20260906_203811,sun,일,2026-09-06 20:38:11,2026-09-06,20:38:11,2026-09-06 20:46:57,2026-09-06 20:46:59,2.56,2026-09-06 20:46:59,2026-09-06,20:46:59,2026-09-06 20:51:42,811.09
sun,75,덤벙덤벙 내인생,덤덤,841876,https://comic.naver.com/webtoon/list?titleId=841876&tab=sun,13012047,덤벙덤벙 내인생,덤벙덤벙 내인생 (총 48화/미완결),총 48화/미완결,48.0,미완결,덤덤 덤덤,평점 10.0 | 덤덤 덤덤 | 2026.06.13. | 총48화/미완결 | 43화 무료,https://series.naver.com/comic/detail.series?productNo=13012047,matched,ok,"덤벙덤벙 내인생 (총 48화/미완결)
평점
10.0 | 덤덤 덤덤 | 2026.06.13. | 총48화/미완결 | 43화 무료
덤벙덤벙 어떻게든 살아가는 중인 ADHD어른이의 일상 극복기",sun,1,sun,1,sat,sun,True,sun,일,sat,sun,13012047_sun,post_24h,어제 밤 10시 공개 이후 증가분 확인용 수집,28.8만,288000.0,https://series.naver.com/comic/detail.series?productNo=13012047,20260906_203811,sun,일,2026-09-06 20:38:11,2026-09-06,20:38:11,2026-09-06 20:47:00,2026-09-06 20:47:03,2.75,2026-09-06 20:47:03,2026-09-06,20:47:03,2026-09-06 20:51:42,811.09
sun,50,숨쉬지마,린세,841941,https://comic.naver.com/webtoon/list?titleId=841941&tab=sun,13023760,숨쉬지마,숨쉬지마 (총 47화/미완결),총 47화/미완결,47.0,미완결,,,https://series.naver.com/comic/detail.series?productNo=13023760,matched,ok,"숨쉬지마 (총 47화/미완결)
평점
9.8 | 린세 드로잉창고 | 2026.06.06. | 총47화/미완결 | 42화 무료
불의의 사고로 꿈을 잃은 남자 주인공 수영은 여동생 희수와 함께 크루즈 여행을 떠난다.하지만 그곳엔 알 수 없는 바이러스가 퍼지게 되고, 사람의 머리를 가져가는 괴물이 사람들을 공격한다. 그 과정에서 주인공은 여동생과 ..",sun,1,sun,1,sat,sun,True,sun,일,sat,sun,13023760_sun,post_24h,어제 밤 10시 공개 이후 증가분 확인용 수집,78.4만,784000.0,https://series.naver.com/comic/detail.series?productNo=13023760,20260906_203811,sun,일,2026-09-06 20:38:11,2026-09-06,20:38:11,2026-09-06 20:47:05,2026-09-06 20:47:07,1.92,2026-09-06 20:47:07,2026-09-06,20:47:07,2026-09-06 20:51:42,811.09
fri,22,용사파티만화,칰타,842647,https://comic.naver.com/webtoon/list?titleId=842647&tab=fri,13101435,용사파티만화,용사파티만화 (총 129화/미완결),총 129화/미완결,129.0,미완결,,,https://series.naver.com/comic/detail.series?productNo=13101435,matched,ok,"용사파티만화 (총 129화/미완결)
평점
10.0 | 칰타 랴코 | 2026.06.06. | 총129화/미완결 | 119화 무료
흔해 빠진 이세계에 어딘가 나사 빠진 용사 파티가 나타났다!자칭 용사 꼬마 탱커 파밍, 음침 수인 마법사 해피, 겉과 속이 다른 변태 수녀 클레어, 생각보다 너무 비겁한 도적 김도적까지...쪼렙 모험가답지 않게 우연히 이런 저..","fri,sat,sun",3,"fri,sat,sun",3,"thu,fri,sat","fri,sat,sun",True,sun,일,sat,sun,13101435_sun,post_24h,어제 밤 10시 공개 이후 증가분 확인용 수집,189.5만,1895000.0,https://series.naver.com/comic/detail.series?productNo=13101435,20260906_203811,sun,일,2026-09-06 20:38:11,2026-09-06,20:38:11,2026-09-06 20:47:08,2026-09-06 20:47:10,2.33,2026-09-06 20:47:10,2026-09-06,20:47:10,2026-09-06 20:51:42,811.09
sun,73,연산군의 셰프로 살아남기,뉴로크 스튜디오,842674,https://comic.naver.com/webtoon/list?titleId=842674&tab=sun,13089785,연산군의 셰프로 살아남기,연산군의 셰프로 살아남기 (총 45화/미완결),총 45화/미완결,45.0,미완결,,,https://series.naver.com/comic/detail.series?productNo=13089785,matched,ok,"연산군의 셰프로 살아남기 (총 45화/미완결)
평점
9.8 | 박국재, 뉴로크 스튜디오 정오 | 2026.06.06. | 총45화/미완결 | 39화 무료
<연산군의 셰프로 살아남기: [폭군의 셰프 원작]>""이 요리가 대체 무엇이냐?""""…치킨이옵니다, 전하""조선 최고의 폭군, 치킨 맛에 눈뜨다?!한창 주목받던 프렌치 셰프, 연지영은 어느 날 의문의 사고로 조선에 떨어져 연산군의..",sun,1,sun,1,sat,sun,True,sun,일,sat,sun,13089785_sun,post_24h,어제 밤 10시 공개 이후 증가분 확인용 수집,51만,510000.0,https://series.naver.com/comic/detail.series?productNo=13089785,20260906_203811,sun,일,2026-09-06 20:38:11,2026-09-06,20:38:11,2026-09-06 20:47:11,2026-09-06 20:47:13,2.16,2026-09-06 20:47:13,2026-09-06,20:47:13,2026-09-06 20:51:42,811.09
sun,25,소녀바둑,큐띠뿅,842839,https://comic.naver.com/webtoon/list?titleId=842839&tab=sun,13129419,소녀바둑,소녀바둑 (총 42화/미완결),총 42화/미완결,42.0,미완결,,,https://series.naver.com/comic/detail.series?productNo=13129419,matched,ok,"소녀바둑 (총 42화/미완결)
평점
9.9 | 큐띠뿅 큐띠뿅 | 2026.06.06. | 총42화/미완결 | 37화 무료
바둑의 한 수는 바다 혹은 우주. 그 끝에는 무엇이 있을까?그 안에서 잃어버린 것을 찾는 소녀와 소년의 이야기.",sun,1,sun,1,sat,sun,True,sun,일,sat,sun,13129419_sun,post_24h,어제 밤 10시 공개 이후 증가분 확인용 수집,167.6만,1676000.0,https://series.naver.com/comic/detail.series?productNo=13129419,20260906_203811,sun,일,2026-09-06 20:38:11,2026-09-06,20:38:11,2026-09-06 20:47:15,2026-09-06 20:47:17,1.99,2026-09-06 20:47:17,2026-09-06,20:47:17,2026-09-06 20:51:42,811.09
sun,82,오리짱!,우영영,842892,https://comic.naver.com/webtoon/list?titleId=842892&tab=sun,13141810,오리짱!,오리짱! (총 42화/미완결),총 42화/미완결,42.0,미완결,,,https://series.naver.com/comic/detail.series?productNo=13141810,matched,ok,"오리짱! (총 42화/미완결)
평점
10.0 | 우영영 우영영 | 2026.06.06. | 총42화/미완결 | 37화 무료
길에서 지갑을 떨어트린 지우를 쫓아온 정체불명의 오리. 지우는 오리를 집에 들이게 되고, 새로운 집에 입성하게 된 오리는 빠르게 그들의 삶에 물들어간다. 그리고 벌어지는.. 오리방정 하루들!",sun,1,sun,1,sat,sun,True,sun,일,sat,sun,13141810_sun,post_24h,어제 밤 10시 공개 이후 증가분 확인용 수집,40.1만,401000.0,https://series.naver.com/comic/detail.series?productNo=13141810,20260906_203811,sun,일,2026-09-06 20:38:11,2026-09-06,20:38:11,2026-09-06 20:47:18,2026-09-06 20:47:21,2.53,2026-09-06 20:47:21,2026-09-06,20:47:21,2026-09-06 20:51:42,811.09
sun,96,사랑 안 해!,님니,843128,https://comic.naver.com/webtoon/list?titleId=843128&tab=sun,13177886,사랑 안 해!,사랑 안 해! (총 41화/미완결),총 41화/미완결,41.0,미완결,,,https://series.naver.com/comic/detail.series?productNo=13177886,matched,ok,"사랑 안 해! (총 41화/미완결)
평점
9.9 | 님니 | 2026.06.06. | 총41화/미완결 | 36화 무료
1970년대. 보육원에서 자란 '목련'은 고생 끝에 사랑하는 남편을 만나 행복한 나날을 보내지만, 남편이 친구와 바람피우는 현장을 목격한 후 사고로 죽게 된다. 시간이 흘러 '안혜서'로 환생한 목련은 이번 생에는 사랑 따위 하..",sun,1,sun,1,sat,sun,True,sun,일,sat,sun,13177886_sun,post_24h,어제 밤 10시 공개 이후 증가분 확인용 수집,33.7만,337000.0,https://series.naver.com/comic/detail.series?productNo=13177886,20260906_203811,sun,일,2026-09-06 20:38:11,2026-09-06,20:38:11,2026-09-06 20:47:22,2026-09-06 20:47:24,1.87,2026-09-06 20:47:24,2026-09-06,20:47:24,2026-09-06 20:51:42,811.09
sun,66,논 투아,나윤희,843754,https://comic.naver.com/webtoon/list?titleId=843754&tab=sun,13251198,논 투아,논 투아 (총 38화/미완결),총 38화/미완결,38.0,미완결,,,https://series.naver.com/comic/detail.series?productNo=13251198,matched,ok,"논 투아 (총 38화/미완결)
평점
9.9 | 나윤희 나윤희 | 2026.06.06. | 총38화/미완결 | 33화 무료
황제, 그리고 수천의 신을 섬기던 1세기의 로마 제국.그중 화로의 여신 베스타(Vesta)을 섬기는 신녀들이 있다.처녀신 베스타를 따라 그 자신도 사내와 통정하지 말아야 하며, 이를 어길 시 지하에 파묻혀 죽게 되리라.",sun,1,sun,1,sat,sun,True,sun,일,sat,sun,13251198_sun,post_24h,어제 밤 10시 공개 이후 증가분 확인용 수집,74.2만,742000.0,https://series.naver.com/comic/detail.series?productNo=13251198,20260906_203811,sun,일,2026-09-06 20:38:11,2026-09-06,20:38:11,2026-09-06 20:47:25,2026-09-06 20:47:28,2.5,2026-09-06 20:47:28,2026-09-06,20:47:28,2026-09-06 20:51:42,811.09
sun,46,괴물 천재선수들이 날 너무 좋아함,조약돌,843901,https://comic.naver.com/webtoon/list?titleId=843901&tab=sun,13268270,괴물 천재선수들이 날 너무 좋아함,괴물 천재선수들이 날 너무 좋아함 (총 35화/미완결),총 35화/미완결,35.0,미완결,,,https://series.naver.com/comic/detail.series?productNo=13268270,matched,ok,"괴물 천재선수들이 날 너무 좋아함 (총 35화/미완결)
평점
9.7 | 조약돌, 혜인태 조약돌 | 2026.06.07. | 총35화/미완결 | 32화 무료
유틸천재 야구선수, 에이스들의 사랑을 독식한다.",sun,1,sun,1,sat,sun,True,sun,일,sat,sun,13268270_sun,post_24h,어제 밤 10시 공개 이후 증가분 확인용 수집,163.1만,1631000.0,https://series.naver.com/comic/detail.series?productNo=13268270,20260906_203811,sun,일,2026-09-06 20:38:11,2026-09-06,20:38:11,2026-09-06 20:47:29,2026-09-06 20:47:31,2.24,2026-09-06 20:47:31,2026-09-06,20:47:31,2026-09-06 20:51:42,811.09
sun,28,"20 중반, 성공이란 무엇인가",김동훈,843922,https://comic.naver.com/webtoon/list?titleId=843922&tab=sun,13274467,"20 중반, 성공이란 무엇인가","20 중반, 성공이란 무엇인가 (총 39화/미완결)",총 39화/미완결,39.0,미완결,,,https://series.naver.com/comic/detail.series?productNo=13274467,matched,ok,"20 중반, 성공이란 무엇인가 (총 39화/미완결)
평점
9.2 | 김동훈 김동훈 | 2026.06.06. | 총39화/미완결 | 34화 무료
'솔직히 내가 성공 안 하면 누가 하냐?'자기 객관화 0%의 성공 집착남 동훈이의 이십춘기 성장통...",sun,1,sun,1,sat,sun,True,sun,일,sat,sun,13274467_sun,post_24h,어제 밤 10시 공개 이후 증가분 확인용 수집,135.8만,1358000.0,https://series.naver.com/comic/detail.series?productNo=13274467,20260906_203811,sun,일,2026-09-06 20:38:11,2026-09-06,20:38:11,2026-09-06 20:47:32,2026-09-06 20:47:34,2.17,2026-09-06 20:47:34,2026-09-06,20:47:34,2026-09-06 20:51:42,811.09
sun,101,마녀의 눈물은 독이 된다,샤냠,844240,https://comic.naver.com/webtoon/list?titleId=844240&tab=sun,13316539,마녀의 눈물은 독이 된다,마녀의 눈물은 독이 된다 (총 37화/미완결),총 37화/미완결,37.0,미완결,,,https://series.naver.com/comic/detail.series?productNo=13316539,matched,ok,"마녀의 눈물은 독이 된다 (총 37화/미완결)
평점
10.0 | 샤냠 소나 | 2026.06.06. | 총37화/미완결 | 32화 무료
백작 영애이자 영매의 능력이 있는 카트린. 어느 날 카트린은 사람의 죽음마저 맞히는 점술가 ‘라 누아르’가 사실은 사람들을 독살해 가며 점을 맞히고 있다는 사실과, ‘라 누아르’의 독을 이용해 자신과 아버지를 독살하..",sun,1,sun,1,sat,sun,True,sun,일,sat,sun,13316539_sun,post_24h,어제 밤 10시 공개 이후 증가분 확인용 수집,8.2만,82000.0,https://series.naver.com/comic/detail.series?productNo=13316539,20260906_203811,sun,일,2026-09-06 20:38:11,2026-09-06,20:38:11,2026-09-06 20:47:36,2026-09-06 20:47:38,2.21,2026-09-06 20:47:38,2026-09-06,20:47:38,2026-09-06 20:51:42,811.09
sun,26,해시태그는 첫사랑,KAN,844730,https://comic.naver.com/webtoon/list?titleId=844730&tab=sun,13367561,해시태그는 첫사랑,해시태그는 첫사랑 (총 33화/미완결),총 33화/미완결,33.0,미완결,,,https://series.naver.com/comic/detail.series?productNo=13367561,matched,ok,"해시태그는 첫사랑 (총 33화/미완결)
평점
10.0 | KAN KAN | 2026.06.06. | 총33화/미완결 | 29화 무료
사람들의 진심이 ‘해시태그’로 보이게 된 전교 1등 연이솔. 그런데 첫사랑 성신우가 자신에게 ‘#첫사랑이었던_쓰레기’라는 태그를 달았다?! 이유도 모른 채 버림받았던 상처가 되살아나고, 이솔은 신우를 싫어하는 백설..",sun,1,sun,1,sat,sun,True,sun,일,sat,sun,13367561_sun,post_24h,어제 밤 10시 공개 이후 증가분 확인용 수집,296.7만,2967000.0,https://series.naver.com/comic/detail.series?productNo=13367561,20260906_203811,sun,일,2026-09-06 20:38:11,2026-09-06,20:38:11,2026-09-06 20:47:39,2026-09-06 20:47:42,2.3,2026-09-06 20:47:42,2026-09-06,20:47:42,2026-09-06 20:51:42,811.09
sun,33,양아치의 첫사랑,치치,844812,https://comic.naver.com/webtoon/list?titleId=844812&tab=sun,13382752,양아치의 첫사랑,양아치의 첫사랑 (총 33화/미완결),총 33화/미완결,33.0,미완결,,,https://series.naver.com/comic/detail.series?productNo=13382752,matched,ok,"양아치의 첫사랑 (총 33화/미완결)
평점
10.0 | 치치 치치 | 2026.06.06. | 총33화/미완결 | 28화 무료
‘그 시절, 내가 좋아한 양아치 남자애도 날 좋아했었다.’도래는 대학에서 5년 만에 첫사랑 해원을 마주친다. 그리고 뒤늦은 고백을 받는데.. 기쁜 마음보다는 당황스럽기만 하다.그에게는 여자친구가 있었기에! 제정신 아닌 ..",sun,1,sun,1,sat,sun,True,sun,일,sat,sun,13382752_sun,post_24h,어제 밤 10시 공개 이후 증가분 확인용 수집,216.2만,2162000.0,https://series.naver.com/comic/detail.series?productNo=13382752,20260906_203811,sun,일,2026-09-06 20:38:11,2026-09-06,20:38:11,2026-09-06 20:47:43,2026-09-06 20:47:45,1.86,2026-09-06 20:47:45,2026-09-06,20:47:45,2026-09-06 20:51:42,811.09
sun,62,고덕춘의 푸드트럭,포포,844982,https://comic.naver.com/webtoon/list?titleId=844982&tab=sun,13407372,고덕춘의 푸드트럭,고덕춘의 푸드트럭 (총 36화/미완결),총 36화/미완결,36.0,미완결,,,https://series.naver.com/comic/detail.series?productNo=13407372,matched,ok,"고덕춘의 푸드트럭 (총 36화/미완결)
평점
9.9 | 포포 | 2026.06.06. | 총36화/미완결 | 29화 무료
돌아가신 덕춘 삼촌의 푸드트럭을 물려받은 준호. ‘고덕춘’의 이름을 전국에 알리기 위해 여행하며 요리한다. 재벌 2세 세희를 시작으로, 각 지역의 사연 있는 여자들과 얽히게 되는 준호!모두 그에게 마음을 빼앗기지만, 정..",sun,1,sun,1,sat,sun,True,sun,일,sat,sun,13407372_sun,post_24h,어제 밤 10시 공개 이후 증가분 확인용 수집,88.7만,887000.0,https://series.naver.com/comic/detail.series?productNo=13407372,20260906_203811,sun,일,2026-09-06 20:38:11,2026-09-06,20:38:11,2026-09-06 20:47:46,2026-09-06 20:47:49,2.62,2026-09-06 20:47:49,2026-09-06,20:47:49,2026-09-06 20:51:42,811.09
sun,99,방문을 열면 그곳엔 괴물,긴편지,845387,https://comic.naver.com/webtoon/list?titleId=845387&tab=sun,13468800,방문을 열면 그곳엔 괴물,방문을 열면 그곳엔 괴물 (총 20화/미완결),총 20화/미완결,20.0,미완결,긴편지 긴편지,평점 9.8 | 긴편지 긴편지 | 2026.08.15. | 총20화/미완결 | 16화 무료,https://series.naver.com/comic/detail.series?productNo=13468800,matched,ok,"방문을 열면 그곳엔 괴물 (총 20화/미완결)
평점
9.8 | 긴편지 긴편지 | 2026.08.15. | 총20화/미완결 | 16화 무료
모경은 의문의 누군가에게 택배를 받는다.안에는 장검이 한 자루.’곧 쓸 일이 생길 테니 준비하라‘는 문자도 받는다.며칠 후, 집 안에 ’문‘이 생기고 기이한 능력을 쓰는 침입자들이 ’그놈 핏줄‘을 찾는다며 엄마를 납치..",sun,1,sun,1,sat,sun,True,sun,일,sat,sun,13468800_sun,post_24h,어제 밤 10시 공개 이후 증가분 확인용 수집,3.3만,33000.0,https://series.naver.com/comic/detail.series?productNo=13468800,20260906_203811,sun,일,2026-09-06 20:38:11,2026-09-06,20:38:11,2026-09-06 20:47:50,2026-09-06 20:47:53,2.7,2026-09-06 20:47:53,2026-09-06,20:47:53,2026-09-06 20:51:42,811.09
sun,14,하남자의 탑 공략법,표표,845508,https://comic.naver.com/webtoon/list?titleId=845508&tab=sun,13497877,하남자의 탑 공략법 [독점],하남자의 탑 공략법 [독점] (총 32화/미완결),총 32화/미완결,32.0,미완결,,,https://series.naver.com/comic/detail.series?productNo=13497877,matched,ok,"하남자의 탑 공략법 [독점] (총 32화/미완결)
평점
9.9 | 표표, 꾸찌꾸찌 플랜에이 | 2026.06.06. | 총32화/미완결 | 26화 무료
어느 날 지구 곳곳에 정체불명의 검은 탑이 솟아오르며, 극소수 인류의 각성이 시작된다.하지만 겁 많고 소심한 하남자 봉주혁과는 인연 없는 일일뿐.오늘도 알바로 고생한 몸뚱이에 라면 한 입 넣어주려는데…[봉주혁님은 각..",sun,1,sun,1,sat,sun,True,sun,일,sat,sun,13497877_sun,post_24h,어제 밤 10시 공개 이후 증가분 확인용 수집,352.8만,3528000.0,https://series.naver.com/comic/detail.series?productNo=13497877,20260906_203811,sun,일,2026-09-06 20:38:11,2026-09-06,20:38:11,2026-09-06 20:47:55,2026-09-06 20:47:57,2.18,2026-09-06 20:47:57,2026-09-06,20:47:57,2026-09-06 20:51:42,811.09
thu,106,수사중 연애금지!,이재홍,846335,https://comic.naver.com/webtoon/list?titleId=846335&tab=thu,13585933,수사중 연애금지!,수사중 연애금지! (총 53화/미완결),총 53화/미완결,53.0,미완결,,,https://series.naver.com/comic/detail.series?productNo=13585933,matched,ok,"수사중 연애금지! (총 53화/미완결)
평점
10.0 | 이재홍 | 2026.06.06. | 총53화/미완결 | 44화 무료
밝고 유쾌한 막내 형사 차연진. 냉혹한 조폭 보스 안태하를 붙잡아야 한다.긴장과 코믹 속에서, 미묘하게 흔들리는 두 사람의 예측 불가 로맨스!","thu,sun",2,"thu,sun",2,"wed,sat","thu,sun",True,sun,일,sat,sun,13585933_sun,post_24h,어제 밤 10시 공개 이후 증가분 확인용 수집,4.9만,49000.0,https://series.naver.com/comic/detail.series?productNo=13585933,20260906_203811,sun,일,2026-09-06 20:38:11,2026-09-06,20:38:11,2026-09-06 20:47:58,2026-09-06 20:48:00,2.35,2026-09-06 20:48:00,2026-09-06,20:48:00,2026-09-06 20:51:42,811.09
sun,16,세상에 나쁜 영애는 없다,신희빈,846779,https://comic.naver.com/webtoon/list?titleId=846779&tab=sun,13634266,세상에 나쁜 영애는 없다,세상에 나쁜 영애는 없다 (총 28화/미완결),총 28화/미완결,28.0,미완결,,,https://series.naver.com/comic/detail.series?productNo=13634266,matched,ok,"세상에 나쁜 영애는 없다 (총 28화/미완결)
평점
9.9 | 코리타, 신희빈 팀 핑크샥 | 2026.06.06. | 총28화/미완결 | 20화 무료
귀족 영애라는 족속들은 싸가지가 없거나, 머리에 꽃밭밖에 없다.그런 말이 무성하던 시대에도, 그녀들을 가르치는 사람이 있었으니,평민 ‘데릭’은 마법 재능을 깨닫고 용병으로 활약하던 중,어느 날 귀족 영애들의 마법 교..",sun,1,sun,1,sat,sun,True,sun,일,sat,sun,13634266_sun,post_24h,어제 밤 10시 공개 이후 증가분 확인용 수집,305.1만,3051000.0,https://series.naver.com/comic/detail.series?productNo=13634266,20260906_203811,sun,일,2026-09-06 20:38:11,2026-09-06,20:38:11,2026-09-06 20:48:02,2026-09-06 20:48:04,1.85,2026-09-06 20:48:04,2026-09-06,20:48:04,2026-09-06 20:51:42,811.09
sun,63,사이코패스 흑막과 파혼하는 50가지 방법,무지,847615,https://comic.naver.com/webtoon/list?titleId=847615&tab=sun,13718245,사이코패스 흑막과 파혼하는 50가지 방법,사이코패스 흑막과 파혼하는 50가지 방법 (총 21화/미완결),총 21화/미완결,21.0,미완결,,,https://series.naver.com/comic/detail.series?productNo=13718245,matched,ok,"사이코패스 흑막과 파혼하는 50가지 방법 (총 21화/미완결)
평점
10.0 | 무지 SOON | 2026.06.06. | 총21화/미완결 | 16화 무료
평생 가족과 약혼자에게 순종하며 살아오던 엑스트라, 이벨린 플로렌스.약혼자의 바람을 목격하고 생전 처음으로 술에 진탕 취해 잠들었는데...원작 속 사이코패스 흑막 하르데온 공작 옆에서 눈을 떠버렸다.계약 결혼 동의서에..",sun,1,sun,1,sat,sun,True,sun,일,sat,sun,13718245_sun,post_24h,어제 밤 10시 공개 이후 증가분 확인용 수집,71.1만,711000.0,https://series.naver.com/comic/detail.series?productNo=13718245,20260906_203811,sun,일,2026-09-06 20:38:11,2026-09-06,20:38:11,2026-09-06 20:48:05,2026-09-06 20:48:07,2.29,2026-09-06 20:48:07,2026-09-06,20:48:07,2026-09-06 20:51:42,811.09
sun,47,화스트 페이스,,847905,https://comic.naver.com/webtoon/list?titleId=847905&tab=sun,13750354,화스트 페이스,화스트 페이스 (총 24화/미완결),총 24화/미완결,24.0,미완결,NO_Teamkill NO_Teamkill,평점 9.9 | NO_Teamkill NO_Teamkill | 2026.06.13. | 총24화/미완결 | 20화 무료,https://series.naver.com/comic/detail.series?productNo=13750354,review_needed,not_found,"화스트 페이스 (총 24화/미완결)
평점
9.9 | NO_Teamkill NO_Teamkill | 2026.06.13. | 총24화/미완결 | 20화 무료
화스트 페이스! 상황 발생! 상황 발생!현재 적 대규모 도발로 인해 준전시상태 돌입!전 병력 전투 장비 구비하고 즉각 출동 준비할 수 있도록!제1부 화스트페이스!제2부 20XX년 XX월 XX일 21시44분!제3부 발령권자 군단장!..",sun,1,sun,1,sat,sun,True,sun,일,sat,sun,13750354_sun,post_24h,어제 밤 10시 공개 이후 증가분 확인용 수집,,,https://nid.naver.com/nidlogin.login?svctype=128&a_version=2&viewtype=1&url=http%3A%2F%2Fseries.naver.com%2Fcomic%2Fdetail.series%3FproductNo%3D13750354&surl=https%3A%2F%2Fseries.naver.com,20260906_203811,sun,일,2026-09-06 20:38:11,2026-09-06,20:38:11,2026-09-06 20:48:08,2026-09-06 20:48:25,16.77,2026-09-06 20:48:25,2026-09-06,20:48:25,2026-09-06 20:51:42,811.09
sun,2,범죄도시0,박태준,848000,https://comic.naver.com/webtoon/list?titleId=848000&tab=sun,13753391,범죄도시0,범죄도시0 (총 22화/미완결),총 22화/미완결,22.0,미완결,,,https://series.naver.com/comic/detail.series?productNo=13753391,matched,ok,"범죄도시0 (총 22화/미완결)
평점
9.5 | 박태준 정종택 | 2026.06.06. | 총22화/미완결 | 17화 무료
통쾌하게 싹 쓸어버린다!괴물형사 마석도의 초보 시절!최악,최강의 조폭을 소탕하기 위한 은밀한 작전이 시작된다. 영화 <범죄도시> 시리즈의 공식 프리퀄 웹툰",sun,1,sun,1,sat,sun,True,sun,일,sat,sun,13753391_sun,post_24h,어제 밤 10시 공개 이후 증가분 확인용 수집,420.5만,4205000.0,https://series.naver.com/comic/detail.series?productNo=13753391,20260906_203811,sun,일,2026-09-06 20:38:11,2026-09-06,20:38:11,2026-09-06 20:48:26,2026-09-06 20:48:30,3.77,2026-09-06 20:48:30,2026-09-06,20:48:30,2026-09-06 20:51:42,811.09
sun,23,부활소년,류,848075,https://comic.naver.com/webtoon/list?titleId=848075&tab=sun,13766310,부활소년,부활소년 (총 25화/미완결),총 25화/미완결,25.0,미완결,,,https://series.naver.com/comic/detail.series?productNo=13766310,matched,ok,"부활소년 (총 25화/미완결)
평점
9.7 | 류 류 | 2026.06.06. | 총25화/미완결 | 20화 무료
부활의 심장을 가진 소년.수백 번의 죽음도 그를 죽이지 못한다.평생 그와 친구들의 능력을 억압한 연구소,지오는 그곳을 향해 움직인다",sun,1,sun,1,sat,sun,True,sun,일,sat,sun,13766310_sun,post_24h,어제 밤 10시 공개 이후 증가분 확인용 수집,190.7만,1907000.0,https://series.naver.com/comic/detail.series?productNo=13766310,20260906_203811,sun,일,2026-09-06 20:38:11,2026-09-06,20:38:11,2026-09-06 20:48:31,2026-09-06 20:48:33,2.07,2026-09-06 20:48:33,2026-09-06,20:48:33,2026-09-06 20:51:42,811.09
sun,98,미스테리 쇼크,하랑,848103,https://comic.naver.com/webtoon/list?titleId=848103&tab=sun,13772064,미스테리 쇼크,미스테리 쇼크 (총 23화/미완결),총 23화/미완결,23.0,미완결,,,https://series.naver.com/comic/detail.series?productNo=13772064,matched,ok,"미스테리 쇼크 (총 23화/미완결)
평점
10.0 | 하랑 하랑 | 2026.06.06. | 총23화/미완결 | 18화 무료
가정폭력을 겪고 있는 진주, 의존적인 성격으로 학교생활도 겉돈다.그런 진주에게 한시연이란 친구가 생기고 둘은 웹소설을 매개로 엄청 친해진다.하지만 시간이 갈수록 진주의 의존적인 성격에 힘들어진 시연은 진주에게 상..",sun,1,sun,1,sat,sun,True,sun,일,sat,sun,13772064_sun,post_24h,어제 밤 10시 공개 이후 증가분 확인용 수집,3.6만,36000.0,https://series.naver.com/comic/detail.series?productNo=13772064,20260906_203811,sun,일,2026-09-06 20:38:11,2026-09-06,20:38:11,2026-09-06 20:48:35,2026-09-06 20:48:37,2.49,2026-09-06 20:48:37,2026-09-06,20:48:37,2026-09-06 20:51:42,811.09
sun,91,그 애의 교환일기,흑빼,848297,https://comic.naver.com/webtoon/list?titleId=848297&tab=sun,13781464,그 애의 교환일기,그 애의 교환일기 (총 19화/미완결),총 19화/미완결,19.0,미완결,,,https://series.naver.com/comic/detail.series?productNo=13781464,matched,ok,"그 애의 교환일기 (총 19화/미완결)
평점
9.7 | 흑빼 흑빼 | 2026.06.06. | 총19화/미완결 | 14화 무료
고등학교에 입학한 심민진. 그런 민진에게 다가온 백가이와 금호양.과거 왕따였던 민진에게 둘은 친구가 되어주었고, 함께 [교환일기]를 작성한다. 그렇게 즐겁게 일기를 쓰던 어느 날, 가이가 시체로 발견되었다.민진이 슬퍼하..",sun,1,sun,1,sat,sun,True,sun,일,sat,sun,13781464_sun,post_24h,어제 밤 10시 공개 이후 증가분 확인용 수집,19.1만,191000.0,https://series.naver.com/comic/detail.series?productNo=13781464,20260906_203811,sun,일,2026-09-06 20:38:11,2026-09-06,20:38:11,2026-09-06 20:48:38,2026-09-06 20:48:40,1.92,2026-09-06 20:48:40,2026-09-06,20:48:40,2026-09-06 20:51:42,811.09
sun,95,구제는 없다,우시목,849026,https://comic.naver.com/webtoon/list?titleId=849026&tab=sun,13888032,구제는 없다 [독점],구제는 없다 [독점] (총 18화/미완결),총 18화/미완결,18.0,미완결,,,https://series.naver.com/comic/detail.series?productNo=13888032,matched,ok,"구제는 없다 [독점] (총 18화/미완결)
평점
10.0 | 우시목 티오비 | 2026.06.06. | 총18화/미완결 | 12화 무료
전국을 뒤흔든 '범죄와의 전쟁'이 끝난 뒤...검사 주상우는 죄수 박도윤을 사냥개로 삼아,법과 범죄의 경계가 무너진 싸움터로 뛰어든다.혼돈의 틈에서 시작된 검사와 죄수의 위험한 공조.두 남자의 위험한 사냥이 시작된다.",sun,1,sun,1,sat,sun,True,sun,일,sat,sun,13888032_sun,post_24h,어제 밤 10시 공개 이후 증가분 확인용 수집,9.9만,99000.0,https://series.naver.com/comic/detail.series?productNo=13888032,20260906_203811,sun,일,2026-09-06 20:38:11,2026-09-06,20:38:11,2026-09-06 20:48:41,2026-09-06 20:48:43,1.92,2026-09-06 20:48:43,2026-09-06,20:48:43,2026-09-06 20:51:42,811.09
sun,21,너만 보인단 말이야,채군,849279,https://comic.naver.com/webtoon/list?titleId=849279&tab=sun,13939347,너만 보인단 말이야,너만 보인단 말이야 (총 15화/미완결),총 15화/미완결,15.0,미완결,,,https://series.naver.com/comic/detail.series?productNo=13939347,matched,ok,"너만 보인단 말이야 (총 15화/미완결)
평점
10.0 | 채군 닷지 | 2026.06.06. | 총15화/미완결 | 10화 무료
'여자 보기를 돌 같이 하라'라는 상상친구 제이슨의 조언에 따라 모든 여자를 돌로 보기 시작한 박진용.하지만 그의 앞에 돌로 보이지 않는 여학생 선우가 나타나고, 5년 만에 보는 여자 얼굴에 진용이의 행복 회로가 돌아가는..",sun,1,sun,1,sat,sun,True,sun,일,sat,sun,13939347_sun,post_24h,어제 밤 10시 공개 이후 증가분 확인용 수집,132.6만,1326000.0,https://series.naver.com/comic/detail.series?productNo=13939347,20260906_203811,sun,일,2026-09-06 20:38:11,2026-09-06,20:38:11,2026-09-06 20:48:45,2026-09-06 20:48:47,2.42,2026-09-06 20:48:47,2026-09-06,20:48:47,2026-09-06 20:51:42,811.09
sun,103,챗윗미,조니조,849349,https://comic.naver.com/webtoon/list?titleId=849349&tab=sun,13984130,챗윗미,챗윗미 (총 14화/미완결),총 14화/미완결,14.0,미완결,,,https://series.naver.com/comic/detail.series?productNo=13984130,matched,ok,"챗윗미 (총 14화/미완결)
평점
10.0 | 조니조 | 2026.06.06. | 총14화/미완결 | 9화 무료
미대생 ‘수연’은 늦은 새벽 실습실에서 같은 과 동기 ‘유신’의 비밀을 목격한다.“너… 로보트였어?” 유신은 수연의 머리에 전기 충격을 가하려다 실패하고, 수연은 그대로 기절해버린다.그날 밤, 유신의 집에 끌려간 수..",sun,1,sun,1,sat,sun,True,sun,일,sat,sun,13984130_sun,post_24h,어제 밤 10시 공개 이후 증가분 확인용 수집,5.5만,55000.0,https://series.naver.com/comic/detail.series?productNo=13984130,20260906_203811,sun,일,2026-09-06 20:38:11,2026-09-06,20:38:11,2026-09-06 20:48:48,2026-09-06 20:48:51,2.66,2026-09-06 20:48:51,2026-09-06,20:48:51,2026-09-06 20:51:42,811.09
sun,9,모든걸 기억하는 천재무사,Omin,849611,https://comic.naver.com/webtoon/list?titleId=849611&tab=sun,13998411,모든걸 기억하는 천재무사,모든걸 기억하는 천재무사 (총 12화/미완결),총 12화/미완결,12.0,미완결,,,https://series.naver.com/comic/detail.series?productNo=13998411,matched,ok,"모든걸 기억하는 천재무사 (총 12화/미완결)
평점
9.6 | Omin, 적설목 모기향 | 2026.06.06. | 총12화/미완결 | 7화 무료
모든걸 기억하는 삼류무사 진소운. 30년 전 마교가 재림하기 전으로 회귀하다.과거로 돌아온 사실이, 딱히 날더러 세상을 구하라는 신호로는 보이진 않는다.‘그랬다면 최소한 뭔가 특별한 능력을 주거나 장삼봉 조사의 영혼 ..",sun,1,sun,1,sat,sun,True,sun,일,sat,sun,13998411_sun,post_24h,어제 밤 10시 공개 이후 증가분 확인용 수집,311.3만,3113000.0,https://series.naver.com/comic/detail.series?productNo=13998411,20260906_203811,sun,일,2026-09-06 20:38:11,2026-09-06,20:38:11,2026-09-06 20:48:52,2026-09-06 20:48:54,2.1,2026-09-06 20:48:54,2026-09-06,20:48:54,2026-09-06 20:51:42,811.09
sun,94,악마 임시 보호 중!,원원,849730,https://comic.naver.com/webtoon/list?titleId=849730&tab=sun,13984021,악마 임시 보호 중! [독점],악마 임시 보호 중! [독점] (총 13화/미완결),총 13화/미완결,13.0,미완결,,,https://series.naver.com/comic/detail.series?productNo=13984021,matched,ok,"악마 임시 보호 중! [독점] (총 13화/미완결)
평점
9.9 | 원원 | 2026.06.06. | 총13화/미완결 | 8화 무료
[길에서 만난 어린 악마의 뒷바라지를 하게 된 단우의 좌충우돌 동거 생활! 과연 그는 무사히 평범한 일상으로 돌아갈 수 있을까..!]평범한 대학생 류단우는길에서 만난 어린 악마에게 간택(?)당해 버린다.악마는 자취방에 멋대..",sun,1,sun,1,sat,sun,True,sun,일,sat,sun,13984021_sun,post_24h,어제 밤 10시 공개 이후 증가분 확인용 수집,8.1만,81000.0,https://series.naver.com/comic/detail.series?productNo=13984021,20260906_203811,sun,일,2026-09-06 20:38:11,2026-09-06,20:38:11,2026-09-06 20:48:56,2026-09-06 20:48:58,2.42,2026-09-06 20:48:58,2026-09-06,20:48:58,2026-09-06 20:51:42,811.09
sun,38,아리도록,잔디롤빵,849736,https://comic.naver.com/webtoon/list?titleId=849736&tab=sun,14024712,아리도록,아리도록 (총 12화/미완결),총 12화/미완결,12.0,미완결,,,https://series.naver.com/comic/detail.series?productNo=14024712,matched,ok,"아리도록 (총 12화/미완결)
평점
10.0 | 잔디롤빵 잔디롤빵 | 2026.06.06. | 총12화/미완결 | 7화 무료
5년 만에 다시 만난 첫사랑, 주아린.그 애는 왜 이렇게 변해버린 걸까?",sun,1,sun,1,sat,sun,True,sun,일,sat,sun,14024712_sun,post_24h,어제 밤 10시 공개 이후 증가분 확인용 수집,114.5만,1145000.0,https://series.naver.com/comic/detail.series?productNo=14024712,20260906_203811,sun,일,2026-09-06 20:38:11,2026-09-06,20:38:11,2026-09-06 20:49:00,2026-09-06 20:49:02,2.6,2026-09-06 20:49:02,2026-09-06,20:49:02,2026-09-06 20:51:42,811.09
sun,72,과학고 사변,고태린,849907,https://comic.naver.com/webtoon/list?titleId=849907&tab=sun,14051881,과학고 사변,과학고 사변 (총 13화/미완결),총 13화/미완결,13.0,미완결,,,https://series.naver.com/comic/detail.series?productNo=14051881,matched,ok,"과학고 사변 (총 13화/미완결)
평점
9.8 | 고태린 고태린 | 2026.06.07. | 총13화/미완결 | 8화 무료
과학고 입학과 동시에 꼴찌로 처박힌 최흰.광기와 기묘함이 득시글거리는 과학고에서, 그녀는 과연 자신의 재능을 찾아 살아남을 수 있을 것인가!",sun,1,sun,1,sat,sun,True,sun,일,sat,sun,14051881_sun,post_24h,어제 밤 10시 공개 이후 증가분 확인용 수집,20.9만,209000.0,https://series.naver.com/comic/detail.series?productNo=14051881,20260906_203811,sun,일,2026-09-06 20:38:11,2026-09-06,20:38:11,2026-09-06 20:49:04,2026-09-06 20:49:06,2.66,2026-09-06 20:49:06,2026-09-06,20:49:06,2026-09-06 20:51:42,811.09
sun,12,시루/24/1km,,850068,https://comic.naver.com/webtoon/list?titleId=850068&tab=sun,14081030,19금 시루/24/1km,19금 시루/24/1km (총 12화/미완결),총 12화/미완결,12.0,미완결,6M 941,평점 10.0 | 6M 941 | 2026.06.13. | 총12화/미완결 | 7화 무료,https://series.naver.com/comic/detail.series?productNo=14081030,review_needed,not_found,"19금 시루/24/1km (총 12화/미완결)
평점
10.0 | 6M 941 | 2026.06.13. | 총12화/미완결 | 7화 무료",sun,1,sun,1,sat,sun,True,sun,일,sat,sun,14081030_sun,post_24h,어제 밤 10시 공개 이후 증가분 확인용 수집,,,https://nid.naver.com/nidlogin.login?svctype=128&a_version=2&viewtype=1&url=http%3A%2F%2Fseries.naver.com%2Fcomic%2Fdetail.series%3FproductNo%3D14081030&surl=https%3A%2F%2Fseries.naver.com,20260906_203811,sun,일,2026-09-06 20:38:11,2026-09-06,20:38:11,2026-09-06 20:49:08,2026-09-06 20:49:23,15.3,2026-09-06 20:49:23,2026-09-06,20:49:23,2026-09-06 20:51:42,811.09
sun,81,뼈삼촌,깡준치,850220,https://comic.naver.com/webtoon/list?titleId=850220&tab=sun,14105495,뼈삼촌,뼈삼촌 (총 8화/미완결),총 8화/미완결,8.0,미완결,,,https://series.naver.com/comic/detail.series?productNo=14105495,matched,ok,"뼈삼촌 (총 8화/미완결)
평점
10.0 | 깡준치 깡준치 | 2026.06.06. | 총8화/미완결 | 5화 무료
'가족' 이라는 가장 소중한 것을 잊어버린 암울한 미래시대. 오랜 전쟁으로 육신마저 인간과 동떨어지게 된 주인공들이 일련의 사건들을 통해 인간성을 회복하는 이야기.",sun,1,sun,1,sat,sun,True,sun,일,sat,sun,14105495_sun,post_24h,어제 밤 10시 공개 이후 증가분 확인용 수집,4.8만,48000.0,https://series.naver.com/comic/detail.series?productNo=14105495,20260906_203811,sun,일,2026-09-06 20:38:11,2026-09-06,20:38:11,2026-09-06 20:49:24,2026-09-06 20:49:26,2.61,2026-09-06 20:49:26,2026-09-06,20:49:26,2026-09-06 20:51:42,811.09
sun,85,몰락 끝에 네가 있다,호랭이콩,850503,https://comic.naver.com/webtoon/list?titleId=850503&tab=sun,14135339,몰락 끝에 네가 있다,몰락 끝에 네가 있다 (총 9화/미완결),총 9화/미완결,9.0,미완결,,,https://series.naver.com/comic/detail.series?productNo=14135339,matched,ok,"몰락 끝에 네가 있다 (총 9화/미완결)
평점
9.9 | 호랭이콩, 유세라 Shed | 2026.06.06. | 총9화/미완결 | 4화 무료
다른 여인을 사랑하는 남편 히페리온에게 냉대 받고, 집 안팎에서 쏟아지는 음모와 배신 속에서 카엘라는 삶의 의미를 잃어갔다. 그러던 어느 날, 전쟁의 소용돌이 한가운데에서 카엘라는 굶주림과 독, 두 가지 끝에서 생을 마..",sun,1,sun,1,sat,sun,True,sun,일,sat,sun,14135339_sun,post_24h,어제 밤 10시 공개 이후 증가분 확인용 수집,20.3만,203000.0,https://series.naver.com/comic/detail.series?productNo=14135339,20260906_203811,sun,일,2026-09-06 20:38:11,2026-09-06,20:38:11,2026-09-06 20:49:28,2026-09-06 20:49:30,2.46,2026-09-06 20:49:30,2026-09-06,20:49:30,2026-09-06 20:51:42,811.09
sun,20,맹종,해무리,850546,https://comic.naver.com/webtoon/list?titleId=850546&tab=sun,14194247,맹종,맹종 (총 7화/미완결),총 7화/미완결,7.0,미완결,,,https://series.naver.com/comic/detail.series?productNo=14194247,matched,ok,"맹종 (총 7화/미완결)
평점
10.0 | 해무리 | 2026.06.06. | 총7화/미완결 | 2화 무료
만신인 할머니가 봉인해둔 뱀신, 진을 해방시킨 어린 화림은 진에게 몸을 빼앗기고, 화림을 살리기 위해 할머니는 자신의 목숨을 내놓는다. 세월이 흘러 고등학생이 된 화림은 아직까지도 자신을 끊임없이 찾고 있는 진을 피해..",sun,1,sun,1,sat,sun,True,sun,일,sat,sun,14194247_sun,post_24h,어제 밤 10시 공개 이후 증가분 확인용 수집,76.6만,766000.0,https://series.naver.com/comic/detail.series?productNo=14194247,20260906_203811,sun,일,2026-09-06 20:38:11,2026-09-06,20:38:11,2026-09-06 20:49:32,2026-09-06 20:49:35,2.66,2026-09-06 20:49:35,2026-09-06,20:49:35,2026-09-06 20:51:42,811.09
thu,30,같이 장볼래?,집손이,850928,https://comic.naver.com/webtoon/list?titleId=850928&tab=thu,14185733,같이 장볼래?,같이 장볼래? (총 10화/미완결),총 10화/미완결,10.0,미완결,,,https://series.naver.com/comic/detail.series?productNo=14185733,matched,ok,"같이 장볼래? (총 10화/미완결)
평점
10.0 | 집손이/이개 집손이/이개 | 2026.06.06. | 총10화/미완결 | 5화 무료
유통기한 임박 상품만 노리는 생활력 만렙 자취러 ‘양은’과, 모든 삶을 효율로 계산하는 미니멀리스트 ‘우석’. 1+1 딸기를 나눠산 그 날부터, 두 사람의 썸… 아니, 장보기가 시작된다!","thu,sun",2,"thu,sun",2,"wed,sat","thu,sun",True,sun,일,sat,sun,14185733_sun,post_24h,어제 밤 10시 공개 이후 증가분 확인용 수집,35.3만,353000.0,https://series.naver.com/comic/detail.series?productNo=14185733,20260906_203811,sun,일,2026-09-06 20:38:11,2026-09-06,20:38:11,2026-09-06 20:49:36,2026-09-06 20:49:38,2.64,2026-09-06 20:49:38,2026-09-06,20:49:38,2026-09-06 20:51:42,811.09
thu,42,이레즈미 소개팅남,토깽이,850952,https://comic.naver.com/webtoon/list?titleId=850952&tab=thu,14190985,이레즈미 소개팅남,이레즈미 소개팅남 (총 10화/미완결),총 10화/미완결,10.0,미완결,,,https://series.naver.com/comic/detail.series?productNo=14190985,matched,ok,"이레즈미 소개팅남 (총 10화/미완결)
평점
10.0 | 토깽이 토깽이 | 2026.06.06. | 총10화/미완결 | 5화 무료
등장부터 심상치 않은 소개팅남이 나타났다!몸 이곳저곳에 보이는 문신이며 예상과 상식을 뛰어넘는 기상천외한 행동까지!소개팅으로 시작되는 두 남녀의 예측불가 유쾌발랄 로맨스","thu,sun",2,"thu,sun",2,"wed,sat","thu,sun",True,sun,일,sat,sun,14190985_sun,post_24h,어제 밤 10시 공개 이후 증가분 확인용 수집,19.8만,198000.0,https://series.naver.com/comic/detail.series?productNo=14190985,20260906_203811,sun,일,2026-09-06 20:38:11,2026-09-06,20:38:11,2026-09-06 20:49:39,2026-09-06 20:49:41,2.21,2026-09-06 20:49:41,2026-09-06,20:49:41,2026-09-06 20:51:42,811.09
sun,89,중사의 드래곤,워티,851032,https://comic.naver.com/webtoon/list?titleId=851032&tab=sun,14208466,중사의 드래곤,중사의 드래곤 (총 7화/미완결),총 7화/미완결,7.0,미완결,워티 워티,평점 10.0 | 워티 워티 | 2026.06.20. | 총7화/미완결 | 2화 무료,https://series.naver.com/comic/detail.series?productNo=14208466,matched,ok,"중사의 드래곤 (총 7화/미완결)
평점
10.0 | 워티 워티 | 2026.06.20. | 총7화/미완결 | 2화 무료
이세계.[그린 드래곤, 오크 VS 골드 드래곤, 엘프]의 세력다툼이 한창이던 중,현대 전장의 전설 ‘이건 중사’가 강력한 마물 테이밍 능력을 가진 오크로 태어나게 된다.",sun,1,sun,1,sat,sun,True,sun,일,sat,sun,14208466_sun,post_24h,어제 밤 10시 공개 이후 증가분 확인용 수집,12.1만,121000.0,https://series.naver.com/comic/detail.series?productNo=14208466,20260906_203811,sun,일,2026-09-06 20:38:11,2026-09-06,20:38:11,2026-09-06 20:49:43,2026-09-06 20:49:46,2.4,2026-09-06 20:49:46,2026-09-06,20:49:46,2026-09-06 20:51:42,811.09
sun,10,어린 아내와 나쁜 짓,,851385,https://comic.naver.com/webtoon/list?titleId=851385&tab=sun,14245757,어린 아내와 나쁜 짓,어린 아내와 나쁜 짓 (총 8화/미완결),총 8화/미완결,8.0,미완결,"이리와, 무멘 83","평점 9.9 | 이리와, 무멘 83 | 2026.06.13. | 총8화/미완결 | 2화 무료",https://series.naver.com/comic/detail.series?productNo=14245757,review_needed,not_found,"어린 아내와 나쁜 짓 (총 8화/미완결)
평점
9.9 | 이리와, 무멘 83 | 2026.06.13. | 총8화/미완결 | 2화 무료
절망의 끝에서 나를 구원해준 남자, 범도건.작고 지켜야할 애기님이라며 내 고백을 짓밞았던 그때와는 다르게...이 남자, 남편 역할을 해도 너무 잘한다.낮에는 세상 든든한 보호자이던 그가 밤만 되면 맹수처럼 집착하며 나를 ..",sun,1,sun,1,sat,sun,True,sun,일,sat,sun,14245757_sun,post_24h,어제 밤 10시 공개 이후 증가분 확인용 수집,,,https://nid.naver.com/nidlogin.login?svctype=128&a_version=2&viewtype=1&url=http%3A%2F%2Fseries.naver.com%2Fcomic%2Fdetail.series%3FproductNo%3D14245757&surl=https%3A%2F%2Fseries.naver.com,20260906_203811,sun,일,2026-09-06 20:38:11,2026-09-06,20:38:11,2026-09-06 20:49:46,2026-09-06 20:50:01,14.83,2026-09-06 20:50:01,2026-09-06,20:50:01,2026-09-06 20:51:42,811.09
sun,55,밀실남녀,후,851705,https://comic.naver.com/webtoon/list?titleId=851705&tab=sun,14302972,밀실남녀,밀실남녀 (총 6화/미완결),총 6화/미완결,6.0,미완결,후 후,평점 10.0 | 후 후 | 2026.06.13. | 총6화/미완결 | 1화 무료,https://series.naver.com/comic/detail.series?productNo=14302972,matched,ok,"밀실남녀 (총 6화/미완결)
평점
10.0 | 후 후 | 2026.06.13. | 총6화/미완결 | 1화 무료
달라도 너무 다른 두 남녀, 오선율과 이로운.하지만 단둘이 있으면 무조건 갇히는 이상한 징크스가 있다.어떻게든 서로를 피하려 고군분투하지만...""대체 왜 자꾸 내 앞에 나타나는 건데?!""피하려 할수록 자꾸만 엮이는 두 사람의..",sun,1,sun,1,sat,sun,True,sun,일,sat,sun,14302972_sun,post_24h,어제 밤 10시 공개 이후 증가분 확인용 수집,44.9만,449000.0,https://series.naver.com/comic/detail.series?productNo=14302972,20260906_203811,sun,일,2026-09-06 20:38:11,2026-09-06,20:38:11,2026-09-06 20:50:02,2026-09-06 20:50:05,2.47,2026-09-06 20:50:05,2026-09-06,20:50:05,2026-09-06 20:51:42,811.09
sun,87,헤이트걸,나솔,851934,https://comic.naver.com/webtoon/list?titleId=851934&tab=sun,14351113,헤이트걸,헤이트걸 (총 7화/미완결),총 7화/미완결,7.0,미완결,나솔 나솔,평점 10.0 | 나솔 나솔 | 2026.06.20. | 총7화/미완결 | 1화 무료,https://series.naver.com/comic/detail.series?productNo=14351113,matched,ok,"헤이트걸 (총 7화/미완결)
평점
10.0 | 나솔 나솔 | 2026.06.20. | 총7화/미완결 | 1화 무료
짝사랑. 빌어먹을 황사 같은 감정. 미세먼지도 알고 마시는 것 처럼 짝사랑도 그렇다. 소꿉친구를 짝사랑한 지 5년하고 120일. 매일 숨 쉬듯이 차였지만 수능이 끝나는 날 반드시 고백하고 말겠다는 다짐을 한다. 그러던 어느날,..",sun,1,sun,1,sat,sun,True,sun,일,sat,sun,14351113_sun,post_24h,어제 밤 10시 공개 이후 증가분 확인용 수집,39.3만,393000.0,https://series.naver.com/comic/detail.series?productNo=14351113,20260906_203811,sun,일,2026-09-06 20:38:11,2026-09-06,20:38:11,2026-09-06 20:50:06,2026-09-06 20:50:08,1.95,2026-09-06 20:50:08,2026-09-06,20:50:08,2026-09-06 20:51:42,811.09
sun,35,천도박멸,와나나,852078,https://comic.naver.com/webtoon/list?titleId=852078&tab=sun,14366783,천도박멸,천도박멸 (총 6화/미완결),총 6화/미완결,6.0,미완결,와나나 기연,평점 10.0 | 와나나 기연 | 2026.06.27. | 총6화/미완결 | 1화 무료,https://series.naver.com/comic/detail.series?productNo=14366783,matched,ok,"천도박멸 (총 6화/미완결)
평점
10.0 | 와나나 기연 | 2026.06.27. | 총6화/미완결 | 1화 무료
17세 고등학생 박태웅, 모종의 일로 죽음을 겪게 된 그의 앞에 펼쳐진 일들은 그의 인생의 판도를 뒤흔들어 놓는 굉장한 사건들이 된다.",sun,1,sun,1,sat,sun,True,sun,일,sat,sun,14366783_sun,post_24h,어제 밤 10시 공개 이후 증가분 확인용 수집,47.3만,473000.0,https://series.naver.com/comic/detail.series?productNo=14366783,20260906_203811,sun,일,2026-09-06 20:38:11,2026-09-06,20:38:11,2026-09-06 20:50:09,2026-09-06 20:50:12,2.71,2026-09-06 20:50:12,2026-09-06,20:50:12,2026-09-06 20:51:42,811.09
sun,67,남들 로판 여주 할 때 나는 장롱 괴물 됨,굿람,852333,https://comic.naver.com/webtoon/list?titleId=852333&tab=sun,14367200,남들 로판 여주 할 때 나는 장롱 괴물 됨 [독점],남들 로판 여주 할 때 나는 장롱 괴물 됨 [독점] (총 6화/미완결),총 6화/미완결,6.0,미완결,"굿람, 콩해리 서리","평점 10.0 | 굿람, 콩해리 서리 | 2026.07.04. | 총6화/미완결 | 1화 무료",https://series.naver.com/comic/detail.series?productNo=14367200,matched,ok,"남들 로판 여주 할 때 나는 장롱 괴물 됨 [독점] (총 6화/미완결)
평점
10.0 | 굿람, 콩해리 서리 | 2026.07.04. | 총6화/미완결 | 1화 무료
[매주 일요일 연재]남들은 예쁜 사람, 귀여운 동물에 빙의할 때나는 남주 방 장롱에 숨어 사는 음침한 괴물에 빙의했다.그것도 모자라 남주를 괴롭히는 못된 괴물.원작대로라면 불에 타 죽게 된다.그런데―“네 뿔은 장미보다 ..",sun,1,sun,1,sat,sun,True,sun,일,sat,sun,14367200_sun,post_24h,어제 밤 10시 공개 이후 증가분 확인용 수집,15.2만,152000.0,https://series.naver.com/comic/detail.series?productNo=14367200,20260906_203811,sun,일,2026-09-06 20:38:11,2026-09-06,20:38:11,2026-09-06 20:50:13,2026-09-06 20:50:15,2.17,2026-09-06 20:50:15,2026-09-06,20:50:15,2026-09-06 20:51:42,811.09
sun,71,와인의 신,성혜,852403,https://comic.naver.com/webtoon/list?titleId=852403&tab=sun,14420436,와인의 신,와인의 신 (총 7화/미완결),총 7화/미완결,7.0,미완결,성혜 ELOJ,평점 8.4 | 성혜 ELOJ | 2026.07.11. | 총7화/미완결 | 1화 무료,https://series.naver.com/comic/detail.series?productNo=14420436,matched,ok,"와인의 신 (총 7화/미완결)
평점
8.4 | 성혜 ELOJ | 2026.07.11. | 총7화/미완결 | 1화 무료
인생의 허무함 속에 홀로 남겨졌던 농학박사 최우석.눈을 뜨니 캘리포니아 나파 밸리의 고교 시절로 돌아와 있었다!하지만 그를 맞이한 건 가뭄과 병충해로 파산해 버린 포도농장.이 절망적인 상황에서 우석은 이민자 지원 제..",sun,1,sun,1,sat,sun,True,sun,일,sat,sun,14420436_sun,post_24h,어제 밤 10시 공개 이후 증가분 확인용 수집,25.3만,253000.0,https://series.naver.com/comic/detail.series?productNo=14420436,20260906_203811,sun,일,2026-09-06 20:38:11,2026-09-06,20:38:11,2026-09-06 20:50:16,2026-09-06 20:50:19,2.39,2026-09-06 20:50:19,2026-09-06,20:50:19,2026-09-06 20:51:42,811.09
thu,6,럭키비치,,852498,https://comic.naver.com/webtoon/list?titleId=852498&tab=thu,14424733,럭키비치,럭키비치 (총 8화/미완결),총 8화/미완결,8.0,미완결,"MAJOR, 약수 약수","평점 10.0 | MAJOR, 약수 약수 | 2026.07.18. | 총8화/미완결 | 3화 무료",https://series.naver.com/comic/detail.series?productNo=14424733,review_needed,not_found,"럭키비치 (총 8화/미완결)
평점
10.0 | MAJOR, 약수 약수 | 2026.07.18. | 총8화/미완결 | 3화 무료
“그거 알아? 기는 놈 위에 나는 썅X 있는 거?”불우한 환경과 폐쇄적인 바닷가 촌에서 자라온 소녀 '정임'은,그칠줄 모르는 주변의 부조리와 권태 속에서 결국 폭발,퇴폐업을 하는 고모의 불경한 쌈짓돈을 훔쳐 서울로 상경한..","thu,sun",2,"thu,sun",2,"wed,sat","thu,sun",True,sun,일,sat,sun,14424733_sun,post_24h,어제 밤 10시 공개 이후 증가분 확인용 수집,,,https://nid.naver.com/nidlogin.login?svctype=128&a_version=2&viewtype=1&url=http%3A%2F%2Fseries.naver.com%2Fcomic%2Fdetail.series%3FproductNo%3D14424733&surl=https%3A%2F%2Fseries.naver.com,20260906_203811,sun,일,2026-09-06 20:38:11,2026-09-06,20:38:11,2026-09-06 20:50:20,2026-09-06 20:50:35,15.06,2026-09-06 20:50:35,2026-09-06,20:50:35,2026-09-06 20:51:42,811.09
sun,88,미래의 할 일,복슬,852611,https://comic.naver.com/webtoon/list?titleId=852611&tab=sun,14451336,미래의 할 일,미래의 할 일 (총 6화/미완결),총 6화/미완결,6.0,미완결,복슬 복슬,평점 10.0 | 복슬 복슬 | 2026.07.11. | 총6화/미완결 | 1화 무료,https://series.naver.com/comic/detail.series?productNo=14451336,matched,ok,"미래의 할 일 (총 6화/미완결)
평점
10.0 | 복슬 복슬 | 2026.07.11. | 총6화/미완결 | 1화 무료
새벽 4시 기상, 분 단위 계획표로 갓생을 사는 미래. 1분 1초도 허투루 보내지 않던 그녀의 일상에 계획에 없던 남자, 찬영이 끼어든다. 오직 지금에만 충실한 찬영으로 인해 미래의 계획은 자꾸만 흐트러지게 되는데... 미래는 ..",sun,1,sun,1,sat,sun,True,sun,일,sat,sun,14451336_sun,post_24h,어제 밤 10시 공개 이후 증가분 확인용 수집,1.6만,16000.0,https://series.naver.com/comic/detail.series?productNo=14451336,20260906_203811,sun,일,2026-09-06 20:38:11,2026-09-06,20:38:11,2026-09-06 20:50:37,2026-09-06 20:50:40,3.14,2026-09-06 20:50:40,2026-09-06,20:50:40,2026-09-06 20:51:42,811.09
sun,7,인간의 식탁,김규삼,852761,https://comic.naver.com/webtoon/list?titleId=852761&tab=sun,14461172,인간의 식탁,인간의 식탁 (총 7화/미완결),총 7화/미완결,7.0,미완결,김규삼 김규삼,평점 9.0 | 김규삼 김규삼 | 2026.07.18. | 총7화/미완결 | 1화 무료,https://series.naver.com/comic/detail.series?productNo=14461172,matched,ok,"인간의 식탁 (총 7화/미완결)
평점
9.0 | 김규삼 김규삼 | 2026.07.18. | 총7화/미완결 | 1화 무료
망망대해에 홀로 떠 있는 해상원자력발전소 ‘레비아탄 호’.안전점검을 위해 이곳을 방문한 윤호와 회사 동료들은 의문의 폭발사고와 함께 외부와의 통신이 끊긴 채 고립된다.그러나 폭발은 시작에 불과했다. 원자로의 연기 ..",sun,1,sun,1,sat,sun,True,sun,일,sat,sun,14461172_sun,post_24h,어제 밤 10시 공개 이후 증가분 확인용 수집,38.1만,381000.0,https://series.naver.com/comic/detail.series?productNo=14461172,20260906_203811,sun,일,2026-09-06 20:38:11,2026-09-06,20:38:11,2026-09-06 20:50:41,2026-09-06 20:50:44,2.54,2026-09-06 20:50:44,2026-09-06,20:50:44,2026-09-06 20:51:42,811.09
sun,8,프롤로그에서 30년이 흘렀다,기린그린,852765,https://comic.naver.com/webtoon/list?titleId=852765&tab=sun,14395909,프롤로그에서 30년이 흘렀다,프롤로그에서 30년이 흘렀다 (총 8화/미완결),총 8화/미완결,8.0,미완결,맠엘라하 기린그린,평점 9.4 | 맠엘라하 기린그린 | 2026.07.25. | 총8화/미완결 | 2화 무료,https://series.naver.com/comic/detail.series?productNo=14395909,matched,ok,"프롤로그에서 30년이 흘렀다 (총 8화/미완결)
평점
9.4 | 맠엘라하 기린그린 | 2026.07.25. | 총8화/미완결 | 2화 무료
처음 보는 세계에 ‘빙의’했다.왕도 RPG라고 생각하고 30년을 보냈다.전쟁영웅이 되어 퇴역했고, 이제 엔딩을 맞이할 예정이었다.그런데ㅡ지금까지의 30년이 프롤로그였고, 심지어 아카데미물이었다고?",sun,1,sun,1,sat,sun,True,sun,일,sat,sun,14395909_sun,post_24h,어제 밤 10시 공개 이후 증가분 확인용 수집,108.7만,1087000.0,https://series.naver.com/comic/detail.series?productNo=14395909,20260906_203811,sun,일,2026-09-06 20:38:11,2026-09-06,20:38:11,2026-09-06 20:50:45,2026-09-06 20:50:47,2.56,2026-09-06 20:50:47,2026-09-06,20:50:47,2026-09-06 20:51:42,811.09
sun,37,살인 알고리즘,삼수,853270,https://comic.naver.com/webtoon/list?titleId=853270&tab=sun,14531655,살인 알고리즘,살인 알고리즘 (총 6화/미완결),총 6화/미완결,6.0,미완결,삼수,평점 8.2 | 삼수 | 2026.08.01. | 총6화/미완결 | 1화 무료,https://series.naver.com/comic/detail.series?productNo=14531655,matched,ok,"살인 알고리즘 (총 6화/미완결)
평점
8.2 | 삼수 | 2026.08.01. | 총6화/미완결 | 1화 무료
착하면 호구가 되는 세상, 언제까지 참고 살아야 할까?남들에게 이용만 당하던 호구 정이영. 그가 평범한 삶을 되찾기 위해 몸부림 친다.그의 든든한 비서, 챗AI 아이코와 함께.",sun,1,sun,1,sat,sun,True,sun,일,sat,sun,14531655_sun,post_24h,어제 밤 10시 공개 이후 증가분 확인용 수집,4.7만,47000.0,https://series.naver.com/comic/detail.series?productNo=14531655,20260906_203811,sun,일,2026-09-06 20:38:11,2026-09-06,20:38:11,2026-09-06 20:50:49,2026-09-06 20:50:51,1.89,2026-09-06 20:50:51,2026-09-06,20:50:51,2026-09-06 20:51:42,811.09
sun,59,리히트,용과,853411,https://comic.naver.com/webtoon/list?titleId=853411&tab=sun,14548342,리히트,리히트 (총 6화/미완결),총 6화/미완결,6.0,미완결,용과,평점 10.0 | 용과 | 2026.08.08. | 총6화/미완결 | 1화 무료,https://series.naver.com/comic/detail.series?productNo=14548342,matched,ok,"리히트 (총 6화/미완결)
평점
10.0 | 용과 | 2026.08.08. | 총6화/미완결 | 1화 무료
용이 사라지고 1000년이 지난 세상. 성년식 전날 밤, 괴한의 습격으로 동생을 잃은 소녀 리트는 죽은 동생을 살려내기 위한 모험을 떠난다.",sun,1,sun,1,sat,sun,True,sun,일,sat,sun,14548342_sun,post_24h,어제 밤 10시 공개 이후 증가분 확인용 수집,2.6만,26000.0,https://series.naver.com/comic/detail.series?productNo=14548342,20260906_203811,sun,일,2026-09-06 20:38:11,2026-09-06,20:38:11,2026-09-06 20:50:52,2026-09-06 20:50:54,1.88,2026-09-06 20:50:54,2026-09-06,20:50:54,2026-09-06 20:51:42,811.09
sun,78,악몽무당,공현곤,853837,https://comic.naver.com/webtoon/list?titleId=853837&tab=sun,14591242,악몽무당,악몽무당 (총 7화/미완결),총 7화/미완결,7.0,미완결,공현곤 공현곤,평점 10.0 | 공현곤 공현곤 | 2026.08.15. | 총7화/미완결 | 2화 무료,https://series.naver.com/comic/detail.series?productNo=14591242,matched,ok,"악몽무당 (총 7화/미완결)
평점
10.0 | 공현곤 공현곤 | 2026.08.15. | 총7화/미완결 | 2화 무료
대한민국 최고의 무당 범구는 그가 모시는 무영장군신의 죽음으로 한순간에 나락에 떨어진다. 신을 부활시킬 방법은 단 하나, “무당이여! 살인사건 트라우마로 들어가 악귀를 처단하라.” 최악의 피해자들을 구원함으로써, 무..",sun,1,sun,1,sat,sun,True,sun,일,sat,sun,14591242_sun,post_24h,어제 밤 10시 공개 이후 증가분 확인용 수집,1.5만,15000.0,https://series.naver.com/comic/detail.series?productNo=14591242,20260906_203811,sun,일,2026-09-06 20:38:11,2026-09-06,20:38:11,2026-09-06 20:50:55,2026-09-06 20:50:58,2.29,2026-09-06 20:50:58,2026-09-06,20:50:58,2026-09-06 20:51:42,811.09
sun,58,귀농했더니 국가급 거물 후배들이 몰려든다,우기,853943,https://comic.naver.com/webtoon/list?titleId=853943&tab=sun,14598506,귀농했더니 국가급 거물 후배들이 몰려든다,귀농했더니 국가급 거물 후배들이 몰려든다 (총 8화/미완결),총 8화/미완결,8.0,미완결,우기/ 아길론 Trav,평점 9.1 | 우기/ 아길론 Trav | 2026.08.29. | 총8화/미완결 | 2화 무료,https://series.naver.com/comic/detail.series?productNo=14598506,matched,ok,"귀농했더니 국가급 거물 후배들이 몰려든다 (총 8화/미완결)
평점
9.1 | 우기/ 아길론 Trav | 2026.08.29. | 총8화/미완결 | 2화 무료
큰 부상을 입고 줄곧 함께해 온 정령들마저 모두 잃은 현성. 남은 것은 전투 능력이 없는 하위 정령들 뿐이다. 후유증으로 은퇴하게 된 현성은 고향 친구의 권유로 귀농을 하게 된다. 몬스터가 내뿜는 탁기로 오염된 자연산 식량..",sun,1,sun,1,sat,sun,True,sun,일,sat,sun,14598506_sun,post_24h,어제 밤 10시 공개 이후 증가분 확인용 수집,30만,300000.0,https://series.naver.com/comic/detail.series?productNo=14598506,20260906_203811,sun,일,2026-09-06 20:38:11,2026-09-06,20:38:11,2026-09-06 20:50:59,2026-09-06 20:51:01,1.94,2026-09-06 20:51:01,2026-09-06,20:51:01,2026-09-06 20:51:42,811.09
sun,83,악녀의 시집살이는 즐겁다,최무탁,853972,https://comic.naver.com/webtoon/list?titleId=853972&tab=sun,14610275,악녀의 시집살이는 즐겁다 [독점],악녀의 시집살이는 즐겁다 [독점] (총 6화/미완결),총 6화/미완결,6.0,미완결,"최무탁, 준예 GIM","평점 9.5 | 최무탁, 준예 GIM | 2026.08.15. | 총6화/미완결 | 1화 무료",https://series.naver.com/comic/detail.series?productNo=14610275,matched,ok,"악녀의 시집살이는 즐겁다 [독점] (총 6화/미완결)
평점
9.5 | 최무탁, 준예 GIM | 2026.08.15. | 총6화/미완결 | 1화 무료
사랑 하나만 믿고 시댁살이를 견딘 ‘에시카’.그러나 남편은 자신의 친구와 부정을 저지르고,큰 사고까지 당하는 과정에서 전생의 기억을 떠올린다.그녀는 바로 악녀 ‘천영령’이었고, 이곳은 책속 세상이었다는 것.자신의 ..",sun,1,sun,1,sat,sun,True,sun,일,sat,sun,14610275_sun,post_24h,어제 밤 10시 공개 이후 증가분 확인용 수집,9.3만,93000.0,https://series.naver.com/comic/detail.series?productNo=14610275,20260906_203811,sun,일,2026-09-06 20:38:11,2026-09-06,20:38:11,2026-09-06 20:51:02,2026-09-06 20:51:04,2.59,2026-09-06 20:51:04,2026-09-06,20:51:04,2026-09-06 20:51:42,811.09
sun,45,지옥심판,,854096,https://comic.naver.com/webtoon/list?titleId=854096&tab=sun,14622042,지옥심판,지옥심판 (총 7화/미완결),총 7화/미완결,7.0,미완결,가강 주혁,평점 9.6 | 가강 주혁 | 2026.08.22. | 총7화/미완결 | 2화 무료,https://series.naver.com/comic/detail.series?productNo=14622042,review_needed,not_found,"지옥심판 (총 7화/미완결)
평점
9.6 | 가강 주혁 | 2026.08.22. | 총7화/미완결 | 2화 무료
죄를 지은 인간은 언젠가 벌을 받게 되어있다. 이승이 아닌 저승에서라도.죄인을 심판하고 지옥으로 인도하는 저승사자 이현의 이야기.",sun,1,sun,1,sat,sun,True,sun,일,sat,sun,14622042_sun,post_24h,어제 밤 10시 공개 이후 증가분 확인용 수집,,,https://nid.naver.com/nidlogin.login?svctype=128&a_version=2&viewtype=1&url=http%3A%2F%2Fseries.naver.com%2Fcomic%2Fdetail.series%3FproductNo%3D14622042&surl=https%3A%2F%2Fseries.naver.com,20260906_203811,sun,일,2026-09-06 20:38:11,2026-09-06,20:38:11,2026-09-06 20:51:05,2026-09-06 20:51:20,14.74,2026-09-06 20:51:20,2026-09-06,20:51:20,2026-09-06 20:51:42,811.09
sun,69,엄마는 돼지가 되었다,사자베기,854129,https://comic.naver.com/webtoon/list?titleId=854129&tab=sun,14626681,엄마는 돼지가 되었다,엄마는 돼지가 되었다 (총 6화/미완결),총 6화/미완결,6.0,미완결,사자베기 사자베기,평점 10.0 | 사자베기 사자베기 | 2026.08.29. | 총6화/미완결 | 1화 무료,https://series.naver.com/comic/detail.series?productNo=14626681,matched,ok,"엄마는 돼지가 되었다 (총 6화/미완결)
평점
10.0 | 사자베기 사자베기 | 2026.08.29. | 총6화/미완결 | 1화 무료
인간의 아종으로 돼지가 존재하는 세상.어느 날 돼지가 된 엄마를 마주한 구담은 돼지와 함께하는 일상을 이어간다.돼지란 무엇이고 무엇으로 규정하는 지, 어디서 부터 어디까지 인지, 인간은 무엇으로 정의하는 지.구담은 끝..",sun,1,sun,1,sat,sun,True,sun,일,sat,sun,14626681_sun,post_24h,어제 밤 10시 공개 이후 증가분 확인용 수집,7.9천,7900.0,https://series.naver.com/comic/detail.series?productNo=14626681,20260906_203811,sun,일,2026-09-06 20:38:11,2026-09-06,20:38:11,2026-09-06 20:51:21,2026-09-06 20:51:24,3.21,2026-09-06 20:51:24,2026-09-06,20:51:24,2026-09-06 20:51:42,811.09
sun,68,꿈에서 본 그놈이 대단해!,,854132,https://comic.naver.com/webtoon/list?titleId=854132&tab=sun,14626941,꿈에서 본 그놈이 대단해! [독점],꿈에서 본 그놈이 대단해! [독점] (총 6화/미완결),총 6화/미완결,6.0,미완결,LICO 미지,평점 8.5 | LICO 미지 | 2026.08.22. | 총6화/미완결 | 1화 무료,https://series.naver.com/comic/detail.series?productNo=14626941,review_needed,not_found,"꿈에서 본 그놈이 대단해! [독점] (총 6화/미완결)
평점
8.5 | LICO 미지 | 2026.08.22. | 총6화/미완결 | 1화 무료
MBTI TTTT인 28세 여성 공무정. 어느날부터 누군가와 살이 닿으면 그 사람의 섹X를 꿈으로 보는 일명 '색몽'을 꾸게 된다. 그런 무정에게 친구 남순과 인턴 강이 들이대기 시작하고. 무정은 원치 않게 남순과 강의 색몽을 보..",sun,1,sun,1,sat,sun,True,sun,일,sat,sun,14626941_sun,post_24h,어제 밤 10시 공개 이후 증가분 확인용 수집,,,https://nid.naver.com/nidlogin.login?svctype=128&a_version=2&viewtype=1&url=http%3A%2F%2Fseries.naver.com%2Fcomic%2Fdetail.series%3FproductNo%3D14626941&surl=https%3A%2F%2Fseries.naver.com,20260906_203811,sun,일,2026-09-06 20:38:11,2026-09-06,20:38:11,2026-09-06 20:51:26,2026-09-06 20:51:41,15.11,2026-09-06 20:51:41,2026-09-06,20:51:41,2026-09-06 20:51:42,811.09
