weekday,rank,webtoon_title,webtoon_author,webtoon_title_id,webtoon_url,series_product_no,series_title,series_title_raw,series_episode_info,series_total_episode_count,series_completion_status,series_author,series_author_raw,series_url,match_status,download_status,series_result_text,weekday_list,weekday_row_count,serial_weekdays,serial_weekday_count,pre_collect_weekdays,post_24h_collect_weekdays,is_download_collectable,release_weekday,release_weekday_ko,pre_collect_weekday,post_24h_collect_weekday,release_event_key,collection_context,target_reason,series_download_text,series_download_count,current_url,snapshot_id,snapshot_weekday,snapshot_weekday_ko,snapshot_started_at_kst,snapshot_date_kst,snapshot_time_kst,item_collect_started_at_kst,item_collect_finished_at_kst,item_collect_elapsed_seconds,collected_at_kst,collected_date_kst,collected_time_kst,snapshot_finished_at_kst,snapshot_elapsed_seconds
wed,50,칼부림,고일권,602916,https://comic.naver.com/webtoon/list?titleId=602916&tab=wed,2182125,칼부림,칼부림 (총 513화/미완결),총 513화/미완결,513.0,미완결,,,https://series.naver.com/comic/detail.series?productNo=2182125,matched,ok,"칼부림 (총 513화/미완결)
평점
10.0 | 고일권 고일권 | 2026.06.03. | 총513화/미완결 | 511화 무료
임진왜란의 아픔이 채 가시지 않은 17세기 초 조선, 인조반정에 혁혁한 공을 세운 이괄은 북방의 변고를 대비하고자 팔도부원수 겸 평안도병마절도사에 제수받고 영변으로 떠난다.그의 휘하에는 출중한 젊은 무사,주인공 함이..",wed,1,wed,1,tue,wed,True,wed,수,tue,wed,2182125_wed,pre_release,오늘 밤 10시 새 회차 공개 전 기준값 수집,170.5만,1705000.0,https://series.naver.com/comic/detail.series?productNo=2182125,20260922_213345,tue,화,2026-09-22 21:33:45,2026-09-22,21:33:45,2026-09-22 21:33:47,2026-09-22 21:33:52,4.93,2026-09-22 21:33:52,2026-09-22,21:33:52,2026-09-22 21:49:59,974.17
wed,65,언덕 위의 제임스,쿠당탕,671421,https://comic.naver.com/webtoon/list?titleId=671421&tab=wed,2735810,언덕 위의 제임스,언덕 위의 제임스 (총 544화/미완결),총 544화/미완결,544.0,미완결,,,https://series.naver.com/comic/detail.series?productNo=2735810,matched,ok,"언덕 위의 제임스 (총 544화/미완결)
평점
9.9 | 쿠당탕 쿠당탕 | 2026.06.02. | 총544화/미완결 | 541화 무료
제임스들이 펼치는 코믹 막장 에피소드!지금 전세계의 제임스들이 몰려온다",wed,1,wed,1,tue,wed,True,wed,수,tue,wed,2735810_wed,pre_release,오늘 밤 10시 새 회차 공개 전 기준값 수집,434.9만,4349000.0,https://series.naver.com/comic/detail.series?productNo=2735810,20260922_213345,tue,화,2026-09-22 21:33:45,2026-09-22,21:33:45,2026-09-22 21:33:53,2026-09-22 21:33:56,2.38,2026-09-22 21:33:56,2026-09-22,21:33:56,2026-09-22 21:49:59,974.17
wed,8,일렉시드,손제호,717481,https://comic.naver.com/webtoon/list?titleId=717481&tab=wed,3673359,일렉시드,일렉시드 (총 404화/미완결),총 404화/미완결,404.0,미완결,,,https://series.naver.com/comic/detail.series?productNo=3673359,matched,ok,"일렉시드 (총 404화/미완결)
평점
9.9 | 손제호 제나 | 2026.06.02. | 총404화/미완결 | 399화 무료
<노블레스> 손제호 작가와 <소녀더와일즈> 제나 작가가 만났다!고양이 몸에 깃든 각성자 카이든과 각성능력을 숨겨온 고등학생 지우 러블리 2인조의 액션 판타지",wed,1,wed,1,tue,wed,True,wed,수,tue,wed,3673359_wed,pre_release,오늘 밤 10시 새 회차 공개 전 기준값 수집,"8,191만",81910000.0,https://series.naver.com/comic/detail.series?productNo=3673359,20260922_213345,tue,화,2026-09-22 21:33:45,2026-09-22,21:33:45,2026-09-22 21:33:57,2026-09-22 21:33:59,1.98,2026-09-22 21:33:59,2026-09-22,21:33:59,2026-09-22 21:49:59,974.17
wed,17,미래의 골동품 가게,구아진,742105,https://comic.naver.com/webtoon/list?titleId=742105&tab=wed,4913045,미래의 골동품 가게[독점],미래의 골동품 가게[독점] (총 266화/미완결),총 266화/미완결,266.0,미완결,,,https://series.naver.com/comic/detail.series?productNo=4913045,matched,ok,"미래의 골동품 가게[독점] (총 266화/미완결)
평점
9.9 | 구아진 구아진 | 2026.06.02. | 총266화/미완결 | 261화 무료
저주를 풀기 위한 단 한 가지의 방법. 소중한 것들을 지키기 위한 기묘한 소녀의 퇴마가 시작된다.",wed,1,wed,1,tue,wed,True,wed,수,tue,wed,4913045_wed,pre_release,오늘 밤 10시 새 회차 공개 전 기준값 수집,"1,330만",13300000.0,https://series.naver.com/comic/detail.series?productNo=4913045,20260922_213345,tue,화,2026-09-22 21:33:45,2026-09-22,21:33:45,2026-09-22 21:34:00,2026-09-22 21:34:02,2.0,2026-09-22 21:34:02,2026-09-22,21:34:02,2026-09-22 21:49:59,974.17
wed,24,나쁜사람,둠스,750184,https://comic.naver.com/webtoon/list?titleId=750184&tab=wed,5371686,나쁜사람,나쁜사람 (총 308화/미완결),총 308화/미완결,308.0,미완결,,,https://series.naver.com/comic/detail.series?productNo=5371686,matched,ok,"나쁜사람 (총 308화/미완결)
평점
9.7 | 둠스 둠스 | 2026.06.02. | 총308화/미완결 | 305화 무료
착한 남자가 좋다는 그녀의 이상형이 되기 위해 10년 동안 노력했다. 그런데! 갑자기 나쁜 남자가 좋다는 그녀...오늘부터 난... 나쁜 남자로 다시 태어난다.",wed,1,wed,1,tue,wed,True,wed,수,tue,wed,5371686_wed,pre_release,오늘 밤 10시 새 회차 공개 전 기준값 수집,"3,454만",34540000.0,https://series.naver.com/comic/detail.series?productNo=5371686,20260922_213345,tue,화,2026-09-22 21:33:45,2026-09-22,21:33:45,2026-09-22 21:34:03,2026-09-22 21:34:06,2.73,2026-09-22 21:34:06,2026-09-22,21:34:06,2026-09-22 21:49:59,974.17
wed,66,빌드업,911,750826,https://comic.naver.com/webtoon/list?titleId=750826&tab=wed,5348237,빌드업,빌드업 (총 217화/미완결),총 217화/미완결,217.0,미완결,911 911,평점 9.6 | 911 911 | 2026.01.13. | 총217화/미완결 | 전화 무료,https://series.naver.com/comic/detail.series?productNo=5348237,matched,ok,"빌드업 (총 217화/미완결)
평점
9.6 | 911 911 | 2026.01.13. | 총217화/미완결 | 전화 무료
축구덕후지만 볼보이만 5년째?!빵셔틀 강마루의 열혈청춘 축구드라마",wed,1,wed,1,tue,wed,True,wed,수,tue,wed,5348237_wed,pre_release,오늘 밤 10시 새 회차 공개 전 기준값 수집,"1,861만",18610000.0,https://series.naver.com/comic/detail.series?productNo=5348237,20260922_213345,tue,화,2026-09-22 21:33:45,2026-09-22,21:33:45,2026-09-22 21:34:07,2026-09-22 21:34:09,2.47,2026-09-22 21:34:09,2026-09-22,21:34:09,2026-09-22 21:49:59,974.17
wed,68,하렘의 남자들,히어리,760001,https://comic.naver.com/webtoon/list?titleId=760001&tab=wed,5677625,하렘의 남자들[독점],하렘의 남자들[독점] (총 209화/미완결),총 209화/미완결,209.0,미완결,히어리 라닌,평점 9.8 | 히어리 라닌 | 2026.06.16. | 총209화/미완결 | 204화 무료,https://series.naver.com/comic/detail.series?productNo=5677625,matched,ok,"하렘의 남자들[독점] (총 209화/미완결)
평점
9.8 | 히어리 라닌 | 2026.06.16. | 총209화/미완결 | 204화 무료
""경들의 말이 옳아.그래서 우선 후궁을 들일까 해.시작은 한, 다섯 정도?""여황제, 제국 최초의 하렘을 선언하다!",wed,1,wed,1,tue,wed,True,wed,수,tue,wed,5677625_wed,pre_release,오늘 밤 10시 새 회차 공개 전 기준값 수집,794.3만,7943000.0,https://series.naver.com/comic/detail.series?productNo=5677625,20260922_213345,tue,화,2026-09-22 21:33:45,2026-09-22,21:33:45,2026-09-22 21:34:10,2026-09-22 21:34:13,2.58,2026-09-22 21:34:13,2026-09-22,21:34:13,2026-09-22 21:49:59,974.17
wed,1,화산귀환,ARCHE,769209,https://comic.naver.com/webtoon/list?titleId=769209&tab=wed,6030941,화산귀환[독점],화산귀환[독점] (총 171화/미완결),총 171화/미완결,171.0,미완결,,,https://series.naver.com/comic/detail.series?productNo=6030941,matched,ok,"화산귀환[독점] (총 171화/미완결)
평점
9.9 | 비가 ARCHE, LICO | 2026.06.02. | 총171화/미완결 | 166화 무료
대 화산파 13대 제자. 천하삼대검수 매화검존 청명. 천하를 혼란에 빠뜨린 고금제일마 천마의 목을 치고 십만대산의 정상에서 영면. 백 년의 시간을 뛰어넘어 아이의 몸으로 다시 살아나다.......뭐? 화산이 망해? 이게 뭔 개소리..",wed,1,wed,1,tue,wed,True,wed,수,tue,wed,6030941_wed,pre_release,오늘 밤 10시 새 회차 공개 전 기준값 수집,1억 627만,100000000.0,https://series.naver.com/comic/detail.series?productNo=6030941,20260922_213345,tue,화,2026-09-22 21:33:45,2026-09-22,21:33:45,2026-09-22 21:34:14,2026-09-22 21:34:16,2.36,2026-09-22 21:34:16,2026-09-22,21:34:16,2026-09-22 21:49:59,974.17
wed,97,반짝반짝 작은 눈,억수씨,772729,https://comic.naver.com/webtoon/list?titleId=772729&tab=wed,6247395,반짝반짝 작은 눈,반짝반짝 작은 눈 (총 110화/미완결),총 110화/미완결,110.0,미완결,억수씨 억수씨,평점 10.0 | 억수씨 억수씨 | 2024.04.24. | 총110화/미완결 | 전화 무료,https://series.naver.com/comic/detail.series?productNo=6247395,matched,ok,"반짝반짝 작은 눈 (총 110화/미완결)
평점
10.0 | 억수씨 억수씨 | 2024.04.24. | 총110화/미완결 | 전화 무료
신참 주민센터 공무원의 Vlog 같은 일상에 마법사가 나타나 전입신고를 요청하는 상황이 끼얹어진다면? 천재적인 신체능력을 가졌지만 감정적으로는 미성숙한 주민센터 공무원, 한윤의(28, 여). 그녀는 우연히 마법세계에서 ..",wed,1,wed,1,tue,wed,True,wed,수,tue,wed,6247395_wed,pre_release,오늘 밤 10시 새 회차 공개 전 기준값 수집,17.7만,177000.0,https://series.naver.com/comic/detail.series?productNo=6247395,20260922_213345,tue,화,2026-09-22 21:33:45,2026-09-22,21:33:45,2026-09-22 21:34:17,2026-09-22 21:34:19,2.08,2026-09-22 21:34:19,2026-09-22,21:34:19,2026-09-22 21:49:59,974.17
wed,12,66666년 만에 환생한 흑마법사,모도,775141,https://comic.naver.com/webtoon/list?titleId=775141&tab=wed,6321992,66666년 만에 환생한 흑마법사 [독점],66666년 만에 환생한 흑마법사 [독점] (총 188화/미완결),총 188화/미완결,188.0,미완결,,,https://series.naver.com/comic/detail.series?productNo=6321992,matched,ok,"66666년 만에 환생한 흑마법사 [독점] (총 188화/미완결)
평점
9.9 | 모도, 박지헌 백세 | 2026.06.02. | 총188화/미완결 | 183화 무료
지고의 흑마법사 디아블로 볼피르, 12신의 봉인을 뚫고 환생하다! ""응애!"" 웰턴 백작의 갓 태어난 장남으로. ⓒJC미디어타이틀 로고 디자인_디자인그룹 헌드레드, 카푸",wed,1,wed,1,tue,wed,True,wed,수,tue,wed,6321992_wed,pre_release,오늘 밤 10시 새 회차 공개 전 기준값 수집,"2,563만",25630000.0,https://series.naver.com/comic/detail.series?productNo=6321992,20260922_213345,tue,화,2026-09-22 21:33:45,2026-09-22,21:33:45,2026-09-22 21:34:20,2026-09-22 21:34:22,1.89,2026-09-22 21:34:22,2026-09-22,21:34:22,2026-09-22 21:49:59,974.17
wed,45,두 번 사는 프로듀서,여로운,780253,https://comic.naver.com/webtoon/list?titleId=780253&tab=wed,6603510,두 번 사는 프로듀서 [독점],두 번 사는 프로듀서 [독점] (총 249화/미완결),총 249화/미완결,249.0,미완결,,,https://series.naver.com/comic/detail.series?productNo=6603510,matched,ok,"두 번 사는 프로듀서 [독점] (총 249화/미완결)
평점
9.3 | 왕십리글쟁이 여로운 | 2026.06.02. | 총249화/미완결 | 244화 무료
“어, 미안. 근데 먼저 한 사람이 임자 아니야? 방송계가 원래 그런 거잖아.”꿈을 가지고 패기 있게 방송국에 입사했지만,쓰레기 같은 선배를 만나 10년 동안 모든 걸 빼앗기기만 한 준수.뼈저리게 후회하고 이를 갈았지만, 바..",wed,1,wed,1,tue,wed,True,wed,수,tue,wed,6603510_wed,pre_release,오늘 밤 10시 새 회차 공개 전 기준값 수집,742.3만,7423000.0,https://series.naver.com/comic/detail.series?productNo=6603510,20260922_213345,tue,화,2026-09-22 21:33:45,2026-09-22,21:33:45,2026-09-22 21:34:23,2026-09-22 21:34:25,2.09,2026-09-22 21:34:25,2026-09-22,21:34:25,2026-09-22 21:49:59,974.17
wed,99,멸종위기종인간,사하라,791892,https://comic.naver.com/webtoon/list?titleId=791892&tab=wed,8298214,멸종위기종인간,멸종위기종인간 (총 179화/미완결),총 179화/미완결,179.0,미완결,,,https://series.naver.com/comic/detail.series?productNo=8298214,matched,ok,"멸종위기종인간 (총 179화/미완결)
평점
9.2 | 사하라 사하라 | 2026.06.02. | 총179화/미완결 | 178화 무료
로또, 짝사랑, 무병장수, 초능력, 저주, 지구멸망...어느날 갑자기 이 모든 소원이 이루어지자지구는 쑥대밭이 되고 멸종위기에 몰린 인간들의 유일한 희망은 초능력을 얻게된 극소수의 사람들이 되었다.",wed,1,wed,1,tue,wed,True,wed,수,tue,wed,8298214_wed,pre_release,오늘 밤 10시 새 회차 공개 전 기준값 수집,48.4만,484000.0,https://series.naver.com/comic/detail.series?productNo=8298214,20260922_213345,tue,화,2026-09-22 21:33:45,2026-09-22,21:33:45,2026-09-22 21:34:27,2026-09-22 21:34:29,2.27,2026-09-22 21:34:29,2026-09-22,21:34:29,2026-09-22 21:49:59,974.17
wed,7,운명을 보는 회사원,영완(映完),797443,https://comic.naver.com/webtoon/list?titleId=797443&tab=wed,8655645,운명을 보는 회사원 [독점],운명을 보는 회사원 [독점] (총 181화/미완결),총 181화/미완결,181.0,미완결,,,https://series.naver.com/comic/detail.series?productNo=8655645,matched,ok,"운명을 보는 회사원 [독점] (총 181화/미완결)
평점
9.9 | 영완(映完) 임성욱 | 2026.06.02. | 총181화/미완결 | 176화 무료
무당이 되어 세상을 어지럽힐 팔자를 타고난 아이. 욕심을 버리고 신을 받지 않기 위해 평범한 회사원이 되려 한다. 관상과 사주로 운명을 꿰뚫어 보는 최영훈. 과연 평범한 회사원이 될 수 있을까?",wed,1,wed,1,tue,wed,True,wed,수,tue,wed,8655645_wed,pre_release,오늘 밤 10시 새 회차 공개 전 기준값 수집,"1,398만",13980000.0,https://series.naver.com/comic/detail.series?productNo=8655645,20260922_213345,tue,화,2026-09-22 21:33:45,2026-09-22,21:33:45,2026-09-22 21:34:30,2026-09-22 21:34:33,2.81,2026-09-22 21:34:33,2026-09-22,21:34:33,2026-09-22 21:49:59,974.17
wed,56,용한소녀,올소,803891,https://comic.naver.com/webtoon/list?titleId=803891&tab=wed,9202292,용한소녀,용한소녀 (총 103화/미완결),총 103화/미완결,103.0,미완결,,,https://series.naver.com/comic/detail.series?productNo=9202292,matched,ok,"용한소녀 (총 103화/미완결)
평점
10.0 | 올소 올소 | 2026.06.02. | 총103화/미완결 | 100화 무료
열여덟살이 결혼은 무슨 결혼이야!정략결혼을 피해 용궁에서 지상으로 도망친 용왕의 딸 김용만은성공을 목표로 전교 1등의 꿈을 품고 고등학교에 입학한다.그런데 용만의 옆자리인 전교 1등, 심해수는 라이벌의 등장이 달갑..",wed,1,wed,1,tue,wed,True,wed,수,tue,wed,9202292_wed,pre_release,오늘 밤 10시 새 회차 공개 전 기준값 수집,155.4만,1554000.0,https://series.naver.com/comic/detail.series?productNo=9202292,20260922_213345,tue,화,2026-09-22 21:33:45,2026-09-22,21:33:45,2026-09-22 21:34:34,2026-09-22 21:34:36,2.15,2026-09-22 21:34:36,2026-09-22,21:34:36,2026-09-22 21:49:59,974.17
wed,11,백XX,병장,804862,https://comic.naver.com/webtoon/list?titleId=804862&tab=wed,9279492,백XX,백XX (총 182화/미완결),총 182화/미완결,182.0,미완결,,,https://series.naver.com/comic/detail.series?productNo=9279492,matched,ok,"백XX (총 182화/미완결)
평점
9.5 | 박만사, 병장 펀치킥 | 2026.06.02. | 총182화/미완결 | 177화 무료
정보사(HID) 요원 '백이수'와 범죄 조직의 보스인 쌍둥이 형 '백도경'.같은 얼굴 다른 삶을 살아온 쌍둥이 형제. 조직에 배신당한 동생은 자신의 신분을 버리고 형이 되기로 한다.정보사요원, 범죄 조직의 보스가 되다...!",wed,1,wed,1,tue,wed,True,wed,수,tue,wed,9279492_wed,pre_release,오늘 밤 10시 새 회차 공개 전 기준값 수집,"2,259만",22590000.0,https://series.naver.com/comic/detail.series?productNo=9279492,20260922_213345,tue,화,2026-09-22 21:33:45,2026-09-22,21:33:45,2026-09-22 21:34:38,2026-09-22 21:34:39,1.67,2026-09-22 21:34:39,2026-09-22,21:34:39,2026-09-22 21:49:59,974.17
wed,23,왕따가 격투기를 너무 잘함,김꿀빨,806888,https://comic.naver.com/webtoon/list?titleId=806888&tab=wed,9452518,왕따가 격투기를 너무 잘함,왕따가 격투기를 너무 잘함 (총 176화/미완결),총 176화/미완결,176.0,미완결,,,https://series.naver.com/comic/detail.series?productNo=9452518,matched,ok,"왕따가 격투기를 너무 잘함 (총 176화/미완결)
평점
9.9 | 박만사, 김꿀빨 김꿀빨 | 2026.06.02. | 총176화/미완결 | 171화 무료
종합격투기 선수 차무결은 장회장의 꼬임에 넘어가 무체급 격투기를 하던중 식물인간이 된다. 이후 장회장의 이미지 쇄신용으로이용당하는 차무결. 결국 죽게되는 그는 동명의 고등학생 차무결의 몸에 빙의된다.내구도 s급의 ..",wed,1,wed,1,tue,wed,True,wed,수,tue,wed,9452518_wed,pre_release,오늘 밤 10시 새 회차 공개 전 기준값 수집,"1,440만",14400000.0,https://series.naver.com/comic/detail.series?productNo=9452518,20260922_213345,tue,화,2026-09-22 21:33:45,2026-09-22,21:33:45,2026-09-22 21:34:41,2026-09-22 21:34:43,2.08,2026-09-22 21:34:43,2026-09-22,21:34:43,2026-09-22 21:49:59,974.17
wed,14,중간에서 만나,조흰,808455,https://comic.naver.com/webtoon/list?titleId=808455&tab=wed,9674660,중간에서 만나,중간에서 만나 (총 127화/미완결),총 127화/미완결,127.0,미완결,,,https://series.naver.com/comic/detail.series?productNo=9674660,matched,ok,"중간에서 만나 (총 127화/미완결)
평점
10.0 | 조흰 윤김 | 2026.05.26. | 총127화/미완결 | 122화 무료
""내가 재밌게 해줄 수 있는데.""서른 살, 노잼 인생을 살고 있는 여름 앞에어느 날 나타난 미스테리 연하남!앞뒤 가리지 않고 직진하는 모습이 그저 귀엽다가도, 어딘가 세하고 어딘가 집착적인데? 대체 너 나한테 원하는 게 뭐..",wed,1,wed,1,tue,wed,True,wed,수,tue,wed,9674660_wed,pre_release,오늘 밤 10시 새 회차 공개 전 기준값 수집,972.1만,9721000.0,https://series.naver.com/comic/detail.series?productNo=9674660,20260922_213345,tue,화,2026-09-22 21:33:45,2026-09-22,21:33:45,2026-09-22 21:34:44,2026-09-22 21:34:47,2.49,2026-09-22 21:34:47,2026-09-22,21:34:47,2026-09-22 21:49:59,974.17
wed,57,마님이네 미국 시골집 이야기,마님,814048,https://comic.naver.com/webtoon/list?titleId=814048&tab=wed,10056128,마님이네 미국 시골집 이야기,마님이네 미국 시골집 이야기 (총 288화/미완결),총 288화/미완결,288.0,미완결,,,https://series.naver.com/comic/detail.series?productNo=10056128,matched,ok,"마님이네 미국 시골집 이야기 (총 288화/미완결)
평점
8.9 | 마님 마님 | 2026.06.05. | 총288화/미완결 | 285화 무료
마님♡올리버쌤♡체리 가족이 찾아왔습니다!미국 남자 올리버와, 토종 한국인 마님, 그리고 사랑스러운 딸 체리와 다섯 마리 반려 동물까지.하루종일 육아하고 털 청소하느라 바쁘지만, 그래도 하하 호호 행복한 미국 시골집 ..","wed,sat",2,"wed,sat",2,"tue,fri","wed,sat",True,wed,수,tue,wed,10056128_wed,pre_release,오늘 밤 10시 새 회차 공개 전 기준값 수집,76.6만,766000.0,https://series.naver.com/comic/detail.series?productNo=10056128,20260922_213345,tue,화,2026-09-22 21:33:45,2026-09-22,21:33:45,2026-09-22 21:34:47,2026-09-22 21:34:50,2.08,2026-09-22 21:34:50,2026-09-22,21:34:50,2026-09-22 21:49:59,974.17
wed,33,강철을 먹는 플레이어,황동,814421,https://comic.naver.com/webtoon/list?titleId=814421&tab=wed,10089767,강철을 먹는 플레이어,강철을 먹는 플레이어 (총 96화/미완결),총 96화/미완결,96.0,미완결,,,https://series.naver.com/comic/detail.series?productNo=10089767,matched,ok,"강철을 먹는 플레이어 (총 96화/미완결)
평점
9.5 | 감독9, 지점장 감독9 | 2026.06.02. | 총96화/미완결 | 93화 무료
강철대제 이현욱, 인류의 마지막 구원자인 그가 죽었다. 미래를 바꾸기 위해 그가 회귀한 곳은… 군대?!!왜 하필 여기냐고!” 복수를 위해 특급 성장하는 이현욱 상병의 강철 먹방이 시작된다!",wed,1,wed,1,tue,wed,True,wed,수,tue,wed,10089767_wed,pre_release,오늘 밤 10시 새 회차 공개 전 기준값 수집,437.9만,4379000.0,https://series.naver.com/comic/detail.series?productNo=10089767,20260922_213345,tue,화,2026-09-22 21:33:45,2026-09-22,21:33:45,2026-09-22 21:34:51,2026-09-22 21:34:56,4.79,2026-09-22 21:34:56,2026-09-22,21:34:56,2026-09-22 21:49:59,974.17
wed,47,수인 보호소에서 남주를 입양해 버렸다,유지별이,814599,https://comic.naver.com/webtoon/list?titleId=814599&tab=wed,10114626,수인 보호소에서 남주를 입양해 버렸다,수인 보호소에서 남주를 입양해 버렸다 (총 121화/미완결),총 121화/미완결,121.0,미완결,,,https://series.naver.com/comic/detail.series?productNo=10114626,matched,ok,"수인 보호소에서 남주를 입양해 버렸다 (총 121화/미완결)
평점
10.0 | 설단희 유지별이 | 2026.06.02. | 총121화/미완결 | 118화 무료
피폐삽질 소설의 시에나 로베트라는 악녀에 빙의했다. 돌연변이라는 이유로 표범 가문에서 버려져 수인 보호소에 온 남주를 괴롭히다, 뒤늦게 아들을 찾아온 공작에 의해 단명하는 역. 어떻게든 살아보겠다고 팔불출 아빠를 설..",wed,1,wed,1,tue,wed,True,wed,수,tue,wed,10114626_wed,pre_release,오늘 밤 10시 새 회차 공개 전 기준값 수집,337.9만,3379000.0,https://series.naver.com/comic/detail.series?productNo=10114626,20260922_213345,tue,화,2026-09-22 21:33:45,2026-09-22,21:33:45,2026-09-22 21:34:57,2026-09-22 21:34:59,2.1,2026-09-22 21:34:59,2026-09-22,21:34:59,2026-09-22 21:49:59,974.17
wed,2,별을 품은 소드마스터,홍대의,816809,https://comic.naver.com/webtoon/list?titleId=816809&tab=wed,10180561,별을 품은 소드마스터,별을 품은 소드마스터 (총 125화/미완결),총 125화/미완결,125.0,미완결,,,https://series.naver.com/comic/detail.series?productNo=10180561,matched,ok,"별을 품은 소드마스터 (총 125화/미완결)
평점
10.0 | Q10, 홍대의 주노 | 2026.06.02. | 총125화/미완결 | 120화 무료
기사를 동경하는 슬럼가의 부랑아 블라드.검은 벼락을 맞는 사고 이후부터 들리기 시작한 누군가의 목소리와,어느 날 갑자기 등장한 푸른 달빛의 기사가 블라드의 세계를 산산조각내면서뒷골목 소년의 삶이 송두리째 변하기 ..",wed,1,wed,1,tue,wed,True,wed,수,tue,wed,10180561_wed,pre_release,오늘 밤 10시 새 회차 공개 전 기준값 수집,"2,078만",20780000.0,https://series.naver.com/comic/detail.series?productNo=10180561,20260922_213345,tue,화,2026-09-22 21:33:45,2026-09-22,21:33:45,2026-09-22 21:35:00,2026-09-22 21:35:02,1.77,2026-09-22 21:35:02,2026-09-22,21:35:02,2026-09-22 21:49:59,974.17
mon,29,어린이집 다니는 구나,구나,817945,https://comic.naver.com/webtoon/list?titleId=817945&tab=mon,10301137,어린이집 다니는 구나,어린이집 다니는 구나 (총 187화/미완결),총 187화/미완결,187.0,미완결,,,https://series.naver.com/comic/detail.series?productNo=10301137,matched,ok,"어린이집 다니는 구나 (총 187화/미완결)
평점
10.0 | 구나 구나 | 2026.06.07. | 총187화/미완결 | 181화 무료
""노는 게 제일 좋아!"" 라고 했더니 정말 노는 게 직업이 됐다?! 매일 동심의 세계로 출퇴근한지 어쩌다 10년째!아이들이라면 알 만큼 안다고 생각했는데... 예측불가한 말과 행동들은 여전히 새롭기만 하다. 그런 아이들에게 언제..","mon,wed",2,"mon,wed",2,"sun,tue","mon,wed",True,wed,수,tue,wed,10301137_wed,pre_release,오늘 밤 10시 새 회차 공개 전 기준값 수집,214.5만,2145000.0,https://series.naver.com/comic/detail.series?productNo=10301137,20260922_213345,tue,화,2026-09-22 21:33:45,2026-09-22,21:33:45,2026-09-22 21:35:03,2026-09-22 21:35:06,2.68,2026-09-22 21:35:06,2026-09-22,21:35:06,2026-09-22 21:49:59,974.17
wed,16,어느 마법사의 식당,차씨,818888,https://comic.naver.com/webtoon/list?titleId=818888&tab=wed,10440189,어느 마법사의 식당,어느 마법사의 식당 (총 136화/미완결),총 136화/미완결,136.0,미완결,,,https://series.naver.com/comic/detail.series?productNo=10440189,matched,ok,"어느 마법사의 식당 (총 136화/미완결)
평점
9.9 | 차씨 INUS | 2026.06.02. | 총136화/미완결 | 130화 무료
요리사를 꿈꾸던 내가 사고로 이세계에 떨어졌다. 몬스터와 마법이 넘쳐나는 판타지 세계이지만 여기라고 식당을 못할 건 없잖아?그러나 전쟁으로 인해 이세계에 들어오자마자 군대에 끌려가게 되고, 15년간의 고생 끝에 드..",wed,1,wed,1,tue,wed,True,wed,수,tue,wed,10440189_wed,pre_release,오늘 밤 10시 새 회차 공개 전 기준값 수집,932.1만,9321000.0,https://series.naver.com/comic/detail.series?productNo=10440189,20260922_213345,tue,화,2026-09-22 21:33:45,2026-09-22,21:33:45,2026-09-22 21:35:07,2026-09-22 21:35:09,1.87,2026-09-22 21:35:09,2026-09-22,21:35:09,2026-09-22 21:49:59,974.17
wed,52,뽀대작렬,상하,820923,https://comic.naver.com/webtoon/list?titleId=820923&tab=wed,10674339,뽀대작렬,뽀대작렬 (총 123화/미완결),총 123화/미완결,123.0,미완결,,,https://series.naver.com/comic/detail.series?productNo=10674339,matched,ok,"뽀대작렬 (총 123화/미완결)
평점
10.0 | 상하 상하 | 2026.06.02. | 총123화/미완결 | 118화 무료
사랑하지 않는 시대꿈과 사랑은 커녕 계획도 사람도 없는 서른일곱 '김하영'그런 그녀가 20년 전 뽀대나게 사랑했던 열일곱 '김 선'으로 돌아간다.",wed,1,wed,1,tue,wed,True,wed,수,tue,wed,10674339_wed,pre_release,오늘 밤 10시 새 회차 공개 전 기준값 수집,305.1만,3051000.0,https://series.naver.com/comic/detail.series?productNo=10674339,20260922_213345,tue,화,2026-09-22 21:33:45,2026-09-22,21:33:45,2026-09-22 21:35:11,2026-09-22 21:35:13,2.23,2026-09-22 21:35:13,2026-09-22,21:35:13,2026-09-22 21:49:59,974.17
wed,13,1등급 싸움과외,김태경,821321,https://comic.naver.com/webtoon/list?titleId=821321&tab=wed,10723981,1등급 싸움과외,1등급 싸움과외 (총 89화/미완결),총 89화/미완결,89.0,미완결,,,https://series.naver.com/comic/detail.series?productNo=10723981,matched,ok,"1등급 싸움과외 (총 89화/미완결)
평점
9.5 | 김태경 김태경 | 2026.06.02. | 총89화/미완결 | 86화 무료
찐따, 1등급 싸움 과외를 받다! 일진에게 괴롭힘 당하며 우울한 나날을 보내던 고등학생 김재혁. 공부는 잘하지만, 차라리 싸움을 더 잘하고 싶다.그러던 그에게 운명적으로 '싸움 과외 선생님'이 생기게 되는데!",wed,1,wed,1,tue,wed,True,wed,수,tue,wed,10723981_wed,pre_release,오늘 밤 10시 새 회차 공개 전 기준값 수집,633.2만,6332000.0,https://series.naver.com/comic/detail.series?productNo=10723981,20260922_213345,tue,화,2026-09-22 21:33:45,2026-09-22,21:33:45,2026-09-22 21:35:14,2026-09-22 21:35:17,2.33,2026-09-22 21:35:17,2026-09-22,21:35:17,2026-09-22 21:49:59,974.17
wed,70,여명의 등불,구크,822109,https://comic.naver.com/webtoon/list?titleId=822109&tab=wed,10806028,여명의 등불,여명의 등불 (총 97화/미완결),총 97화/미완결,97.0,미완결,,,https://series.naver.com/comic/detail.series?productNo=10806028,matched,ok,"여명의 등불 (총 97화/미완결)
평점
9.8 | 구크 구크 | 2026.06.02. | 총97화/미완결 | 94화 무료
‘태양의 제국’ 소속 전쟁 영웅 ‘버키’ 병장. 그는 황제를 향한 우직한 충심과 뛰어난 무예로 제국 병사들의 귀감이 되고 있지만,사실 그의 최종 목표는 제국을 몰락시켜 황제에게 복수하는 것이다.버키는 거대한 제국을 상..",wed,1,wed,1,tue,wed,True,wed,수,tue,wed,10806028_wed,pre_release,오늘 밤 10시 새 회차 공개 전 기준값 수집,73.5만,735000.0,https://series.naver.com/comic/detail.series?productNo=10806028,20260922_213345,tue,화,2026-09-22 21:33:45,2026-09-22,21:33:45,2026-09-22 21:35:18,2026-09-22 21:35:20,2.46,2026-09-22 21:35:20,2026-09-22,21:35:20,2026-09-22 21:49:59,974.17
wed,93,나태한 마왕은 신과 싸우기로 결심한다.,백창훈,826853,https://comic.naver.com/webtoon/list?titleId=826853&tab=wed,11270861,나태한 마왕은 신과 싸우기로 결심한다.,나태한 마왕은 신과 싸우기로 결심한다. (총 113화/미완결),총 113화/미완결,113.0,미완결,,,https://series.naver.com/comic/detail.series?productNo=11270861,matched,ok,"나태한 마왕은 신과 싸우기로 결심한다. (총 113화/미완결)
평점
9.7 | 백창훈 백창훈 | 2026.06.02. | 총113화/미완결 | 103화 무료
갑작스레 인간들의 성 '소돔'에 강림한 신들. 소돔 반대편에 있는 마왕을 데려오라는 말에 함께 인간들을 학살하기 시작한다.지옥도가 펼쳐진 상황에서 몰래 성을 뛰쳐나온 한 명의 기사는 마왕을 데리러 가게 된다.2024년 4월..",wed,1,wed,1,tue,wed,True,wed,수,tue,wed,11270861_wed,pre_release,오늘 밤 10시 새 회차 공개 전 기준값 수집,56.7만,567000.0,https://series.naver.com/comic/detail.series?productNo=11270861,20260922_213345,tue,화,2026-09-22 21:33:45,2026-09-22,21:33:45,2026-09-22 21:35:22,2026-09-22 21:35:24,1.96,2026-09-22 21:35:24,2026-09-22,21:35:24,2026-09-22 21:49:59,974.17
wed,15,흑사,안경알,828170,https://comic.naver.com/webtoon/list?titleId=828170&tab=wed,11368251,흑사,흑사 (총 56화/미완결),총 56화/미완결,56.0,미완결,안경알 안경알,평점 9.9 | 안경알 안경알 | 2025.07.22. | 총56화/미완결 | 전화 무료,https://series.naver.com/comic/detail.series?productNo=11368251,matched,ok,"흑사 (총 56화/미완결)
평점
9.9 | 안경알 안경알 | 2025.07.22. | 총56화/미완결 | 전화 무료
마교와의 마지막 전투에서 무림맹에게 배신당해 모든 전우를 잃은 흑사대장 정화… 악착같이 살아남은 그녀는 맹세한다. 전우들을 죽음으로 몰아넣은 마교와 무림맹 모두 없애버리겠다고. ”하늘이시여! 정녕 대의가 살아있다..",wed,1,wed,1,tue,wed,True,wed,수,tue,wed,11368251_wed,pre_release,오늘 밤 10시 새 회차 공개 전 기준값 수집,189.2만,1892000.0,https://series.naver.com/comic/detail.series?productNo=11368251,20260922_213345,tue,화,2026-09-22 21:33:45,2026-09-22,21:33:45,2026-09-22 21:35:25,2026-09-22 21:35:27,1.86,2026-09-22 21:35:27,2026-09-22,21:35:27,2026-09-22 21:49:59,974.17
wed,21,건곤불이기,박만사,829211,https://comic.naver.com/webtoon/list?titleId=829211&tab=wed,11479063,건곤불이기,건곤불이기 (총 78화/미완결),총 78화/미완결,78.0,미완결,,,https://series.naver.com/comic/detail.series?productNo=11479063,matched,ok,"건곤불이기 (총 78화/미완결)
평점
9.4 | 노경찬 형1978 | 2026.06.02. | 총78화/미완결 | 74화 무료
건곤불이기乾坤不異記[하늘과 땅의 이야기는 다르지 않다.]신검神劍과 마도魔刀강호를 호령하는 두 고수.그중 마도魔刀의 무가 평범한 아이였던 '반통미'에게 이어진다.그저 바보처럼 성실하고 근면하기만한 아버지에게 불만..",wed,1,wed,1,tue,wed,True,wed,수,tue,wed,11479063_wed,pre_release,오늘 밤 10시 새 회차 공개 전 기준값 수집,97만,970000.0,https://series.naver.com/comic/detail.series?productNo=11479063,20260922_213345,tue,화,2026-09-22 21:33:45,2026-09-22,21:33:45,2026-09-22 21:35:28,2026-09-22 21:35:30,2.34,2026-09-22 21:35:30,2026-09-22,21:35:30,2026-09-22 21:49:59,974.17
wed,104,데드포인트,마요락,830004,https://comic.naver.com/webtoon/list?titleId=830004&tab=wed,11550118,데드포인트,데드포인트 (총 87화/미완결),총 87화/미완결,87.0,미완결,,,https://series.naver.com/comic/detail.series?productNo=11550118,matched,ok,"데드포인트 (총 87화/미완결)
평점
10.0 | 마요락 마요락 | 2026.06.02. | 총87화/미완결 | 82화 무료
손을 잡으면 타인의 '재능의 한계'를 엿볼 수 있는 소녀, 박호지. 어느 날 마주친 스포츠클라이머 '채아성'에게서 재능의 한계를 부숴버릴 가능성을 느낀다. 하지만 기대했던 올림픽 무대는 한계에 부딪힌 채아성이 처참하게 추..",wed,1,wed,1,tue,wed,True,wed,수,tue,wed,11550118_wed,pre_release,오늘 밤 10시 새 회차 공개 전 기준값 수집,5.8만,58000.0,https://series.naver.com/comic/detail.series?productNo=11550118,20260922_213345,tue,화,2026-09-22 21:33:45,2026-09-22,21:33:45,2026-09-22 21:35:32,2026-09-22 21:35:34,2.12,2026-09-22 21:35:34,2026-09-22,21:35:34,2026-09-22 21:49:59,974.17
wed,53,귀령,가나라,832095,https://comic.naver.com/webtoon/list?titleId=832095&tab=wed,11590455,귀령,귀령 (총 76화/미완결),총 76화/미완결,76.0,미완결,,,https://series.naver.com/comic/detail.series?productNo=11590455,matched,ok,"귀령 (총 76화/미완결)
평점
9.7 | 월하야담, 가나라 소희 | 2026.06.02. | 총76화/미완결 | 71화 무료
배꽃향기 가득한 지리산 자락의 작은 암자 세암당.남도 만신의 후예이자 천궁 선녀의 환생 하연은 금강저를 통해 영의 세계에 개입할 수 있는 청년, 건우를 만나 세상의 슬픔과 한을 풀고 악귀를 퇴치해 나간다.",wed,1,wed,1,tue,wed,True,wed,수,tue,wed,11590455_wed,pre_release,오늘 밤 10시 새 회차 공개 전 기준값 수집,135.9만,1359000.0,https://series.naver.com/comic/detail.series?productNo=11590455,20260922_213345,tue,화,2026-09-22 21:33:45,2026-09-22,21:33:45,2026-09-22 21:35:35,2026-09-22 21:35:37,1.93,2026-09-22 21:35:37,2026-09-22,21:35:37,2026-09-22 21:49:59,974.17
wed,32,내 분신이 거물이 되어간다,LICO,832667,https://comic.naver.com/webtoon/list?titleId=832667&tab=wed,11649634,내 분신이 거물이 되어간다,내 분신이 거물이 되어간다 (총 82화/미완결),총 82화/미완결,82.0,미완결,,,https://series.naver.com/comic/detail.series?productNo=11649634,matched,ok,"내 분신이 거물이 되어간다 (총 82화/미완결)
평점
9.9 | LICO 한사 | 2026.06.02. | 총82화/미완결 | 77화 무료
이능력자의 무차별 테러로 가족을 잃은 청년 ‘한성현’사고 후유증으로 은둔 생활을 전전하던 어느날본인 대신 분신을 움직이는 능력을 각성해버린다! ""뭣! 위험천만한 이세계는 분신을 보내서 사냥하고난 방구석에서 맘편..",wed,1,wed,1,tue,wed,True,wed,수,tue,wed,11649634_wed,pre_release,오늘 밤 10시 새 회차 공개 전 기준값 수집,309만,3090000.0,https://series.naver.com/comic/detail.series?productNo=11649634,20260922_213345,tue,화,2026-09-22 21:33:45,2026-09-22,21:33:45,2026-09-22 21:35:39,2026-09-22 21:35:41,2.52,2026-09-22 21:35:41,2026-09-22,21:35:41,2026-09-22 21:49:59,974.17
wed,10,썰:관계주의,,834033,https://comic.naver.com/webtoon/list?titleId=834033&tab=wed,11802777,썰:관계주의,썰:관계주의 (총 87화/미완결),총 87화/미완결,87.0,미완결,이삼 장버들,평점 10.0 | 이삼 장버들 | 2026.06.16. | 총87화/미완결 | 83화 무료,https://series.naver.com/comic/detail.series?productNo=11802777,review_needed,not_found,"썰:관계주의 (총 87화/미완결)
평점
10.0 | 이삼 장버들 | 2026.06.16. | 총87화/미완결 | 83화 무료
여러 상가가 들어서 있는 강남의 유명타워. 이야기는 유명타워의 한 피부과 안내 데스크 직원 강지영으로부터 시작된다. 동료이자 유부남 의사와 만남을 이어가던 지영은 그에게 또 다른 불륜 상대가 있음을 눈치 채는데 그 상..",wed,1,wed,1,tue,wed,True,wed,수,tue,wed,11802777_wed,pre_release,오늘 밤 10시 새 회차 공개 전 기준값 수집,,,https://nid.naver.com/nidlogin.login?svctype=128&a_version=2&viewtype=1&url=http%3A%2F%2Fseries.naver.com%2Fcomic%2Fdetail.series%3FproductNo%3D11802777&surl=https%3A%2F%2Fseries.naver.com,20260922_213345,tue,화,2026-09-22 21:33:45,2026-09-22,21:33:45,2026-09-22 21:35:42,2026-09-22 21:36:00,17.64,2026-09-22 21:36:00,2026-09-22,21:36:00,2026-09-22 21:49:59,974.17
wed,92,아이스크림 소년,은풀,834349,https://comic.naver.com/webtoon/list?titleId=834349&tab=wed,11873912,아이스크림 소년,아이스크림 소년 (총 57화/미완결),총 57화/미완결,57.0,미완결,은풀 은풀,평점 10.0 | 은풀 은풀 | 2026.06.30. | 총57화/미완결 | 52화 무료,https://series.naver.com/comic/detail.series?productNo=11873912,matched,ok,"아이스크림 소년 (총 57화/미완결)
평점
10.0 | 은풀 은풀 | 2026.06.30. | 총57화/미완결 | 52화 무료
시골 학교로 전학온 소은은 까칠한 문제아 하람과 가까워지지만 그가 나를 기억하지 못한다?그리고 밝혀진 그의 비밀! 시원한 소년에게 녹아드는 소녀의 달콤한 청춘로맨스",wed,1,wed,1,tue,wed,True,wed,수,tue,wed,11873912_wed,pre_release,오늘 밤 10시 새 회차 공개 전 기준값 수집,23.9만,239000.0,https://series.naver.com/comic/detail.series?productNo=11873912,20260922_213345,tue,화,2026-09-22 21:33:45,2026-09-22,21:33:45,2026-09-22 21:36:01,2026-09-22 21:36:05,4.14,2026-09-22 21:36:05,2026-09-22,21:36:05,2026-09-22 21:49:59,974.17
wed,9,천마는 조용히 살고싶다,기제마,834502,https://comic.naver.com/webtoon/list?titleId=834502&tab=wed,11901008,천마는 조용히 살고싶다,천마는 조용히 살고싶다 (총 84화/미완결),총 84화/미완결,84.0,미완결,,,https://series.naver.com/comic/detail.series?productNo=11901008,matched,ok,"천마는 조용히 살고싶다 (총 84화/미완결)
평점
9.9 | 기제마, 김강현 슬우 | 2026.06.02. | 총84화/미완결 | 77화 무료
'다음 생에는 반대로 살아보고 싶구나...'오직 공포와 경외만이 전부였던 천마는죽음의 순간 '증혼마공'을 제대로 익힐 수 있는 실마리를 얻는다. '증혼마공'은 타인의 혼백을 탐하기만 하는 게 아니었다. 그렇게 천마는 언제 죽..",wed,1,wed,1,tue,wed,True,wed,수,tue,wed,11901008_wed,pre_release,오늘 밤 10시 새 회차 공개 전 기준값 수집,598.8만,5988000.0,https://series.naver.com/comic/detail.series?productNo=11901008,20260922_213345,tue,화,2026-09-22 21:33:45,2026-09-22,21:33:45,2026-09-22 21:36:06,2026-09-22 21:36:09,2.32,2026-09-22 21:36:09,2026-09-22,21:36:09,2026-09-22 21:49:59,974.17
wed,102,레베카의 기도,주은,834987,https://comic.naver.com/webtoon/list?titleId=834987&tab=wed,11985528,레베카의 기도,레베카의 기도 (총 81화/미완결),총 81화/미완결,81.0,미완결,,,https://series.naver.com/comic/detail.series?productNo=11985528,matched,ok,"레베카의 기도 (총 81화/미완결)
평점
9.9 | 주은 주은 | 2026.06.02. | 총81화/미완결 | 76화 무료
산업혁명의 시대, 영국 런던 구빈원 출신 레베카는 밑바닥 자신의 인생을 구원하기 위해 한 상속녀의 운명을 훔친다.",wed,1,wed,1,tue,wed,True,wed,수,tue,wed,11985528_wed,pre_release,오늘 밤 10시 새 회차 공개 전 기준값 수집,26.8만,268000.0,https://series.naver.com/comic/detail.series?productNo=11985528,20260922_213345,tue,화,2026-09-22 21:33:45,2026-09-22,21:33:45,2026-09-22 21:36:10,2026-09-22 21:36:13,2.77,2026-09-22 21:36:13,2026-09-22,21:36:13,2026-09-22 21:49:59,974.17
wed,20,천재는 평범하게 살기로 했더,비단가리비,835042,https://comic.naver.com/webtoon/list?titleId=835042&tab=wed,11999710,천재는 평범하게 살기로 했더,천재는 평범하게 살기로 했더 (총 64화/미완결),총 64화/미완결,64.0,미완결,,,https://series.naver.com/comic/detail.series?productNo=11999710,matched,ok,"천재는 평범하게 살기로 했더 (총 64화/미완결)
평점
10.0 | 비단가리비, 자손e 아티 | 2026.06.02. | 총64화/미완결 | 59화 무료
세간이 인정한 성공한 인생의 주인공, '손진혁.'하지만 정작 진혁은 그저 사랑하는 가족와 함께하는 평범한 삶을 살고 싶었을 뿐, 그러지 못한 현실에 쓸쓸하고 외로운 마음을 감출 수 없는데...어느 날, 사고로 눈을 뜨니 그토록 ..",wed,1,wed,1,tue,wed,True,wed,수,tue,wed,11999710_wed,pre_release,오늘 밤 10시 새 회차 공개 전 기준값 수집,463.4만,4634000.0,https://series.naver.com/comic/detail.series?productNo=11999710,20260922_213345,tue,화,2026-09-22 21:33:45,2026-09-22,21:33:45,2026-09-22 21:36:14,2026-09-22 21:36:16,2.03,2026-09-22 21:36:16,2026-09-22,21:36:16,2026-09-22 21:49:59,974.17
wed,51,결혼은 당신 형과,서각,835753,https://comic.naver.com/webtoon/list?titleId=835753&tab=wed,12112903,결혼은 당신 형과,결혼은 당신 형과 (총 74화/미완결),총 74화/미완결,74.0,미완결,,,https://series.naver.com/comic/detail.series?productNo=12112903,matched,ok,"결혼은 당신 형과 (총 74화/미완결)
평점
9.9 | 서각, 하윤미 정다혜 | 2026.06.03. | 총74화/미완결 | 70화 무료
미모의 아나운서, 재벌 3세... 모두가 부러워하는 인생을 살던 여진은 사실, 불행한 결혼 생활을 하고 있었다.절친한 후배와 바람이 난 남편은 그녀의 부모님 회사를 빼앗은 것도 모자라 살해까지 했던 것.이대로 끝인 줄 알았는..",wed,1,wed,1,tue,wed,True,wed,수,tue,wed,12112903_wed,pre_release,오늘 밤 10시 새 회차 공개 전 기준값 수집,216.6만,2166000.0,https://series.naver.com/comic/detail.series?productNo=12112903,20260922_213345,tue,화,2026-09-22 21:33:45,2026-09-22,21:33:45,2026-09-22 21:36:18,2026-09-22 21:36:20,2.11,2026-09-22 21:36:20,2026-09-22,21:36:20,2026-09-22 21:49:59,974.17
wed,40,신수 유치원,여눅,835762,https://comic.naver.com/webtoon/list?titleId=835762&tab=wed,12105370,신수 유치원,신수 유치원 (총 73화/미완결),총 73화/미완결,73.0,미완결,,,https://series.naver.com/comic/detail.series?productNo=12105370,matched,ok,"신수 유치원 (총 73화/미완결)
평점
9.8 | 글맛, 여눅 밈바 | 2026.06.02. | 총73화/미완결 | 66화 무료
하루하루 근근이 살아가던 소시민, 서민우.어릴 때 자신을 버리고 떠난 어머니의 유산을 물려받게 되는데,그 유산은 바로.“신수 유치원?”호랑이, 토끼, 고양이, 뱀, 거북이, 양까지 다양한 신수 아이들이 다니는 유치원이라니...",wed,1,wed,1,tue,wed,True,wed,수,tue,wed,12105370_wed,pre_release,오늘 밤 10시 새 회차 공개 전 기준값 수집,266.4만,2664000.0,https://series.naver.com/comic/detail.series?productNo=12105370,20260922_213345,tue,화,2026-09-22 21:33:45,2026-09-22,21:33:45,2026-09-22 21:36:21,2026-09-22 21:36:23,2.27,2026-09-22 21:36:23,2026-09-22,21:36:23,2026-09-22 21:49:59,974.17
wed,59,달마건,양영순,835801,https://comic.naver.com/webtoon/list?titleId=835801&tab=wed,12124910,달마건,달마건 (총 77화/미완결),총 77화/미완결,77.0,미완결,,,https://series.naver.com/comic/detail.series?productNo=12124910,matched,ok,"달마건 (총 77화/미완결)
평점
8.2 | 양영순 양영순 | 2026.06.02. | 총77화/미완결 | 72화 무료
마륜 시대, 태원국 십승지 중 하나인 무원은 어느 날 승지를 지키던 ‘대갈마륜’을 강탈당해 위기에 처한다.이를 되찾기 위해 무원 사군자는 회합을 열어 각 가문의 장자들로 구성된 회수팀을 꾸리는데, 그때 남무원 얼자인 ..",wed,1,wed,1,tue,wed,True,wed,수,tue,wed,12124910_wed,pre_release,오늘 밤 10시 새 회차 공개 전 기준값 수집,38.2만,382000.0,https://series.naver.com/comic/detail.series?productNo=12124910,20260922_213345,tue,화,2026-09-22 21:33:45,2026-09-22,21:33:45,2026-09-22 21:36:24,2026-09-22 21:36:27,2.47,2026-09-22 21:36:27,2026-09-22,21:36:27,2026-09-22 21:49:59,974.17
wed,28,첩자의 마교생활,DALGON,836382,https://comic.naver.com/webtoon/list?titleId=836382&tab=wed,12175030,첩자의 마교생활,첩자의 마교생활 (총 78화/미완결),총 78화/미완결,78.0,미완결,,,https://series.naver.com/comic/detail.series?productNo=12175030,matched,ok,"첩자의 마교생활 (총 78화/미완결)
평점
9.8 | 대은호 DALGON | 2026.06.02. | 총78화/미완결 | 71화 무료
[매주 수요일 연재]마교에 잠입한 무림맹의 첩자, 장이서.그에게 처음이자 마지막 임무가 하달됐다.그것은… 망나니로 유명한 칠공자 마오를 소교주로 만들라는 것!천재적인 무재를 지녔지만 체질의 한계를 지닌 장이서와 재..",wed,1,wed,1,tue,wed,True,wed,수,tue,wed,12175030_wed,pre_release,오늘 밤 10시 새 회차 공개 전 기준값 수집,184.4만,1844000.0,https://series.naver.com/comic/detail.series?productNo=12175030,20260922_213345,tue,화,2026-09-22 21:33:45,2026-09-22,21:33:45,2026-09-22 21:36:28,2026-09-22 21:36:30,2.03,2026-09-22 21:36:30,2026-09-22,21:36:30,2026-09-22 21:49:59,974.17
wed,49,별과 사슬이 뜨는 섬,어패류메기,837100,https://comic.naver.com/webtoon/list?titleId=837100&tab=wed,12283968,별과 사슬이 뜨는 섬,별과 사슬이 뜨는 섬 (총 73화/미완결),총 73화/미완결,73.0,미완결,,,https://series.naver.com/comic/detail.series?productNo=12283968,matched,ok,"별과 사슬이 뜨는 섬 (총 73화/미완결)
평점
9.4 | 어패류메기 훌리 | 2026.06.02. | 총73화/미완결 | 66화 무료
헌터의 꿈을 가졌지만 재능은 없는 만년 지망생 ‘기승현’. 그런 그의 앞에 12년간 혼수상태에 빠져있던 누나 ‘기소현’이 깨어나게 된다. 누나의 기상과 함께, 정체되어 있던 운명의 수레바퀴가 돌아가기 시작한다.",wed,1,wed,1,tue,wed,True,wed,수,tue,wed,12283968_wed,pre_release,오늘 밤 10시 새 회차 공개 전 기준값 수집,144.8만,1448000.0,https://series.naver.com/comic/detail.series?productNo=12283968,20260922_213345,tue,화,2026-09-22 21:33:45,2026-09-22,21:33:45,2026-09-22 21:36:32,2026-09-22 21:36:34,2.4,2026-09-22 21:36:34,2026-09-22,21:36:34,2026-09-22 21:49:59,974.17
wed,41,모닥불 친구들,다롱다리,837439,https://comic.naver.com/webtoon/list?titleId=837439&tab=wed,12331312,모닥불 친구들,모닥불 친구들 (총 47화/미완결),총 47화/미완결,47.0,미완결,,,https://series.naver.com/comic/detail.series?productNo=12331312,matched,ok,"모닥불 친구들 (총 47화/미완결)
평점
9.5 | 다롱다리 다롱다리 | 2026.06.02. | 총47화/미완결 | 43화 무료
어느 날 추억의 애니메이션 '모닥불 친구들' 세상으로 쏙 들어가 버린 회사원 채수! 평화로운 숲속에서 귀여운 동물 친구들과 놀며 잃어버린 동심을 되찾아가는데.. 사실 그들의 친절에는 섬뜩한 비밀이 숨겨져 있다!? 귀엽지만..",wed,1,wed,1,tue,wed,True,wed,수,tue,wed,12331312_wed,pre_release,오늘 밤 10시 새 회차 공개 전 기준값 수집,104.1만,1041000.0,https://series.naver.com/comic/detail.series?productNo=12331312,20260922_213345,tue,화,2026-09-22 21:33:45,2026-09-22,21:33:45,2026-09-22 21:36:36,2026-09-22 21:36:38,2.83,2026-09-22 21:36:38,2026-09-22,21:36:38,2026-09-22 21:49:59,974.17
wed,3,종말이 찾아왔다,전선욱,838002,https://comic.naver.com/webtoon/list?titleId=838002&tab=wed,12424386,종말이 찾아왔다,종말이 찾아왔다 (총 67화/미완결),총 67화/미완결,67.0,미완결,,,https://series.naver.com/comic/detail.series?productNo=12424386,matched,ok,"종말이 찾아왔다 (총 67화/미완결)
평점
9.4 | 전선욱 전선욱 | 2026.06.02. | 총67화/미완결 | 61화 무료
가난한 왕따 정민준과 금수저 인싸녀 한예나의 좀비생존기",wed,1,wed,1,tue,wed,True,wed,수,tue,wed,12424386_wed,pre_release,오늘 밤 10시 새 회차 공개 전 기준값 수집,"1,069만",10690000.0,https://series.naver.com/comic/detail.series?productNo=12424386,20260922_213345,tue,화,2026-09-22 21:33:45,2026-09-22,21:33:45,2026-09-22 21:36:39,2026-09-22 21:36:42,2.85,2026-09-22 21:36:42,2026-09-22,21:36:42,2026-09-22 21:49:59,974.17
wed,100,유사품에 주의하세요,초롱이,838943,https://comic.naver.com/webtoon/list?titleId=838943&tab=wed,12564185,유사품에 주의하세요,유사품에 주의하세요 (총 46화/미완결),총 46화/미완결,46.0,미완결,초롱이 초롱이,평점 10.0 | 초롱이 초롱이 | 2026.06.16. | 총46화/미완결 | 41화 무료,https://series.naver.com/comic/detail.series?productNo=12564185,matched,ok,"유사품에 주의하세요 (총 46화/미완결)
평점
10.0 | 초롱이 초롱이 | 2026.06.16. | 총46화/미완결 | 41화 무료
'국민 첫사랑'으로 거듭난아역 출신 배우 최유빈.최유빈 덕질이 삶의 낙이었던 가희는유빈의 충격적인 비밀을 알게 되며 절망에 빠진다.그런 가희 앞에 나타난 최유빈의 쌍둥이 형 최유진!가희는 아쉬운 대로 유진에게 접근하..",wed,1,wed,1,tue,wed,True,wed,수,tue,wed,12564185_wed,pre_release,오늘 밤 10시 새 회차 공개 전 기준값 수집,12.1만,121000.0,https://series.naver.com/comic/detail.series?productNo=12564185,20260922_213345,tue,화,2026-09-22 21:33:45,2026-09-22,21:33:45,2026-09-22 21:36:44,2026-09-22 21:36:46,1.98,2026-09-22 21:36:46,2026-09-22,21:36:46,2026-09-22 21:49:59,974.17
wed,26,밥먹고가라,차우민,838956,https://comic.naver.com/webtoon/list?titleId=838956&tab=wed,12565745,밥먹고가라,밥먹고가라 (총 60화/미완결),총 60화/미완결,60.0,미완결,,,https://series.naver.com/comic/detail.series?productNo=12565745,matched,ok,"밥먹고가라 (총 60화/미완결)
평점
10.0 | 차우민, 고두열 더 비숑 | 2026.06.03. | 총60화/미완결 | 56화 무료
마왕을 쓰러뜨린 사나이, 이제는 밥으로 세상을 치유한다.이세계에 소환되어 마왕과의 싸움 끝에, 마왕을 해치운 최강의 사나이 강철호.30년 만에 귀환해 돌아온 지구는 레이드의 시대.강철호는 반복되는 싸움에 지쳤고, 더 이..",wed,1,wed,1,tue,wed,True,wed,수,tue,wed,12565745_wed,pre_release,오늘 밤 10시 새 회차 공개 전 기준값 수집,345.3만,3453000.0,https://series.naver.com/comic/detail.series?productNo=12565745,20260922_213345,tue,화,2026-09-22 21:33:45,2026-09-22,21:33:45,2026-09-22 21:36:47,2026-09-22 21:36:50,2.54,2026-09-22 21:36:50,2026-09-22,21:36:50,2026-09-22 21:49:59,974.17
wed,83,계약 결혼 종료,꾸리,839331,https://comic.naver.com/webtoon/list?titleId=839331&tab=wed,12626830,계약 결혼 종료,계약 결혼 종료 (총 49화/미완결),총 49화/미완결,49.0,미완결,"Lee jihye, 꾸리 꾸리","평점 10.0 | Lee jihye, 꾸리 꾸리 | 2026.09.01. | 총49화/미완결 | 44화 무료",https://series.naver.com/comic/detail.series?productNo=12626830,matched,ok,"계약 결혼 종료 (총 49화/미완결)
평점
10.0 | Lee jihye, 꾸리 꾸리 | 2026.09.01. | 총49화/미완결 | 44화 무료
어린 시절 '르네'의 첫사랑 '알렉산드르 챔블러'.그가 어머니를 잃었다는 소식에 한 걸음에 달려갔지만,돌아온 건 싸늘한 거절과 첫사랑의 좌절이었다.그러던 어느 날, 르네에게 그 첫사랑이 청혼해왔다.그렇게 시작된 계약 결..",wed,1,wed,1,tue,wed,True,wed,수,tue,wed,12626830_wed,pre_release,오늘 밤 10시 새 회차 공개 전 기준값 수집,78.5만,785000.0,https://series.naver.com/comic/detail.series?productNo=12626830,20260922_213345,tue,화,2026-09-22 21:33:45,2026-09-22,21:33:45,2026-09-22 21:36:51,2026-09-22 21:36:53,2.69,2026-09-22 21:36:53,2026-09-22,21:36:53,2026-09-22 21:49:59,974.17
wed,98,어시스턴트,38,839587,https://comic.naver.com/webtoon/list?titleId=839587&tab=wed,12681115,어시스턴트,어시스턴트 (총 49화/미완결),총 49화/미완결,49.0,미완결,,,https://series.naver.com/comic/detail.series?productNo=12681115,matched,ok,"어시스턴트 (총 49화/미완결)
평점
10.0 | 38 38 | 2026.06.02. | 총49화/미완결 | 44화 무료
프리랜서 킬러(어시스턴트) 8년 차 주원새로운 어시 K와 만나면서 큰일에 휘말려든다",wed,1,wed,1,tue,wed,True,wed,수,tue,wed,12681115_wed,pre_release,오늘 밤 10시 새 회차 공개 전 기준값 수집,12.6만,126000.0,https://series.naver.com/comic/detail.series?productNo=12681115,20260922_213345,tue,화,2026-09-22 21:33:45,2026-09-22,21:33:45,2026-09-22 21:36:55,2026-09-22 21:36:57,2.54,2026-09-22 21:36:57,2026-09-22,21:36:57,2026-09-22 21:49:59,974.17
wed,19,방구석 재민이,뽈쟁이,839712,https://comic.naver.com/webtoon/list?titleId=839712&tab=wed,12688099,방구석 재민이,방구석 재민이 (총 56화/미완결),총 56화/미완결,56.0,미완결,,,https://series.naver.com/comic/detail.series?productNo=12688099,matched,ok,"방구석 재민이 (총 56화/미완결)
평점
9.9 | 뽈쟁이 뽈쟁이 | 2026.06.03. | 총56화/미완결 | 51화 무료
""게임 좀 작작하고 밖에 가서 좀 놀아라!""바깥보다 집 안이 더 편하고, 스포츠보다 게임이 더 즐거운 방구석 사람들,어디든 게임이랑 인터넷만 할 수 있다면 그것만으로도 족하다!오늘도 내 잔잔한 일상을 지키기 위해, 방구석..",wed,1,wed,1,tue,wed,True,wed,수,tue,wed,12688099_wed,pre_release,오늘 밤 10시 새 회차 공개 전 기준값 수집,132.1만,1321000.0,https://series.naver.com/comic/detail.series?productNo=12688099,20260922_213345,tue,화,2026-09-22 21:33:45,2026-09-22,21:33:45,2026-09-22 21:36:58,2026-09-22 21:37:00,2.18,2026-09-22 21:37:00,2026-09-22,21:37:00,2026-09-22 21:49:59,974.17
wed,62,두 번 빼앗긴 남편,홀림,839880,https://comic.naver.com/webtoon/list?titleId=839880&tab=wed,12692216,두 번 빼앗긴 남편,두 번 빼앗긴 남편 (총 45화/미완결),총 45화/미완결,45.0,미완결,"리키타, 단주 영다","평점 9.6 | 리키타, 단주 영다 | 2026.03.17. | 총45화/미완결 | 전화 무료",https://series.naver.com/comic/detail.series?productNo=12692216,matched,ok,"두 번 빼앗긴 남편 (총 45화/미완결)
평점
9.6 | 리키타, 단주 영다 | 2026.03.17. | 총45화/미완결 | 전화 무료
피폐 소설 속 주인공 '로제'로 빙의했다,그것도 내 남편을 빼앗은 절친과 함께.그리고 변함없이 또 남편을 빼앗으려고 하는데.""마음껏 탐해 주렴.이제 과거처럼 당하고만 있진 않을 테니까.""피폐 소설 남주를 절친에게 버리고 도..",wed,1,wed,1,tue,wed,True,wed,수,tue,wed,12692216_wed,pre_release,오늘 밤 10시 새 회차 공개 전 기준값 수집,122.5만,1225000.0,https://series.naver.com/comic/detail.series?productNo=12692216,20260922_213345,tue,화,2026-09-22 21:33:45,2026-09-22,21:33:45,2026-09-22 21:37:02,2026-09-22 21:37:04,1.94,2026-09-22 21:37:04,2026-09-22,21:37:04,2026-09-22 21:49:59,974.17
wed,44,당신의 가격을 알려드립니다,무비,840840,https://comic.naver.com/webtoon/list?titleId=840840&tab=wed,12880981,당신의 가격을 알려드립니다,당신의 가격을 알려드립니다 (총 51화/미완결),총 51화/미완결,51.0,미완결,,,https://series.naver.com/comic/detail.series?productNo=12880981,matched,ok,"당신의 가격을 알려드립니다 (총 51화/미완결)
평점
9.5 | 무비, 곽동주 두민 | 2026.06.02. | 총51화/미완결 | 47화 무료
「모든 인간에게 가격이 매겨지는 세상, ‘0원’이 되면... 죽는다!」 전 세계 사람들의 휴대폰에 인간의 가격을 매기는 바이러스 앱이 깔렸다. 평균 100만원대 이상은 달리는 보통의 사람들 사이에서 “2,500원”이란 헐값으..",wed,1,wed,1,tue,wed,True,wed,수,tue,wed,12880981_wed,pre_release,오늘 밤 10시 새 회차 공개 전 기준값 수집,105.5만,1055000.0,https://series.naver.com/comic/detail.series?productNo=12880981,20260922_213345,tue,화,2026-09-22 21:33:45,2026-09-22,21:33:45,2026-09-22 21:37:05,2026-09-22 21:37:08,2.31,2026-09-22 21:37:08,2026-09-22,21:37:08,2026-09-22 21:49:59,974.17
wed,91,마누의 딸들,신일숙,841087,https://comic.naver.com/webtoon/list?titleId=841087&tab=wed,12971220,마누의 딸들,마누의 딸들 (총 48화/미완결),총 48화/미완결,48.0,미완결,,,https://series.naver.com/comic/detail.series?productNo=12971220,matched,ok,"마누의 딸들 (총 48화/미완결)
평점
9.9 | 신일숙 신일숙 | 2026.06.02. | 총48화/미완결 | 43화 무료
<아르미안의 네 딸들>, 그 강력하고 신비로운 대서사시의 출발점영산 부족의 지도자 '마누'와 네 딸들의 이야기.큰강 부족의 후계자 '에셔'는 삼촌의 계략에 의해 죽을 뻔한 위기에 처했다가 영산 부족 마누의 딸 이와의 도움..",wed,1,wed,1,tue,wed,True,wed,수,tue,wed,12971220_wed,pre_release,오늘 밤 10시 새 회차 공개 전 기준값 수집,34.9만,349000.0,https://series.naver.com/comic/detail.series?productNo=12971220,20260922_213345,tue,화,2026-09-22 21:33:45,2026-09-22,21:33:45,2026-09-22 21:37:09,2026-09-22 21:37:11,2.28,2026-09-22 21:37:11,2026-09-22,21:37:11,2026-09-22 21:49:59,974.17
wed,30,중대장은 실망했다,이량,841639,https://comic.naver.com/webtoon/list?titleId=841639&tab=wed,13001011,중대장은 실망했다,중대장은 실망했다 (총 90화/미완결),총 90화/미완결,90.0,미완결,,,https://series.naver.com/comic/detail.series?productNo=13001011,matched,ok,"중대장은 실망했다 (총 90화/미완결)
평점
9.9 | 이량 이량 | 2026.06.05. | 총90화/미완결 | 80화 무료
마흔 살이 넘은 중대장은 멋진 모습을 보이고 싶지만요즘 애들, 요즘 군대는 왜 이렇게 변해버린 것일까!참으로.. 중대장은 실망했다!","wed,sat",2,"wed,sat",2,"tue,fri","wed,sat",True,wed,수,tue,wed,13001011_wed,pre_release,오늘 밤 10시 새 회차 공개 전 기준값 수집,138.9만,1389000.0,https://series.naver.com/comic/detail.series?productNo=13001011,20260922_213345,tue,화,2026-09-22 21:33:45,2026-09-22,21:33:45,2026-09-22 21:37:12,2026-09-22 21:37:14,2.26,2026-09-22 21:37:14,2026-09-22,21:37:14,2026-09-22 21:49:59,974.17
wed,109,1등을 위해,재른,841826,https://comic.naver.com/webtoon/list?titleId=841826&tab=wed,13013590,1등을 위해,1등을 위해 (총 47화/미완결),총 47화/미완결,47.0,미완결,,,https://series.naver.com/comic/detail.series?productNo=13013590,matched,ok,"1등을 위해 (총 47화/미완결)
평점
10.0 | 재른 재른 | 2026.06.02. | 총47화/미완결 | 42화 무료
전교 2등이라서 싫어, 전교 2등이라서 필요해!전교 1등 짝남이 내 험담을 하는 것을 들어버렸다? 그 이유는 내가 해맑은(얄미운) 전교 2등이라서!하지만 나는 네가 좋은걸? 성적은 우리 사이에 장벽이 될 수 없어!1등이랑 2등 ..",wed,1,wed,1,tue,wed,True,wed,수,tue,wed,13013590_wed,pre_release,오늘 밤 10시 새 회차 공개 전 기준값 수집,2.6만,26000.0,https://series.naver.com/comic/detail.series?productNo=13013590,20260922_213345,tue,화,2026-09-22 21:33:45,2026-09-22,21:33:45,2026-09-22 21:37:16,2026-09-22 21:37:18,2.4,2026-09-22 21:37:18,2026-09-22,21:37:18,2026-09-22 21:49:59,974.17
mon,73,오늘은 뭐하고 놀까?,햄김밥,842116,https://comic.naver.com/webtoon/list?titleId=842116&tab=mon,13041640,오늘은 뭐하고 놀까?,오늘은 뭐하고 놀까? (총 89화/미완결),총 89화/미완결,89.0,미완결,,,https://series.naver.com/comic/detail.series?productNo=13041640,matched,ok,"오늘은 뭐하고 놀까? (총 89화/미완결)
평점
10.0 | 햄김밥 | 2026.06.07. | 총89화/미완결 | 84화 무료
게임을 좋아하는 원숭이 ‘햄김밥’의 징글 귀염 게이머 공감 일상 개그툰! 오늘은 뭐하고 놀까?","mon,wed",2,"mon,wed",2,"sun,tue","mon,wed",True,wed,수,tue,wed,13041640_wed,pre_release,오늘 밤 10시 새 회차 공개 전 기준값 수집,4.3만,43000.0,https://series.naver.com/comic/detail.series?productNo=13041640,20260922_213345,tue,화,2026-09-22 21:33:45,2026-09-22,21:33:45,2026-09-22 21:37:20,2026-09-22 21:37:22,2.36,2026-09-22 21:37:22,2026-09-22,21:37:22,2026-09-22 21:49:59,974.17
wed,35,마교전선 비룡십삼대,신검일,842352,https://comic.naver.com/webtoon/list?titleId=842352&tab=wed,13063144,마교전선 비룡십삼대 [독점],마교전선 비룡십삼대 [독점] (총 43화/미완결),총 43화/미완결,43.0,미완결,,,https://series.naver.com/comic/detail.series?productNo=13063144,matched,ok,"마교전선 비룡십삼대 [독점] (총 43화/미완결)
평점
9.7 | 신검일,겨울반디 고굼마 | 2026.06.02. | 총43화/미완결 | 38화 무료
한때는 가문의 수치, 지금은 기억력 만렙 무공 사기캐?!죽었다 깨어나니 전선으로 회귀, 이번엔 진짜 돼지가 아니라고! ⓒ신검일,고굼마(원작:겨울반디)/학산문화사",wed,1,wed,1,tue,wed,True,wed,수,tue,wed,13063144_wed,pre_release,오늘 밤 10시 새 회차 공개 전 기준값 수집,123.6만,1236000.0,https://series.naver.com/comic/detail.series?productNo=13063144,20260922_213345,tue,화,2026-09-22 21:33:45,2026-09-22,21:33:45,2026-09-22 21:37:23,2026-09-22 21:37:26,2.03,2026-09-22 21:37:26,2026-09-22,21:37:26,2026-09-22 21:49:59,974.17
wed,46,해골전령 이야기,kain_y,842620,https://comic.naver.com/webtoon/list?titleId=842620&tab=wed,13095913,해골전령 이야기,해골전령 이야기 (총 42화/미완결),총 42화/미완결,42.0,미완결,,,https://series.naver.com/comic/detail.series?productNo=13095913,matched,ok,"해골전령 이야기 (총 42화/미완결)
평점
9.9 | kain_y 소라게 | 2026.06.02. | 총42화/미완결 | 38화 무료
황제가 죽고 120년, 다시 눈을 뜬 황제의 전령이자용사파티원이였던 벤리라.부패한 조국에게 사랑하던 제자를 잃고황제의 마지막 전언을 전하기로 결정한다.[나는 황제의 말을 전하는 전령, 초대황제의 뜻을 들어라.][제국에..",wed,1,wed,1,tue,wed,True,wed,수,tue,wed,13095913_wed,pre_release,오늘 밤 10시 새 회차 공개 전 기준값 수집,139.1만,1391000.0,https://series.naver.com/comic/detail.series?productNo=13095913,20260922_213345,tue,화,2026-09-22 21:33:45,2026-09-22,21:33:45,2026-09-22 21:37:26,2026-09-22 21:37:29,2.37,2026-09-22 21:37:29,2026-09-22,21:37:29,2026-09-22 21:49:59,974.17
wed,74,레모네이드,혜루,842899,https://comic.naver.com/webtoon/list?titleId=842899&tab=wed,13156066,레모네이드,레모네이드 (총 41화/미완결),총 41화/미완결,41.0,미완결,,,https://series.naver.com/comic/detail.series?productNo=13156066,matched,ok,"레모네이드 (총 41화/미완결)
평점
10.0 | 혜루 혜루 | 2026.06.02. | 총41화/미완결 | 36화 무료
가족처럼 지낸 소꿉친구가 있었다.그 애와 나는 정말 ‘친구’인데 그 애의 첫 연애 소식을 듣고 무너져버렸다.나 사실 걔를 좋아하고 있었구나..!어떻게해서든 이 짝사랑을 끝내야 해!근데.. 그만 좋아하기가 왜 이렇게 힘든 거..",wed,1,wed,1,tue,wed,True,wed,수,tue,wed,13156066_wed,pre_release,오늘 밤 10시 새 회차 공개 전 기준값 수집,88.4만,884000.0,https://series.naver.com/comic/detail.series?productNo=13156066,20260922_213345,tue,화,2026-09-22 21:33:45,2026-09-22,21:33:45,2026-09-22 21:37:30,2026-09-22 21:37:32,1.97,2026-09-22 21:37:32,2026-09-22,21:37:32,2026-09-22 21:49:59,974.17
wed,110,포비든 플레저,탐포포에이키,843209,https://comic.naver.com/webtoon/list?titleId=843209&tab=wed,13204074,포비든 플레저,포비든 플레저 (총 43화/미완결),총 43화/미완결,43.0,미완결,,,https://series.naver.com/comic/detail.series?productNo=13204074,matched,ok,"포비든 플레저 (총 43화/미완결)
평점
9.8 | 탐포포에이키 탐포포에이키 | 2026.06.02. | 총43화/미완결 | 38화 무료
완벽한 사랑을 쫓는 '크리시'는 그녀를 끊임없이 챙겨주는 남자 '료'에게 매력을 느낀다. 그러나 그녀는 이 완벽한 남자가 위험한 비밀을 숨기고 있다는 것을 깨닫게 되는데..",wed,1,wed,1,tue,wed,True,wed,수,tue,wed,13204074_wed,pre_release,오늘 밤 10시 새 회차 공개 전 기준값 수집,1.6만,16000.0,https://series.naver.com/comic/detail.series?productNo=13204074,20260922_213345,tue,화,2026-09-22 21:33:45,2026-09-22,21:33:45,2026-09-22 21:37:34,2026-09-22 21:37:36,1.81,2026-09-22 21:37:36,2026-09-22,21:37:36,2026-09-22 21:49:59,974.17
wed,105,낙화의별,MOOHAK,843318,https://comic.naver.com/webtoon/list?titleId=843318&tab=wed,13226515,낙화의별,낙화의별 (총 41화/미완결),총 41화/미완결,41.0,미완결,,,https://series.naver.com/comic/detail.series?productNo=13226515,matched,ok,"낙화의별 (총 41화/미완결)
평점
10.0 | MOOHAK MOOHAK | 2026.06.02. | 총41화/미완결 | 36화 무료
낙화하는 인류의 '별'을 쫓아 삶의 여정을 걸어가는 한 연인의 여행기. 전쟁의 끝을 위해 인류가 고안해낸 미래를 위한 위성 '마더' 그러나 인간의 욕망은 '마더'를 스스로 자멸시켰다.마더의 메시지를 전달하던 AI '스피커'[스..",wed,1,wed,1,tue,wed,True,wed,수,tue,wed,13226515_wed,pre_release,오늘 밤 10시 새 회차 공개 전 기준값 수집,3.1만,31000.0,https://series.naver.com/comic/detail.series?productNo=13226515,20260922_213345,tue,화,2026-09-22 21:33:45,2026-09-22,21:33:45,2026-09-22 21:37:37,2026-09-22 21:37:40,2.79,2026-09-22 21:37:40,2026-09-22,21:37:40,2026-09-22 21:49:59,974.17
wed,106,털썩...너에게 반해버렸달까?,후야,844559,https://comic.naver.com/webtoon/list?titleId=844559&tab=wed,13354270,털썩...너에게 반해버렸달까?,털썩...너에게 반해버렸달까? (총 34화/미완결),총 34화/미완결,34.0,미완결,,,https://series.naver.com/comic/detail.series?productNo=13354270,matched,ok,"털썩...너에게 반해버렸달까? (총 34화/미완결)
평점
10.0 | 후야 후야 | 2026.06.02. | 총34화/미완결 | 29화 무료
학교 인기남 '우빈', 사실 그는 애니메이션 <러브러브미>의 주인공 ‘요이’의 덕후다. 그는 같은 반 '아윤'을 처음 본 순간 '요이'와 닮은 외모를 가진 그녀에게 첫눈에 반하게 되는데.... 오타쿠라는 정체를 밝히기 싫은 인기남 ..",wed,1,wed,1,tue,wed,True,wed,수,tue,wed,13354270_wed,pre_release,오늘 밤 10시 새 회차 공개 전 기준값 수집,9.1만,91000.0,https://series.naver.com/comic/detail.series?productNo=13354270,20260922_213345,tue,화,2026-09-22 21:33:45,2026-09-22,21:33:45,2026-09-22 21:37:41,2026-09-22 21:37:43,2.67,2026-09-22 21:37:43,2026-09-22,21:37:43,2026-09-22 21:49:59,974.17
wed,67,냥냥찍찍!,꾀돌이,844952,https://comic.naver.com/webtoon/list?titleId=844952&tab=wed,13397735,냥냥찍찍!,냥냥찍찍! (총 61화/미완결),총 61화/미완결,61.0,미완결,,,https://series.naver.com/comic/detail.series?productNo=13397735,matched,ok,"냥냥찍찍! (총 61화/미완결)
평점
10.0 | 꾀돌이 | 2026.06.05. | 총61화/미완결 | 55화 무료
햄스터로 변하는 여자 금해미, 고양이로 변하는 남자 고우영.저주를 풀기 위해선 스킨십을 해야 한다?!고양이와 햄스터의 아찔한 코믹 풀충전 캠퍼스 로맨스!","wed,sat",2,"wed,sat",2,"tue,fri","wed,sat",True,wed,수,tue,wed,13397735_wed,pre_release,오늘 밤 10시 새 회차 공개 전 기준값 수집,48.4만,484000.0,https://series.naver.com/comic/detail.series?productNo=13397735,20260922_213345,tue,화,2026-09-22 21:33:45,2026-09-22,21:33:45,2026-09-22 21:37:44,2026-09-22 21:37:46,2.2,2026-09-22 21:37:46,2026-09-22,21:37:46,2026-09-22 21:49:59,974.17
wed,78,귀여WAR,이난,845456,https://comic.naver.com/webtoon/list?titleId=845456&tab=wed,13479653,귀여WAR,귀여WAR (총 31화/미완결),총 31화/미완결,31.0,미완결,,,https://series.naver.com/comic/detail.series?productNo=13479653,matched,ok,"귀여WAR (총 31화/미완결)
평점
9.7 | 이난 따비 | 2026.06.02. | 총31화/미완결 | 26화 무료
주의 그들의 눈을 똑바로 응시하지 마세요. 공격을 망설이지 마세요. 우리의 적은 귀여우니까.어느 날 지구에 나타난 귀여운 모습의 괴생물체. 그 외모에 방심하는 사이 인류의 모든 문명은 파괴되었다.파괴된 세상에서 살아..",wed,1,wed,1,tue,wed,True,wed,수,tue,wed,13479653_wed,pre_release,오늘 밤 10시 새 회차 공개 전 기준값 수집,49만,490000.0,https://series.naver.com/comic/detail.series?productNo=13479653,20260922_213345,tue,화,2026-09-22 21:33:45,2026-09-22,21:33:45,2026-09-22 21:37:47,2026-09-22 21:37:50,2.46,2026-09-22 21:37:50,2026-09-22,21:37:50,2026-09-22 21:49:59,974.17
wed,58,함부로 길들이지 마시오!,해마,845656,https://comic.naver.com/webtoon/list?titleId=845656&tab=wed,13480066,함부로 길들이지 마시오!,함부로 길들이지 마시오! (총 29화/미완결),총 29화/미완결,29.0,미완결,,,https://series.naver.com/comic/detail.series?productNo=13480066,matched,ok,"함부로 길들이지 마시오! (총 29화/미완결)
평점
10.0 | 해마 담수 | 2026.06.02. | 총29화/미완결 | 24화 무료
결벽증. 공감결여. 접촉공포. 인간을 싫어하는 천재 여자 외과의 이레네 리오스.모두가 칭송하는 디보아 왕국 3왕자, 따분한 삶에 권태를 느끼는 북부의 대공. 디에고 카시스.서로 흥미로운, 서로의 상식에서 벗어나는 두 사람..",wed,1,wed,1,tue,wed,True,wed,수,tue,wed,13480066_wed,pre_release,오늘 밤 10시 새 회차 공개 전 기준값 수집,88.9만,889000.0,https://series.naver.com/comic/detail.series?productNo=13480066,20260922_213345,tue,화,2026-09-22 21:33:45,2026-09-22,21:33:45,2026-09-22 21:37:51,2026-09-22 21:37:53,2.27,2026-09-22 21:37:53,2026-09-22,21:37:53,2026-09-22 21:49:59,974.17
wed,55,게임에서 남자를 만나지 마세요,부메랑 마스터,845675,https://comic.naver.com/webtoon/list?titleId=845675&tab=wed,13503704,게임에서 남자를 만나지 마세요,게임에서 남자를 만나지 마세요 (총 29화/미완결),총 29화/미완결,29.0,미완결,,,https://series.naver.com/comic/detail.series?productNo=13503704,matched,ok,"게임에서 남자를 만나지 마세요 (총 29화/미완결)
평점
9.9 | 부메랑 마스터 | 2026.06.02. | 총29화/미완결 | 24화 무료
차가운 현실에서 도망쳐 온라인 게임 '얼티밋 아르카디아' 를 시작하게 된 '민지'.얼떨결에 가입한 길드의 멤버들은 현실의 그 누구보다도 친절하고,민지는 난생처음 받아보는 뜨거운 관심이 그저 좋기만 하다.게임을 통해 유대..",wed,1,wed,1,tue,wed,True,wed,수,tue,wed,13503704_wed,pre_release,오늘 밤 10시 새 회차 공개 전 기준값 수집,85.6만,856000.0,https://series.naver.com/comic/detail.series?productNo=13503704,20260922_213345,tue,화,2026-09-22 21:33:45,2026-09-22,21:33:45,2026-09-22 21:37:54,2026-09-22 21:37:57,2.91,2026-09-22 21:37:57,2026-09-22,21:37:57,2026-09-22 21:49:59,974.17
wed,48,로열패밀리,옥한돌,845917,https://comic.naver.com/webtoon/list?titleId=845917&tab=wed,13540242,로열패밀리,로열패밀리 (총 30화/미완결),총 30화/미완결,30.0,미완결,,,https://series.naver.com/comic/detail.series?productNo=13540242,matched,ok,"로열패밀리 (총 30화/미완결)
평점
9.8 | 옥한돌, MAJOR 옥한돌 | 2026.06.02. | 총30화/미완결 | 24화 무료
연 매출 350조의 대한민국 최대의 기업, '태성'.맨손으로 제국을 일궈낸 '강욱' 회장의 후계 싸움이 한창인 태성에 안하무인 그 자체인 신입사원 '서지혁'이 등장한다.그러나 그의 정체는 의문의 죽음을 맞은 장남의 아들, 강지..",wed,1,wed,1,tue,wed,True,wed,수,tue,wed,13540242_wed,pre_release,오늘 밤 10시 새 회차 공개 전 기준값 수집,53.5만,535000.0,https://series.naver.com/comic/detail.series?productNo=13540242,20260922_213345,tue,화,2026-09-22 21:33:45,2026-09-22,21:33:45,2026-09-22 21:37:59,2026-09-22 21:38:01,1.85,2026-09-22 21:38:01,2026-09-22,21:38:01,2026-09-22 21:49:59,974.17
wed,31,표절의혹,,846106,https://comic.naver.com/webtoon/list?titleId=846106&tab=wed,13575121,표절의혹,표절의혹 (총 29화/미완결),총 29화/미완결,29.0,미완결,김칸비 황영찬,평점 9.4 | 김칸비 황영찬 | 2026.06.16. | 총29화/미완결 | 24화 무료,https://series.naver.com/comic/detail.series?productNo=13575121,review_needed,not_found,"표절의혹 (총 29화/미완결)
평점
9.4 | 김칸비 황영찬 | 2026.06.16. | 총29화/미완결 | 24화 무료
살인사건 피해자들의 시신을 예술품처럼 사고파는 인간성을 잃은 자들, 그리고 그런 예술 살인을 저지르는 ‘자학’이라는 연쇄살인마가 세간의 화제가 되고 있다. 한 예술가는 이 상황에 분노해 자학을 추적하기 시작하는데.....",wed,1,wed,1,tue,wed,True,wed,수,tue,wed,13575121_wed,pre_release,오늘 밤 10시 새 회차 공개 전 기준값 수집,,,https://nid.naver.com/nidlogin.login?svctype=128&a_version=2&viewtype=1&url=http%3A%2F%2Fseries.naver.com%2Fcomic%2Fdetail.series%3FproductNo%3D13575121&surl=https%3A%2F%2Fseries.naver.com,20260922_213345,tue,화,2026-09-22 21:33:45,2026-09-22,21:33:45,2026-09-22 21:38:02,2026-09-22 21:38:17,14.74,2026-09-22 21:38:17,2026-09-22,21:38:17,2026-09-22 21:49:59,974.17
wed,4,싸이코패스 in 무림,,846109,https://comic.naver.com/webtoon/list?titleId=846109&tab=wed,13566546,싸이코패스 in 무림[독점],싸이코패스 in 무림[독점] (총 32화/미완결),총 32화/미완결,32.0,미완결,"김언, 곤붕 송범규","평점 9.8 | 김언, 곤붕 송범규 | 2026.06.16. | 총32화/미완결 | 26화 무료",https://series.naver.com/comic/detail.series?productNo=13566546,review_needed,not_found,"싸이코패스 in 무림[독점] (총 32화/미완결)
평점
9.8 | 김언, 곤붕 송범규 | 2026.06.16. | 총32화/미완결 | 26화 무료
[진정한 강자들의 세상, 무림 온라인에 오신 걸 환영합니다.]무림에 떨어진 희대의 싸이코패스.음모와 악의가 가득한 무림에 동봉수, 그의 무정한 이빨이 드리운다.",wed,1,wed,1,tue,wed,True,wed,수,tue,wed,13566546_wed,pre_release,오늘 밤 10시 새 회차 공개 전 기준값 수집,,,https://nid.naver.com/nidlogin.login?svctype=128&a_version=2&viewtype=1&url=http%3A%2F%2Fseries.naver.com%2Fcomic%2Fdetail.series%3FproductNo%3D13566546&surl=https%3A%2F%2Fseries.naver.com,20260922_213345,tue,화,2026-09-22 21:33:45,2026-09-22,21:33:45,2026-09-22 21:38:18,2026-09-22 21:38:32,14.26,2026-09-22 21:38:32,2026-09-22,21:38:32,2026-09-22 21:49:59,974.17
wed,77,검은머리 기사왕,나인,846824,https://comic.naver.com/webtoon/list?titleId=846824&tab=wed,13638885,검은머리 기사왕,검은머리 기사왕 (총 24화/미완결),총 24화/미완결,24.0,미완결,,,https://series.naver.com/comic/detail.series?productNo=13638885,matched,ok,"검은머리 기사왕 (총 24화/미완결)
평점
9.5 | 미스터쿼카, 나인 현진 | 2026.06.02. | 총24화/미완결 | 19화 무료
오크와 엘프 사이, 멸종의 길에 선 인간.인간의 시대는 끝난 줄 알았다.다음 왕을 육성하라는 사명을 받은 기사왕의 종자로서검은머리 소녀를 만나기 전까지는.그는 인간의 시대를 되찾기 위해, 마지막으로 검을 든다.검은머리 ..",wed,1,wed,1,tue,wed,True,wed,수,tue,wed,13638885_wed,pre_release,오늘 밤 10시 새 회차 공개 전 기준값 수집,14.1만,141000.0,https://series.naver.com/comic/detail.series?productNo=13638885,20260922_213345,tue,화,2026-09-22 21:33:45,2026-09-22,21:33:45,2026-09-22 21:38:33,2026-09-22 21:38:37,3.15,2026-09-22 21:38:37,2026-09-22,21:38:37,2026-09-22 21:49:59,974.17
wed,5,쪽팔려게임,봉수,847135,https://comic.naver.com/webtoon/list?titleId=847135&tab=wed,13661331,쪽팔려게임,쪽팔려게임 (총 25화/미완결),총 25화/미완결,25.0,미완결,,,https://series.naver.com/comic/detail.series?productNo=13661331,matched,ok,"쪽팔려게임 (총 25화/미완결)
평점
10.0 | 봉수 다이 | 2026.06.02. | 총25화/미완결 | 20화 무료
고등학교 2학년 유사랑은 반에서 묘한 취급을 받는다. 같은 반 친구들의 쪽팔려게임에서 놀이에 껴있지도 않은 유사랑이 자꾸 벌칙의 대상이 된다. 반 친구들도 유사랑의 인격이 어딘가 어긋나 있는 걸 어렴풋이 느끼기 때문이..",wed,1,wed,1,tue,wed,True,wed,수,tue,wed,13661331_wed,pre_release,오늘 밤 10시 새 회차 공개 전 기준값 수집,477.1만,4771000.0,https://series.naver.com/comic/detail.series?productNo=13661331,20260922_213345,tue,화,2026-09-22 21:33:45,2026-09-22,21:33:45,2026-09-22 21:38:37,2026-09-22 21:38:40,2.18,2026-09-22 21:38:40,2026-09-22,21:38:40,2026-09-22 21:49:59,974.17
wed,76,"양아치, 순애합니다",서난,847748,https://comic.naver.com/webtoon/list?titleId=847748&tab=wed,13725734,"양아치, 순애합니다","양아치, 순애합니다 (총 23화/미완결)",총 23화/미완결,23.0,미완결,,,https://series.naver.com/comic/detail.series?productNo=13725734,matched,ok,"양아치, 순애합니다 (총 23화/미완결)
평점
9.9 | 서난 | 2026.06.02. | 총23화/미완결 | 18화 무료
의대에 들어가길 꿈꾸던 모범생 유진은 고등학교 때 잠깐의 연애로 페이스를 망쳐 입시를 망쳤다. 반수하던 중, 양아치 전남친 준하가 다시 눈앞에 나타난다. 또 한 번 입시를 방해하려는 걸까? 아니면 정말 미련일까? 서로 너..",wed,1,wed,1,tue,wed,True,wed,수,tue,wed,13725734_wed,pre_release,오늘 밤 10시 새 회차 공개 전 기준값 수집,57.5만,575000.0,https://series.naver.com/comic/detail.series?productNo=13725734,20260922_213345,tue,화,2026-09-22 21:33:45,2026-09-22,21:33:45,2026-09-22 21:38:41,2026-09-22 21:38:44,2.07,2026-09-22 21:38:44,2026-09-22,21:38:44,2026-09-22 21:49:59,974.17
wed,103,향기로운 계약관계,토랑,847910,https://comic.naver.com/webtoon/list?titleId=847910&tab=wed,13750649,향기로운 계약관계,향기로운 계약관계 (총 24화/미완결),총 24화/미완결,24.0,미완결,토랑 토랑,평점 10.0 | 토랑 토랑 | 2026.06.16. | 총24화/미완결 | 19화 무료,https://series.naver.com/comic/detail.series?productNo=13750649,matched,ok,"향기로운 계약관계 (총 24화/미완결)
평점
10.0 | 토랑 토랑 | 2026.06.16. | 총24화/미완결 | 19화 무료
“우리 계약해요!”오로지 향기 하나만 바라보며 살아온 향수 회사 CEO 정리안.차 사고 이후 이유 모를 후각 상실에 시달리며 그녀의 모든 일상이 멈춘다. 그런데 길에서 우연히 마주친 남자 ‘한도윤’ 에게서만 향기가 느껴..",wed,1,wed,1,tue,wed,True,wed,수,tue,wed,13750649_wed,pre_release,오늘 밤 10시 새 회차 공개 전 기준값 수집,3.9만,39000.0,https://series.naver.com/comic/detail.series?productNo=13750649,20260922_213345,tue,화,2026-09-22 21:33:45,2026-09-22,21:33:45,2026-09-22 21:38:44,2026-09-22 21:38:47,2.23,2026-09-22 21:38:47,2026-09-22,21:38:47,2026-09-22 21:49:59,974.17
wed,108,우리애 대한,차미슬,848028,https://comic.naver.com/webtoon/list?titleId=848028&tab=wed,13758005,우리애 대한,우리애 대한 (총 21화/미완결),총 21화/미완결,21.0,미완결,,,https://series.naver.com/comic/detail.series?productNo=13758005,matched,ok,"우리애 대한 (총 21화/미완결)
평점
10.0 | 차미슬 차미슬 | 2026.06.02. | 총21화/미완결 | 16화 무료
절대군주제가 유지된 21세기 대한제국.황태자 부부가 살해 당한 이후, 황실은 황녀의 존재를 철저히 숨겼다.그리고 13년 뒤, 평범한 고등학생 ‘현우’ 앞에 나타나 스스로를 황녀라고 주장하는 전학생 ‘도영'.도영은 정말 황..",wed,1,wed,1,tue,wed,True,wed,수,tue,wed,13758005_wed,pre_release,오늘 밤 10시 새 회차 공개 전 기준값 수집,5.8천,5800.0,https://series.naver.com/comic/detail.series?productNo=13758005,20260922_213345,tue,화,2026-09-22 21:33:45,2026-09-22,21:33:45,2026-09-22 21:38:47,2026-09-22 21:38:50,2.11,2026-09-22 21:38:50,2026-09-22,21:38:50,2026-09-22 21:49:59,974.17
wed,80,댄서,영일보이,848316,https://comic.naver.com/webtoon/list?titleId=848316&tab=wed,13855014,댄서,댄서 (총 19화/미완결),총 19화/미완결,19.0,미완결,,,https://series.naver.com/comic/detail.series?productNo=13855014,matched,ok,"댄서 (총 19화/미완결)
평점
9.8 | 영일보이 영일보이 | 2026.06.02. | 총19화/미완결 | 14화 무료
'코트 위에서 춤을 추기 시작했다'중학리그 MVP 였던 유준은 아버지가 범죄자라는 사실이 알려지며 범죄자의 아들로 낙인이 찍힌다. 범죄자의 아들로서 받았던 자신에 대한 조롱, 비난과 평가들이 전부 틀렸단 걸 보여주기 ..",wed,1,wed,1,tue,wed,True,wed,수,tue,wed,13855014_wed,pre_release,오늘 밤 10시 새 회차 공개 전 기준값 수집,34.6만,346000.0,https://series.naver.com/comic/detail.series?productNo=13855014,20260922_213345,tue,화,2026-09-22 21:33:45,2026-09-22,21:33:45,2026-09-22 21:38:51,2026-09-22 21:38:54,2.64,2026-09-22 21:38:54,2026-09-22,21:38:54,2026-09-22 21:49:59,974.17
wed,79,레몬나무숲,해소금,848317,https://comic.naver.com/webtoon/list?titleId=848317&tab=wed,13787029,레몬나무숲,레몬나무숲 (총 18화/미완결),총 18화/미완결,18.0,미완결,,,https://series.naver.com/comic/detail.series?productNo=13787029,matched,ok,"레몬나무숲 (총 18화/미완결)
평점
9.8 | 해소금 해소금 | 2026.06.02. | 총18화/미완결 | 14화 무료
[막이 오른다.][기쁜 일이 있는 듯 환하게 웃는 한 사람이 무대로 뛰어오른다.][눈을 맞추며]'사랑해.''당신이 이 세상에서 가장 비참해졌으면 좋겠어.'",wed,1,wed,1,tue,wed,True,wed,수,tue,wed,13787029_wed,pre_release,오늘 밤 10시 새 회차 공개 전 기준값 수집,49.1만,491000.0,https://series.naver.com/comic/detail.series?productNo=13787029,20260922_213345,tue,화,2026-09-22 21:33:45,2026-09-22,21:33:45,2026-09-22 21:38:54,2026-09-22 21:38:57,2.24,2026-09-22 21:38:57,2026-09-22,21:38:57,2026-09-22 21:49:59,974.17
wed,87,철릉고등학교,분발맨,848318,https://comic.naver.com/webtoon/list?titleId=848318&tab=wed,13787030,철릉고등학교,철릉고등학교 (총 20화/미완결),총 20화/미완결,20.0,미완결,,,https://series.naver.com/comic/detail.series?productNo=13787030,matched,ok,"철릉고등학교 (총 20화/미완결)
평점
10.0 | 분발맨 분발맨 | 2026.06.02. | 총20화/미완결 | 15화 무료
두발규제가 삼엄하다못해 철통같은 철릉고등학교.두발규정을 어기는 순간 교사들의 바리깡이 춤을 춘다.이런 억압 속에서, 머리가 막장으로 긴 문제아 ‘전학생’과 바리깡이 통하지 않는 ‘권기수’는 교칙을 바꾸고 자유를 ..",wed,1,wed,1,tue,wed,True,wed,수,tue,wed,13787030_wed,pre_release,오늘 밤 10시 새 회차 공개 전 기준값 수집,14.1만,141000.0,https://series.naver.com/comic/detail.series?productNo=13787030,20260922_213345,tue,화,2026-09-22 21:33:45,2026-09-22,21:33:45,2026-09-22 21:38:58,2026-09-22 21:39:00,2.32,2026-09-22 21:39:00,2026-09-22,21:39:00,2026-09-22 21:49:59,974.17
wed,88,카르텔,박수봉,849144,https://comic.naver.com/webtoon/list?titleId=849144&tab=wed,13928167,카르텔,카르텔 (총 17화/미완결),총 17화/미완결,17.0,미완결,,,https://series.naver.com/comic/detail.series?productNo=13928167,matched,ok,"카르텔 (총 17화/미완결)
평점
9.8 | 김장훈, 박수봉 진작 | 2026.06.02. | 총17화/미완결 | 12화 무료
가장 낙후된 동네에 혼자 남게된 소년, 원도윤. 재능은 있었지만 세상은 그를 끌어내렸다. 거대 조직이 쥐고 흔드는 세상에서는 위로 오를수록 더 깊이 빠진다는 것을 깨닫는다. 원도윤은 끝내 선택한다. 정상 대신 나락을. 그리..",wed,1,wed,1,tue,wed,True,wed,수,tue,wed,13928167_wed,pre_release,오늘 밤 10시 새 회차 공개 전 기준값 수집,14.9만,149000.0,https://series.naver.com/comic/detail.series?productNo=13928167,20260922_213345,tue,화,2026-09-22 21:33:45,2026-09-22,21:33:45,2026-09-22 21:39:01,2026-09-22 21:39:03,2.09,2026-09-22 21:39:03,2026-09-22,21:39:03,2026-09-22 21:49:59,974.17
wed,101,스톤에이지,JA,849283,https://comic.naver.com/webtoon/list?titleId=849283&tab=wed,13939883,스톤에이지,스톤에이지 (총 17화/미완결),총 17화/미완결,17.0,미완결,,,https://series.naver.com/comic/detail.series?productNo=13939883,matched,ok,"스톤에이지 (총 17화/미완결)
평점
10.0 | JA | 2026.06.02. | 총17화/미완결 | 12화 무료
추락의 방아쇠를 당기는 이 게임에 휘말려 버린 건 언제부터였을까. 범접 불가의 천재 소년, 그에게 이상한 일들이 벌어지기 시작한다.",wed,1,wed,1,tue,wed,True,wed,수,tue,wed,13939883_wed,pre_release,오늘 밤 10시 새 회차 공개 전 기준값 수집,5.8만,58000.0,https://series.naver.com/comic/detail.series?productNo=13939883,20260922_213345,tue,화,2026-09-22 21:33:45,2026-09-22,21:33:45,2026-09-22 21:39:05,2026-09-22 21:39:07,2.56,2026-09-22 21:39:07,2026-09-22,21:39:07,2026-09-22 21:49:59,974.17
wed,25,공작님의 아이만 필요합니다,라뇽,849451,https://comic.naver.com/webtoon/list?titleId=849451&tab=wed,13936024,공작님의 아이만 필요합니다 [독점],공작님의 아이만 필요합니다 [독점] (총 14화/미완결),총 14화/미완결,14.0,미완결,,,https://series.naver.com/comic/detail.series?productNo=13936024,matched,ok,"공작님의 아이만 필요합니다 [독점] (총 14화/미완결)
평점
10.0 | 백단, 라뇽 Roal | 2026.06.02. | 총14화/미완결 | 9화 무료
[매주 수요일 연재]‘과거로 돌아갈 수 있다면, 그 사람을 사랑하지 않을 텐데.’회귀 후, 전남편과의 두 번째 결혼은 오직 아이를 위해서였다.그렇게 기적처럼 얻은 두 번째 생은 사랑을 갈구하던 전생과 달리오로지 아이를 다..",wed,1,wed,1,tue,wed,True,wed,수,tue,wed,13936024_wed,pre_release,오늘 밤 10시 새 회차 공개 전 기준값 수집,246.2만,2462000.0,https://series.naver.com/comic/detail.series?productNo=13936024,20260922_213345,tue,화,2026-09-22 21:33:45,2026-09-22,21:33:45,2026-09-22 21:39:09,2026-09-22 21:39:12,2.65,2026-09-22 21:39:12,2026-09-22,21:39:12,2026-09-22 21:49:59,974.17
wed,43,완벽한 선배의 Hide!,두지,849742,https://comic.naver.com/webtoon/list?titleId=849742&tab=wed,14024755,완벽한 선배의 Hide!,완벽한 선배의 Hide! (총 12화/미완결),총 12화/미완결,12.0,미완결,,,https://series.naver.com/comic/detail.series?productNo=14024755,matched,ok,"완벽한 선배의 Hide! (총 12화/미완결)
평점
9.9 | 두지 두지 | 2026.06.02. | 총12화/미완결 | 7화 무료
모두에게 다정하고 친절한 엄친아 과탑 태혁 선배.그러나 그 엄친아의 껍데기 속에는 미친 또라이 지랄남이 숨겨져 있다?학과 동기들 중 유일하게 그 남자의 비밀을 알고 있는 여자.그리고 그 여자에게 점점 더 집착하는 또라..",wed,1,wed,1,tue,wed,True,wed,수,tue,wed,14024755_wed,pre_release,오늘 밤 10시 새 회차 공개 전 기준값 수집,85.2만,852000.0,https://series.naver.com/comic/detail.series?productNo=14024755,20260922_213345,tue,화,2026-09-22 21:33:45,2026-09-22,21:33:45,2026-09-22 21:39:13,2026-09-22 21:39:15,1.94,2026-09-22 21:39:15,2026-09-22,21:39:15,2026-09-22 21:49:59,974.17
wed,96,비인간서사,호밀밭,849747,https://comic.naver.com/webtoon/list?titleId=849747&tab=wed,14025252,비인간서사,비인간서사 (총 12화/미완결),총 12화/미완결,12.0,미완결,,,https://series.naver.com/comic/detail.series?productNo=14025252,matched,ok,"비인간서사 (총 12화/미완결)
평점
10.0 | 호밀밭 호밀밭 | 2026.06.02. | 총12화/미완결 | 7화 무료
2055년 서울. 문명은 상승하고 개인은 추락한다.청년 하늘은 엄마의 수술 비용을 갚으며 살아간다.어느 날, 운명이 그를 찾아왔다.",wed,1,wed,1,tue,wed,True,wed,수,tue,wed,14025252_wed,pre_release,오늘 밤 10시 새 회차 공개 전 기준값 수집,6.2만,62000.0,https://series.naver.com/comic/detail.series?productNo=14025252,20260922_213345,tue,화,2026-09-22 21:33:45,2026-09-22,21:33:45,2026-09-22 21:39:17,2026-09-22 21:39:19,2.76,2026-09-22 21:39:19,2026-09-22,21:39:19,2026-09-22 21:49:59,974.17
wed,34,싸움배달,하우진,850079,https://comic.naver.com/webtoon/list?titleId=850079&tab=wed,14082849,싸움배달,싸움배달 (총 9화/미완결),총 9화/미완결,9.0,미완결,,,https://series.naver.com/comic/detail.series?productNo=14082849,matched,ok,"싸움배달 (총 9화/미완결)
평점
9.9 | 하우진 박창근 | 2026.06.02. | 총9화/미완결 | 5화 무료
배달이요~라이더 2년차, 싸움배달 전문 고등학생 이상.어느날 거액의 의뢰를 제안을 받는데,오너가 심상치 않다...",wed,1,wed,1,tue,wed,True,wed,수,tue,wed,14082849_wed,pre_release,오늘 밤 10시 새 회차 공개 전 기준값 수집,65.2만,652000.0,https://series.naver.com/comic/detail.series?productNo=14082849,20260922_213345,tue,화,2026-09-22 21:33:45,2026-09-22,21:33:45,2026-09-22 21:39:21,2026-09-22 21:39:23,2.28,2026-09-22 21:39:23,2026-09-22,21:39:23,2026-09-22 21:49:59,974.17
wed,89,일곱 번째 의뢰인,,850210,https://comic.naver.com/webtoon/list?titleId=850210&tab=wed,14102285,일곱 번째 의뢰인,일곱 번째 의뢰인 (총 14화/미완결),총 14화/미완결,14.0,미완결,함영서 함영서,평점 10.0 | 함영서 함영서 | 2026.06.16. | 총14화/미완결 | 9화 무료,https://series.naver.com/comic/detail.series?productNo=14102285,review_needed,not_found,"일곱 번째 의뢰인 (총 14화/미완결)
평점
10.0 | 함영서 함영서 | 2026.06.16. | 총14화/미완결 | 9화 무료
어린 탐정 맥스는 아무도 주목하지 않는 도박 업자의 죽음을 조사하라는 의뢰를 받는다. 의뢰인이 용의자로 지목한 도박 업자의 아내 제인. 맥스는 그녀를 향한 의심과 이끌림 사이에서 갈등하는데. 제인은 결백한가, 살인자인..",wed,1,wed,1,tue,wed,True,wed,수,tue,wed,14102285_wed,pre_release,오늘 밤 10시 새 회차 공개 전 기준값 수집,,,https://nid.naver.com/nidlogin.login?svctype=128&a_version=2&viewtype=1&url=http%3A%2F%2Fseries.naver.com%2Fcomic%2Fdetail.series%3FproductNo%3D14102285&surl=https%3A%2F%2Fseries.naver.com,20260922_213345,tue,화,2026-09-22 21:33:45,2026-09-22,21:33:45,2026-09-22 21:39:24,2026-09-22 21:39:38,14.33,2026-09-22 21:39:38,2026-09-22,21:39:38,2026-09-22 21:49:59,974.17
wed,27,좋아하면 멍청해진다,뀌옥,850214,https://comic.naver.com/webtoon/list?titleId=850214&tab=wed,14103441,좋아하면 멍청해진다,좋아하면 멍청해진다 (총 9화/미완결),총 9화/미완결,9.0,미완결,,,https://series.naver.com/comic/detail.series?productNo=14103441,matched,ok,"좋아하면 멍청해진다 (총 9화/미완결)
평점
10.0 | 뀌옥 뀌옥 | 2026.06.02. | 총9화/미완결 | 4화 무료
차갑고 시크한 철벽녀 세린과 평범한 대학생 진형. 남들 앞에선 멀쩡한 두 사람이지만 함께 있으면 바보가 된다.",wed,1,wed,1,tue,wed,True,wed,수,tue,wed,14103441_wed,pre_release,오늘 밤 10시 새 회차 공개 전 기준값 수집,179.7만,1797000.0,https://series.naver.com/comic/detail.series?productNo=14103441,20260922_213345,tue,화,2026-09-22 21:33:45,2026-09-22,21:33:45,2026-09-22 21:39:39,2026-09-22 21:39:42,2.62,2026-09-22 21:39:42,2026-09-22,21:39:42,2026-09-22 21:49:59,974.17
wed,81,0의 온도,0g,850650,https://comic.naver.com/webtoon/list?titleId=850650&tab=wed,14151563,0의 온도,0의 온도 (총 11화/미완결),총 11화/미완결,11.0,미완결,0g,평점 10.0 | 0g | 2026.06.16. | 총11화/미완결 | 6화 무료,https://series.naver.com/comic/detail.series?productNo=14151563,matched,ok,"0의 온도 (총 11화/미완결)
평점
10.0 | 0g | 2026.06.16. | 총11화/미완결 | 6화 무료
고1때부터 자신을 따라다니던 영혼 '0'과 사랑에 빠진 민경희.그녀는 성인이 되자마자 '0'과 영혼결혼식을 올리고, '0'이 머물 수 있는 '몸'을 만들어 주기로 약속한다.그러나 만질 수 없는 것을 탐하게 된 대가가 따르는데...",wed,1,wed,1,tue,wed,True,wed,수,tue,wed,14151563_wed,pre_release,오늘 밤 10시 새 회차 공개 전 기준값 수집,14.4만,144000.0,https://series.naver.com/comic/detail.series?productNo=14151563,20260922_213345,tue,화,2026-09-22 21:33:45,2026-09-22,21:33:45,2026-09-22 21:39:43,2026-09-22 21:39:46,2.58,2026-09-22 21:39:46,2026-09-22,21:39:46,2026-09-22 21:49:59,974.17
wed,85,불완전 자매,냠냠이,850656,https://comic.naver.com/webtoon/list?titleId=850656&tab=wed,14142629,불완전 자매,불완전 자매 (총 7화/미완결),총 7화/미완결,7.0,미완결,,,https://series.naver.com/comic/detail.series?productNo=14142629,matched,ok,"불완전 자매 (총 7화/미완결)
평점
10.0 | 아니,냠냠이 곰시 | 2026.06.02. | 총7화/미완결 | 2화 무료
언니, 우린 서로가 하나뿐인 ‘자매’잖아.어릴 적에 많이 아팠지만 지금은 회복하여 평범하게 지내고 있는 고등학생 류소희에게는 아픈 여동생 류아영이 있다.아영은 언니 소희를 매우 잘 따르지만, 소희는 이런 아영이 부담..",wed,1,wed,1,tue,wed,True,wed,수,tue,wed,14142629_wed,pre_release,오늘 밤 10시 새 회차 공개 전 기준값 수집,15.3만,153000.0,https://series.naver.com/comic/detail.series?productNo=14142629,20260922_213345,tue,화,2026-09-22 21:33:45,2026-09-22,21:33:45,2026-09-22 21:39:47,2026-09-22 21:39:49,2.49,2026-09-22 21:39:49,2026-09-22,21:39:49,2026-09-22 21:49:59,974.17
wed,37,서른의 봄,면지,850933,https://comic.naver.com/webtoon/list?titleId=850933&tab=wed,14189062,서른의 봄,서른의 봄 (총 6화/미완결),총 6화/미완결,6.0,미완결,,,https://series.naver.com/comic/detail.series?productNo=14189062,matched,ok,"서른의 봄 (총 6화/미완결)
평점
10.0 | 면지 면지 | 2026.06.02. | 총6화/미완결 | 3화 무료
스물아홉의 ‘봄’은 서른, 30대의 시작을 앞두고 부쩍 생각이 많다.행복한 결혼 생활 중인 친구, 자기 꿈을 이룬 친구에 비해 나는 얼마나 초라한지.회사에서는 계약직이라고 무시당하고, 집에서는 결혼 문제로 닦달하고.‘이 ..",wed,1,wed,1,tue,wed,True,wed,수,tue,wed,14189062_wed,pre_release,오늘 밤 10시 새 회차 공개 전 기준값 수집,18.9만,189000.0,https://series.naver.com/comic/detail.series?productNo=14189062,20260922_213345,tue,화,2026-09-22 21:33:45,2026-09-22,21:33:45,2026-09-22 21:39:51,2026-09-22 21:39:53,2.15,2026-09-22 21:39:53,2026-09-22,21:39:53,2026-09-22 21:49:59,974.17
wed,82,경성배달꾼,열오,850967,https://comic.naver.com/webtoon/list?titleId=850967&tab=wed,14216207,경성배달꾼,경성배달꾼 (총 6화/미완결),총 6화/미완결,6.0,미완결,,,https://series.naver.com/comic/detail.series?productNo=14216207,matched,ok,"경성배달꾼 (총 6화/미완결)
평점
10.0 | 열오 펭 | 2026.06.02. | 총6화/미완결 | 1화 무료
배달 문화는 일제강점기 때도 있었다.그런데… ‘이걸’ 배달하라고요?1931년 경성, 인기 냉면집의 베테랑 배달부 태성.어느 날 그릇에 숨겨진 밀서를 발견하며 평온했던 일상이 뒤틀린다.위험한 의뢰, 경찰의 추적, 그 속에서..",wed,1,wed,1,tue,wed,True,wed,수,tue,wed,14216207_wed,pre_release,오늘 밤 10시 새 회차 공개 전 기준값 수집,5.6만,56000.0,https://series.naver.com/comic/detail.series?productNo=14216207,20260922_213345,tue,화,2026-09-22 21:33:45,2026-09-22,21:33:45,2026-09-22 21:39:54,2026-09-22 21:39:56,1.78,2026-09-22 21:39:56,2026-09-22,21:39:56,2026-09-22 21:49:59,974.17
wed,61,조상님이 보고계셔,문찌,850971,https://comic.naver.com/webtoon/list?titleId=850971&tab=wed,14196934,조상님이 보고계셔,조상님이 보고계셔 (총 7화/미완결),총 7화/미완결,7.0,미완결,문찌,평점 10.0 | 문찌 | 2026.06.16. | 총7화/미완결 | 2화 무료,https://series.naver.com/comic/detail.series?productNo=14196934,matched,ok,"조상님이 보고계셔 (총 7화/미완결)
평점
10.0 | 문찌 | 2026.06.16. | 총7화/미완결 | 2화 무료
모든 사람 곁의 조상신이 보이는 신입생 '수다원'.그녀가 원한 건 평범한 대학 생활 뿐이었다.그런데 눈앞에 나타난 수수께끼의 오컬트 동아리 회장 '사다함'.왜인지 그에게서는 아무것도 보이지 않는다?!게다가 다원이 모시는 ..",wed,1,wed,1,tue,wed,True,wed,수,tue,wed,14196934_wed,pre_release,오늘 밤 10시 새 회차 공개 전 기준값 수집,32.7만,327000.0,https://series.naver.com/comic/detail.series?productNo=14196934,20260922_213345,tue,화,2026-09-22 21:33:45,2026-09-22,21:33:45,2026-09-22 21:39:57,2026-09-22 21:39:59,2.09,2026-09-22 21:39:59,2026-09-22,21:39:59,2026-09-22 21:49:59,974.17
wed,94,더킹,세모,851029,https://comic.naver.com/webtoon/list?titleId=851029&tab=wed,14207883,더킹,더킹 (총 7화/미완결),총 7화/미완결,7.0,미완결,,,https://series.naver.com/comic/detail.series?productNo=14207883,matched,ok,"더킹 (총 7화/미완결)
평점
9.2 | 세모 세모 | 2026.06.02. | 총7화/미완결 | 2화 무료
완벽한 엘리트 코스를 밟아온 스물 후반의 강하나, 하지만 단 한 번의 사건이 그녀의 인생을 무너뜨린다.그녀가 선택한 건 도망이 아닌 싸움. 예측 불가의 링 위에서 그녀는 왕이 되려 한다.",wed,1,wed,1,tue,wed,True,wed,수,tue,wed,14207883_wed,pre_release,오늘 밤 10시 새 회차 공개 전 기준값 수집,5.4만,54000.0,https://series.naver.com/comic/detail.series?productNo=14207883,20260922_213345,tue,화,2026-09-22 21:33:45,2026-09-22,21:33:45,2026-09-22 21:40:01,2026-09-22 21:40:03,2.62,2026-09-22 21:40:03,2026-09-22,21:40:03,2026-09-22 21:49:59,974.17
wed,42,쾌변일지,도다,851264,https://comic.naver.com/webtoon/list?titleId=851264&tab=wed,14277918,쾌변일지,쾌변일지 (총 7화/미완결),총 7화/미완결,7.0,미완결,도다 도다,평점 10.0 | 도다 도다 | 2026.06.16. | 총7화/미완결 | 2화 무료,https://series.naver.com/comic/detail.series?productNo=14277918,matched,ok,"쾌변일지 (총 7화/미완결)
평점
10.0 | 도다 도다 | 2026.06.16. | 총7화/미완결 | 2화 무료
끔찍한 복통과 멈추지 않는 설사. 하루 종일 화장실로 달려가야 하는 고통의 원인을 병원에서도 명확히 찾아내지 못한다. 스물한 살, 예고도 없이 찾아와 내 몸의 주인 행세를 하는 질병. 과연 무너진 일상을 바로잡을 수 있을까..",wed,1,wed,1,tue,wed,True,wed,수,tue,wed,14277918_wed,pre_release,오늘 밤 10시 새 회차 공개 전 기준값 수집,22.6만,226000.0,https://series.naver.com/comic/detail.series?productNo=14277918,20260922_213345,tue,화,2026-09-22 21:33:45,2026-09-22,21:33:45,2026-09-22 21:40:04,2026-09-22 21:40:07,2.26,2026-09-22 21:40:07,2026-09-22,21:40:07,2026-09-22 21:49:59,974.17
wed,107,더 스트리머,란,851409,https://comic.naver.com/webtoon/list?titleId=851409&tab=wed,14249965,더 스트리머,더 스트리머 (총 6화/미완결),총 6화/미완결,6.0,미완결,란 란,평점 9.3 | 란 란 | 2026.06.16. | 총6화/미완결 | 1화 무료,https://series.naver.com/comic/detail.series?productNo=14249965,matched,ok,"더 스트리머 (총 6화/미완결)
평점
9.3 | 란 란 | 2026.06.16. | 총6화/미완결 | 1화 무료
시간 내에 시청자 수를 모으지 못하면- 우리는 죽는다.멸망한 세상 속 극한의 생존 방송이 시작된다!",wed,1,wed,1,tue,wed,True,wed,수,tue,wed,14249965_wed,pre_release,오늘 밤 10시 새 회차 공개 전 기준값 수집,2.2만,22000.0,https://series.naver.com/comic/detail.series?productNo=14249965,20260922_213345,tue,화,2026-09-22 21:33:45,2026-09-22,21:33:45,2026-09-22 21:40:08,2026-09-22 21:40:11,2.39,2026-09-22 21:40:11,2026-09-22,21:40:11,2026-09-22 21:49:59,974.17
wed,22,멸귀수도전,이산책,851689,https://comic.naver.com/webtoon/list?titleId=851689&tab=wed,14298592,멸귀수도전,멸귀수도전 (총 6화/미완결),총 6화/미완결,6.0,미완결,"이산책, 연우솔 솔티 독","평점 9.2 | 이산책, 연우솔 솔티 독 | 2026.07.21. | 총6화/미완결 | 1화 무료",https://series.naver.com/comic/detail.series?productNo=14298592,matched,ok,"멸귀수도전 (총 6화/미완결)
평점
9.2 | 이산책, 연우솔 솔티 독 | 2026.07.21. | 총6화/미완결 | 1화 무료
""내 복수는 요귀를 절멸시켜야 끝나는 거야.""부모를 죽인 요귀를 잔혹하게 효수한 이후,마을에서 괴물이라고 손가락질 받던 소년 '이세'.삶에 더 이상 미련이 없던 '이세'는도깨비이자 요귀사냥꾼인 '몽련'을 만나세상에서 요귀..",wed,1,wed,1,tue,wed,True,wed,수,tue,wed,14298592_wed,pre_release,오늘 밤 10시 새 회차 공개 전 기준값 수집,85.8만,858000.0,https://series.naver.com/comic/detail.series?productNo=14298592,20260922_213345,tue,화,2026-09-22 21:33:45,2026-09-22,21:33:45,2026-09-22 21:40:12,2026-09-22 21:40:14,2.21,2026-09-22 21:40:14,2026-09-22,21:40:14,2026-09-22 21:49:59,974.17
wed,71,사라지게,ㅎㅂㅆ,852270,https://comic.naver.com/webtoon/list?titleId=852270&tab=wed,14383313,사라지게,사라지게 (총 6화/미완결),총 6화/미완결,6.0,미완결,ㅎㅂㅆ ㅎㅂㅆ,평점 10.0 | ㅎㅂㅆ ㅎㅂㅆ | 2026.07.07. | 총6화/미완결 | 1화 무료,https://series.naver.com/comic/detail.series?productNo=14383313,matched,ok,"사라지게 (총 6화/미완결)
평점
10.0 | ㅎㅂㅆ ㅎㅂㅆ | 2026.07.07. | 총6화/미완결 | 1화 무료
하루하루 버티며 살아가던 어느 날, 어머니가 치매에 걸렸다.자식도 알아보지 못하는 어머니의 부양을 오롯이 떠맡아야만 했다.깊어 가는 어머니의 병세와 끝을 알 수 없는 지옥 같은 날들이 계속되던 어느 날,의문의 메일이 도..",wed,1,wed,1,tue,wed,True,wed,수,tue,wed,14383313_wed,pre_release,오늘 밤 10시 새 회차 공개 전 기준값 수집,4.7만,47000.0,https://series.naver.com/comic/detail.series?productNo=14383313,20260922_213345,tue,화,2026-09-22 21:33:45,2026-09-22,21:33:45,2026-09-22 21:40:15,2026-09-22 21:40:17,2.01,2026-09-22 21:40:17,2026-09-22,21:40:17,2026-09-22 21:49:59,974.17
wed,18,원더랜드,까말솔,852503,https://comic.naver.com/webtoon/list?titleId=852503&tab=wed,14425774,원더랜드,원더랜드 (총 7화/미완결),총 7화/미완결,7.0,미완결,까말솔 경한,평점 8.7 | 까말솔 경한 | 2026.08.25. | 총7화/미완결 | 2화 무료,https://series.naver.com/comic/detail.series?productNo=14425774,matched,ok,"원더랜드 (총 7화/미완결)
평점
8.7 | 까말솔 경한 | 2026.08.25. | 총7화/미완결 | 2화 무료
""이곳에선 환상이 현실이 됩니다! 죽지 않고 살아남는다면""주인공은 실종된 딸의 행방을 쫓아 기괴한 놀이공원에 도달한다.그런 그 앞에 나타난 인형 탈을 쓴 괴물은딸을 찾고 싶다면 놀이공원에서 게임을 해서 살아남아야 한..",wed,1,wed,1,tue,wed,True,wed,수,tue,wed,14425774_wed,pre_release,오늘 밤 10시 새 회차 공개 전 기준값 수집,11.3만,113000.0,https://series.naver.com/comic/detail.series?productNo=14425774,20260922_213345,tue,화,2026-09-22 21:33:45,2026-09-22,21:33:45,2026-09-22 21:40:18,2026-09-22 21:40:21,2.39,2026-09-22 21:40:21,2026-09-22,21:40:21,2026-09-22 21:49:59,974.17
wed,73,언플러그드 보이,천계영,852504,https://comic.naver.com/webtoon/list?titleId=852504&tab=wed,5232342,언플러그드 보이 [흑백판],언플러그드 보이 [흑백판] (총 16화/완결),총 16화/완결,16.0,완결,천계영,평점 9.9 | 천계영 | 2020.06.30. | 총16화/완결 | 1화 무료,https://series.naver.com/comic/detail.series?productNo=5232342,matched,ok,"언플러그드 보이 [흑백판] (총 16화/완결)
평점
9.9 | 천계영 | 2020.06.30. | 총16화/완결 | 1화 무료
<난 슬플 땐 힙합을 춰... >천사처럼 순수하고 맑은 현겸과 사춘기 평범한 꿈을 꾸는 지율의 학원 로맨스물.두 사람의 귀여운 다툼과 성장통, 친구들 간의 우정 등을 그린다.",wed,1,wed,1,tue,wed,True,wed,수,tue,wed,5232342_wed,pre_release,오늘 밤 10시 새 회차 공개 전 기준값 수집,4.6만,46000.0,https://series.naver.com/comic/detail.series?productNo=5232342,20260922_213345,tue,화,2026-09-22 21:33:45,2026-09-22,21:33:45,2026-09-22 21:40:22,2026-09-22 21:40:25,2.55,2026-09-22 21:40:25,2026-09-22,21:40:25,2026-09-22 21:49:59,974.17
wed,95,연애 전공 새내기입니다,교진,852623,https://comic.naver.com/webtoon/list?titleId=852623&tab=wed,14451654,연애 전공 새내기입니다,연애 전공 새내기입니다 (총 6화/미완결),총 6화/미완결,6.0,미완결,교진 교진,평점 10.0 | 교진 교진 | 2026.07.28. | 총6화/미완결 | 1화 무료,https://series.naver.com/comic/detail.series?productNo=14451654,matched,ok,"연애 전공 새내기입니다 (총 6화/미완결)
평점
10.0 | 교진 교진 | 2026.07.28. | 총6화/미완결 | 1화 무료
입시를 말아 먹은 아웃사이더 원승오.앙숙 견이지와 함께 명문서울대 연애전공학과에 입학한다!졸업 요건은 반드시 일 년 안으로 결혼할 것.인싸 이지보다 먼저 결혼하기 위한 모솔 승오의 속 쓰린 사투가 시작된다.",wed,1,wed,1,tue,wed,True,wed,수,tue,wed,14451654_wed,pre_release,오늘 밤 10시 새 회차 공개 전 기준값 수집,2만,20000.0,https://series.naver.com/comic/detail.series?productNo=14451654,20260922_213345,tue,화,2026-09-22 21:33:45,2026-09-22,21:33:45,2026-09-22 21:40:26,2026-09-22 21:40:28,1.88,2026-09-22 21:40:28,2026-09-22,21:40:28,2026-09-22 21:49:59,974.17
wed,39,다 때려치고 콜라 팝니다,윤재호,852631,https://comic.naver.com/webtoon/list?titleId=852631&tab=wed,14451877,다 때려치고 콜라 팝니다 [독점],다 때려치고 콜라 팝니다 [독점] (총 6화/미완결),총 6화/미완결,6.0,미완결,고래낙하 윤재호,평점 10.0 | 고래낙하 윤재호 | 2026.07.14. | 총6화/미완결 | 1화 무료,https://series.naver.com/comic/detail.series?productNo=14451877,matched,ok,"다 때려치고 콜라 팝니다 [독점] (총 6화/미완결)
평점
10.0 | 고래낙하 윤재호 | 2026.07.14. | 총6화/미완결 | 1화 무료
이세계 왕국의 영웅이 된지도 20년.명예, 권력 모든 것을 손에 넣었다.…콜라 빼고",wed,1,wed,1,tue,wed,True,wed,수,tue,wed,14451877_wed,pre_release,오늘 밤 10시 새 회차 공개 전 기준값 수집,31.2만,312000.0,https://series.naver.com/comic/detail.series?productNo=14451877,20260922_213345,tue,화,2026-09-22 21:33:45,2026-09-22,21:33:45,2026-09-22 21:40:29,2026-09-22 21:40:31,2.8,2026-09-22 21:40:31,2026-09-22,21:40:31,2026-09-22 21:49:59,974.17
wed,90,불로남친,율로,852783,https://comic.naver.com/webtoon/list?titleId=852783&tab=wed,14463148,불로남친,불로남친 (총 6화/미완결),총 6화/미완결,6.0,미완결,율로 율로,평점 10.0 | 율로 율로 | 2026.07.14. | 총6화/미완결 | 1화 무료,https://series.naver.com/comic/detail.series?productNo=14463148,matched,ok,"불로남친 (총 6화/미완결)
평점
10.0 | 율로 율로 | 2026.07.14. | 총6화/미완결 | 1화 무료
왜인지 19살 이후부터 늙지 않는 남자친구 엄재영. 그와 14년 동안 만나온 김라빈은 재영이 감추려고 하는 진실을 추적한다. 사라진 SSD와 반복되는 기억 속의 꿈. 퍼즐을 맞춰갈수록 그녀가 믿어온 현실이 흔들리기 시작한다.",wed,1,wed,1,tue,wed,True,wed,수,tue,wed,14463148_wed,pre_release,오늘 밤 10시 새 회차 공개 전 기준값 수집,6.8만,68000.0,https://series.naver.com/comic/detail.series?productNo=14463148,20260922_213345,tue,화,2026-09-22 21:33:45,2026-09-22,21:33:45,2026-09-22 21:40:33,2026-09-22 21:40:35,1.92,2026-09-22 21:40:35,2026-09-22,21:40:35,2026-09-22 21:49:59,974.17
wed,72,고하이런,지민수,853092,https://comic.naver.com/webtoon/list?titleId=853092&tab=wed,14507202,고하이런,고하이런 (총 6화/미완결),총 6화/미완결,6.0,미완결,지민수 지민수,평점 10.0 | 지민수 지민수 | 2026.09.15. | 총6화/미완결 | 1화 무료,https://series.naver.com/comic/detail.series?productNo=14507202,matched,ok,"고하이런 (총 6화/미완결)
평점
10.0 | 지민수 지민수 | 2026.09.15. | 총6화/미완결 | 1화 무료
""네가 당구를 해도 된다고 생각해?"" 5년 전, 선수였던 삼촌의 사망 이후 당구를 멀리해 온 태윤. 우연히 다시 잡은 큐는 생각보다 아무렇지 않고, 오히려 재미있다.하지만 이 사실 가족에게 들켜서는 안 된다. 당구를 즐길수록 문..",wed,1,wed,1,tue,wed,True,wed,수,tue,wed,14507202_wed,pre_release,오늘 밤 10시 새 회차 공개 전 기준값 수집,1.3만,13000.0,https://series.naver.com/comic/detail.series?productNo=14507202,20260922_213345,tue,화,2026-09-22 21:33:45,2026-09-22,21:33:45,2026-09-22 21:40:36,2026-09-22 21:40:39,2.39,2026-09-22 21:40:39,2026-09-22,21:40:39,2026-09-22 21:49:59,974.17
wed,63,헬 로그인,보고싶었어요,853159,https://comic.naver.com/webtoon/list?titleId=853159&tab=wed,14502730,헬 로그인,헬 로그인 (총 5화/미완결),총 5화/미완결,5.0,미완결,보고싶었어요 219,평점 7.6 | 보고싶었어요 219 | 2026.08.04. | 총5화/미완결 | 1화 무료,https://series.naver.com/comic/detail.series?productNo=14502730,matched,ok,"헬 로그인 (총 5화/미완결)
평점
7.6 | 보고싶었어요 219 | 2026.08.04. | 총5화/미완결 | 1화 무료
한아람의 어릴 적 유일한 도피처였던 게임 '라스트 에덴'아람은 자신과 닮은 NPC 이브와 함께 랭킹 1위에 오르지만,게임 서비스 종료와 함께 모든 것을 잃는다.현실과 게임의 경계가 무너지길 바라던 그의 앞에 이브가 나타나..",wed,1,wed,1,tue,wed,True,wed,수,tue,wed,14502730_wed,pre_release,오늘 밤 10시 새 회차 공개 전 기준값 수집,8.2만,82000.0,https://series.naver.com/comic/detail.series?productNo=14502730,20260922_213345,tue,화,2026-09-22 21:33:45,2026-09-22,21:33:45,2026-09-22 21:40:40,2026-09-22 21:40:42,2.16,2026-09-22 21:40:42,2026-09-22,21:40:42,2026-09-22 21:49:59,974.17
wed,38,숙녀가 대머리이면 어떻단말인가,,853619,https://comic.naver.com/webtoon/list?titleId=853619&tab=wed,14563924,숙녀가 대머리이면 어떻단 말인가,숙녀가 대머리이면 어떻단 말인가 (총 6화/미완결),총 6화/미완결,6.0,미완결,아가사마기,평점 9.6 | 아가사마기 | 2026.08.18. | 총6화/미완결 | 1화 무료,https://series.naver.com/comic/detail.series?productNo=14563924,review_needed,not_found,"숙녀가 대머리이면 어떻단 말인가 (총 6화/미완결)
평점
9.6 | 아가사마기 | 2026.08.18. | 총6화/미완결 | 1화 무료
타인의 시선속에서만 살아왔던 정숙녀(23세, 공시생)는 지쳤다. 좋아하는 것도 없고 해야 될 일들만 가득한 인생... 더는 이렇게 살기 싫어!! 기분전환이라도 할까 들어간 미용실에서. 어랏? 뿅! 대머리가 되어버렸다. 오늘부터 대머..",wed,1,wed,1,tue,wed,True,wed,수,tue,wed,14563924_wed,pre_release,오늘 밤 10시 새 회차 공개 전 기준값 수집,,,https://nid.naver.com/nidlogin.login?svctype=128&a_version=2&viewtype=1&url=http%3A%2F%2Fseries.naver.com%2Fcomic%2Fdetail.series%3FproductNo%3D14563924&surl=https%3A%2F%2Fseries.naver.com,20260922_213345,tue,화,2026-09-22 21:33:45,2026-09-22,21:33:45,2026-09-22 21:40:44,2026-09-22 21:40:59,15.69,2026-09-22 21:40:59,2026-09-22,21:40:59,2026-09-22 21:49:59,974.17
wed,86,은빛 눈이 반짝이던,조이은,853653,https://comic.naver.com/webtoon/list?titleId=853653&tab=wed,14567684,은빛 눈이 반짝이던,은빛 눈이 반짝이던 (총 6화/미완결),총 6화/미완결,6.0,미완결,조이은 조이은,평점 10.0 | 조이은 조이은 | 2026.08.18. | 총6화/미완결 | 1화 무료,https://series.naver.com/comic/detail.series?productNo=14567684,matched,ok,"은빛 눈이 반짝이던 (총 6화/미완결)
평점
10.0 | 조이은 조이은 | 2026.08.18. | 총6화/미완결 | 1화 무료
5년 전, 흔적도 없이 사라졌던 첫사랑이 수상한 친구들과 함께 돌아왔다.어딘가 달라진 그의 모습. 그리고 하나둘 드러나는 비밀.게스트하우스 '은하수'에서 다시 시작된 우리의 이야기.우리는 무사히 이 여름을 보낼 수 있을까?",wed,1,wed,1,tue,wed,True,wed,수,tue,wed,14567684_wed,pre_release,오늘 밤 10시 새 회차 공개 전 기준값 수집,1만,10000.0,https://series.naver.com/comic/detail.series?productNo=14567684,20260922_213345,tue,화,2026-09-22 21:33:45,2026-09-22,21:33:45,2026-09-22 21:41:01,2026-09-22 21:41:03,2.68,2026-09-22 21:41:03,2026-09-22,21:41:03,2026-09-22 21:49:59,974.17
wed,64,우리 커플 아님!,봄소희,853820,https://comic.naver.com/webtoon/list?titleId=853820&tab=wed,14587371,우리 커플 아님!,우리 커플 아님! (총 7화/미완결),총 7화/미완결,7.0,미완결,봄소희 신토,평점 10.0 | 봄소희 신토 | 2026.08.11. | 총7화/미완결 | 1화 무료,https://series.naver.com/comic/detail.series?productNo=14587371,matched,ok,"우리 커플 아님! (총 7화/미완결)
평점
10.0 | 봄소희 신토 | 2026.08.11. | 총7화/미완결 | 1화 무료
예술고 선남선녀 커플이 헤어지고 배우가 되었는데, 전남친 선호는 유명 톱스타, 나은은 무명 여배우… 이게 맞아? 전남친보다 더 잘나가기는커녕 현타가 와서 연예계를 은퇴하려는 찰나, A급 대본을 받게 된다. 그런데 로코 ..",wed,1,wed,1,tue,wed,True,wed,수,tue,wed,14587371_wed,pre_release,오늘 밤 10시 새 회차 공개 전 기준값 수집,14.1만,141000.0,https://series.naver.com/comic/detail.series?productNo=14587371,20260922_213345,tue,화,2026-09-22 21:33:45,2026-09-22,21:33:45,2026-09-22 21:41:05,2026-09-22 21:41:07,2.43,2026-09-22 21:41:07,2026-09-22,21:41:07,2026-09-22 21:49:59,974.17
wed,36,해일주의보,맛곰,853833,https://comic.naver.com/webtoon/list?titleId=853833&tab=wed,14590072,해일주의보,해일주의보 (총 6화/미완결),총 6화/미완결,6.0,미완결,그일도 맛곰,평점 9.9 | 그일도 맛곰 | 2026.08.25. | 총6화/미완결 | 1화 무료,https://series.naver.com/comic/detail.series?productNo=14590072,matched,ok,"해일주의보 (총 6화/미완결)
평점
9.9 | 그일도 맛곰 | 2026.08.25. | 총6화/미완결 | 1화 무료
개발자 3년 차인 이단비의 인생 모토는 단순했다.우물 밖 세계는 욕심내지 않고 현실에 만족하는 것.그랬기에 분수에 맞지 않는 짝사랑도 단념할 수 있었는데···<오늘의 운세- 한 주의 시작, 갑자기 찾아올 해일을 조심하..",wed,1,wed,1,tue,wed,True,wed,수,tue,wed,14590072_wed,pre_release,오늘 밤 10시 새 회차 공개 전 기준값 수집,37.8만,378000.0,https://series.naver.com/comic/detail.series?productNo=14590072,20260922_213345,tue,화,2026-09-22 21:33:45,2026-09-22,21:33:45,2026-09-22 21:41:08,2026-09-22 21:41:10,2.15,2026-09-22 21:41:10,2026-09-22,21:41:10,2026-09-22 21:49:59,974.17
wed,69,헤르몬트 공작의 남자 정부,몽찌,854343,https://comic.naver.com/webtoon/list?titleId=854343&tab=wed,14582362,헤르몬트 공작의 남자 정부,헤르몬트 공작의 남자 정부 (총 6화/미완결),총 6화/미완결,6.0,미완결,"offnun(오프넌), 몽찌 라림","평점 10.0 | offnun(오프넌), 몽찌 라림 | 2026.09.01. | 총6화/미완결 | 1화 무료",https://series.naver.com/comic/detail.series?productNo=14582362,matched,ok,"헤르몬트 공작의 남자 정부 (총 6화/미완결)
평점
10.0 | offnun(오프넌), 몽찌 라림 | 2026.09.01. | 총6화/미완결 | 1화 무료
밤에는 주점 알바 나탈리,낮에는 남장을 한 채 사냥터지기로 살아가는 로이.어느 날 헤르몬트 공작 저택의 주인과 하룻밤을 보내게 되는데.""내 애인 할래요?""""저, 저 남자인데요?""""압니다. 그래야 더 파격적일 테니까.""로이는 정..",wed,1,wed,1,tue,wed,True,wed,수,tue,wed,14582362_wed,pre_release,오늘 밤 10시 새 회차 공개 전 기준값 수집,6.2만,62000.0,https://series.naver.com/comic/detail.series?productNo=14582362,20260922_213345,tue,화,2026-09-22 21:33:45,2026-09-22,21:33:45,2026-09-22 21:41:11,2026-09-22 21:41:14,2.6,2026-09-22 21:41:14,2026-09-22,21:41:14,2026-09-22 21:49:59,974.17
wed,60,상속자들 사이에서 살아남기,소어링,854560,https://comic.naver.com/webtoon/list?titleId=854560&tab=wed,14671252,상속자들 사이에서 살아남기,상속자들 사이에서 살아남기 (총 6화/미완결),총 6화/미완결,6.0,미완결,소어링,평점 9.9 | 소어링 | 2026.09.08. | 총6화/미완결 | 1화 무료,https://series.naver.com/comic/detail.series?productNo=14671252,matched,ok,"상속자들 사이에서 살아남기 (총 6화/미완결)
평점
9.9 | 소어링 | 2026.09.08. | 총6화/미완결 | 1화 무료
로열 VIP만을 위한 명문 성하고등학교에 입학한 서민 '강다온'.그곳에서 재계 서열 1위의 상속자, '신도현'과 엮이게 되다.",wed,1,wed,1,tue,wed,True,wed,수,tue,wed,14671252_wed,pre_release,오늘 밤 10시 새 회차 공개 전 기준값 수집,1.9만,19000.0,https://series.naver.com/comic/detail.series?productNo=14671252,20260922_213345,tue,화,2026-09-22 21:33:45,2026-09-22,21:33:45,2026-09-22 21:41:15,2026-09-22 21:41:18,2.52,2026-09-22 21:41:18,2026-09-22,21:41:18,2026-09-22 21:49:59,974.17
wed,6,조의 영역: 여의도,조석,854589,https://comic.naver.com/webtoon/list?titleId=854589&tab=wed,14679846,조의 영역: 여의도,조의 영역: 여의도 (총 7화/미완결),총 7화/미완결,7.0,미완결,조석 조석,평점 9.8 | 조석 조석 | 2026.09.08. | 총7화/미완결 | 2화 무료,https://series.naver.com/comic/detail.series?productNo=14679846,matched,ok,"조의 영역: 여의도 (총 7화/미완결)
평점
9.8 | 조석 조석 | 2026.09.08. | 총7화/미완결 | 2화 무료
거대한 물고기가 인간의 영역을 점점 더 빼앗아가는 세계 속에서 인간들은 서로 함께 하거나 이용한다.거대한 물고기의 위협은 전혀 줄지 않았고,마주치는 사람들은 안심해야 할 대상은 커녕 예전보다 더 위험한 존재일 뿐이..",wed,1,wed,1,tue,wed,True,wed,수,tue,wed,14679846_wed,pre_release,오늘 밤 10시 새 회차 공개 전 기준값 수집,20만,200000.0,https://series.naver.com/comic/detail.series?productNo=14679846,20260922_213345,tue,화,2026-09-22 21:33:45,2026-09-22,21:33:45,2026-09-22 21:41:19,2026-09-22 21:41:21,2.1,2026-09-22 21:41:21,2026-09-22,21:41:21,2026-09-22 21:49:59,974.17
wed,84,착각 연애,89,854786,https://comic.naver.com/webtoon/list?titleId=854786&tab=wed,14701336,착각 연애,착각 연애 (총 7화/미완결),총 7화/미완결,7.0,미완결,"89, 구재나 이이사","평점 10.0 | 89, 구재나 이이사 | 2026.09.15. | 총7화/미완결 | 1화 무료",https://series.naver.com/comic/detail.series?productNo=14701336,matched,ok,"착각 연애 (총 7화/미완결)
평점
10.0 | 89, 구재나 이이사 | 2026.09.15. | 총7화/미완결 | 1화 무료
피도 눈물도 없는 냉혈한이자,365일 쉬지 않는 광기의 워커홀릭 상사가 기억을 잃어버렸다!""상무님, 정신이 드세요?""""여보야, 나 머리 아파.""서른세 살의 냉혹한 상사는 어디 가고,자신의 비서 지안을 '여보'라 부르며 매달리는..",wed,1,wed,1,tue,wed,True,wed,수,tue,wed,14701336_wed,pre_release,오늘 밤 10시 새 회차 공개 전 기준값 수집,1.9만,19000.0,https://series.naver.com/comic/detail.series?productNo=14701336,20260922_213345,tue,화,2026-09-22 21:33:45,2026-09-22,21:33:45,2026-09-22 21:41:22,2026-09-22 21:41:24,2.01,2026-09-22 21:41:24,2026-09-22,21:41:24,2026-09-22 21:49:59,974.17
tue,63,윌유메리미,마인드C,616239,https://comic.naver.com/webtoon/list?titleId=616239&tab=tue,2505304,윌유메리미,윌유메리미 (총 1262화/미완결),총 1262화/미완결,1262.0,미완결,,,https://series.naver.com/comic/detail.series?productNo=2505304,matched,ok,"윌유메리미 (총 1262화/미완결)
평점
9.8 | 마인드C 마인드C | 2026.06.08. | 총1262화/미완결 | 1256화 무료
마인드C 작가의 실제 연애경험담을 일상툰으로 풀어낸 작품 <윌유메리미>서울과 부산이라는 지역차, 12살이라는 나이 차, 그리고 정 반대의 성격차까지!서울 남자 '윌(마인드C 본인)'과 부산 여자 '메리' 서로 다른 두 사람..","tue,sat",2,"tue,sat",2,"mon,fri","tue,sat",True,tue,화,mon,tue,2505304_tue,post_24h,어제 밤 10시 공개 이후 증가분 확인용 수집,564.6만,5646000.0,https://series.naver.com/comic/detail.series?productNo=2505304,20260922_213345,tue,화,2026-09-22 21:33:45,2026-09-22,21:33:45,2026-09-22 21:41:25,2026-09-22 21:41:27,2.31,2026-09-22 21:41:27,2026-09-22,21:41:27,2026-09-22 21:49:59,974.17
tue,42,원주민 공포만화,원주민,698918,https://comic.naver.com/webtoon/list?titleId=698918&tab=tue,3014520,원주민 공포만화,원주민 공포만화 (총 463화/미완결),총 463화/미완결,463.0,미완결,,,https://series.naver.com/comic/detail.series?productNo=3014520,matched,ok,"원주민 공포만화 (총 463화/미완결)
평점
9.7 | 원주민 원주민 | 2026.06.08. | 총463화/미완결 | 460화 무료
끝까지 방심하지 말 것!당신의 상상을 뛰어넘는 본격 반전 공포 스릴러가 온다!",tue,1,tue,1,mon,tue,True,tue,화,mon,tue,3014520_tue,post_24h,어제 밤 10시 공개 이후 증가분 확인용 수집,914.2만,9142000.0,https://series.naver.com/comic/detail.series?productNo=3014520,20260922_213345,tue,화,2026-09-22 21:33:45,2026-09-22,21:33:45,2026-09-22 21:41:28,2026-09-22 21:41:31,2.23,2026-09-22 21:41:31,2026-09-22,21:41:31,2026-09-22 21:49:59,974.17
tue,16,사신소년,류,730656,https://comic.naver.com/webtoon/list?titleId=730656&tab=tue,4312666,사신소년,사신소년 (총 335화/미완결),총 335화/미완결,335.0,미완결,,,https://series.naver.com/comic/detail.series?productNo=4312666,matched,ok,"사신소년 (총 335화/미완결)
평점
9.5 | 류 류 | 2026.06.08. | 총335화/미완결 | 330화 무료
수명을 대가로 죽은 자의 능력을 빌리는 소년",tue,1,tue,1,mon,tue,True,tue,화,mon,tue,4312666_tue,post_24h,어제 밤 10시 공개 이후 증가분 확인용 수집,"5,631만",56310000.0,https://series.naver.com/comic/detail.series?productNo=4312666,20260922_213345,tue,화,2026-09-22 21:33:45,2026-09-22,21:33:45,2026-09-22 21:41:32,2026-09-22 21:41:34,1.84,2026-09-22 21:41:34,2026-09-22,21:41:34,2026-09-22 21:49:59,974.17
tue,52,하루만 네가 되고 싶어,삼,738487,https://comic.naver.com/webtoon/list?titleId=738487&tab=tue,4724672,하루만 네가 되고 싶어,하루만 네가 되고 싶어 (총 258화/미완결),총 258화/미완결,258.0,미완결,,,https://series.naver.com/comic/detail.series?productNo=4724672,matched,ok,"하루만 네가 되고 싶어 (총 258화/미완결)
평점
9.9 | 삼 삼 | 2026.06.08. | 총258화/미완결 | 255화 무료
'완벽한 인생이었다, 그 애가 나타나기 전까지는'제국의 악명 높은 공녀 메데이아와 그녀가 바라는 모든 것을 가져간 프시케.반전에 반전을 거듭하는 치밀한 궁중 서스펜스",tue,1,tue,1,mon,tue,True,tue,화,mon,tue,4724672_tue,post_24h,어제 밤 10시 공개 이후 증가분 확인용 수집,"3,455만",34550000.0,https://series.naver.com/comic/detail.series?productNo=4724672,20260922_213345,tue,화,2026-09-22 21:33:45,2026-09-22,21:33:45,2026-09-22 21:41:35,2026-09-22 21:41:37,2.46,2026-09-22 21:41:37,2026-09-22,21:41:37,2026-09-22 21:49:59,974.17
tue,68,빌런투킬,퓨핀,765156,https://comic.naver.com/webtoon/list?titleId=765156&tab=tue,5923894,빌런투킬[독점],빌런투킬[독점] (총 242화/미완결),총 242화/미완결,242.0,미완결,,,https://series.naver.com/comic/detail.series?productNo=5923894,matched,ok,"빌런투킬[독점] (총 242화/미완결)
평점
9.9 | 퓨핀 은지 | 2026.06.08. | 총242화/미완결 | 237화 무료
동료를 살해했다는 억울한 누명을 쓰고 사망한 카시안. 모든 게 끝이라고 생각한 순간.그의 영혼은 어느 소년의 몸에 빙의되어 빌런으로 각성한다.선망의 대상이자 대중의 지지를 받던 탑클래스 싸이커였던 그가 하루아침에 빌..",tue,1,tue,1,mon,tue,True,tue,화,mon,tue,5923894_tue,post_24h,어제 밤 10시 공개 이후 증가분 확인용 수집,963.8만,9638000.0,https://series.naver.com/comic/detail.series?productNo=5923894,20260922_213345,tue,화,2026-09-22 21:33:45,2026-09-22,21:33:45,2026-09-22 21:41:39,2026-09-22 21:41:42,2.87,2026-09-22 21:41:42,2026-09-22,21:41:42,2026-09-22 21:49:59,974.17
tue,4,김부장,박만사,783053,https://comic.naver.com/webtoon/list?titleId=783053&tab=tue,6732898,김부장,김부장 (총 246화/미완결),총 246화/미완결,246.0,미완결,,,https://series.naver.com/comic/detail.series?productNo=6732898,matched,ok,"김부장 (총 246화/미완결)
평점
9.3 | 박만사, 남자의 이야기 정종택 | 2026.06.08. | 총246화/미완결 | 241화 무료
제발 안경 쓴 아저씨는 건들지 말자.오직 자신의 딸 '민지'를 위해 특수요원직을 관두고 평범함을 선택한 가장 김부장.그러던 어느 날 민지가 소리소문 없이 사라지고, 김부장은 자신을 감시하는 국가를 적으로 돌리면서까지 딸..",tue,1,tue,1,mon,tue,True,tue,화,mon,tue,6732898_tue,post_24h,어제 밤 10시 공개 이후 증가분 확인용 수집,"6,706만",67060000.0,https://series.naver.com/comic/detail.series?productNo=6732898,20260922_213345,tue,화,2026-09-22 21:33:45,2026-09-22,21:33:45,2026-09-22 21:41:42,2026-09-22 21:41:44,1.77,2026-09-22 21:41:44,2026-09-22,21:41:44,2026-09-22 21:49:59,974.17
tue,8,내가 키운 S급들,seri,784248,https://comic.naver.com/webtoon/list?titleId=784248&tab=tue,6763216,내가 키운 S급들 [독점],내가 키운 S급들 [독점] (총 171화/미완결),총 171화/미완결,171.0,미완결,,,https://series.naver.com/comic/detail.series?productNo=6763216,matched,ok,"내가 키운 S급들 [독점] (총 171화/미완결)
평점
9.7 | 근서, seri 비완 | 2026.06.08. | 총171화/미완결 | 164화 무료
F급 헌터.그것도 잘나가는 S급 동생 발목이나 잡는 쓸모없고 찌질한 F급 형.개판된 인생 대충 살다가 결국 동생 목숨까지 잡아먹고 회귀한 내게 주어진 칭호,'완벽한 양육자'.그래, 이번에는 나대지 말고 얌전히 잘난놈들 뒷바..",tue,1,tue,1,mon,tue,True,tue,화,mon,tue,6763216_tue,post_24h,어제 밤 10시 공개 이후 증가분 확인용 수집,"3,137만",31370000.0,https://series.naver.com/comic/detail.series?productNo=6763216,20260922_213345,tue,화,2026-09-22 21:33:45,2026-09-22,21:33:45,2026-09-22 21:41:45,2026-09-22 21:41:48,2.61,2026-09-22 21:41:48,2026-09-22,21:41:48,2026-09-22 21:49:59,974.17
tue,11,멸망 이후의 세계,언데드딸기,789979,https://comic.naver.com/webtoon/list?titleId=789979&tab=tue,8144546,멸망 이후의 세계 [독점],멸망 이후의 세계 [독점] (총 239화/미완결),총 239화/미완결,239.0,미완결,,,https://series.naver.com/comic/detail.series?productNo=8144546,matched,ok,"멸망 이후의 세계 [독점] (총 239화/미완결)
평점
9.9 | 언데드딸기, 싱숑 언데드감자 | 2026.06.08. | 총239화/미완결 | 228화 무료
<전지적 독자 시점> 싱숑 작가 원작.이것은 모두가 과거로 돌아갈 때 마지막까지 회귀하지 않았던 한 사나이의 이야기다.",tue,1,tue,1,mon,tue,True,tue,화,mon,tue,8144546_tue,post_24h,어제 밤 10시 공개 이후 증가분 확인용 수집,"2,282만",22820000.0,https://series.naver.com/comic/detail.series?productNo=8144546,20260922_213345,tue,화,2026-09-22 21:33:45,2026-09-22,21:33:45,2026-09-22 21:41:49,2026-09-22 21:41:51,2.06,2026-09-22 21:41:51,2026-09-22,21:41:51,2026-09-22 21:49:59,974.17
tue,94,붉은 이정표,달뜬,790776,https://comic.naver.com/webtoon/list?titleId=790776&tab=tue,8290637,붉은 이정표,붉은 이정표 (총 174화/미완결),총 174화/미완결,174.0,미완결,,,https://series.naver.com/comic/detail.series?productNo=8290637,matched,ok,"붉은 이정표 (총 174화/미완결)
평점
9.9 | 달뜬 달뜬 | 2026.06.08. | 총174화/미완결 | 171화 무료
세상의 평화를 유지하던 최강의 도깨비 집단 '홍혜.' 그러던 어느 날 동료의 배신으로 도깨비 '린'은 홍혜와 친구들 모두를 잃게 된다.분노로 가득 찬 그는 홍혜의 최강전력 '검은 귀신' 으로서 복수를 향해 길을 떠난다.",tue,1,tue,1,mon,tue,True,tue,화,mon,tue,8290637_tue,post_24h,어제 밤 10시 공개 이후 증가분 확인용 수집,141.8만,1418000.0,https://series.naver.com/comic/detail.series?productNo=8290637,20260922_213345,tue,화,2026-09-22 21:33:45,2026-09-22,21:33:45,2026-09-22 21:41:53,2026-09-22 21:41:55,1.86,2026-09-22 21:41:55,2026-09-22,21:41:55,2026-09-22 21:49:59,974.17
tue,87,내남친 킹카만들기,랑쓰,791126,https://comic.naver.com/webtoon/list?titleId=791126&tab=tue,8212775,내남친 킹카만들기,내남친 킹카만들기 (총 185화/미완결),총 185화/미완결,185.0,미완결,,,https://series.naver.com/comic/detail.series?productNo=8212775,matched,ok,"내남친 킹카만들기 (총 185화/미완결)
평점
9.9 | 랑쓰 섯끼 | 2026.06.08. | 총185화/미완결 | 182화 무료
사랑스러운 외모의 SNS 스타 윤시아는 관리라고는 한번도 해본 적 없는 방구석 아싸 김민호를 킹카로 만드는 콘텐츠를 시작한다.과연.. 그는 긁지 않은 복권이 맞을까? 두근두근 k-하이틴 로맨스!",tue,1,tue,1,mon,tue,True,tue,화,mon,tue,8212775_tue,post_24h,어제 밤 10시 공개 이후 증가분 확인용 수집,290만,2900000.0,https://series.naver.com/comic/detail.series?productNo=8212775,20260922_213345,tue,화,2026-09-22 21:33:45,2026-09-22,21:33:45,2026-09-22 21:41:56,2026-09-22 21:41:58,2.49,2026-09-22 21:41:58,2026-09-22,21:41:58,2026-09-22 21:49:59,974.17
tue,47,사표내고 이계에서 힐링합니다,덤보,800726,https://comic.naver.com/webtoon/list?titleId=800726&tab=tue,8905038,사표내고 이계에서 힐링합니다,사표내고 이계에서 힐링합니다 (총 174화/미완결),총 174화/미완결,174.0,미완결,"딥블랙, 덤보 파란","평점 9.9 | 딥블랙, 덤보 파란 | 2026.06.08. | 총174화/미완결 | 전화 무료",https://series.naver.com/comic/detail.series?productNo=8905038,matched,ok,"사표내고 이계에서 힐링합니다 (총 174화/미완결)
평점
9.9 | 딥블랙, 덤보 파란 | 2026.06.08. | 총174화/미완결 | 전화 무료
※매주 화요일 연재평범하지만 행복한 삶을 살던 주인공 이수.5년 전 갑작스레 부모님을 잃고 폐인이 되어 하루하루를 힘겹게 살아간다.숨 막히는 일상에 메말라가던 그때, 다용도실에서 차원문이 열렸다. 가본 적 없는 곳, 무..",tue,1,tue,1,mon,tue,True,tue,화,mon,tue,8905038_tue,post_24h,어제 밤 10시 공개 이후 증가분 확인용 수집,517.2만,5172000.0,https://series.naver.com/comic/detail.series?productNo=8905038,20260922_213345,tue,화,2026-09-22 21:33:45,2026-09-22,21:33:45,2026-09-22 21:41:59,2026-09-22 21:42:02,2.87,2026-09-22 21:42:02,2026-09-22,21:42:02,2026-09-22 21:49:59,974.17
tue,55,저 그런 인재 아닙니다,에몽,802840,https://comic.naver.com/webtoon/list?titleId=802840&tab=tue,9099632,저 그런 인재 아닙니다 [독점],저 그런 인재 아닙니다 [독점] (총 118화/미완결),총 118화/미완결,118.0,미완결,"에몽, 덴피 머나","평점 10.0 | 에몽, 덴피 머나 | 2026.02.16. | 총118화/미완결 | 전화 무료",https://series.naver.com/comic/detail.series?productNo=9099632,matched,ok,"저 그런 인재 아닙니다 [독점] (총 118화/미완결)
평점
10.0 | 에몽, 덴피 머나 | 2026.02.16. | 총118화/미완결 | 전화 무료
스트레스만 받으면 피를 토하는 병약하기 짝이 없는 나, 데온 하르트.하지만 어쩐지 강하다는 오해를 받고 제국에서는 모두의 두려움을 받는 하르트 명예 백작인 동시에, 마계에서는 마왕이 가장 신임하는 0군단장이 되었는데..",tue,1,tue,1,mon,tue,True,tue,화,mon,tue,9099632_tue,post_24h,어제 밤 10시 공개 이후 증가분 확인용 수집,630.7만,6307000.0,https://series.naver.com/comic/detail.series?productNo=9099632,20260922_213345,tue,화,2026-09-22 21:33:45,2026-09-22,21:33:45,2026-09-22 21:42:04,2026-09-22 21:42:06,2.7,2026-09-22 21:42:06,2026-09-22,21:42:06,2026-09-22 21:49:59,974.17
tue,28,신과함께 돌아온 기사왕님,지대공마법소년,809618,https://comic.naver.com/webtoon/list?titleId=809618&tab=tue,9763831,신과함께 돌아온 기사왕님[독점],신과함께 돌아온 기사왕님[독점] (총 168화/미완결),총 168화/미완결,168.0,미완결,,,https://series.naver.com/comic/detail.series?productNo=9763831,matched,ok,"신과함께 돌아온 기사왕님[독점] (총 168화/미완결)
평점
9.7 | 사람살려. 전천후마검사 | 2026.06.08. | 총168화/미완결 | 160화 무료
이세계에서 300년동안 악마사냥을 하다 지구로 귀환했다.하지만 나 혼자 오진 않았다.",tue,1,tue,1,mon,tue,True,tue,화,mon,tue,9763831_tue,post_24h,어제 밤 10시 공개 이후 증가분 확인용 수집,772.4만,7724000.0,https://series.naver.com/comic/detail.series?productNo=9763831,20260922_213345,tue,화,2026-09-22 21:33:45,2026-09-22,21:33:45,2026-09-22 21:42:07,2026-09-22 21:42:10,2.52,2026-09-22 21:42:10,2026-09-22,21:42:10,2026-09-22 21:49:59,974.17
tue,82,포 더 퀸덤,,812414,https://comic.naver.com/webtoon/list?titleId=812414&tab=tue,9895056,포 더 퀸덤,포 더 퀸덤 (총 128화/미완결),총 128화/미완결,128.0,미완결,로즈옹 로즈옹,평점 9.0 | 로즈옹 로즈옹 | 2026.06.15. | 총128화/미완결 | 123화 무료,https://series.naver.com/comic/detail.series?productNo=9895056,review_needed,not_found,"포 더 퀸덤 (총 128화/미완결)
평점
9.0 | 로즈옹 로즈옹 | 2026.06.15. | 총128화/미완결 | 123화 무료
악마 아벨은 인간 여자 연리에게 사랑하는 형, 카인을 잃고 만다.분노에 가득 차 연리를 찾아간 아벨은 사랑에 빠지는 금총알을 맞게 되면서, 연리에게 끓어오르는 사랑을 느끼게 되는데…그는 과연 형제의 복수를 택할 것인가..",tue,1,tue,1,mon,tue,True,tue,화,mon,tue,9895056_tue,post_24h,어제 밤 10시 공개 이후 증가분 확인용 수집,,,https://nid.naver.com/nidlogin.login?svctype=128&a_version=2&viewtype=1&url=http%3A%2F%2Fseries.naver.com%2Fcomic%2Fdetail.series%3FproductNo%3D9895056&surl=https%3A%2F%2Fseries.naver.com,20260922_213345,tue,화,2026-09-22 21:33:45,2026-09-22,21:33:45,2026-09-22 21:42:11,2026-09-22 21:42:26,15.29,2026-09-22 21:42:26,2026-09-22,21:42:26,2026-09-22 21:49:59,974.17
tue,60,착한 여자 안선해,선우,812576,https://comic.naver.com/webtoon/list?titleId=812576&tab=tue,9908340,착한 여자 안선해,착한 여자 안선해 (총 115화/미완결),총 115화/미완결,115.0,미완결,,,https://series.naver.com/comic/detail.series?productNo=9908340,matched,ok,"착한 여자 안선해 (총 115화/미완결)
평점
10.0 | 선우 선우 | 2026.06.08. | 총115화/미완결 | 113화 무료
사람들이 생각하는 ‘착하다’는 무슨 뜻일까? 선해는 착하다는 말을 싫어한다. 어린 시절부터 사람들이 이유 없이 선해가 착하다고 말해왔기 때문이다. 착한 일을 한 적도 없는데 왜 그렇게 말하는 건지. 사람들의 세뇌 덕분에..",tue,1,tue,1,mon,tue,True,tue,화,mon,tue,9908340_tue,post_24h,어제 밤 10시 공개 이후 증가분 확인용 수집,115.9만,1159000.0,https://series.naver.com/comic/detail.series?productNo=9908340,20260922_213345,tue,화,2026-09-22 21:33:45,2026-09-22,21:33:45,2026-09-22 21:42:27,2026-09-22 21:42:30,2.67,2026-09-22 21:42:30,2026-09-22,21:42:30,2026-09-22 21:49:59,974.17
tue,98,내 남편의 정부에게,에리카,817366,https://comic.naver.com/webtoon/list?titleId=817366&tab=tue,10253512,내 남편의 정부에게 [독점],내 남편의 정부에게 [독점] (총 120화/미완결),총 120화/미완결,120.0,미완결,에리카 댄싱브레인,평점 9.7 | 에리카 댄싱브레인 | 2026.06.29. | 총120화/미완결 | 전화 무료,https://series.naver.com/comic/detail.series?productNo=10253512,matched,ok,"내 남편의 정부에게 [독점] (총 120화/미완결)
평점
9.7 | 에리카 댄싱브레인 | 2026.06.29. | 총120화/미완결 | 전화 무료
나, 레티시아 비올렛은 남편에게 헌신했지만, 모든 것을 잃었다.그대로 목숨까지 잃을 뻔하던 찰나, 한 남자가 나타난다.그 남자는 완벽한 복수를 이루도록 도와준다는데…""제 복수를 이루어 주겠다는 말… 꼭 지켜 주세요.""날 ..",tue,1,tue,1,mon,tue,True,tue,화,mon,tue,10253512_tue,post_24h,어제 밤 10시 공개 이후 증가분 확인용 수집,495.9만,4959000.0,https://series.naver.com/comic/detail.series?productNo=10253512,20260922_213345,tue,화,2026-09-22 21:33:45,2026-09-22,21:33:45,2026-09-22 21:42:31,2026-09-22 21:42:34,2.92,2026-09-22 21:42:34,2026-09-22,21:42:34,2026-09-22 21:49:59,974.17
tue,13,염라강림,바른꽃,818192,https://comic.naver.com/webtoon/list?titleId=818192&tab=tue,10337552,염라강림 [독점],염라강림 [독점] (총 140화/미완결),총 140화/미완결,140.0,미완결,,,https://series.naver.com/comic/detail.series?productNo=10337552,matched,ok,"염라강림 [독점] (총 140화/미완결)
평점
9.8 | 바른꽃 바른꽃 | 2026.06.01. | 총140화/미완결 | 135화 무료
""그 어떤 자도, 내 앞에 설 때는 한낱 죄인이야.""지옥이 망했다.피가 흘러야 할 황천에는 맑은 물이 흐르고 망자들을 끓이던 솥은 차갑게 식은지 오래다. 은퇴한 '염라대왕'은 자신의 행복을 위해 윤회의 길을 택하고자 하지만,혼..",tue,1,tue,1,mon,tue,True,tue,화,mon,tue,10337552_tue,post_24h,어제 밤 10시 공개 이후 증가분 확인용 수집,788만,7880000.0,https://series.naver.com/comic/detail.series?productNo=10337552,20260922_213345,tue,화,2026-09-22 21:33:45,2026-09-22,21:33:45,2026-09-22 21:42:36,2026-09-22 21:42:38,2.54,2026-09-22 21:42:38,2026-09-22,21:42:38,2026-09-22 21:49:59,974.17
tue,12,아카데미 플레이어를 죽였다,기린그린,818434,https://comic.naver.com/webtoon/list?titleId=818434&tab=tue,10378077,아카데미 플레이어를 죽였다,아카데미 플레이어를 죽였다 (총 128화/미완결),총 128화/미완결,128.0,미완결,,,https://series.naver.com/comic/detail.series?productNo=10378077,matched,ok,"아카데미 플레이어를 죽였다 (총 128화/미완결)
평점
9.6 | 사람살려. 기린그린 | 2026.06.08. | 총128화/미완결 | 120화 무료
플레이어를 죽였다.죽일 만한 놈이었다. 아주 X새끼였거든.",tue,1,tue,1,mon,tue,True,tue,화,mon,tue,10378077_tue,post_24h,어제 밤 10시 공개 이후 증가분 확인용 수집,804.4만,8044000.0,https://series.naver.com/comic/detail.series?productNo=10378077,20260922_213345,tue,화,2026-09-22 21:33:45,2026-09-22,21:33:45,2026-09-22 21:42:40,2026-09-22 21:42:42,2.33,2026-09-22 21:42:42,2026-09-22,21:42:42,2026-09-22 21:49:59,974.17
tue,32,약 파는 황태자,하강호,818969,https://comic.naver.com/webtoon/list?titleId=818969&tab=tue,10402051,약 파는 황태자,약 파는 황태자 (총 118화/미완결),총 118화/미완결,118.0,미완결,,,https://series.naver.com/comic/detail.series?productNo=10402051,matched,ok,"약 파는 황태자 (총 118화/미완결)
평점
9.7 | 문백경, 하강호 히스 | 2026.06.08. | 총118화/미완결 | 113화 무료
내가 황태자라고? 소설 속 병약요절한 그 황태자?그런데 나, 한의사인데?어쩔 수 없다.체질개선, 원기회복, 자양강장, 활력증진까지.이제부터 내 몸은 내가 챙긴다.",tue,1,tue,1,mon,tue,True,tue,화,mon,tue,10402051_tue,post_24h,어제 밤 10시 공개 이후 증가분 확인용 수집,331.5만,3315000.0,https://series.naver.com/comic/detail.series?productNo=10402051,20260922_213345,tue,화,2026-09-22 21:33:45,2026-09-22,21:33:45,2026-09-22 21:42:43,2026-09-22 21:42:46,2.29,2026-09-22 21:42:46,2026-09-22,21:42:46,2026-09-22 21:49:59,974.17
tue,108,시한부 황후의 나쁜 짓,굄,819054,https://comic.naver.com/webtoon/list?titleId=819054&tab=tue,10468112,시한부 황후의 나쁜 짓,시한부 황후의 나쁜 짓 (총 104화/미완결),총 104화/미완결,104.0,미완결,,,https://series.naver.com/comic/detail.series?productNo=10468112,matched,ok,"시한부 황후의 나쁜 짓 (총 104화/미완결)
평점
9.8 | 굄, 정무늬 이준 | 2026.06.08. | 총104화/미완결 | 99화 무료
정략결혼이었지만 첫사랑이었다. 황제여서가 아니라 당신이어서 사랑했다.휠체어를 탄 몸으로 스텔라는 제국과 남편을 위해 헌신했다.그러나 돌아온 것은 처절한 죽음.여신은 사지가 마비되어 죽은 스텔라를 회귀시켰다.이번 ..",tue,1,tue,1,mon,tue,True,tue,화,mon,tue,10468112_tue,post_24h,어제 밤 10시 공개 이후 증가분 확인용 수집,38만,380000.0,https://series.naver.com/comic/detail.series?productNo=10468112,20260922_213345,tue,화,2026-09-22 21:33:45,2026-09-22,21:33:45,2026-09-22 21:42:47,2026-09-22 21:42:49,1.89,2026-09-22 21:42:49,2026-09-22,21:42:49,2026-09-22 21:49:59,974.17
tue,6,괴력 난신,매드버드,821597,https://comic.naver.com/webtoon/list?titleId=821597&tab=tue,10782038,괴력 난신,괴력 난신 (총 109화/미완결),총 109화/미완결,109.0,미완결,"매드버드, 한중월야 김태형","평점 9.9 | 매드버드, 한중월야 김태형 | 2026.03.09. | 총109화/미완결 | 전화 무료",https://series.naver.com/comic/detail.series?productNo=10782038,matched,ok,"괴력 난신 (총 109화/미완결)
평점
9.9 | 매드버드, 한중월야 김태형 | 2026.03.09. | 총109화/미완결 | 전화 무료
살인에서 삶의 즐거움을 느끼는 '겸살귀', 정(正).대 연목검장의 셋째공자 목경운과 똑같이 생긴 얼굴을 가졌는데...""나의 대역이 되어라. 그러면 옥에서 나갈 수 있게 해 주마.""""그 기회. 제게 주시겠습니까?""'촤악-!!!'셋째공자를 ..",tue,1,tue,1,mon,tue,True,tue,화,mon,tue,10782038_tue,post_24h,어제 밤 10시 공개 이후 증가분 확인용 수집,"2,348만",23480000.0,https://series.naver.com/comic/detail.series?productNo=10782038,20260922_213345,tue,화,2026-09-22 21:33:45,2026-09-22,21:33:45,2026-09-22 21:42:50,2026-09-22 21:42:53,2.73,2026-09-22 21:42:53,2026-09-22,21:42:53,2026-09-22 21:49:59,974.17
tue,97,뜻밖의 청혼,이건,821855,https://comic.naver.com/webtoon/list?titleId=821855&tab=tue,10770620,뜻밖의 청혼,뜻밖의 청혼 (총 84화/미완결),총 84화/미완결,84.0,미완결,,,https://series.naver.com/comic/detail.series?productNo=10770620,matched,ok,"뜻밖의 청혼 (총 84화/미완결)
평점
9.9 | 이건 홍홍 | 2026.06.08. | 총84화/미완결 | 80화 무료
노이슈타인의 공주 알리시아가 칼을 든 순간 슈바르한의 늑대 카벨레누스와 조우한 것은 운명이었다. '포기하는 법을 알고 있을 뿐이에요.' 오래 전 체념한 알리시아의 손을 놓지 않는 카벨레누스. 두 사람은 휘몰아치는 운명의..",tue,1,tue,1,mon,tue,True,tue,화,mon,tue,10770620_tue,post_24h,어제 밤 10시 공개 이후 증가분 확인용 수집,101.6만,1016000.0,https://series.naver.com/comic/detail.series?productNo=10770620,20260922_213345,tue,화,2026-09-22 21:33:45,2026-09-22,21:33:45,2026-09-22 21:42:54,2026-09-22 21:42:57,2.84,2026-09-22 21:42:57,2026-09-22,21:42:57,2026-09-22 21:49:59,974.17
tue,30,사람의 탈,우주돌,822198,https://comic.naver.com/webtoon/list?titleId=822198&tab=tue,10809677,사람의 탈,사람의 탈 (총 97화/미완결),총 97화/미완결,97.0,미완결,,,https://series.naver.com/comic/detail.series?productNo=10809677,matched,ok,"사람의 탈 (총 97화/미완결)
평점
10.0 | 우주돌 우주돌 | 2026.06.08. | 총97화/미완결 | 92화 무료
탈은 예술, 춤은 무술!천대받는 탈춤광대 ‘봉산’은 스승이 남긴 지도를 따라왕이 되려는 괴물 호랑이 ‘사풍흑호’를 막기 위해전설 속의 '사람의 탈'을 찾아 모험을 떠나게 되는데 …",tue,1,tue,1,mon,tue,True,tue,화,mon,tue,10809677_tue,post_24h,어제 밤 10시 공개 이후 증가분 확인용 수집,345.5만,3455000.0,https://series.naver.com/comic/detail.series?productNo=10809677,20260922_213345,tue,화,2026-09-22 21:33:45,2026-09-22,21:33:45,2026-09-22 21:42:59,2026-09-22 21:43:01,2.18,2026-09-22 21:43:01,2026-09-22,21:43:01,2026-09-22 21:49:59,974.17
tue,72,사리네 보석함,쪼,822833,https://comic.naver.com/webtoon/list?titleId=822833&tab=tue,10861286,사리네 보석함 [독점],사리네 보석함 [독점] (총 96화/미완결),총 96화/미완결,96.0,미완결,,,https://series.naver.com/comic/detail.series?productNo=10861286,matched,ok,"사리네 보석함 [독점] (총 96화/미완결)
평점
9.9 | 쪼 쪼 | 2026.06.08. | 총96화/미완결 | 92화 무료
사리가 만나는 사람들은 하나같이 어딘가 좀 이상하다.늘 완벽하고 멋진 누군가를 동경하며 그렇지 못한 자신을 질책하는 평범한 21살의 여대생 송사리. 사리는 1년 동안 다양한 사람을 만나지만 그들은 하나같이 어딘가 좀 ..",tue,1,tue,1,mon,tue,True,tue,화,mon,tue,10861286_tue,post_24h,어제 밤 10시 공개 이후 증가분 확인용 수집,107.1만,1071000.0,https://series.naver.com/comic/detail.series?productNo=10861286,20260922_213345,tue,화,2026-09-22 21:33:45,2026-09-22,21:33:45,2026-09-22 21:43:02,2026-09-22 21:43:04,2.52,2026-09-22 21:43:04,2026-09-22,21:43:04,2026-09-22 21:49:59,974.17
tue,40,나만 보는 탑 공략집,쿡,823434,https://comic.naver.com/webtoon/list?titleId=823434&tab=tue,10963734,나만 보는 탑 공략집,나만 보는 탑 공략집 (총 123화/미완결),총 123화/미완결,123.0,미완결,,,https://series.naver.com/comic/detail.series?productNo=10963734,matched,ok,"나만 보는 탑 공략집 (총 123화/미완결)
평점
9.5 | 사도, 쾌조 X-NAME | 2026.06.08. | 총123화/미완결 | 114화 무료
[당신은 공략집을 사용 하시겠습니까?] 어느 날 찾아온 의문의 메시지, 지구의 종말과 함께 생존 게임이 시작되었다. 서로를 '불신' 하게 하며, '다툼'을 일으키고, '파멸'에 이르기를 유도하는 탑 ···. 나는 결코 흔들리지 ..",tue,1,tue,1,mon,tue,True,tue,화,mon,tue,10963734_tue,post_24h,어제 밤 10시 공개 이후 증가분 확인용 수집,316.7만,3167000.0,https://series.naver.com/comic/detail.series?productNo=10963734,20260922_213345,tue,화,2026-09-22 21:33:45,2026-09-22,21:33:45,2026-09-22 21:43:06,2026-09-22 21:43:08,1.83,2026-09-22 21:43:08,2026-09-22,21:43:08,2026-09-22 21:49:59,974.17
tue,81,죽어 천국에 가다,수사반장,826887,https://comic.naver.com/webtoon/list?titleId=826887&tab=tue,11225187,죽어 천국에 가다,죽어 천국에 가다 (총 106화/미완결),총 106화/미완결,106.0,미완결,,,https://series.naver.com/comic/detail.series?productNo=11225187,matched,ok,"죽어 천국에 가다 (총 106화/미완결)
평점
9.8 | 수사반장 수사반장 | 2026.06.08. | 총106화/미완결 | 101화 무료
고철수는 삶에 미련이 없다.저승의 삶도 환생도 싫었다.고철수는 완전한 죽음을 꿈꾼다.자신의 존재가 완전히 사라지길 원했다.하지만 그런 철수를 세상은 놓아주지 않는다.",tue,1,tue,1,mon,tue,True,tue,화,mon,tue,11225187_tue,post_24h,어제 밤 10시 공개 이후 증가분 확인용 수집,93.9만,939000.0,https://series.naver.com/comic/detail.series?productNo=11225187,20260922_213345,tue,화,2026-09-22 21:33:45,2026-09-22,21:33:45,2026-09-22 21:43:09,2026-09-22 21:43:12,2.53,2026-09-22 21:43:12,2026-09-22,21:43:12,2026-09-22 21:49:59,974.17
tue,101,보이드맨,한건희,827173,https://comic.naver.com/webtoon/list?titleId=827173&tab=tue,11252327,보이드맨,보이드맨 (총 38화/미완결),총 38화/미완결,38.0,미완결,한건희 한건희,평점 8.8 | 한건희 한건희 | 2025.03.10. | 총38화/미완결 | 전화 무료,https://series.naver.com/comic/detail.series?productNo=11252327,matched,ok,"보이드맨 (총 38화/미완결)
평점
8.8 | 한건희 한건희 | 2025.03.10. | 총38화/미완결 | 전화 무료
신들이 지배하는 포스트 아포칼립스.가족을 앗아간 신을 죽이기 위해, 난 죽음으로 들어갔다. “공허여, 내게 힘을 빌려줘. 신을 죽일 수 있는 힘을...!”",tue,1,tue,1,mon,tue,True,tue,화,mon,tue,11252327_tue,post_24h,어제 밤 10시 공개 이후 증가분 확인용 수집,36.8만,368000.0,https://series.naver.com/comic/detail.series?productNo=11252327,20260922_213345,tue,화,2026-09-22 21:33:45,2026-09-22,21:33:45,2026-09-22 21:43:13,2026-09-22 21:43:16,2.1,2026-09-22 21:43:16,2026-09-22,21:43:16,2026-09-22 21:49:59,974.17
tue,83,재난은 늘 곁에 있다,이혜,827333,https://comic.naver.com/webtoon/list?titleId=827333&tab=tue,11269302,재난은 늘 곁에 있다,재난은 늘 곁에 있다 (총 84화/미완결),총 84화/미완결,84.0,미완결,이혜 이혜,평점 10.0 | 이혜 이혜 | 2026.01.12. | 총84화/미완결 | 전화 무료,https://series.naver.com/comic/detail.series?productNo=11269302,matched,ok,"재난은 늘 곁에 있다 (총 84화/미완결)
평점
10.0 | 이혜 이혜 | 2026.01.12. | 총84화/미완결 | 전화 무료
하루 아침에 10년의 세월이 사라져버린 여자 윤다미, 그 모든 게 신이라는 남자와 엮이면서 시작되었다.하지만 신은 본인과는 무관한 일이라며 다미를 무시한다.그러던 중 다미의 집안에 오랫동안 찾아 헤매던 ‘물건’의 존..",tue,1,tue,1,mon,tue,True,tue,화,mon,tue,11269302_tue,post_24h,어제 밤 10시 공개 이후 증가분 확인용 수집,112.4만,1124000.0,https://series.naver.com/comic/detail.series?productNo=11269302,20260922_213345,tue,화,2026-09-22 21:33:45,2026-09-22,21:33:45,2026-09-22 21:43:17,2026-09-22 21:43:19,2.07,2026-09-22 21:43:19,2026-09-22,21:43:19,2026-09-22 21:49:59,974.17
tue,78,아카데미가 망했다,BIN,828077,https://comic.naver.com/webtoon/list?titleId=828077&tab=tue,11346229,아카데미가 망했다 [독점],아카데미가 망했다 [독점] (총 104화/미완결),총 104화/미완결,104.0,미완결,,,https://series.naver.com/comic/detail.series?productNo=11346229,matched,ok,"아카데미가 망했다 [독점] (총 104화/미완결)
평점
9.9 | ROHRAN, BIN GG | 2026.06.01. | 총104화/미완결 | 99화 무료
[매주 화요일 연재]신입 교사로 부임한 아카데미가 망해버렸다?!도박에 빠진 학장과 나태 교사, 무기력한 학생들까지!탈출과 출세의 갈림길에 선 욕망 가득 신입 교사 '아몬 드레이크'가 선택한 다음 걸음은?뒷골이 알싸해지..",tue,1,tue,1,mon,tue,True,tue,화,mon,tue,11346229_tue,post_24h,어제 밤 10시 공개 이후 증가분 확인용 수집,120.8만,1208000.0,https://series.naver.com/comic/detail.series?productNo=11346229,20260922_213345,tue,화,2026-09-22 21:33:45,2026-09-22,21:33:45,2026-09-22 21:43:21,2026-09-22 21:43:24,2.66,2026-09-22 21:43:24,2026-09-22,21:43:24,2026-09-22 21:49:59,974.17
tue,61,개집사,고추참치,828292,https://comic.naver.com/webtoon/list?titleId=828292&tab=tue,11371316,개집사,개집사 (총 203화/미완결),총 203화/미완결,203.0,미완결,,,https://series.naver.com/comic/detail.series?productNo=11371316,matched,ok,"개집사 (총 203화/미완결)
평점
10.0 | 고추참치 고추참치 | 2026.06.08. | 총203화/미완결 | 198화 무료
출근도 퇴근도 없는 똑같은 일상의 작가…눈치채지 못한 사이 작가의 삶에 다이나믹한 소재를 주는 두 존재가 있었는데…! 작지만 자존감 만큼은 하늘 같은 말티즈, 덩칫값못하는 진도 믹스 아가씨들을 모시는 집사&작가의 삶","tue,fri",2,"tue,fri",2,"mon,thu","tue,fri",True,tue,화,mon,tue,11371316_tue,post_24h,어제 밤 10시 공개 이후 증가분 확인용 수집,65.7만,657000.0,https://series.naver.com/comic/detail.series?productNo=11371316,20260922_213345,tue,화,2026-09-22 21:33:45,2026-09-22,21:33:45,2026-09-22 21:43:25,2026-09-22 21:43:27,2.51,2026-09-22 21:43:27,2026-09-22,21:43:27,2026-09-22 21:49:59,974.17
tue,41,천만청춘,유월,828402,https://comic.naver.com/webtoon/list?titleId=828402&tab=tue,11389531,천만청춘,천만청춘 (총 81화/미완결),총 81화/미완결,81.0,미완결,,,https://series.naver.com/comic/detail.series?productNo=11389531,matched,ok,"천만청춘 (총 81화/미완결)
평점
10.0 | 유월 | 2026.06.08. | 총81화/미완결 | 78화 무료
중학교 때 나가는 대회마다 수상해 상금을 쓸어와 '대회의 신'이라는 별명이 붙은 영이.수치스러운 별명이 싫어 고등학교에서는 죽은듯이 공부만 하려고 했으나… 고등학교에 거액의 상금이 걸린 '청춘' 공모전이 등장한다.'청..",tue,1,tue,1,mon,tue,True,tue,화,mon,tue,11389531_tue,post_24h,어제 밤 10시 공개 이후 증가분 확인용 수집,270.8만,2708000.0,https://series.naver.com/comic/detail.series?productNo=11389531,20260922_213345,tue,화,2026-09-22 21:33:45,2026-09-22,21:33:45,2026-09-22 21:43:29,2026-09-22 21:43:31,2.35,2026-09-22 21:43:31,2026-09-22,21:43:31,2026-09-22 21:49:59,974.17
tue,2,절대회귀,JP,828715,https://comic.naver.com/webtoon/list?titleId=828715&tab=tue,11418449,절대회귀,절대회귀 (총 105화/미완결),총 105화/미완결,105.0,미완결,,,https://series.naver.com/comic/detail.series?productNo=11418449,matched,ok,"절대회귀 (총 105화/미완결)
평점
10.0 | JP, 장영훈 박진환 | 2026.06.08. | 총105화/미완결 | 98화 무료
""나를 과거로 보내주시오.""이 시대에서 그를 죽일 수 없다면, 과거로 돌아가면 되리라. 시간을 거스를 수 있는 '회귀대법(回歸大法)'으로 그토록 원하던 과거로 회귀한 한 남자. 가족도, 친구도, 삶도, 모두 잃었던 '검무극(劍無..",tue,1,tue,1,mon,tue,True,tue,화,mon,tue,11418449_tue,post_24h,어제 밤 10시 공개 이후 증가분 확인용 수집,"2,191만",21910000.0,https://series.naver.com/comic/detail.series?productNo=11418449,20260922_213345,tue,화,2026-09-22 21:33:45,2026-09-22,21:33:45,2026-09-22 21:43:32,2026-09-22 21:43:35,2.45,2026-09-22 21:43:35,2026-09-22,21:43:35,2026-09-22 21:49:59,974.17
tue,64,긁지 않은 복권,보로리,828908,https://comic.naver.com/webtoon/list?titleId=828908&tab=tue,11438865,긁지 않은 복권,긁지 않은 복권 (총 76화/미완결),총 76화/미완결,76.0,미완결,보로리 보로리,평점 9.9 | 보로리 보로리 | 2026.01.26. | 총76화/미완결 | 전화 무료,https://series.naver.com/comic/detail.series?productNo=11438865,matched,ok,"긁지 않은 복권 (총 76화/미완결)
평점
9.9 | 보로리 보로리 | 2026.01.26. | 총76화/미완결 | 전화 무료
얼굴은 존예지만 뚱뚱한 은지는 긁지 않은 복권의 정석이라고 불린다.남들보다 많은 양을 먹는 점을 이용해 먹방 유튜버가 되었지만,뚱뚱한 체형 때문에 조롱 당하기 일쑤다.저조한 조회수, 늘지 않는 구독자에 희망을 잃어가..",tue,1,tue,1,mon,tue,True,tue,화,mon,tue,11438865_tue,post_24h,어제 밤 10시 공개 이후 증가분 확인용 수집,130.9만,1309000.0,https://series.naver.com/comic/detail.series?productNo=11438865,20260922_213345,tue,화,2026-09-22 21:33:45,2026-09-22,21:33:45,2026-09-22 21:43:36,2026-09-22 21:43:39,2.86,2026-09-22 21:43:39,2026-09-22,21:43:39,2026-09-22 21:49:59,974.17
tue,71,아름다운 줄리엣을 위하여,나사못,829139,https://comic.naver.com/webtoon/list?titleId=829139&tab=tue,11469822,아름다운 줄리엣을 위하여,아름다운 줄리엣을 위하여 (총 91화/미완결),총 91화/미완결,91.0,미완결,"나사못, 도주차량 삼밀삼","평점 10.0 | 나사못, 도주차량 삼밀삼 | 2026.05.18. | 총91화/미완결 | 전화 무료",https://series.naver.com/comic/detail.series?productNo=11469822,matched,ok,"아름다운 줄리엣을 위하여 (총 91화/미완결)
평점
10.0 | 나사못, 도주차량 삼밀삼 | 2026.05.18. | 총91화/미완결 | 전화 무료
“바보, 머저리, 어떻게 그런 짓을… 다시는 그러지 말아요. 알겠어요?”에녹 레트라키는 그의 아내 줄리엣을 사랑한다.비록 아내는 그를 조금도 사랑하지 않는다고 해도.그런데 어느 날 갑자기 아내가 달라졌다.에녹은 아내가 ..",tue,1,tue,1,mon,tue,True,tue,화,mon,tue,11469822_tue,post_24h,어제 밤 10시 공개 이후 증가분 확인용 수집,219.2만,2192000.0,https://series.naver.com/comic/detail.series?productNo=11469822,20260922_213345,tue,화,2026-09-22 21:33:45,2026-09-22,21:33:45,2026-09-22 21:43:40,2026-09-22 21:43:42,1.98,2026-09-22 21:43:42,2026-09-22,21:43:42,2026-09-22 21:49:59,974.17
tue,62,가공낙원,삼촌,830053,https://comic.naver.com/webtoon/list?titleId=830053&tab=tue,11555264,가공낙원,가공낙원 (총 97화/미완결),총 97화/미완결,97.0,미완결,,,https://series.naver.com/comic/detail.series?productNo=11555264,matched,ok,"가공낙원 (총 97화/미완결)
평점
10.0 | 삼촌 삼촌 | 2026.06.08. | 총97화/미완결 | 92화 무료
남다른 직감을 가진 고등학생 산호는, 어느 날 자신에게만 보이는 괴물들의 싸움에 휘말려 죽을 위기에 처한다.죽다 살아나 눈을 뜬 장소는 인간을 애완동물로 키우는 괴물들의 세상.졸지에 괴물의 애완인간이 된 산호는 어떻..",tue,1,tue,1,mon,tue,True,tue,화,mon,tue,11555264_tue,post_24h,어제 밤 10시 공개 이후 증가분 확인용 수집,210.5만,2105000.0,https://series.naver.com/comic/detail.series?productNo=11555264,20260922_213345,tue,화,2026-09-22 21:33:45,2026-09-22,21:33:45,2026-09-22 21:43:43,2026-09-22 21:43:45,1.91,2026-09-22 21:43:45,2026-09-22,21:43:45,2026-09-22 21:49:59,974.17
tue,15,백작가의 비밀스런 시녀님,MIDNIGHT STUDIO,830106,https://comic.naver.com/webtoon/list?titleId=830106&tab=tue,11544667,백작가의 비밀스런 시녀님 [독점],백작가의 비밀스런 시녀님 [독점] (총 93화/미완결),총 93화/미완결,93.0,미완결,,,https://series.naver.com/comic/detail.series?productNo=11544667,matched,ok,"백작가의 비밀스런 시녀님 [독점] (총 93화/미완결)
평점
10.0 | 백주아 MIDNIGHT STUDIO | 2026.06.08. | 총93화/미완결 | 88화 무료
가난한 집에서 태어난, 끔찍하게 못생긴 계집아이 '폴라'.우연한 계기로 명망 높은 벨루니타 백작가의 사용인으로 고용된다.그런데, 모셔야 할 주인님 '빈센트 벨루니타'는시력을 잃은 후 공포에 떨며 방에 틀어박혀 있기만 한..",tue,1,tue,1,mon,tue,True,tue,화,mon,tue,11544667_tue,post_24h,어제 밤 10시 공개 이후 증가분 확인용 수집,729.8만,7298000.0,https://series.naver.com/comic/detail.series?productNo=11544667,20260922_213345,tue,화,2026-09-22 21:33:45,2026-09-22,21:33:45,2026-09-22 21:43:46,2026-09-22 21:43:48,2.16,2026-09-22 21:43:48,2026-09-22,21:43:48,2026-09-22 21:49:59,974.17
tue,66,귀공자,한동우,831168,https://comic.naver.com/webtoon/list?titleId=831168&tab=tue,11582551,귀공자,귀공자 (총 91화/미완결),총 91화/미완결,91.0,미완결,,,https://series.naver.com/comic/detail.series?productNo=11582551,matched,ok,"귀공자 (총 91화/미완결)
평점
9.7 | 한동우 이도희 | 2026.06.04. | 총91화/미완결 | 89화 무료
한국 굴지의 대기업 '천구'의 후계자인 '진태하'. 가족들과의 요트 여행 중 테러범의 습격으로 인해 홀로 살아남는다.'진태하'는 사고가 아닌, 친척들의 권력 암투로 인해 가족들이 살해당한 것임을 알게 되고, 이탈리아 마피아 '..",tue,1,tue,1,mon,tue,True,tue,화,mon,tue,11582551_tue,post_24h,어제 밤 10시 공개 이후 증가분 확인용 수집,243.1만,2431000.0,https://series.naver.com/comic/detail.series?productNo=11582551,20260922_213345,tue,화,2026-09-22 21:33:45,2026-09-22,21:33:45,2026-09-22 21:43:50,2026-09-22 21:43:52,2.32,2026-09-22 21:43:52,2026-09-22,21:43:52,2026-09-22 21:49:59,974.17
tue,5,회귀한 용병은 다 계획이 있다,골드행,832557,https://comic.naver.com/webtoon/list?titleId=832557&tab=tue,11634583,회귀한 용병은 다 계획이 있다,회귀한 용병은 다 계획이 있다 (총 92화/미완결),총 92화/미완결,92.0,미완결,,,https://series.naver.com/comic/detail.series?productNo=11634583,matched,ok,"회귀한 용병은 다 계획이 있다 (총 92화/미완결)
평점
9.9 | 골드행 박진석 | 2026.06.08. | 총92화/미완결 | 87화 무료
몰락한 페르디움 가문의 복수를 위해 대전쟁을 일으킨대륙 7강 용병왕 지셀 페르디움.모든 복수가 순조롭게 마무리되던 와중,예상치 못한 인물 아이던이 등장해 지셀의 계획을 무마시키고그의 목을 벤다.그렇게 지셀은 죽을 ..",tue,1,tue,1,mon,tue,True,tue,화,mon,tue,11634583_tue,post_24h,어제 밤 10시 공개 이후 증가분 확인용 수집,"1,110만",11100000.0,https://series.naver.com/comic/detail.series?productNo=11634583,20260922_213345,tue,화,2026-09-22 21:33:45,2026-09-22,21:33:45,2026-09-22 21:43:53,2026-09-22 21:43:55,2.04,2026-09-22 21:43:55,2026-09-22,21:43:55,2026-09-22 21:49:59,974.17
tue,75,야만의 청혼,team IRUKA,833873,https://comic.naver.com/webtoon/list?titleId=833873&tab=tue,11806728,야만의 청혼,야만의 청혼 (총 92화/미완결),총 92화/미완결,92.0,미완결,,,https://series.naver.com/comic/detail.series?productNo=11806728,matched,ok,"야만의 청혼 (총 92화/미완결)
평점
9.7 | 이윤아, team IRUKA team IRUKA | 2026.06.08. | 총92화/미완결 | 84화 무료
“아이를 가졌어요. 다른 남자의. 그래도 혼인하겠습니까?” 대륙에서 가장 잔인한 용병대 수장의 청혼을 거절하기 위해서, 나라를 지키기 위해서 한 거짓말이었다. 그런데 대답은…… “누구 애든 상관없으니 낳아요. 대신 나..",tue,1,tue,1,mon,tue,True,tue,화,mon,tue,11806728_tue,post_24h,어제 밤 10시 공개 이후 증가분 확인용 수집,184.1만,1841000.0,https://series.naver.com/comic/detail.series?productNo=11806728,20260922_213345,tue,화,2026-09-22 21:33:45,2026-09-22,21:33:45,2026-09-22 21:43:57,2026-09-22 21:43:59,2.42,2026-09-22 21:43:59,2026-09-22,21:43:59,2026-09-22 21:49:59,974.17
tue,100,연애 못하면 사망,홍치,834175,https://comic.naver.com/webtoon/list?titleId=834175&tab=tue,11845281,연애 못하면 사망,연애 못하면 사망 (총 85화/미완결),총 85화/미완결,85.0,미완결,홍치 홍치,평점 10.0 | 홍치 홍치 | 2026.06.15. | 총85화/미완결 | 80화 무료,https://series.naver.com/comic/detail.series?productNo=11845281,matched,ok,"연애 못하면 사망 (총 85화/미완결)
평점
10.0 | 홍치 홍치 | 2026.06.15. | 총85화/미완결 | 80화 무료
111세 덕순 F&B의 회장 김덕순은 죽기 직전 마지막 소원으로 첫사랑 왕종열과의 불꽃 같은 사랑을 하게 해달라 빌고 25세 김도희라는 여자의 몸에서 깨어난다. 그러나 마지막 소원을 이루기 위해 종열을 향해 달려가던 덕순..",tue,1,tue,1,mon,tue,True,tue,화,mon,tue,11845281_tue,post_24h,어제 밤 10시 공개 이후 증가분 확인용 수집,42.4만,424000.0,https://series.naver.com/comic/detail.series?productNo=11845281,20260922_213345,tue,화,2026-09-22 21:33:45,2026-09-22,21:33:45,2026-09-22 21:44:01,2026-09-22 21:44:03,1.99,2026-09-22 21:44:03,2026-09-22,21:44:03,2026-09-22 21:49:59,974.17
tue,116,선 넘는 결혼생활,맹,834750,https://comic.naver.com/webtoon/list?titleId=834750&tab=tue,11952151,선 넘는 결혼생활,선 넘는 결혼생활 (총 36화/미완결),총 36화/미완결,36.0,미완결,"맹, 강하다 무인","평점 10.0 | 맹, 강하다 무인 | 2025.07.21. | 총36화/미완결 | 전화 무료",https://series.naver.com/comic/detail.series?productNo=11952151,matched,ok,"선 넘는 결혼생활 (총 36화/미완결)
평점
10.0 | 맹, 강하다 무인 | 2025.07.21. | 총36화/미완결 | 전화 무료
아버지의 병원비를 위해 3년 동안 생판 모르는 남자의 법적 배우자가 되어 주기로 한 지완.결혼 관계만 3년을 유지해 주면 10억을 주겠다는 말에,그녀는 냉큼 혼인 신고서에 도장을 찍고 만다.그리고 3년 후, 계약 종료 2주 전...",tue,1,tue,1,mon,tue,True,tue,화,mon,tue,11952151_tue,post_24h,어제 밤 10시 공개 이후 증가분 확인용 수집,35.4만,354000.0,https://series.naver.com/comic/detail.series?productNo=11952151,20260922_213345,tue,화,2026-09-22 21:33:45,2026-09-22,21:33:45,2026-09-22 21:44:04,2026-09-22 21:44:06,2.29,2026-09-22 21:44:06,2026-09-22,21:44:06,2026-09-22 21:49:59,974.17
tue,96,인생내꺼,미티,835582,https://comic.naver.com/webtoon/list?titleId=835582&tab=tue,12088874,인생내꺼,인생내꺼 (총 59화/미완결),총 59화/미완결,59.0,미완결,,,https://series.naver.com/comic/detail.series?productNo=12088874,matched,ok,"인생내꺼 (총 59화/미완결)
평점
9.4 | 미티 구구 | 2026.06.08. | 총59화/미완결 | 54화 무료
""힘든 인생, 편해지고 싶다""우울증에 걸린 가난한 고등학생, 전주인과 주도권은 천재들의 영혼에게 자신의 몸을 팔아버린다. 그로부터 13년이 흐른 어느 날 눈을 뜨니 그들은 대기업 의장과 조폭 보스가 되어있는데...갑자기 엄..",tue,1,tue,1,mon,tue,True,tue,화,mon,tue,12088874_tue,post_24h,어제 밤 10시 공개 이후 증가분 확인용 수집,20.9만,209000.0,https://series.naver.com/comic/detail.series?productNo=12088874,20260922_213345,tue,화,2026-09-22 21:33:45,2026-09-22,21:33:45,2026-09-22 21:44:08,2026-09-22 21:44:11,2.9,2026-09-22 21:44:11,2026-09-22,21:44:11,2026-09-22 21:49:59,974.17
tue,17,중증외상센터 : 외과의사 백강혁,홍비치라,835736,https://comic.naver.com/webtoon/list?titleId=835736&tab=tue,12109054,중증외상센터 : 외과의사 백강혁,중증외상센터 : 외과의사 백강혁 (총 44화/미완결),총 44화/미완결,44.0,미완결,,,https://series.naver.com/comic/detail.series?productNo=12109054,matched,ok,"중증외상센터 : 외과의사 백강혁 (총 44화/미완결)
평점
9.8 | 한산이가 홍비치라 | 2026.06.08. | 총44화/미완결 | 39화 무료
초감각을 지닌 남자, 백강혁.아버지를 잃은 후로 사상 최고의 외상 외과 의사를 목표로 사정 없이 달리기 시작한다.그런데 이제 광기를 곁들인……185cm의 모델 같은 외모로 병원을 휩쓸고 다니는 그는 외상 외과 의사가 되기..",tue,1,tue,1,mon,tue,True,tue,화,mon,tue,12109054_tue,post_24h,어제 밤 10시 공개 이후 증가분 확인용 수집,239.4만,2394000.0,https://series.naver.com/comic/detail.series?productNo=12109054,20260922_213345,tue,화,2026-09-22 21:33:45,2026-09-22,21:33:45,2026-09-22 21:44:12,2026-09-22 21:44:14,2.21,2026-09-22 21:44:14,2026-09-22,21:44:14,2026-09-22 21:49:59,974.17
tue,1,44교시 생존수업,상C,836848,https://comic.naver.com/webtoon/list?titleId=836848&tab=tue,12252419,44교시 생존수업,44교시 생존수업 (총 35화/미완결),총 35화/미완결,35.0,미완결,상C 상C,평점 9.8 | 상C 상C | 2025.10.27. | 총35화/미완결 | 전화 무료,https://series.naver.com/comic/detail.series?productNo=12252419,matched,ok,"44교시 생존수업 (총 35화/미완결)
평점
9.8 | 상C 상C | 2025.10.27. | 총35화/미완결 | 전화 무료
.",tue,1,tue,1,mon,tue,True,tue,화,mon,tue,12252419_tue,post_24h,어제 밤 10시 공개 이후 증가분 확인용 수집,479.5만,4795000.0,https://series.naver.com/comic/detail.series?productNo=12252419,20260922_213345,tue,화,2026-09-22 21:33:45,2026-09-22,21:33:45,2026-09-22 21:44:16,2026-09-22 21:44:18,1.97,2026-09-22 21:44:18,2026-09-22,21:44:18,2026-09-22 21:49:59,974.17
tue,110,비기닝즈,박정운,840344,https://comic.naver.com/webtoon/list?titleId=840344&tab=tue,12790299,비기닝즈,비기닝즈 (총 47화/미완결),총 47화/미완결,47.0,미완결,,,https://series.naver.com/comic/detail.series?productNo=12790299,matched,ok,"비기닝즈 (총 47화/미완결)
평점
9.8 | 박정운 박정운 | 2026.06.01. | 총47화/미완결 | 45화 무료
투수를 꿈꾸는 태양은 깊은 슬럼프를 겪는다. 아무리 연습해도 이놈의 방망이는 공을 거부하기만 하고, 학교생활 또한 꼬여만 간다. 더도 말고 덜도 말고 그라운드에 설 수만 있다면!",tue,1,tue,1,mon,tue,True,tue,화,mon,tue,12790299_tue,post_24h,어제 밤 10시 공개 이후 증가분 확인용 수집,11.6만,116000.0,https://series.naver.com/comic/detail.series?productNo=12790299,20260922_213345,tue,화,2026-09-22 21:33:45,2026-09-22,21:33:45,2026-09-22 21:44:19,2026-09-22 21:44:21,1.97,2026-09-22 21:44:21,2026-09-22,21:44:21,2026-09-22 21:49:59,974.17
tue,88,디펜스 브레이커,주신,840348,https://comic.naver.com/webtoon/list?titleId=840348&tab=tue,12790300,디펜스 브레이커,디펜스 브레이커 (총 53화/미완결),총 53화/미완결,53.0,미완결,,,https://series.naver.com/comic/detail.series?productNo=12790300,matched,ok,"디펜스 브레이커 (총 53화/미완결)
평점
9.0 | 주신 이노 | 2026.06.08. | 총53화/미완결 | 47화 무료
디펜스 게임 안으로 들어간 지훈.기사단장이 되어 몬스터들로부터 왕국을 지켜줄 것을 강요받는다.하지만 사람들에게 받은 상처가 아직 아물지 않았던 지훈은왕국을 지키길 거부한다.그러자 갑자기 새로운 루트가 열리게 되는..",tue,1,tue,1,mon,tue,True,tue,화,mon,tue,12790300_tue,post_24h,어제 밤 10시 공개 이후 증가분 확인용 수집,65.6만,656000.0,https://series.naver.com/comic/detail.series?productNo=12790300,20260922_213345,tue,화,2026-09-22 21:33:45,2026-09-22,21:33:45,2026-09-22 21:44:22,2026-09-22 21:44:24,2.03,2026-09-22 21:44:24,2026-09-22,21:44:24,2026-09-22 21:49:59,974.17
tue,112,썸머문: 더 큐프리즈,HYBE,840900,https://comic.naver.com/webtoon/list?titleId=840900&tab=tue,12880500,썸머문: 더 큐프리즈,썸머문: 더 큐프리즈 (총 43화/미완결),총 43화/미완결,43.0,미완결,,,https://series.naver.com/comic/detail.series?productNo=12880500,matched,ok,"썸머문: 더 큐프리즈 (총 43화/미완결)
평점
10.0 | HYBE HYBE | 2026.04.20. | 총43화/미완결 | 전화 무료
""핑크빛으로 물든 여름 달 아래,여고생의 '마법 소녀 이중생활' 이 시작된다!""운명의 반쪽과의 사랑을 이루어주는 신비로운 숲이 있기로 유명한 월하고교. 일생일대의 사랑을 찾아내는 교내 최대 여름 페스티벌 '썸머문 축제'를..",tue,1,tue,1,mon,tue,True,tue,화,mon,tue,12880500_tue,post_24h,어제 밤 10시 공개 이후 증가분 확인용 수집,2.7만,27000.0,https://series.naver.com/comic/detail.series?productNo=12880500,20260922_213345,tue,화,2026-09-22 21:33:45,2026-09-22,21:33:45,2026-09-22 21:44:26,2026-09-22 21:44:28,2.75,2026-09-22 21:44:28,2026-09-22,21:44:28,2026-09-22 21:49:59,974.17
tue,76,스마일 복서,상상어,841320,https://comic.naver.com/webtoon/list?titleId=841320&tab=tue,12963127,스마일 복서,스마일 복서 (총 50화/미완결),총 50화/미완결,50.0,미완결,,,https://series.naver.com/comic/detail.series?productNo=12963127,matched,ok,"스마일 복서 (총 50화/미완결)
평점
9.8 | 상상어 상상어 | 2026.06.08. | 총50화/미완결 | 44화 무료
시골 마을에서 복싱 선수를 꿈꾸는 강찬! 키워주신 어르신들께 보답하기 위해 하루도 빠짐없이 훈련에 임한다.그러던 어느 날, 지역 재개발을 위해 마을에 들이닥친 검은 옷의 남자들. 사람들을 위협해 강찬이 나서지만 그 많은..",tue,1,tue,1,mon,tue,True,tue,화,mon,tue,12963127_tue,post_24h,어제 밤 10시 공개 이후 증가분 확인용 수집,89.6만,896000.0,https://series.naver.com/comic/detail.series?productNo=12963127,20260922_213345,tue,화,2026-09-22 21:33:45,2026-09-22,21:33:45,2026-09-22 21:44:29,2026-09-22 21:44:32,2.33,2026-09-22 21:44:32,2026-09-22,21:44:32,2026-09-22 21:49:59,974.17
tue,114,불완전X스타,성목,841333,https://comic.naver.com/webtoon/list?titleId=841333&tab=tue,13008901,불완전X스타,불완전X스타 (총 27화/미완결),총 27화/미완결,27.0,미완결,,,https://series.naver.com/comic/detail.series?productNo=13008901,matched,ok,"불완전X스타 (총 27화/미완결)
평점
10.0 | 성목 성목 | 2026.06.08. | 총27화/미완결 | 24화 무료
부모님을 일찍 여의고 동생과 삼촌 밑에서 자란 '신시아'어느 날 그녀의 유일한 삶의 이유였던 동생이 '성희린'무리에게 괴롭힘을 당한 후 교통사고로 죽게 된다.'신시아'는 '배강토'를 만나고 자신과 동생을 괴롭혔던 '성희린'..",tue,1,tue,1,mon,tue,True,tue,화,mon,tue,13008901_tue,post_24h,어제 밤 10시 공개 이후 증가분 확인용 수집,5.2만,52000.0,https://series.naver.com/comic/detail.series?productNo=13008901,20260922_213345,tue,화,2026-09-22 21:33:45,2026-09-22,21:33:45,2026-09-22 21:44:33,2026-09-22 21:44:35,1.89,2026-09-22 21:44:35,2026-09-22,21:44:35,2026-09-22 21:49:59,974.17
tue,3,오! 나의 교주님,,841624,https://comic.naver.com/webtoon/list?titleId=841624&tab=tue,12998643,오! 나의 교주님,오! 나의 교주님 (총 94화/미완결),총 94화/미완결,94.0,미완결,"김꿀빨, 김완두 김꿀빨, 김완두","평점 9.4 | 김꿀빨, 김완두 김꿀빨, 김완두 | 2026.06.18. | 총94화/미완결 | 89화 무료",https://series.naver.com/comic/detail.series?productNo=12998643,review_needed,not_found,"오! 나의 교주님 (총 94화/미완결)
평점
9.4 | 김꿀빨, 김완두 김꿀빨, 김완두 | 2026.06.18. | 총94화/미완결 | 89화 무료
사이비 종교 ‘진천교’에서 태어나 평생을 그곳에서 살아온 한성민. 그는 결국 모든 것을 잃고 홀로 탈출한다.수년 후, 성인이 된 그는 다시 진천교에 잠입해 처절한 복수를 시작하려 한다.“오, 나의 교주님. 제가 보내드릴게..","tue,fri",2,"tue,fri",2,"mon,thu","tue,fri",True,tue,화,mon,tue,12998643_tue,post_24h,어제 밤 10시 공개 이후 증가분 확인용 수집,,,https://nid.naver.com/nidlogin.login?svctype=128&a_version=2&viewtype=1&url=http%3A%2F%2Fseries.naver.com%2Fcomic%2Fdetail.series%3FproductNo%3D12998643&surl=https%3A%2F%2Fseries.naver.com,20260922_213345,tue,화,2026-09-22 21:33:45,2026-09-22,21:33:45,2026-09-22 21:44:36,2026-09-22 21:44:50,14.44,2026-09-22 21:44:50,2026-09-22,21:44:50,2026-09-22 21:49:59,974.17
tue,59,브레이커즈,JDL,841810,https://comic.naver.com/webtoon/list?titleId=841810&tab=tue,13011302,브레이커즈,브레이커즈 (총 88화/미완결),총 88화/미완결,88.0,미완결,,,https://series.naver.com/comic/detail.series?productNo=13011302,matched,ok,"브레이커즈 (총 88화/미완결)
평점
9.7 | JDL, 취룡 뚱또 | 2026.06.01. | 총88화/미완결 | 84화 무료
'주인공'은 즐겨하던 게임의 리메이크판인 <나이트 사가:re>를 플레이하던 중,게임 속으로 끌려들어 간다.그런데 무언가 이상하다.<나이트 사가:re>에서 플레이어블 캐릭터는 인간 편의 로크, 마계 편의 제피르뿐.그러나 정신..","tue,fri",2,"tue,fri",2,"mon,thu","tue,fri",True,tue,화,mon,tue,13011302_tue,post_24h,어제 밤 10시 공개 이후 증가분 확인용 수집,59.4만,594000.0,https://series.naver.com/comic/detail.series?productNo=13011302,20260922_213345,tue,화,2026-09-22 21:33:45,2026-09-22,21:33:45,2026-09-22 21:44:51,2026-09-22 21:44:54,3.21,2026-09-22 21:44:54,2026-09-22,21:44:54,2026-09-22 21:49:59,974.17
tue,74,고고밍밍고,밍밍고,841824,https://comic.naver.com/webtoon/list?titleId=841824&tab=tue,13013561,고고밍밍고,고고밍밍고 (총 87화/미완결),총 87화/미완결,87.0,미완결,,,https://series.naver.com/comic/detail.series?productNo=13013561,matched,ok,"고고밍밍고 (총 87화/미완결)
평점
10.0 | 밍밍고 밍밍고 | 2026.06.08. | 총87화/미완결 | 81화 무료
살다 보면 끝도 없이 샘솟는 다채로운 충동들!결코 그냥은 지나치지 못하고 꼭 한 번 찍어먹고야 마는맑눈광 밍밍고의 도전정신 가득한 일상","tue,thu",2,"tue,thu",2,"mon,wed","tue,thu",True,tue,화,mon,tue,13013561_tue,post_24h,어제 밤 10시 공개 이후 증가분 확인용 수집,13.3만,133000.0,https://series.naver.com/comic/detail.series?productNo=13013561,20260922_213345,tue,화,2026-09-22 21:33:45,2026-09-22,21:33:45,2026-09-22 21:44:56,2026-09-22 21:44:58,2.21,2026-09-22 21:44:58,2026-09-22,21:44:58,2026-09-22 21:49:59,974.17
tue,103,존X킬러,메론뽀이,841930,https://comic.naver.com/webtoon/list?titleId=841930&tab=tue,13027917,존X킬러,존X킬러 (총 47화/미완결),총 47화/미완결,47.0,미완결,,,https://series.naver.com/comic/detail.series?productNo=13027917,matched,ok,"존X킬러 (총 47화/미완결)
평점
9.9 | 메론뽀이 메론뽀이 | 2026.06.08. | 총47화/미완결 | 42화 무료
임무 성공률 100%, 세상에서 가장 완벽한 킬러, 진!하지만 단 하나의 치명적 약점이 있었으니,그것은 바로... 역사에 남을 수준의 못생긴 얼굴!!!",tue,1,tue,1,mon,tue,True,tue,화,mon,tue,13027917_tue,post_24h,어제 밤 10시 공개 이후 증가분 확인용 수집,25.5만,255000.0,https://series.naver.com/comic/detail.series?productNo=13027917,20260922_213345,tue,화,2026-09-22 21:33:45,2026-09-22,21:33:45,2026-09-22 21:44:59,2026-09-22 21:45:02,2.42,2026-09-22 21:45:02,2026-09-22,21:45:02,2026-09-22 21:49:59,974.17
tue,67,클래스메이트,수리부,842086,https://comic.naver.com/webtoon/list?titleId=842086&tab=tue,13034629,클래스메이트,클래스메이트 (총 48화/미완결),총 48화/미완결,48.0,미완결,,,https://series.naver.com/comic/detail.series?productNo=13034629,matched,ok,"클래스메이트 (총 48화/미완결)
평점
10.0 | 수리부 수리부 | 2026.06.08. | 총48화/미완결 | 42화 무료
""내가 친구가 되어줄게.""왕따 소녀 주은하에게 찾아온, 섬뜩한 귀신 소년 이해수.위험한 우정을 받아들인 순간 은하 주위에 예기치 못한 사건들이 벌어지는데...정체불명의 친구가 내민 이 손은 과연 구원일까, 아니면 저주일까?",tue,1,tue,1,mon,tue,True,tue,화,mon,tue,13034629_tue,post_24h,어제 밤 10시 공개 이후 증가분 확인용 수집,127.2만,1272000.0,https://series.naver.com/comic/detail.series?productNo=13034629,20260922_213345,tue,화,2026-09-22 21:33:45,2026-09-22,21:33:45,2026-09-22 21:45:03,2026-09-22 21:45:05,2.48,2026-09-22 21:45:05,2026-09-22,21:45:05,2026-09-22 21:49:59,974.17
tue,86,불순물 연애,우짜,842335,https://comic.naver.com/webtoon/list?titleId=842335&tab=tue,13066393,불순물 연애,불순물 연애 (총 45화/미완결),총 45화/미완결,45.0,미완결,,,https://series.naver.com/comic/detail.series?productNo=13066393,matched,ok,"불순물 연애 (총 45화/미완결)
평점
9.9 | 우짜 | 2026.06.08. | 총45화/미완결 | 40화 무료
첫사랑의 아픔이 있는 대학생 '여름'. 어느 날, 여름의 첫사랑인 '수영'이 그녀에게 갑작스레 고백을 한다. 약혼까지 깨며 열렬히 구애 하는 수영의 모습에 흔들리는 여름. 고민 끝에 여름은 딱 1년만 갑질 연애를 하면서 수영에..",tue,1,tue,1,mon,tue,True,tue,화,mon,tue,13066393_tue,post_24h,어제 밤 10시 공개 이후 증가분 확인용 수집,79만,790000.0,https://series.naver.com/comic/detail.series?productNo=13066393,20260922_213345,tue,화,2026-09-22 21:33:45,2026-09-22,21:33:45,2026-09-22 21:45:06,2026-09-22 21:45:08,2.3,2026-09-22 21:45:08,2026-09-22,21:45:08,2026-09-22 21:49:59,974.17
tue,49,풍요의 여신과 천재 망나니 사도님,성구,842346,https://comic.naver.com/webtoon/list?titleId=842346&tab=tue,13068004,풍요의 여신과 천재 망나니 사도님,풍요의 여신과 천재 망나니 사도님 (총 47화/미완결),총 47화/미완결,47.0,미완결,,,https://series.naver.com/comic/detail.series?productNo=13068004,matched,ok,"풍요의 여신과 천재 망나니 사도님 (총 47화/미완결)
평점
9.8 | 곰산타, 성구 성구 | 2026.06.08. | 총47화/미완결 | 40화 무료
0.0000001%를 뚫고 [풍요의 신]을 섬기는 사도가 됐다.농업 관련 신이 분명한데...기본 스킬이 참수다.목을 베면 농사가 딸깍. 농작물 가공도 딸깍.-참 좋은데 뭐라고 설명할 방법이 없는 건강기능식품 팝니다.",tue,1,tue,1,mon,tue,True,tue,화,mon,tue,13068004_tue,post_24h,어제 밤 10시 공개 이후 증가분 확인용 수집,157.5만,1575000.0,https://series.naver.com/comic/detail.series?productNo=13068004,20260922_213345,tue,화,2026-09-22 21:33:45,2026-09-22,21:33:45,2026-09-22 21:45:10,2026-09-22 21:45:13,2.81,2026-09-22 21:45:13,2026-09-22,21:45:13,2026-09-22 21:49:59,974.17
tue,23,오늘도 퇴근,백초,842815,https://comic.naver.com/webtoon/list?titleId=842815&tab=tue,13124042,오늘도 퇴근,오늘도 퇴근 (총 46화/미완결),총 46화/미완결,46.0,미완결,,,https://series.naver.com/comic/detail.series?productNo=13124042,matched,ok,"오늘도 퇴근 (총 46화/미완결)
평점
9.9 | 파셔, 백초 물속 | 2026.06.08. | 총46화/미완결 | 40화 무료
한국 굴지의 대기업 소야그룹 ESG팀의 팀장 이민수.그는 오늘도 칼퇴근을 목표로 묵묵히 일을 한다.어느 날, 회장의 막내딸 강채은이 팀원으로 들어오게 되면서회사 정치에 엮여 사내 빌런들과 부딪치며 다양한 사건을 겪게 ..",tue,1,tue,1,mon,tue,True,tue,화,mon,tue,13124042_tue,post_24h,어제 밤 10시 공개 이후 증가분 확인용 수집,231.9만,2319000.0,https://series.naver.com/comic/detail.series?productNo=13124042,20260922_213345,tue,화,2026-09-22 21:33:45,2026-09-22,21:33:45,2026-09-22 21:45:14,2026-09-22 21:45:17,2.21,2026-09-22 21:45:17,2026-09-22,21:45:17,2026-09-22 21:49:59,974.17
tue,102,아폴론 저축은행,차무진,842845,https://comic.naver.com/webtoon/list?titleId=842845&tab=tue,13125480,아폴론 저축은행,아폴론 저축은행 (총 39화/미완결),총 39화/미완결,39.0,미완결,차무진 혁씨,평점 9.5 | 차무진 혁씨 | 2026.05.04. | 총39화/미완결 | 전화 무료,https://series.naver.com/comic/detail.series?productNo=13125480,matched,ok,"아폴론 저축은행 (총 39화/미완결)
평점
9.5 | 차무진 혁씨 | 2026.05.04. | 총39화/미완결 | 전화 무료
“10억, 대출이 승인되었습니다.”동반 자살까지 결심한 가장의 계좌에, 미래의 통장에 입금 될 돈이라며 거액의 대출금이 입금된다. 언제 들어올 돈인지, 어디서 발생할 돈인지는 알 수 없다.단 하나 분명한 건, 입금과 동시에 ..",tue,1,tue,1,mon,tue,True,tue,화,mon,tue,13125480_tue,post_24h,어제 밤 10시 공개 이후 증가분 확인용 수집,13.3만,133000.0,https://series.naver.com/comic/detail.series?productNo=13125480,20260922_213345,tue,화,2026-09-22 21:33:45,2026-09-22,21:33:45,2026-09-22 21:45:18,2026-09-22 21:45:20,2.19,2026-09-22 21:45:20,2026-09-22,21:45:20,2026-09-22 21:49:59,974.17
tue,9,포그랜드,,843116,https://comic.naver.com/webtoon/list?titleId=843116&tab=tue,13177080,포그랜드,포그랜드 (총 44화/미완결),총 44화/미완결,44.0,미완결,POGO POGO,평점 10.0 | POGO POGO | 2026.06.15. | 총44화/미완결 | 38화 무료,https://series.naver.com/comic/detail.series?productNo=13177080,review_needed,not_found,"포그랜드 (총 44화/미완결)
평점
10.0 | POGO POGO | 2026.06.15. | 총44화/미완결 | 38화 무료
존재만으로도 미스터리한 국제 교도소 포그랜드.죄수 교화 목적으로 파견된 과학교사 단테 강은 한순간의 폭동 속에 포그랜드에 갇히게 된다.탈출하는 방법은 영도자가 되는 길 뿐.무너진 이성과 신성을 목도하라!단테의 아홉 ..",tue,1,tue,1,mon,tue,True,tue,화,mon,tue,13177080_tue,post_24h,어제 밤 10시 공개 이후 증가분 확인용 수집,,,https://nid.naver.com/nidlogin.login?svctype=128&a_version=2&viewtype=1&url=http%3A%2F%2Fseries.naver.com%2Fcomic%2Fdetail.series%3FproductNo%3D13177080&surl=https%3A%2F%2Fseries.naver.com,20260922_213345,tue,화,2026-09-22 21:33:45,2026-09-22,21:33:45,2026-09-22 21:45:22,2026-09-22 21:45:37,14.9,2026-09-22 21:45:37,2026-09-22,21:45:37,2026-09-22 21:49:59,974.17
tue,84,콩에서 새싹이!,숙희,843325,https://comic.naver.com/webtoon/list?titleId=843325&tab=tue,13225837,콩에서 새싹이!,콩에서 새싹이! (총 42화/미완결),총 42화/미완결,42.0,미완결,,,https://series.naver.com/comic/detail.series?productNo=13225837,matched,ok,"콩에서 새싹이! (총 42화/미완결)
평점
9.9 | 숙희 | 2026.06.08. | 총42화/미완결 | 37화 무료
태어나자마자 검사의 연속.생후 며칠 만에 소아암과 심장질환 진단.태어나자마자 병원에서 삶을 시작한 콩이와그 곁을 지키는 가족의 이야기",tue,1,tue,1,mon,tue,True,tue,화,mon,tue,13225837_tue,post_24h,어제 밤 10시 공개 이후 증가분 확인용 수집,37.3만,373000.0,https://series.naver.com/comic/detail.series?productNo=13225837,20260922_213345,tue,화,2026-09-22 21:33:45,2026-09-22,21:33:45,2026-09-22 21:45:38,2026-09-22 21:45:41,2.71,2026-09-22 21:45:41,2026-09-22,21:45:41,2026-09-22 21:49:59,974.17
tue,79,터닝포인트,숭어,843450,https://comic.naver.com/webtoon/list?titleId=843450&tab=tue,13234976,터닝포인트,터닝포인트 (총 38화/미완결),총 38화/미완결,38.0,미완결,,,https://series.naver.com/comic/detail.series?productNo=13234976,matched,ok,"터닝포인트 (총 38화/미완결)
평점
10.0 | 숭어 숭어 | 2026.06.08. | 총38화/미완결 | 34화 무료
혼밥, 혼영, 혼술 모든 것이 혼자가 편했던 백사랑.손해를 보면서까지 타인과 어울리길 원하는 유평화.상반되는 삶을 살아온 사랑과 평화는 서로를 만나 새로운 삶의 방식을 알게 된다. 생각보다 어른스럽고, 생각보다 유치한 ..",tue,1,tue,1,mon,tue,True,tue,화,mon,tue,13234976_tue,post_24h,어제 밤 10시 공개 이후 증가분 확인용 수집,57.1만,571000.0,https://series.naver.com/comic/detail.series?productNo=13234976,20260922_213345,tue,화,2026-09-22 21:33:45,2026-09-22,21:33:45,2026-09-22 21:45:42,2026-09-22 21:45:44,2.53,2026-09-22 21:45:44,2026-09-22,21:45:44,2026-09-22 21:49:59,974.17
tue,48,환생했더니 단종의 보모나인,비단가리비,843921,https://comic.naver.com/webtoon/list?titleId=843921&tab=tue,13274205,환생했더니 단종의 보모나인,환생했더니 단종의 보모나인 (총 39화/미완결),총 39화/미완결,39.0,미완결,,,https://series.naver.com/comic/detail.series?productNo=13274205,matched,ok,"환생했더니 단종의 보모나인 (총 39화/미완결)
평점
10.0 | 비단가리비, 비단살쮜, 윤인수 트루 | 2026.06.08. | 총39화/미완결 | 32화 무료
조선의 비극적 왕 단종 곁으로 환생한 여인, 뜻밖에 그의 보모가 되어버린다.역사의 비극을 바꿀 기회 앞에서 그녀는 어린 군주를 지키기 위해권력의 소용돌이에 맞서게 되는데…",tue,1,tue,1,mon,tue,True,tue,화,mon,tue,13274205_tue,post_24h,어제 밤 10시 공개 이후 증가분 확인용 수집,135.8만,1358000.0,https://series.naver.com/comic/detail.series?productNo=13274205,20260922_213345,tue,화,2026-09-22 21:33:45,2026-09-22,21:33:45,2026-09-22 21:45:45,2026-09-22 21:45:48,2.53,2026-09-22 21:45:48,2026-09-22,21:45:48,2026-09-22 21:49:59,974.17
tue,7,예쁨 컬렉션,,844519,https://comic.naver.com/webtoon/list?titleId=844519&tab=tue,13365963,19금 예쁨 컬렉션,19금 예쁨 컬렉션 (총 35화/미완결),총 35화/미완결,35.0,미완결,김이연 김이연,평점 9.9 | 김이연 김이연 | 2026.06.15. | 총35화/미완결 | 30화 무료,https://series.naver.com/comic/detail.series?productNo=13365963,review_needed,not_found,"19금 예쁨 컬렉션 (총 35화/미완결)
평점
9.9 | 김이연 김이연 | 2026.06.15. | 총35화/미완결 | 30화 무료",tue,1,tue,1,mon,tue,True,tue,화,mon,tue,13365963_tue,post_24h,어제 밤 10시 공개 이후 증가분 확인용 수집,,,https://nid.naver.com/nidlogin.login?svctype=128&a_version=2&viewtype=1&url=http%3A%2F%2Fseries.naver.com%2Fcomic%2Fdetail.series%3FproductNo%3D13365963&surl=https%3A%2F%2Fseries.naver.com,20260922_213345,tue,화,2026-09-22 21:33:45,2026-09-22,21:33:45,2026-09-22 21:45:49,2026-09-22 21:46:05,15.11,2026-09-22 21:46:05,2026-09-22,21:46:05,2026-09-22 21:49:59,974.17
tue,95,없는 사람,오리,844571,https://comic.naver.com/webtoon/list?titleId=844571&tab=tue,13355629,없는 사람,없는 사람 (총 34화/미완결),총 34화/미완결,34.0,미완결,,,https://series.naver.com/comic/detail.series?productNo=13355629,matched,ok,"없는 사람 (총 34화/미완결)
평점
10.0 | 오리 | 2026.06.01. | 총34화/미완결 | 30화 무료
어느 날 숲에서 길을 잃었던 ‘장미’는 숲에 사는 ‘귀신’을 만나게 된다.세상에 존재하지 않는 ‘없는 사람’을 증명하고 사랑하게 되었지만,‘마녀’가 두 사람의 사랑을 방해하는데….이제는 내가 ‘없는 사람’이 되어..",tue,1,tue,1,mon,tue,True,tue,화,mon,tue,13355629_tue,post_24h,어제 밤 10시 공개 이후 증가분 확인용 수집,41.9만,419000.0,https://series.naver.com/comic/detail.series?productNo=13355629,20260922_213345,tue,화,2026-09-22 21:33:45,2026-09-22,21:33:45,2026-09-22 21:46:06,2026-09-22 21:46:09,3.32,2026-09-22 21:46:09,2026-09-22,21:46:09,2026-09-22 21:49:59,974.17
tue,29,방랑기사로 살아가는 법,박준호,844589,https://comic.naver.com/webtoon/list?titleId=844589&tab=tue,13360534,방랑기사로 살아가는 법,방랑기사로 살아가는 법 (총 45화/미완결),총 45화/미완결,45.0,미완결,,,https://series.naver.com/comic/detail.series?productNo=13360534,matched,ok,"방랑기사로 살아가는 법 (총 45화/미완결)
평점
8.7 | 박준호, 글쓰는기계 박준호, JCK, 이서형 | 2026.06.08. | 총45화/미완결 | 30화 무료
불의의 사고로 사망 후 에이츠 가문의 요한 에이츠로 환생한 김요한.귀족으로 태어났으나 요한 에이츠는 가문 내 서열 꼴찌.설상가상으로 이 세계는 무자비한 중세다.""믿을 수 있는 건 오직 자기 자신뿐.""약육강식인 이 세계에서..",tue,1,tue,1,mon,tue,True,tue,화,mon,tue,13360534_tue,post_24h,어제 밤 10시 공개 이후 증가분 확인용 수집,203.9만,2039000.0,https://series.naver.com/comic/detail.series?productNo=13360534,20260922_213345,tue,화,2026-09-22 21:33:45,2026-09-22,21:33:45,2026-09-22 21:46:10,2026-09-22 21:46:12,1.98,2026-09-22 21:46:12,2026-09-22,21:46:12,2026-09-22 21:49:59,974.17
tue,77,비밀의 정원,쑤녕,844592,https://comic.naver.com/webtoon/list?titleId=844592&tab=tue,13351753,비밀의 정원,비밀의 정원 (총 33화/미완결),총 33화/미완결,33.0,미완결,,,https://series.naver.com/comic/detail.series?productNo=13351753,matched,ok,"비밀의 정원 (총 33화/미완결)
평점
10.0 | 쑤녕 쑤녕 | 2026.06.01. | 총33화/미완결 | 28화 무료
살인 누명을 쓰고 도망치던 용병 '레오.'그가 쓰러진 곳은 젊은 귀족 과부, '해나'가 지키는 조용한 정원이었다.정체를 숨긴 채, 해나를 이용하려던 레오는정원을 돌보며 마주한 평온한 일상과해나의 묵묵한 강인함에 점점 이끌..",tue,1,tue,1,mon,tue,True,tue,화,mon,tue,13351753_tue,post_24h,어제 밤 10시 공개 이후 증가분 확인용 수집,67.4만,674000.0,https://series.naver.com/comic/detail.series?productNo=13351753,20260922_213345,tue,화,2026-09-22 21:33:45,2026-09-22,21:33:45,2026-09-22 21:46:13,2026-09-22 21:46:16,2.41,2026-09-22 21:46:16,2026-09-22,21:46:16,2026-09-22 21:49:59,974.17
tue,20,분신,,845407,https://comic.naver.com/webtoon/list?titleId=845407&tab=tue,8833786,분신으로 자동사냥 [독점],분신으로 자동사냥 [독점] (총 176화/완결),총 176화/완결,176.0,완결,차씨 오팔,평점 9.7 | 차씨 오팔 | 2025.12.27. | 총176화/완결 | 7화 무료,https://series.naver.com/comic/detail.series?productNo=8833786,matched,ok,"분신으로 자동사냥 [독점] (총 176화/완결)
평점
9.7 | 차씨 오팔 | 2025.12.27. | 총176화/완결 | 7화 무료
일해야 하고, 공부도 해야 하고, 밥도 먹어야 하고.‘왜 사람은 한 번에 한 가지 일밖에 못 하는 걸까.’상우는 항상 자신의 몸이 두 개였으면 좋겠다고 생각했다...그랬더니 몸이 두 개가 되었다.",tue,1,tue,1,mon,tue,True,tue,화,mon,tue,8833786_tue,post_24h,어제 밤 10시 공개 이후 증가분 확인용 수집,"1,026만",10260000.0,https://series.naver.com/comic/detail.series?productNo=8833786,20260922_213345,tue,화,2026-09-22 21:33:45,2026-09-22,21:33:45,2026-09-22 21:46:17,2026-09-22 21:46:20,2.7,2026-09-22 21:46:20,2026-09-22,21:46:20,2026-09-22 21:49:59,974.17
tue,58,블러드레인 3,백두,845665,https://comic.naver.com/webtoon/list?titleId=845665&tab=tue,13503195,블러드레인 3,블러드레인 3 (총 32화/미완결),총 32화/미완결,32.0,미완결,,,https://series.naver.com/comic/detail.series?productNo=13503195,matched,ok,"블러드레인 3 (총 32화/미완결)
평점
8.8 | 백두 백두 | 2026.06.08. | 총32화/미완결 | 26화 무료
한국 느와르 액션의 전설, <블러드레인>의 최종장!대한민국 역대급 폭력 조직 서양의 대보스 '이정우'.긴 우여곡절 끝에 바라던 일상을 찾았지만 균열이 시작됨을 깨닫는다.한편, 마약 범죄 검거를 위하여 투입된 형사 '강혁'은..",tue,1,tue,1,mon,tue,True,tue,화,mon,tue,13503195_tue,post_24h,어제 밤 10시 공개 이후 증가분 확인용 수집,140만,1400000.0,https://series.naver.com/comic/detail.series?productNo=13503195,20260922_213345,tue,화,2026-09-22 21:33:45,2026-09-22,21:33:45,2026-09-22 21:46:21,2026-09-22 21:46:24,2.55,2026-09-22 21:46:24,2026-09-22,21:46:24,2026-09-22 21:49:59,974.17
tue,104,살찐청부업자,다색,845883,https://comic.naver.com/webtoon/list?titleId=845883&tab=tue,13536198,살찐청부업자,살찐청부업자 (총 30화/미완결),총 30화/미완결,30.0,미완결,,,https://series.naver.com/comic/detail.series?productNo=13536198,matched,ok,"살찐청부업자 (총 30화/미완결)
평점
8.1 | 다색 다색 | 2026.06.08. | 총30화/미완결 | 25화 무료
피비린내와 화약냄새가 난무하는 킬러들의 세계에 발을 들인 신입킬러 ‘문오훈’. 하지만 기대했던 것과는 묘하게 다른 짠내 나는 생활 속에서 오훈은 최고의 킬러가 되려 한다. 뇌 빼고 보기 좋은 킬러들의 일상!",tue,1,tue,1,mon,tue,True,tue,화,mon,tue,13536198_tue,post_24h,어제 밤 10시 공개 이후 증가분 확인용 수집,4만,40000.0,https://series.naver.com/comic/detail.series?productNo=13536198,20260922_213345,tue,화,2026-09-22 21:33:45,2026-09-22,21:33:45,2026-09-22 21:46:25,2026-09-22 21:46:28,2.67,2026-09-22 21:46:28,2026-09-22,21:46:28,2026-09-22 21:49:59,974.17
tue,50,원수의 아기를 가졌다,,846110,https://comic.naver.com/webtoon/list?titleId=846110&tab=tue,13567690,원수의 아기를 가졌다,원수의 아기를 가졌다 (총 30화/미완결),총 30화/미완결,30.0,미완결,"미니바라기, 안지 이삼","평점 9.7 | 미니바라기, 안지 이삼 | 2026.06.15. | 총30화/미완결 | 25화 무료",https://series.naver.com/comic/detail.series?productNo=13567690,review_needed,not_found,"원수의 아기를 가졌다 (총 30화/미완결)
평점
9.7 | 미니바라기, 안지 이삼 | 2026.06.15. | 총30화/미완결 | 25화 무료
서로를 끔찍하게 혐오하는 두 가문 버몬테와 템네스.클로델은 강제 화해를 위한 희생양이 되어 템네스 공작 카이안의 신부가 된다.“템네스의 환영을 받지 못하는 신부로군. 주제를 알고 제 발로 걸어들어오라지.”오랜 반목을 ..",tue,1,tue,1,mon,tue,True,tue,화,mon,tue,13567690_tue,post_24h,어제 밤 10시 공개 이후 증가분 확인용 수집,,,https://nid.naver.com/nidlogin.login?svctype=128&a_version=2&viewtype=1&url=http%3A%2F%2Fseries.naver.com%2Fcomic%2Fdetail.series%3FproductNo%3D13567690&surl=https%3A%2F%2Fseries.naver.com,20260922_213345,tue,화,2026-09-22 21:33:45,2026-09-22,21:33:45,2026-09-22 21:46:29,2026-09-22 21:46:43,14.71,2026-09-22 21:46:43,2026-09-22,21:46:43,2026-09-22 21:49:59,974.17
tue,22,사채지간,흑백,846114,https://comic.naver.com/webtoon/list?titleId=846114&tab=tue,13570273,사채지간,사채지간 (총 29화/미완결),총 29화/미완결,29.0,미완결,,,https://series.naver.com/comic/detail.series?productNo=13570273,matched,ok,"사채지간 (총 29화/미완결)
평점
9.4 | 흑백 김동찬 | 2026.06.08. | 총29화/미완결 | 24화 무료
냉혈한 사채업자 김상안. 교사였던 여동생이 학생들의 괴롭힘으로 스스로 목숨을 끊자,그 목숨 값을 받기 위해 가해학생들의 담임이 된다. 지옥에 떨어져도 빚은 받아내는 사채업자와 악마 같은 학생들의 지독한 사제지간.",tue,1,tue,1,mon,tue,True,tue,화,mon,tue,13570273_tue,post_24h,어제 밤 10시 공개 이후 증가분 확인용 수집,180.8만,1808000.0,https://series.naver.com/comic/detail.series?productNo=13570273,20260922_213345,tue,화,2026-09-22 21:33:45,2026-09-22,21:33:45,2026-09-22 21:46:45,2026-09-22 21:46:48,2.87,2026-09-22 21:46:48,2026-09-22,21:46:48,2026-09-22 21:49:59,974.17
tue,21,벙커의 낮,2면지,846643,https://comic.naver.com/webtoon/list?titleId=846643&tab=tue,13621636,벙커의 낮,벙커의 낮 (총 24화/미완결),총 24화/미완결,24.0,미완결,,,https://series.naver.com/comic/detail.series?productNo=13621636,matched,ok,"벙커의 낮 (총 24화/미완결)
평점
9.9 | 2면지 2면지 | 2026.06.01. | 총24화/미완결 | 21화 무료
어릴 적 벙커에 데려간 ‘원혁’을 내친 ‘서우’.이후 고등학생이 된 서우는 고립된 삶에 극단적인 시도를 하던 중, 또 다른 벙커를 발견하고 들어간다. 그러나 피 칠갑인 채 들어온 ‘원혁’에 의해 갇히게 되는데...",tue,1,tue,1,mon,tue,True,tue,화,mon,tue,13621636_tue,post_24h,어제 밤 10시 공개 이후 증가분 확인용 수집,186.5만,1865000.0,https://series.naver.com/comic/detail.series?productNo=13621636,20260922_213345,tue,화,2026-09-22 21:33:45,2026-09-22,21:33:45,2026-09-22 21:46:50,2026-09-22 21:46:52,1.95,2026-09-22 21:46:52,2026-09-22,21:46:52,2026-09-22 21:49:59,974.17
tue,19,불꽃,오세형,847033,https://comic.naver.com/webtoon/list?titleId=847033&tab=tue,13658248,불꽃,불꽃 (총 24화/미완결),총 24화/미완결,24.0,미완결,,,https://series.naver.com/comic/detail.series?productNo=13658248,matched,ok,"불꽃 (총 24화/미완결)
평점
10.0 | 오세형 오세형 | 2026.06.08. | 총24화/미완결 | 19화 무료
카지노, 주류, 건설, 대부업까지 하나로 묶어놓은 (주)운중의 초대회장 이운일, 그리고 그의 후계자 이주화 회장.한 날 한 시에 떠나버린 두 부자의 갑작스러운 죽음으로 운중의 이권다툼이 시작된다.회사의 이권다툼에 정면으..",tue,1,tue,1,mon,tue,True,tue,화,mon,tue,13658248_tue,post_24h,어제 밤 10시 공개 이후 증가분 확인용 수집,263.4만,2634000.0,https://series.naver.com/comic/detail.series?productNo=13658248,20260922_213345,tue,화,2026-09-22 21:33:45,2026-09-22,21:33:45,2026-09-22 21:46:53,2026-09-22 21:46:55,1.84,2026-09-22 21:46:55,2026-09-22,21:46:55,2026-09-22 21:49:59,974.17
tue,109,한계돌파,정우리,847436,https://comic.naver.com/webtoon/list?titleId=847436&tab=tue,13703787,한계돌파,한계돌파 (총 23화/미완결),총 23화/미완결,23.0,미완결,,,https://series.naver.com/comic/detail.series?productNo=13703787,matched,ok,"한계돌파 (총 23화/미완결)
평점
10.0 | 정우리 정우리 | 2026.06.08. | 총23화/미완결 | 18화 무료
생기는 족족 파트너를 잃는 불운한 민간형사 하루.마지막 기회로 파트너를 얻게 되지만... 꼬맹이?!",tue,1,tue,1,mon,tue,True,tue,화,mon,tue,13703787_tue,post_24h,어제 밤 10시 공개 이후 증가분 확인용 수집,8.1만,81000.0,https://series.naver.com/comic/detail.series?productNo=13703787,20260922_213345,tue,화,2026-09-22 21:33:45,2026-09-22,21:33:45,2026-09-22 21:46:56,2026-09-22 21:46:58,2.04,2026-09-22 21:46:58,2026-09-22,21:46:58,2026-09-22 21:49:59,974.17
tue,25,나쁜남자가 돼라!,,847491,https://comic.naver.com/webtoon/list?titleId=847491&tab=tue,13704125,나쁜남자가 돼라!,나쁜남자가 돼라! (총 28화/미완결),총 28화/미완결,28.0,미완결,이연 자개,평점 9.9 | 이연 자개 | 2026.06.15. | 총28화/미완결 | 20화 무료,https://series.naver.com/comic/detail.series?productNo=13704125,review_needed,not_found,"나쁜남자가 돼라! (총 28화/미완결)
평점
9.9 | 이연 자개 | 2026.06.15. | 총28화/미완결 | 20화 무료
구남친에 대한 트라우마로 나쁜남자 취향을 가지게 된 수연은 현재의 남자친구에게 약간의 불만을 느끼지만 잘 지내고 있다.그러던 어느 날, 남자친구의 몸에 수연의 취향 그 자체인 '나쁜 남자'가 빙의하는데…이 저주. 풀어줘..",tue,1,tue,1,mon,tue,True,tue,화,mon,tue,13704125_tue,post_24h,어제 밤 10시 공개 이후 증가분 확인용 수집,,,https://nid.naver.com/nidlogin.login?svctype=128&a_version=2&viewtype=1&url=http%3A%2F%2Fseries.naver.com%2Fcomic%2Fdetail.series%3FproductNo%3D13704125&surl=https%3A%2F%2Fseries.naver.com,20260922_213345,tue,화,2026-09-22 21:33:45,2026-09-22,21:33:45,2026-09-22 21:46:59,2026-09-22 21:47:15,15.41,2026-09-22 21:47:15,2026-09-22,21:47:15,2026-09-22 21:49:59,974.17
tue,92,천씨세가의 망나니가 되었다,오수휘,847541,https://comic.naver.com/webtoon/list?titleId=847541&tab=tue,13705171,천씨세가의 망나니가 되었다,천씨세가의 망나니가 되었다 (총 17화/미완결),총 17화/미완결,17.0,미완결,"백몽(白夢), 오수휘 오수휘","평점 9.5 | 백몽(白夢), 오수휘 오수휘 | 2026.05.07. | 총17화/미완결 | 전화 무료",https://series.naver.com/comic/detail.series?productNo=13705171,matched,ok,"천씨세가의 망나니가 되었다 (총 17화/미완결)
평점
9.5 | 백몽(白夢), 오수휘 오수휘 | 2026.05.07. | 총17화/미완결 | 전화 무료
천씨세가의 대공자, 천무량을 평생 호위하며 충성을 다한 한 무사, 무명(無名)하지만 천무량에게 배신당해 생을 마감한다. 그러나 다시 눈을 뜬 그는 자신을 죽인천씨세가의 망나니 대공자, 천무량이 되어 있었다. 과거의 기억..",tue,1,tue,1,mon,tue,True,tue,화,mon,tue,13705171_tue,post_24h,어제 밤 10시 공개 이후 증가분 확인용 수집,110.6만,1106000.0,https://series.naver.com/comic/detail.series?productNo=13705171,20260922_213345,tue,화,2026-09-22 21:33:45,2026-09-22,21:33:45,2026-09-22 21:47:15,2026-09-22 21:47:19,3.35,2026-09-22 21:47:19,2026-09-22,21:47:19,2026-09-22 21:49:59,974.17
tue,46,육아부터 하는 연애,S,847997,https://comic.naver.com/webtoon/list?titleId=847997&tab=tue,13752317,육아부터 하는 연애 [독점],육아부터 하는 연애 [독점] (총 22화/미완결),총 22화/미완결,22.0,미완결,,,https://series.naver.com/comic/detail.series?productNo=13752317,matched,ok,"육아부터 하는 연애 [독점] (총 22화/미완결)
평점
10.0 | 최연 S | 2026.06.08. | 총22화/미완결 | 16화 무료
이제 막 대학교를 졸업한 어린 나이에덜컥 언니의 아이인 '지호'를 키우게 된 ‘나은’.그렇게 5년 후, 유치원 교사로 일하던 나은 앞에함묵증을 앓는 유치원 원생 ‘민호’의 삼촌 ‘강우’가 나타난다.강우는 민호가 나은 앞..",tue,1,tue,1,mon,tue,True,tue,화,mon,tue,13752317_tue,post_24h,어제 밤 10시 공개 이후 증가분 확인용 수집,107.8만,1078000.0,https://series.naver.com/comic/detail.series?productNo=13752317,20260922_213345,tue,화,2026-09-22 21:33:45,2026-09-22,21:33:45,2026-09-22 21:47:20,2026-09-22 21:47:22,2.31,2026-09-22 21:47:22,2026-09-22,21:47:22,2026-09-22 21:49:59,974.17
tue,73,대졸백수 400만 시대의 하여자들,최정아,848026,https://comic.naver.com/webtoon/list?titleId=848026&tab=tue,13757875,대졸백수 400만 시대의 하여자들,대졸백수 400만 시대의 하여자들 (총 23화/미완결),총 23화/미완결,23.0,미완결,,,https://series.naver.com/comic/detail.series?productNo=13757875,matched,ok,"대졸백수 400만 시대의 하여자들 (총 23화/미완결)
평점
10.0 | 최정아 최정아 | 2026.06.08. | 총23화/미완결 | 18화 무료
눈 깜빡하니 끝나버린 대학생활.20대 중반의 격변기를 지나며, 진로도 연애도 그 무엇 하나 순탄치 않다.다소 부족하고 찌질한 우리지만, 언젠간 스스로 밥벌이를 해내는 멋진 사회인이 될 수 있을까?불안감 속에서도 합격, 취..",tue,1,tue,1,mon,tue,True,tue,화,mon,tue,13757875_tue,post_24h,어제 밤 10시 공개 이후 증가분 확인용 수집,20.4만,204000.0,https://series.naver.com/comic/detail.series?productNo=13757875,20260922_213345,tue,화,2026-09-22 21:33:45,2026-09-22,21:33:45,2026-09-22 21:47:23,2026-09-22 21:47:26,2.61,2026-09-22 21:47:26,2026-09-22,21:47:26,2026-09-22 21:49:59,974.17
tue,10,양치기 마법사,박만사,848349,https://comic.naver.com/webtoon/list?titleId=848349&tab=tue,13791323,양치기 마법사,양치기 마법사 (총 23화/미완결),총 23화/미완결,23.0,미완결,,,https://series.naver.com/comic/detail.series?productNo=13791323,matched,ok,"양치기 마법사 (총 23화/미완결)
평점
9.7 | 김꿀빨, 수박복숭아 YU | 2026.06.08. | 총23화/미완결 | 18화 무료
히사릴 언덕의 평범한 양치기 '투란'대마법사의 재능을 숨긴 채 살아온 그가 드디어 세상 밖으로 나오게 된다.",tue,1,tue,1,mon,tue,True,tue,화,mon,tue,13791323_tue,post_24h,어제 밤 10시 공개 이후 증가분 확인용 수집,284.7만,2847000.0,https://series.naver.com/comic/detail.series?productNo=13791323,20260922_213345,tue,화,2026-09-22 21:33:45,2026-09-22,21:33:45,2026-09-22 21:47:27,2026-09-22 21:47:29,1.96,2026-09-22 21:47:29,2026-09-22,21:47:29,2026-09-22 21:49:59,974.17
tue,57,괴이현상 하나,머클,848549,https://comic.naver.com/webtoon/list?titleId=848549&tab=tue,13826718,괴이현상 하나,괴이현상 하나 (총 20화/미완결),총 20화/미완결,20.0,미완결,,,https://series.naver.com/comic/detail.series?productNo=13826718,matched,ok,"괴이현상 하나 (총 20화/미완결)
평점
9.8 | 머클 곰방 | 2026.06.08. | 총20화/미완결 | 14화 무료
괴이현상 규칙 하나,?̵̡͖̺̮͚̱͚̿͛̋͌̑͡?̢̨̲̤̞͙̟̌̏́̒̔̎̅͌͠͝?̴̰̭̭͉̬͙̲̄̀̐̿͐͋͛͡͠?̧͖͈̮̞̯̯̟̲̒̏̒͘͘͠을 잊지 마세요.괴이현상 규칙 둘,중심부 ?̭͗̒̒̋͒͠..",tue,1,tue,1,mon,tue,True,tue,화,mon,tue,13826718_tue,post_24h,어제 밤 10시 공개 이후 증가분 확인용 수집,61.6만,616000.0,https://series.naver.com/comic/detail.series?productNo=13826718,20260922_213345,tue,화,2026-09-22 21:33:45,2026-09-22,21:33:45,2026-09-22 21:47:30,2026-09-22 21:47:32,2.8,2026-09-22 21:47:32,2026-09-22,21:47:32,2026-09-22 21:49:59,974.17
tue,105,써니서프,두한,848710,https://comic.naver.com/webtoon/list?titleId=848710&tab=tue,13850752,써니서프,써니서프 (총 18화/미완결),총 18화/미완결,18.0,미완결,,,https://series.naver.com/comic/detail.series?productNo=13850752,matched,ok,"써니서프 (총 18화/미완결)
평점
9.9 | 두한 두한 | 2026.06.08. | 총18화/미완결 | 13화 무료
회사에서 사고 치고 바다로 튄 소심녀, 서핑보드 위에서 진짜 자신을 마주한다.유쾌한 파도위에 펼쳐지는 인생 리셋 드라마.",tue,1,tue,1,mon,tue,True,tue,화,mon,tue,13850752_tue,post_24h,어제 밤 10시 공개 이후 증가분 확인용 수집,3.1만,31000.0,https://series.naver.com/comic/detail.series?productNo=13850752,20260922_213345,tue,화,2026-09-22 21:33:45,2026-09-22,21:33:45,2026-09-22 21:47:34,2026-09-22 21:47:36,2.24,2026-09-22 21:47:36,2026-09-22,21:47:36,2026-09-22 21:49:59,974.17
tue,106,너의 세계,이에내,848902,https://comic.naver.com/webtoon/list?titleId=848902&tab=tue,13890979,너의 세계,너의 세계 (총 17화/미완결),총 17화/미완결,17.0,미완결,,,https://series.naver.com/comic/detail.series?productNo=13890979,matched,ok,"너의 세계 (총 17화/미완결)
평점
9.6 | 이에내 이에내 | 2026.06.08. | 총17화/미완결 | 12화 무료
다정하고 유능한 1학년 2반 반장 허윤아는 담임선생님으로부터 전학생 이도를 챙겨 달라는 부탁을 받는다. 그러나 너무나 다른 두 사람. 상냥하지만 위선적인 반장 허윤아와 고고하지만 솔직한 교포 전학생 이도는 서로를 이..",tue,1,tue,1,mon,tue,True,tue,화,mon,tue,13890979_tue,post_24h,어제 밤 10시 공개 이후 증가분 확인용 수집,11.5만,115000.0,https://series.naver.com/comic/detail.series?productNo=13890979,20260922_213345,tue,화,2026-09-22 21:33:45,2026-09-22,21:33:45,2026-09-22 21:47:37,2026-09-22 21:47:40,2.5,2026-09-22 21:47:40,2026-09-22,21:47:40,2026-09-22 21:49:59,974.17
tue,99,힐링사무소,박태희,849149,https://comic.naver.com/webtoon/list?titleId=849149&tab=tue,13929385,힐링사무소,힐링사무소 (총 17화/미완결),총 17화/미완결,17.0,미완결,,,https://series.naver.com/comic/detail.series?productNo=13929385,matched,ok,"힐링사무소 (총 17화/미완결)
평점
10.0 | 박태희 박태희 | 2026.06.08. | 총17화/미완결 | 12화 무료
돈을 받고 맨주먹으로 악령을 때려잡아 부마자를 퇴마하는 ‘힐링사무소’의 직원 사현우. 의뢰를 수행하던 중, 그는 인위적으로 악령을 주입해 세상을 혼란에 빠뜨리는 악의 무리가 있음을 알게 된다. 소중한 관계를 파괴하는..",tue,1,tue,1,mon,tue,True,tue,화,mon,tue,13929385_tue,post_24h,어제 밤 10시 공개 이후 증가분 확인용 수집,4.3만,43000.0,https://series.naver.com/comic/detail.series?productNo=13929385,20260922_213345,tue,화,2026-09-22 21:33:45,2026-09-22,21:33:45,2026-09-22 21:47:42,2026-09-22 21:47:44,2.58,2026-09-22 21:47:44,2026-09-22,21:47:44,2026-09-22 21:49:59,974.17
tue,93,불로불사로 산다는 것은,차원,849301,https://comic.naver.com/webtoon/list?titleId=849301&tab=tue,13944682,불로불사로 산다는 것은,불로불사로 산다는 것은 (총 17화/미완결),총 17화/미완결,17.0,미완결,,,https://series.naver.com/comic/detail.series?productNo=13944682,matched,ok,"불로불사로 산다는 것은 (총 17화/미완결)
평점
9.4 | 겨울에어컨, 차원 로비 | 2026.06.08. | 총17화/미완결 | 12화 무료
공교회의 사제 로베르타는 북쪽 끝에 있는 벽지,디트마르셴의 주임 사제로 발령받는다. 전임자가 실종된 사건이 벌어진 직후 주어진 자리이기에,로베르타는 경계를 품고 디트마르셴 공작 ‘울리히’에 관해 알아간다.소문에 ..",tue,1,tue,1,mon,tue,True,tue,화,mon,tue,13944682_tue,post_24h,어제 밤 10시 공개 이후 증가분 확인용 수집,21.7만,217000.0,https://series.naver.com/comic/detail.series?productNo=13944682,20260922_213345,tue,화,2026-09-22 21:33:45,2026-09-22,21:33:45,2026-09-22 21:47:46,2026-09-22 21:47:48,2.24,2026-09-22 21:47:48,2026-09-22,21:47:48,2026-09-22 21:49:59,974.17
tue,70,색시한 내 우렁이,수오수,849507,https://comic.naver.com/webtoon/list?titleId=849507&tab=tue,13974498,색시한 내 우렁이,색시한 내 우렁이 (총 14화/미완결),총 14화/미완결,14.0,미완결,,,https://series.naver.com/comic/detail.series?productNo=13974498,matched,ok,"색시한 내 우렁이 (총 14화/미완결)
평점
10.0 | 수오수 수오수 | 2026.06.08. | 총14화/미완결 | 9화 무료
퇴근 후 집에 왔더니 따뜻한 저녁이 차려져 있다. 잠깐... 나 혼자 사는데?누군가 몰래 우리 집에 들어와 밥해주고 청소해 주고 빨래해주는 이 상황....너무 편해서 익숙해져 버렸어!!",tue,1,tue,1,mon,tue,True,tue,화,mon,tue,13974498_tue,post_24h,어제 밤 10시 공개 이후 증가분 확인용 수집,24.7만,247000.0,https://series.naver.com/comic/detail.series?productNo=13974498,20260922_213345,tue,화,2026-09-22 21:33:45,2026-09-22,21:33:45,2026-09-22 21:47:49,2026-09-22 21:47:52,2.41,2026-09-22 21:47:52,2026-09-22,21:47:52,2026-09-22 21:49:59,974.17
tue,39,결혼사수스캔들,해수,849563,https://comic.naver.com/webtoon/list?titleId=849563&tab=tue,13994863,결혼사수스캔들,결혼사수스캔들 (총 15화/미완결),총 15화/미완결,15.0,미완결,,,https://series.naver.com/comic/detail.series?productNo=13994863,matched,ok,"결혼사수스캔들 (총 15화/미완결)
평점
10.0 | 해수 해수 | 2026.06.08. | 총15화/미완결 | 10화 무료
외모, 재력, 지성 뭐 하나 빠지지 않는 재벌집 막내손녀 채은아. 스무 살이 되며 이제 창창한 앞날이 펼쳐진 줄 알았는데- 결혼을 하라고?! 뺏겨버린 카드도, 결혼도 문제지만 왜 하필 상대가 원수 같은 전남친이냐고! 결혼(이..",tue,1,tue,1,mon,tue,True,tue,화,mon,tue,13994863_tue,post_24h,어제 밤 10시 공개 이후 증가분 확인용 수집,82.9만,829000.0,https://series.naver.com/comic/detail.series?productNo=13994863,20260922_213345,tue,화,2026-09-22 21:33:45,2026-09-22,21:33:45,2026-09-22 21:47:53,2026-09-22 21:47:55,2.55,2026-09-22 21:47:55,2026-09-22,21:47:55,2026-09-22 21:49:59,974.17
tue,43,주차장,곽백수,849647,https://comic.naver.com/webtoon/list?titleId=849647&tab=tue,14004952,주차장,주차장 (총 17화/미완결),총 17화/미완결,17.0,미완결,,,https://series.naver.com/comic/detail.series?productNo=14004952,matched,ok,"주차장 (총 17화/미완결)
평점
10.0 | 곽백수 곽백수 | 2026.06.08. | 총17화/미완결 | 12화 무료
강남 500평 노지 주차장을 상속을 놓고 벌어지는 주인공 선우와 곽영감의 치열한 심리게임.피 한 방울 안 섞인 선우가 과연 곽영감의 주차장을 상속 받을 수 있을까?",tue,1,tue,1,mon,tue,True,tue,화,mon,tue,14004952_tue,post_24h,어제 밤 10시 공개 이후 증가분 확인용 수집,34.7만,347000.0,https://series.naver.com/comic/detail.series?productNo=14004952,20260922_213345,tue,화,2026-09-22 21:33:45,2026-09-22,21:33:45,2026-09-22 21:47:56,2026-09-22 21:47:58,1.84,2026-09-22 21:47:58,2026-09-22,21:47:58,2026-09-22 21:49:59,974.17
tue,38,생활의 참견 2 : 지금은 가족시절,김양수,849676,https://comic.naver.com/webtoon/list?titleId=849676&tab=tue,14011888,생활의 참견 2 : 지금은 가족시절,생활의 참견 2 : 지금은 가족시절 (총 20화/미완결),총 20화/미완결,20.0,미완결,,,https://series.naver.com/comic/detail.series?productNo=14011888,matched,ok,"생활의 참견 2 : 지금은 가족시절 (총 20화/미완결)
평점
10.0 | 김양수 | 2026.06.08. | 총20화/미완결 | 15화 무료
쉽게 지나치는 일상과 지나간 추억 속에서 발견하는 유쾌한 웃음,자라난 아이들과 더욱 강력해진 케미로 그가 돌아왔다!","tue,fri",2,"tue,fri",2,"mon,thu","tue,fri",True,tue,화,mon,tue,14011888_tue,post_24h,어제 밤 10시 공개 이후 증가분 확인용 수집,6.3만,63000.0,https://series.naver.com/comic/detail.series?productNo=14011888,20260922_213345,tue,화,2026-09-22 21:33:45,2026-09-22,21:33:45,2026-09-22 21:47:59,2026-09-22 21:48:01,2.39,2026-09-22 21:48:01,2026-09-22,21:48:01,2026-09-22 21:49:59,974.17
tue,113,소녀*구원대행,한기주,849744,https://comic.naver.com/webtoon/list?titleId=849744&tab=tue,14025251,소녀*구원대행,소녀*구원대행 (총 12화/미완결),총 12화/미완결,12.0,미완결,,,https://series.naver.com/comic/detail.series?productNo=14025251,matched,ok,"소녀*구원대행 (총 12화/미완결)
평점
10.0 | 한기주 도하예 | 2026.06.08. | 총12화/미완결 | 7화 무료
이 세상은 멸망했다.세계 랭킹 1위 원정현 때문에.그놈은 인류가 낳은 최고의 영웅이자 인류 최악의 배신자.…인 줄 알았는데?“…최후의 사람이, 너만 아니었더라도.”멸망 직전 나를 살리고 죽어버렸다.그리고 나는 음모를 막..",tue,1,tue,1,mon,tue,True,tue,화,mon,tue,14025251_tue,post_24h,어제 밤 10시 공개 이후 증가분 확인용 수집,2.9만,29000.0,https://series.naver.com/comic/detail.series?productNo=14025251,20260922_213345,tue,화,2026-09-22 21:33:45,2026-09-22,21:33:45,2026-09-22 21:48:02,2026-09-22 21:48:05,2.3,2026-09-22 21:48:05,2026-09-22,21:48:05,2026-09-22 21:49:59,974.17
tue,89,마도애를 사랑하는 법,서,849913,https://comic.naver.com/webtoon/list?titleId=849913&tab=tue,14052414,마도애를 사랑하는 법,마도애를 사랑하는 법 (총 13화/미완결),총 13화/미완결,13.0,미완결,,,https://series.naver.com/comic/detail.series?productNo=14052414,matched,ok,"마도애를 사랑하는 법 (총 13화/미완결)
평점
10.0 | 서글 서글 | 2026.06.08. | 총13화/미완결 | 8화 무료
사랑하거나 사랑받는 순간 상대가 불행에 빠지는 저주를 타고난 ‘마도애’.이 저주를 끝낼 수 있는 방법은 단 하나바로 저주가 통하지 않는 ‘운명의 상대’를 찾는 것이다.그런데 하필 유일한 후보가 양아치 ‘공선화’ 뿐이..",tue,1,tue,1,mon,tue,True,tue,화,mon,tue,14052414_tue,post_24h,어제 밤 10시 공개 이후 증가분 확인용 수집,19.9만,199000.0,https://series.naver.com/comic/detail.series?productNo=14052414,20260922_213345,tue,화,2026-09-22 21:33:45,2026-09-22,21:33:45,2026-09-22 21:48:06,2026-09-22 21:48:08,2.34,2026-09-22 21:48:08,2026-09-22,21:48:08,2026-09-22 21:49:59,974.17
tue,34,커플이상 부부미만,마자,850026,https://comic.naver.com/webtoon/list?titleId=850026&tab=tue,14070509,커플이상 부부미만,커플이상 부부미만 (총 14화/미완결),총 14화/미완결,14.0,미완결,,,https://series.naver.com/comic/detail.series?productNo=14070509,matched,ok,"커플이상 부부미만 (총 14화/미완결)
평점
10.0 | 마자 마자 | 2026.06.08. | 총14화/미완결 | 9화 무료
결혼까진 좀 그렇고… 일단 한번 같이 살아볼까?연애하는 룸메이트! 결혼 맛보기 스푼! 커플보다는 가깝고 부부보다는 먼 동거 커플의 일상!본격적인 혼인숙려기간 시작!","tue,fri",2,"tue,fri",2,"mon,thu","tue,fri",True,tue,화,mon,tue,14070509_tue,post_24h,어제 밤 10시 공개 이후 증가분 확인용 수집,9.8만,98000.0,https://series.naver.com/comic/detail.series?productNo=14070509,20260922_213345,tue,화,2026-09-22 21:33:45,2026-09-22,21:33:45,2026-09-22 21:48:10,2026-09-22 21:48:12,2.34,2026-09-22 21:48:12,2026-09-22,21:48:12,2026-09-22 21:49:59,974.17
tue,27,이세계서 유부남된 썰,판테라,850103,https://comic.naver.com/webtoon/list?titleId=850103&tab=tue,13922134,이세계서 유부남된 썰,이세계서 유부남된 썰 (총 13화/미완결),총 13화/미완결,13.0,미완결,,,https://series.naver.com/comic/detail.series?productNo=13922134,matched,ok,"이세계서 유부남된 썰 (총 13화/미완결)
평점
9.6 | 판테라, 팀 포레스티브, 베르헤라 김혜령 | 2026.06.08. | 총13화/미완결 | 8화 무료
“토끼 같은 마누라와 몽구스처럼 귀여운 딸을 갖고 싶습니다.”크리스마스 이브, 신비한 산타에게 소원을 빌고 집에 가는 길.그런데, 눈을 떠보니 이세계였다...?!",tue,1,tue,1,mon,tue,True,tue,화,mon,tue,13922134_tue,post_24h,어제 밤 10시 공개 이후 증가분 확인용 수집,182만,1820000.0,https://series.naver.com/comic/detail.series?productNo=13922134,20260922_213345,tue,화,2026-09-22 21:33:45,2026-09-22,21:33:45,2026-09-22 21:48:13,2026-09-22 21:48:16,2.81,2026-09-22 21:48:16,2026-09-22,21:48:16,2026-09-22 21:49:59,974.17
tue,14,제물 투표,이아거,850211,https://comic.naver.com/webtoon/list?titleId=850211&tab=tue,14182171,제물 투표,제물 투표 (총 8화/미완결),총 8화/미완결,8.0,미완결,,,https://series.naver.com/comic/detail.series?productNo=14182171,matched,ok,"제물 투표 (총 8화/미완결)
평점
10.0 | 이아거 | 2026.06.08. | 총8화/미완결 | 3화 무료
한 번 들어가면 다시는 나올 수 없는 정체불명의 마을에 갇혀버렸다. 그곳에선 사람들이 이틀에 한 번씩 악마에게 바칠 사람을 뽑는 ‘제물 투표’를 한다. 악마들은 기차를 타고 와서 제물을 아그작아그작 씹어 먹는다. 비밀 ..",tue,1,tue,1,mon,tue,True,tue,화,mon,tue,14182171_tue,post_24h,어제 밤 10시 공개 이후 증가분 확인용 수집,122.5만,1225000.0,https://series.naver.com/comic/detail.series?productNo=14182171,20260922_213345,tue,화,2026-09-22 21:33:45,2026-09-22,21:33:45,2026-09-22 21:48:17,2026-09-22 21:48:19,2.36,2026-09-22 21:48:19,2026-09-22,21:48:19,2026-09-22 21:49:59,974.17
tue,33,어느 날 해츨링이 되었다,판테라,850266,https://comic.naver.com/webtoon/list?titleId=850266&tab=tue,14083007,어느 날 해츨링이 되었다,어느 날 해츨링이 되었다 (총 11화/미완결),총 11화/미완결,11.0,미완결,,,https://series.naver.com/comic/detail.series?productNo=14083007,matched,ok,"어느 날 해츨링이 되었다 (총 11화/미완결)
평점
9.8 | 판테라 리피아 | 2026.06.08. | 총11화/미완결 | 6화 무료
난... 신수, 흑룡의 이무기다!뀨아!!!!승천을 1년 앞둔 999살 이무기, 억울하게 죽임을 당한 뒤깨어나니 1살 해츨링이 되어버렸다?! 전생의 기억을 고스란히 간직한 채 시작된 두 번째 생.처음으로 받아보는 무조건적인 사랑에 ..",tue,1,tue,1,mon,tue,True,tue,화,mon,tue,14083007_tue,post_24h,어제 밤 10시 공개 이후 증가분 확인용 수집,128.9만,1289000.0,https://series.naver.com/comic/detail.series?productNo=14083007,20260922_213345,tue,화,2026-09-22 21:33:45,2026-09-22,21:33:45,2026-09-22 21:48:20,2026-09-22 21:48:22,2.14,2026-09-22 21:48:22,2026-09-22,21:48:22,2026-09-22 21:49:59,974.17
tue,18,하수전설,밥푸울,850653,https://comic.naver.com/webtoon/list?titleId=850653&tab=tue,14131519,하수전설[독점],하수전설[독점] (총 11화/미완결),총 11화/미완결,11.0,미완결,,,https://series.naver.com/comic/detail.series?productNo=14131519,matched,ok,"하수전설[독점] (총 11화/미완결)
평점
9.4 | 밥푸울, 군주 한경찬 | 2026.06.08. | 총11화/미완결 | 5화 무료
천하제일고수? 아니다.명문정파의 대협? 아니다.무림의 흔하고 소심한 하수 어자서.우연과 오해, 그리고 기연이 겹쳐 무림의 신비고수로 거듭나는데.하수의 마음을 지닌 고수 어자서의 무림생존기.",tue,1,tue,1,mon,tue,True,tue,화,mon,tue,14131519_tue,post_24h,어제 밤 10시 공개 이후 증가분 확인용 수집,70.2만,702000.0,https://series.naver.com/comic/detail.series?productNo=14131519,20260922_213345,tue,화,2026-09-22 21:33:45,2026-09-22,21:33:45,2026-09-22 21:48:24,2026-09-22 21:48:27,2.61,2026-09-22 21:48:27,2026-09-22,21:48:27,2026-09-22 21:49:59,974.17
tue,37,안 멋진 어른 지혜 양,호리호,850746,https://comic.naver.com/webtoon/list?titleId=850746&tab=tue,14168924,안 멋진 어른 지혜 양,안 멋진 어른 지혜 양 (총 8화/미완결),총 8화/미완결,8.0,미완결,,,https://series.naver.com/comic/detail.series?productNo=14168924,matched,ok,"안 멋진 어른 지혜 양 (총 8화/미완결)
평점
10.0 | 호리호 하나 | 2026.06.08. | 총8화/미완결 | 3화 무료
학원 강사로 근무 중인 ‘주연호’4년 전 과외에서 만났던 제자 ‘안지혜’가 180도 달라진 모습으로 돌아왔다!?사정에 못 이겨 얼떨결에 시작하게 된 기 빨리는 동거….성실하고 총명했던 모습은 온데간데없고, 철부지처럼 ..",tue,1,tue,1,mon,tue,True,tue,화,mon,tue,14168924_tue,post_24h,어제 밤 10시 공개 이후 증가분 확인용 수집,55.6만,556000.0,https://series.naver.com/comic/detail.series?productNo=14168924,20260922_213345,tue,화,2026-09-22 21:33:45,2026-09-22,21:33:45,2026-09-22 21:48:28,2026-09-22 21:48:30,2.69,2026-09-22 21:48:30,2026-09-22,21:48:30,2026-09-22 21:49:59,974.17
tue,56,폭풍의 전학생 시즌3,강냉이,851257,https://comic.naver.com/webtoon/list?titleId=851257&tab=tue,14224965,폭풍의 전학생 시즌3,폭풍의 전학생 시즌3 (총 7화/미완결),총 7화/미완결,7.0,미완결,,,https://series.naver.com/comic/detail.series?productNo=14224965,matched,ok,"폭풍의 전학생 시즌3 (총 7화/미완결)
평점
10.0 | 강냉이 강냉이 | 2026.06.08. | 총7화/미완결 | 2화 무료
주먹깨나 쓴다는 놈들이 모인 폭풍고,그 폭풍고를 하루 만에 제압한 폭풍의전학생 주인공.잠시 동안의 평화 끝에 새로운 위협이 주인공을 덮친다.깊은 산속 도망갈 곳도 없는 이곳에서 주인공과 그 친구들의 새로운 싸움이 시..",tue,1,tue,1,mon,tue,True,tue,화,mon,tue,14224965_tue,post_24h,어제 밤 10시 공개 이후 증가분 확인용 수집,27.6만,276000.0,https://series.naver.com/comic/detail.series?productNo=14224965,20260922_213345,tue,화,2026-09-22 21:33:45,2026-09-22,21:33:45,2026-09-22 21:48:32,2026-09-22 21:48:34,2.59,2026-09-22 21:48:34,2026-09-22,21:48:34,2026-09-22 21:49:59,974.17
tue,115,에투알의 비밀,허니비,851384,https://comic.naver.com/webtoon/list?titleId=851384&tab=tue,14259166,에투알의 비밀,에투알의 비밀 (총 6화/미완결),총 6화/미완결,6.0,미완결,,,https://series.naver.com/comic/detail.series?productNo=14259166,matched,ok,"에투알의 비밀 (총 6화/미완결)
0.0 | 허니비 StillUnderworld | 2026.06.08. | 총6화/미완결 | 1화 무료
파리 국립 오페라 발레단의 젊은 무용수 조이. 미래에 대한 불안으로 가득하던 어느 날, 그녀는 우연히 발견한 신비로운 티아라를 통해 과거로 시간 여행을 떠나게 된다. 파리 오페라의 전설적인 에투알, '세실리아'의 몸으로 깨..",tue,1,tue,1,mon,tue,True,tue,화,mon,tue,14259166_tue,post_24h,어제 밤 10시 공개 이후 증가분 확인용 수집,5.9천,5900.0,https://series.naver.com/comic/detail.series?productNo=14259166,20260922_213345,tue,화,2026-09-22 21:33:45,2026-09-22,21:33:45,2026-09-22 21:48:35,2026-09-22 21:48:37,2.07,2026-09-22 21:48:37,2026-09-22,21:48:37,2026-09-22 21:49:59,974.17
tue,54,대공가의 새아가는 조금 사나워요,심상,851388,https://comic.naver.com/webtoon/list?titleId=851388&tab=tue,14246820,대공가의 새아가는 조금 사나워요,대공가의 새아가는 조금 사나워요 (총 6화/미완결),총 6화/미완결,6.0,미완결,심상 뫄과,평점 9.8 | 심상 뫄과 | 2026.06.22. | 총6화/미완결 | 1화 무료,https://series.naver.com/comic/detail.series?productNo=14246820,matched,ok,"대공가의 새아가는 조금 사나워요 (총 6화/미완결)
평점
9.8 | 심상 뫄과 | 2026.06.22. | 총6화/미완결 | 1화 무료
무적의 특전사였던 내가 환생하니 이세계의 5살 어린아이?!심지어 불행한 미래가 예정됐다고?소녀, 아니 아기 '루디아'로 태어난 나!예정된 미래를 바꾸고 행복을 쟁취해야만 한다.특전사 정신으로 무장하고!'안 되면 되게 하..",tue,1,tue,1,mon,tue,True,tue,화,mon,tue,14246820_tue,post_24h,어제 밤 10시 공개 이후 증가분 확인용 수집,45.5만,455000.0,https://series.naver.com/comic/detail.series?productNo=14246820,20260922_213345,tue,화,2026-09-22 21:33:45,2026-09-22,21:33:45,2026-09-22 21:48:39,2026-09-22 21:48:42,2.54,2026-09-22 21:48:42,2026-09-22,21:48:42,2026-09-22 21:49:59,974.17
tue,91,스타코인,지나무,851412,https://comic.naver.com/webtoon/list?titleId=851412&tab=tue,14251650,스타코인,스타코인 (총 6화/미완결),총 6화/미완결,6.0,미완결,0.0,0.0 | 지나무 지나무 | 2026.07.27. | 총6화/미완결 | 1화 무료,https://series.naver.com/comic/detail.series?productNo=14251650,matched,ok,"스타코인 (총 6화/미완결)
0.0 | 지나무 지나무 | 2026.07.27. | 총6화/미완결 | 1화 무료
스타의 가치가 코인으로 거래되는 시대, 데뷔를 눈앞에 둔 아이돌 '이별'이 의문의 죽음을 맞는다. 친구의 죽음에 숨겨진 진실을 밝히기 위해 '문이솔'은 아이돌 서바이벌 'BUY★ME'에 뛰어들고, 화려한 무대 뒤에 감춰진 충..",tue,1,tue,1,mon,tue,True,tue,화,mon,tue,14251650_tue,post_24h,어제 밤 10시 공개 이후 증가분 확인용 수집,4.1만,41000.0,https://series.naver.com/comic/detail.series?productNo=14251650,20260922_213345,tue,화,2026-09-22 21:33:45,2026-09-22,21:33:45,2026-09-22 21:48:42,2026-09-22 21:48:44,1.91,2026-09-22 21:48:44,2026-09-22,21:48:44,2026-09-22 21:49:59,974.17
tue,26,동생 왔다,모나,851503,https://comic.naver.com/webtoon/list?titleId=851503&tab=tue,14264185,동생 왔다,동생 왔다 (총 6화/미완결),총 6화/미완결,6.0,미완결,모나,평점 10.0 | 모나 | 2026.06.15. | 총6화/미완결 | 1화 무료,https://series.naver.com/comic/detail.series?productNo=14264185,matched,ok,"동생 왔다 (총 6화/미완결)
평점
10.0 | 모나 | 2026.06.15. | 총6화/미완결 | 1화 무료
오빠보다 더한 여동생이 나타났다.리얼 자매 이야기, 진짜 동생이 왔다!","tue,sat",2,"tue,sat",2,"mon,fri","tue,sat",True,tue,화,mon,tue,14264185_tue,post_24h,어제 밤 10시 공개 이후 증가분 확인용 수집,8.1만,81000.0,https://series.naver.com/comic/detail.series?productNo=14264185,20260922_213345,tue,화,2026-09-22 21:33:45,2026-09-22,21:33:45,2026-09-22 21:48:45,2026-09-22 21:48:48,2.71,2026-09-22 21:48:48,2026-09-22,21:48:48,2026-09-22 21:49:59,974.17
tue,53,화분,,851671,https://comic.naver.com/webtoon/list?titleId=851671&tab=tue,14284647,화분,화분 (총 5화/미완결),총 5화/미완결,5.0,미완결,쿼시 쿼시,평점 10.0 | 쿼시 쿼시 | 2026.06.15. | 총5화/미완결 | 1화 무료,https://series.naver.com/comic/detail.series?productNo=14284647,review_needed,not_found,"화분 (총 5화/미완결)
평점
10.0 | 쿼시 쿼시 | 2026.06.15. | 총5화/미완결 | 1화 무료
버림받는 것이 무서운 여자와 그런 그녀가 무섭게 느껴지는 남자. 오래된 인연으로 시작된 사랑은 다정함의 얼굴을 한 집착이 되어, 두 사람의 일상과 마음을 서서히 갉아먹어 간다.우리 사랑은, 어디서부터 잘못된거지..?",tue,1,tue,1,mon,tue,True,tue,화,mon,tue,14284647_tue,post_24h,어제 밤 10시 공개 이후 증가분 확인용 수집,,,https://nid.naver.com/nidlogin.login?svctype=128&a_version=2&viewtype=1&url=http%3A%2F%2Fseries.naver.com%2Fcomic%2Fdetail.series%3FproductNo%3D14284647&surl=https%3A%2F%2Fseries.naver.com,20260922_213345,tue,화,2026-09-22 21:33:45,2026-09-22,21:33:45,2026-09-22 21:48:49,2026-09-22 21:49:04,15.3,2026-09-22 21:49:04,2026-09-22,21:49:04,2026-09-22 21:49:59,974.17
tue,80,인그레이브,도마,851854,https://comic.naver.com/webtoon/list?titleId=851854&tab=tue,14332437,인그레이브,인그레이브 (총 6화/미완결),총 6화/미완결,6.0,미완결,도마 도마,평점 10.0 | 도마 도마 | 2026.06.22. | 총6화/미완결 | 1화 무료,https://series.naver.com/comic/detail.series?productNo=14332437,matched,ok,"인그레이브 (총 6화/미완결)
평점
10.0 | 도마 도마 | 2026.06.22. | 총6화/미완결 | 1화 무료
갱단과의 전쟁이 끊이질 않던 국가 “산 로메리아”에서 누명을 쓰고 억울하게 옥살이를 하게 된 주인공 “니콜”. 그는 악명 높은 갱단을 수용하기 위해 신설된 범죄자 도축장, “크라네오 교도소”에 투옥된다. 지옥 같은 교..",tue,1,tue,1,mon,tue,True,tue,화,mon,tue,14332437_tue,post_24h,어제 밤 10시 공개 이후 증가분 확인용 수집,15.4만,154000.0,https://series.naver.com/comic/detail.series?productNo=14332437,20260922_213345,tue,화,2026-09-22 21:33:45,2026-09-22,21:33:45,2026-09-22 21:49:06,2026-09-22 21:49:09,2.88,2026-09-22 21:49:09,2026-09-22,21:49:09,2026-09-22 21:49:59,974.17
tue,111,시냅틱 에러,연제원,852168,https://comic.naver.com/webtoon/list?titleId=852168&tab=tue,14384536,시냅틱 에러,시냅틱 에러 (총 6화/미완결),총 6화/미완결,6.0,미완결,연제원,평점 5.5 | 연제원 | 2026.07.06. | 총6화/미완결 | 1화 무료,https://series.naver.com/comic/detail.series?productNo=14384536,matched,ok,"시냅틱 에러 (총 6화/미완결)
평점
5.5 | 연제원 | 2026.07.06. | 총6화/미완결 | 1화 무료
전뇌화가 일반화된 월면도시 레골리스 시티. 탐정 '시드 블레이크'는 의뢰를 받고 카인테크의 비공개 발표회에 잠입하지만 카인테크의 신형 안드로이드 '프라이머'가 참석자 전원을 학살하는 현장을 목격한다. 살아남은 건 '시드..",tue,1,tue,1,mon,tue,True,tue,화,mon,tue,14384536_tue,post_24h,어제 밤 10시 공개 이후 증가분 확인용 수집,8.3천,8300.0,https://series.naver.com/comic/detail.series?productNo=14384536,20260922_213345,tue,화,2026-09-22 21:33:45,2026-09-22,21:33:45,2026-09-22 21:49:10,2026-09-22 21:49:13,2.59,2026-09-22 21:49:13,2026-09-22,21:49:13,2026-09-22 21:49:59,974.17
tue,107,레벨업! 여신님,도롱뇽,852169,https://comic.naver.com/webtoon/list?titleId=852169&tab=tue,14385540,레벨업! 여신님,레벨업! 여신님 (총 6화/미완결),총 6화/미완결,6.0,미완결,0.0,0.0 | 도롱뇽 도롱뇽 | 2026.06.29. | 총6화/미완결 | 1화 무료,https://series.naver.com/comic/detail.series?productNo=14385540,matched,ok,"레벨업! 여신님 (총 6화/미완결)
0.0 | 도롱뇽 도롱뇽 | 2026.06.29. | 총6화/미완결 | 1화 무료
용사로 점찍어둔 소년을 전생시키려 한 여신. 그런데 이 소년, 무언가 이상하다. 인간이라곤 생각이 들지않는 비정상적인 파워...정신을 차려보니 현대로 전생된 여신.하루아침에 평범한 고등학생이 되어버린 여신은 이 곳에서 ..",tue,1,tue,1,mon,tue,True,tue,화,mon,tue,14385540_tue,post_24h,어제 밤 10시 공개 이후 증가분 확인용 수집,2.8만,28000.0,https://series.naver.com/comic/detail.series?productNo=14385540,20260922_213345,tue,화,2026-09-22 21:33:45,2026-09-22,21:33:45,2026-09-22 21:49:14,2026-09-22 21:49:16,2.12,2026-09-22 21:49:16,2026-09-22,21:49:16,2026-09-22 21:49:59,974.17
tue,45,심판,뿌엑이,852505,https://comic.naver.com/webtoon/list?titleId=852505&tab=tue,14425871,심판,심판 (총 6화/미완결),총 6화/미완결,6.0,미완결,뿌엑이 뿌엑이,평점 7.8 | 뿌엑이 뿌엑이 | 2026.08.24. | 총6화/미완결 | 1화 무료,https://series.naver.com/comic/detail.series?productNo=14425871,matched,ok,"심판 (총 6화/미완결)
평점
7.8 | 뿌엑이 뿌엑이 | 2026.08.24. | 총6화/미완결 | 1화 무료
법도 룰도 '강함'이 기준이 되는 초인 사회에서 약자로 살아온 소여울. 도망치는 것이 인생의 전부였던 소여울은, 강자들에게 아버지를 잃고 복수를 결심하며 격투 타워로 향한다.",tue,1,tue,1,mon,tue,True,tue,화,mon,tue,14425871_tue,post_24h,어제 밤 10시 공개 이후 증가분 확인용 수집,8.7만,87000.0,https://series.naver.com/comic/detail.series?productNo=14425871,20260922_213345,tue,화,2026-09-22 21:33:45,2026-09-22,21:33:45,2026-09-22 21:49:18,2026-09-22 21:49:20,2.81,2026-09-22 21:49:20,2026-09-22,21:49:20,2026-09-22 21:49:59,974.17
tue,85,하트는 파랑,5보2,852620,https://comic.naver.com/webtoon/list?titleId=852620&tab=tue,14451479,하트는 파랑,하트는 파랑 (총 6화/미완결),총 6화/미완결,6.0,미완결,5보2 알지비,평점 10.0 | 5보2 알지비 | 2026.09.14. | 총6화/미완결 | 1화 무료,https://series.naver.com/comic/detail.series?productNo=14451479,matched,ok,"하트는 파랑 (총 6화/미완결)
평점
10.0 | 5보2 알지비 | 2026.09.14. | 총6화/미완결 | 1화 무료
호기심이 남다른 고등학생 김민지.그리고 그런 민지를 미워하는 정체불명의 인물.두 사람은 서로의 이름도 모르는 채 편지를 주고받기 시작한다.과연 민지는 계획대로 범인을 찾아 복수에 성공할 수 있을까?민지의 달콤살벌 좌..",tue,1,tue,1,mon,tue,True,tue,화,mon,tue,14451479_tue,post_24h,어제 밤 10시 공개 이후 증가분 확인용 수집,1.4만,14000.0,https://series.naver.com/comic/detail.series?productNo=14451479,20260922_213345,tue,화,2026-09-22 21:33:45,2026-09-22,21:33:45,2026-09-22 21:49:22,2026-09-22 21:49:24,1.91,2026-09-22 21:49:24,2026-09-22,21:49:24,2026-09-22 21:49:59,974.17
tue,24,내가 죽인 드래곤과 결혼했다,만둣불,852628,https://comic.naver.com/webtoon/list?titleId=852628&tab=tue,14451876,내가 죽인 드래곤과 결혼했다 [독점],내가 죽인 드래곤과 결혼했다 [독점] (총 6화/미완결),총 6화/미완결,6.0,미완결,"만둣불, 분재나무 젤링","평점 10.0 | 만둣불, 분재나무 젤링 | 2026.07.13. | 총6화/미완결 | 1화 무료",https://series.naver.com/comic/detail.series?productNo=14451876,matched,ok,"내가 죽인 드래곤과 결혼했다 [독점] (총 6화/미완결)
평점
10.0 | 만둣불, 분재나무 젤링 | 2026.07.13. | 총6화/미완결 | 1화 무료
반신의 경지라 불리는 9서클.그 마지막 열쇠는 레드 드래곤, 발드로바의 심장이었다.“설마 짐의 약혼자가 짐을 죽이러 올 줄이야.”어째서인지, 발드로바는 저항 없이 스스로 심장을 내어주었다.""... 뭐냐, 이 감정은. 어째서 이..",tue,1,tue,1,mon,tue,True,tue,화,mon,tue,14451876_tue,post_24h,어제 밤 10시 공개 이후 증가분 확인용 수집,147.5만,1475000.0,https://series.naver.com/comic/detail.series?productNo=14451876,20260922_213345,tue,화,2026-09-22 21:33:45,2026-09-22,21:33:45,2026-09-22 21:49:25,2026-09-22 21:49:27,2.33,2026-09-22 21:49:27,2026-09-22,21:49:27,2026-09-22 21:49:59,974.17
tue,90,남자가 되기 싫어,성은,852887,https://comic.naver.com/webtoon/list?titleId=852887&tab=tue,14484259,남자가 되기 싫어,남자가 되기 싫어 (총 6화/미완결),총 6화/미완결,6.0,미완결,성은 성은,평점 10.0 | 성은 성은 | 2026.07.20. | 총6화/미완결 | 1화 무료,https://series.naver.com/comic/detail.series?productNo=14484259,matched,ok,"남자가 되기 싫어 (총 6화/미완결)
평점
10.0 | 성은 성은 | 2026.07.20. | 총6화/미완결 | 1화 무료
거짓말을 하면 남자가 되는 여자 강유라. 좋아하는 선배는 왜 하필 남자인 나에게만 다정한 걸까?거짓말과 진심 사이, 아슬아슬한 캠퍼스 로맨틱 코미디!",tue,1,tue,1,mon,tue,True,tue,화,mon,tue,14484259_tue,post_24h,어제 밤 10시 공개 이후 증가분 확인용 수집,4.1만,41000.0,https://series.naver.com/comic/detail.series?productNo=14484259,20260922_213345,tue,화,2026-09-22 21:33:45,2026-09-22,21:33:45,2026-09-22 21:49:29,2026-09-22 21:49:31,2.53,2026-09-22 21:49:31,2026-09-22,21:49:31,2026-09-22 21:49:59,974.17
tue,35,타락면역이라 재앙급 마검 들고 시작한다,김상민,853004,https://comic.naver.com/webtoon/list?titleId=853004&tab=tue,14487740,타락면역이라 재앙급 마검 들고 시작한다,타락면역이라 재앙급 마검 들고 시작한다 (총 6화/미완결),총 6화/미완결,6.0,미완결,"김상민, 맘모스XM 김상민","평점 9.3 | 김상민, 맘모스XM 김상민 | 2026.07.20. | 총6화/미완결 | 1화 무료",https://series.naver.com/comic/detail.series?productNo=14487740,matched,ok,"타락면역이라 재앙급 마검 들고 시작한다 (총 6화/미완결)
평점
9.3 | 김상민, 맘모스XM 김상민 | 2026.07.20. | 총6화/미완결 | 1화 무료
타락하질 않으니 저주템 쓰레기통이 되었다.",tue,1,tue,1,mon,tue,True,tue,화,mon,tue,14487740_tue,post_24h,어제 밤 10시 공개 이후 증가분 확인용 수집,39.9만,399000.0,https://series.naver.com/comic/detail.series?productNo=14487740,20260922_213345,tue,화,2026-09-22 21:33:45,2026-09-22,21:33:45,2026-09-22 21:49:32,2026-09-22 21:49:35,2.8,2026-09-22 21:49:35,2026-09-22,21:49:35,2026-09-22 21:49:59,974.17
tue,31,그랬더니 남친임니다,뽀꼬,853326,https://comic.naver.com/webtoon/list?titleId=853326&tab=tue,14536751,그랬더니 남친임니다,그랬더니 남친임니다 (총 6화/미완결),총 6화/미완결,6.0,미완결,뽀꼬 뽀꼬,평점 10.0 | 뽀꼬 뽀꼬 | 2026.08.13. | 총6화/미완결 | 3화 무료,https://series.naver.com/comic/detail.series?productNo=14536751,matched,ok,"그랬더니 남친임니다 (총 6화/미완결)
평점
10.0 | 뽀꼬 뽀꼬 | 2026.08.13. | 총6화/미완결 | 3화 무료
회사에 내 이상형이 입사했다?! 마주친 날부터 제대로 고장 난 그녀,어리둥절 실수로 데이트 신청까지 던져버리고 마는데…!어어, 근데 이때부터 이상하게 흘러간다?눈이 마주친 순간부터 연애까지,100% 리얼 실화로 달리는..","tue,fri",2,"tue,fri",2,"mon,thu","tue,fri",True,tue,화,mon,tue,14536751_tue,post_24h,어제 밤 10시 공개 이후 증가분 확인용 수집,12.9만,129000.0,https://series.naver.com/comic/detail.series?productNo=14536751,20260922_213345,tue,화,2026-09-22 21:33:45,2026-09-22,21:33:45,2026-09-22 21:49:37,2026-09-22 21:49:39,2.81,2026-09-22 21:49:39,2026-09-22,21:49:39,2026-09-22 21:49:59,974.17
tue,44,후원 낙인,송의영,853895,https://comic.naver.com/webtoon/list?titleId=853895&tab=tue,14599350,후원 낙인,후원 낙인 (총 6화/미완결),총 6화/미완결,6.0,미완결,"송의영, 하윤미 점점","평점 10.0 | 송의영, 하윤미 점점 | 2026.08.17. | 총6화/미완결 | 1화 무료",https://series.naver.com/comic/detail.series?productNo=14599350,matched,ok,"후원 낙인 (총 6화/미완결)
평점
10.0 | 송의영, 하윤미 점점 | 2026.08.17. | 총6화/미완결 | 1화 무료
어디서부터 잘못된 걸까.감히 후원자의 하나뿐인 아들, 구제헌을 마음을 품은 순간?아니면 피아니스트로서의 삶을 포기하고 그의 아이를 홀로 낳았을 때?첫사랑의 아이를 홀로 키우기 위해 모든 것을 버리고 도망친 연재.그녀..",tue,1,tue,1,mon,tue,True,tue,화,mon,tue,14599350_tue,post_24h,어제 밤 10시 공개 이후 증가분 확인용 수집,23만,230000.0,https://series.naver.com/comic/detail.series?productNo=14599350,20260922_213345,tue,화,2026-09-22 21:33:45,2026-09-22,21:33:45,2026-09-22 21:49:41,2026-09-22 21:49:43,2.4,2026-09-22 21:49:43,2026-09-22,21:49:43,2026-09-22 21:49:59,974.17
tue,51,역변! 첫사랑,혁상,853903,https://comic.naver.com/webtoon/list?titleId=853903&tab=tue,14601406,역변! 첫사랑,역변! 첫사랑 (총 6화/미완결),총 6화/미완결,6.0,미완결,혁상,평점 10.0 | 혁상 | 2026.08.24. | 총6화/미완결 | 1화 무료,https://series.naver.com/comic/detail.series?productNo=14601406,matched,ok,"역변! 첫사랑 (총 6화/미완결)
평점
10.0 | 혁상 | 2026.08.24. | 총6화/미완결 | 1화 무료
""첫사랑 포기 못 하냐? ..그거 초딩 때잖아.”어릴 적 못난 외모에서 역변 성장한 '공대 너드남' 서우진은 10년째 짝사랑 중!그러던 어느 날, 눈앞에 거짓말처럼 첫사랑이 나타나는데…!",tue,1,tue,1,mon,tue,True,tue,화,mon,tue,14601406_tue,post_24h,어제 밤 10시 공개 이후 증가분 확인용 수집,5.6만,56000.0,https://series.naver.com/comic/detail.series?productNo=14601406,20260922_213345,tue,화,2026-09-22 21:33:45,2026-09-22,21:33:45,2026-09-22 21:49:44,2026-09-22 21:49:47,2.5,2026-09-22 21:49:47,2026-09-22,21:49:47,2026-09-22 21:49:59,974.17
tue,36,인간은 썩었어,차흐,853936,https://comic.naver.com/webtoon/list?titleId=853936&tab=tue,14603833,인간은 썩었어,인간은 썩었어 (총 6화/미완결),총 6화/미완결,6.0,미완결,차흐 차흐,평점 10.0 | 차흐 차흐 | 2026.08.17. | 총6화/미완결 | 1화 무료,https://series.naver.com/comic/detail.series?productNo=14603833,matched,ok,"인간은 썩었어 (총 6화/미완결)
평점
10.0 | 차흐 차흐 | 2026.08.17. | 총6화/미완결 | 1화 무료
어릴 적부터 학대를 받아온 '진영'. 그에게 처음으로 손을 내밀어 준 건 지금의 아내였다. 하지만 그런 아내가 병에 걸려 막대한 병원비가 필요해 지는데... 그렇게 절망에 빠져 하루하루를 보내는 진영에게 우연인지 필연인지 거..",tue,1,tue,1,mon,tue,True,tue,화,mon,tue,14603833_tue,post_24h,어제 밤 10시 공개 이후 증가분 확인용 수집,2.7만,27000.0,https://series.naver.com/comic/detail.series?productNo=14603833,20260922_213345,tue,화,2026-09-22 21:33:45,2026-09-22,21:33:45,2026-09-22 21:49:48,2026-09-22 21:49:50,2.62,2026-09-22 21:49:50,2026-09-22,21:49:50,2026-09-22 21:49:59,974.17
tue,65,혈마전기,자몽소년,854518,https://comic.naver.com/webtoon/list?titleId=854518&tab=tue,14664877,혈마전기,혈마전기 (총 6화/미완결),총 6화/미완결,6.0,미완결,자몽소년 자몽소년,평점 7.0 | 자몽소년 자몽소년 | 2026.09.07. | 총6화/미완결 | 1화 무료,https://series.naver.com/comic/detail.series?productNo=14664877,matched,ok,"혈마전기 (총 6화/미완결)
평점
7.0 | 자몽소년 자몽소년 | 2026.09.07. | 총6화/미완결 | 1화 무료
기연으로 흡혈귀가 된 주인공 목연, 타락한 정파의 무인에게 살해당한 누나의 복수를 위해 그는 무림을 부수기로 결심한다.",tue,1,tue,1,mon,tue,True,tue,화,mon,tue,14664877_tue,post_24h,어제 밤 10시 공개 이후 증가분 확인용 수집,1.3만,13000.0,https://series.naver.com/comic/detail.series?productNo=14664877,20260922_213345,tue,화,2026-09-22 21:33:45,2026-09-22,21:33:45,2026-09-22 21:49:52,2026-09-22 21:49:54,2.27,2026-09-22 21:49:54,2026-09-22,21:49:54,2026-09-22 21:49:59,974.17
tue,69,딜리버리 임파서블,담객,854757,https://comic.naver.com/webtoon/list?titleId=854757&tab=tue,14697626,딜리버리 임파서블,딜리버리 임파서블 (총 6화/미완결),총 6화/미완결,6.0,미완결,담객 모동,평점 10.0 | 담객 모동 | 2026.09.07. | 총6화/미완결 | 1화 무료,https://series.naver.com/comic/detail.series?productNo=14697626,matched,ok,"딜리버리 임파서블 (총 6화/미완결)
평점
10.0 | 담객 모동 | 2026.09.07. | 총6화/미완결 | 1화 무료
""라비, 할 수 있지? 널 믿는다.""영원한 겨울 아래 눈으로 뒤덮인 세상.빈민가에서 마약을 팔며 살아가는 소녀 라비는, 동경하는 배달부 헤더의 뜻을 이어 희망의 장소 '북쪽 도시'로 배달을 시작한다.그런데 사실, 그녀가 배달하..",tue,1,tue,1,mon,tue,True,tue,화,mon,tue,14697626_tue,post_24h,어제 밤 10시 공개 이후 증가분 확인용 수집,8.5천,8500.0,https://series.naver.com/comic/detail.series?productNo=14697626,20260922_213345,tue,화,2026-09-22 21:33:45,2026-09-22,21:33:45,2026-09-22 21:49:56,2026-09-22 21:49:58,2.1,2026-09-22 21:49:58,2026-09-22,21:49:58,2026-09-22 21:49:59,974.17
