weekday,rank,webtoon_title,webtoon_author,webtoon_title_id,webtoon_url,series_product_no,series_title,series_title_raw,series_episode_info,series_total_episode_count,series_completion_status,series_author,series_author_raw,series_url,match_status,download_status,series_result_text,weekday_list,weekday_row_count,serial_weekdays,serial_weekday_count,pre_collect_weekdays,post_24h_collect_weekdays,is_download_collectable,release_weekday,release_weekday_ko,pre_collect_weekday,post_24h_collect_weekday,release_event_key,collection_context,target_reason,series_download_text,series_download_count,current_url,snapshot_id,snapshot_weekday,snapshot_weekday_ko,snapshot_started_at_kst,snapshot_date_kst,snapshot_time_kst,item_collect_started_at_kst,item_collect_finished_at_kst,item_collect_elapsed_seconds,collected_at_kst,collected_date_kst,collected_time_kst,snapshot_finished_at_kst,snapshot_elapsed_seconds
fri,3,외모지상주의,박태준,641253,https://comic.naver.com/webtoon/list?titleId=641253&tab=fri,2184735,외모지상주의,외모지상주의 (총 610화/미완결),총 610화/미완결,610.0,미완결,,,https://series.naver.com/comic/detail.series?productNo=2184735,matched,ok,"외모지상주의 (총 610화/미완결)
평점
8.7 | 박태준 박태준 | 2026.06.04. | 총610화/미완결 | 603화 무료
어느날 그에게 일어난 기적같은 일",fri,1,fri,1,thu,fri,True,fri,금,thu,fri,2184735_fri,pre_release,오늘 밤 10시 새 회차 공개 전 기준값 수집,"2억 8,288만",200000000.0,https://series.naver.com/comic/detail.series?productNo=2184735,20260820_165209,thu,목,2026-08-20 16:52:09,2026-08-20,16:52:09,2026-08-20 16:52:19,2026-08-20 16:52:24,4.76,2026-08-20 16:52:24,2026-08-20,16:52:24,2026-08-20 17:08:23,973.6
fri,79,몽홀,장태산,644112,https://comic.naver.com/webtoon/list?titleId=644112&tab=fri,1709178,몽홀,몽홀 (총 556화/미완결),총 556화/미완결,556.0,미완결,,,https://series.naver.com/comic/detail.series?productNo=1709178,matched,ok,"몽홀 (총 556화/미완결)
평점
9.7 | 장태산 장태산 | 2026.06.03. | 총556화/미완결 | 전화 무료
차갑고 척박한 땅 몽홀,그 곳에서 펼쳐지는 감동의 대서사시",fri,1,fri,1,thu,fri,True,fri,금,thu,fri,1709178_fri,pre_release,오늘 밤 10시 새 회차 공개 전 기준값 수집,26.6만,266000.0,https://series.naver.com/comic/detail.series?productNo=1709178,20260820_165209,thu,목,2026-08-20 16:52:09,2026-08-20,16:52:09,2026-08-20 16:52:25,2026-08-20 16:52:28,3.08,2026-08-20 16:52:28,2026-08-20,16:52:28,2026-08-20 17:08:23,973.6
fri,16,1초,시니,725586,https://comic.naver.com/webtoon/list?titleId=725586&tab=fri,4031207,1초,1초 (총 358화/미완결),총 358화/미완결,358.0,미완결,,,https://series.naver.com/comic/detail.series?productNo=4031207,matched,ok,"1초 (총 358화/미완결)
평점
9.9 | 시니 광운 | 2026.06.04. | 총358화/미완결 | 353화 무료
구조율 100%의 전설적인 소방관그의 특별한 능력은 무엇인가",fri,1,fri,1,thu,fri,True,fri,금,thu,fri,4031207_fri,pre_release,오늘 밤 10시 새 회차 공개 전 기준값 수집,"3,956만",39560000.0,https://series.naver.com/comic/detail.series?productNo=4031207,20260820_165209,thu,목,2026-08-20 16:52:09,2026-08-20,16:52:09,2026-08-20 16:52:30,2026-08-20 16:52:33,3.0,2026-08-20 16:52:33,2026-08-20,16:52:33,2026-08-20 17:08:23,973.6
fri,111,합법해적 파르페,뼈피살,729036,https://comic.naver.com/webtoon/list?titleId=729036&tab=fri,4238095,합법해적 파르페,합법해적 파르페 (총 254화/미완결),총 254화/미완결,254.0,미완결,,,https://series.naver.com/comic/detail.series?productNo=4238095,matched,ok,"합법해적 파르페 (총 254화/미완결)
평점
10.0 | 뼈피살 뼈피살 | 2026.06.04. | 총254화/미완결 | 249화 무료
비범한 공주님 파르페의 신묘한 모험 판타지",fri,1,fri,1,thu,fri,True,fri,금,thu,fri,4238095_fri,pre_release,오늘 밤 10시 새 회차 공개 전 기준값 수집,98.6만,986000.0,https://series.naver.com/comic/detail.series?productNo=4238095,20260820_165209,thu,목,2026-08-20 16:52:09,2026-08-20,16:52:09,2026-08-20 16:52:34,2026-08-20 16:52:36,2.43,2026-08-20 16:52:36,2026-08-20,16:52:36,2026-08-20 17:08:23,973.6
fri,5,상남자,하늘소,751168,https://comic.naver.com/webtoon/list?titleId=751168&tab=fri,5350583,상남자 [독점],상남자 [독점] (총 267화/미완결),총 267화/미완결,267.0,미완결,,,https://series.naver.com/comic/detail.series?productNo=5350583,matched,ok,"상남자 [독점] (총 267화/미완결)
평점
9.9 | 김태궁, 하늘소 도가도 | 2026.06.04. | 총267화/미완결 | 262화 무료
일개 셀러리맨으로 시작해 오로지 성공만을 바라보며 기업 최고의 자리까지 올랐지만, 그 대가로 사랑하던 모든이를 잃어 버린 주인공 한유현. 어느 날 모든 것의 시작이 되었던 젊은 시절의 그때로 돌아가게 되는데....모든 것..",fri,1,fri,1,thu,fri,True,fri,금,thu,fri,5350583_fri,pre_release,오늘 밤 10시 새 회차 공개 전 기준값 수집,"3,284만",32840000.0,https://series.naver.com/comic/detail.series?productNo=5350583,20260820_165209,thu,목,2026-08-20 16:52:09,2026-08-20,16:52:09,2026-08-20 16:52:37,2026-08-20 16:52:40,2.87,2026-08-20 16:52:40,2026-08-20,16:52:40,2026-08-20 17:08:23,973.6
fri,115,백년게임,하람,751999,https://comic.naver.com/webtoon/list?titleId=751999&tab=fri,5381950,백년게임,백년게임 (총 314화/미완결),총 314화/미완결,314.0,미완결,,,https://series.naver.com/comic/detail.series?productNo=5381950,matched,ok,"백년게임 (총 314화/미완결)
평점
8.9 | 하람 지야 | 2026.06.04. | 총314화/미완결 | 304화 무료
""당신의 게임은 여기까지군요""백 년마다 열리는 소원 그 이상을 이뤄주는 대회, 최종 우승자는 단 한 명.소년 한시준, 가족을 구하기 위해 모든 것을 걸고 치열한 전투에 뛰어든다.",fri,1,fri,1,thu,fri,True,fri,금,thu,fri,5381950_fri,pre_release,오늘 밤 10시 새 회차 공개 전 기준값 수집,235.2만,2352000.0,https://series.naver.com/comic/detail.series?productNo=5381950,20260820_165209,thu,목,2026-08-20 16:52:09,2026-08-20,16:52:09,2026-08-20 16:52:41,2026-08-20 16:52:44,2.94,2026-08-20 16:52:44,2026-08-20,16:52:44,2026-08-20 17:08:23,973.6
fri,12,A.I. 닥터,ZAINO,765804,https://comic.naver.com/webtoon/list?titleId=765804&tab=fri,5893741,A.I. 닥터 [독점],A.I. 닥터 [독점] (총 244화/미완결),총 244화/미완결,244.0,미완결,,,https://series.naver.com/comic/detail.series?productNo=5893741,matched,ok,"A.I. 닥터 [독점] (총 244화/미완결)
평점
9.9 | ZAINO, 한산이가 쿠큐 | 2026.06.04. | 총244화/미완결 | 239화 무료
A.I.와 선 넘는 의사 생활!? ― 미래적 인공지능, 내과 의사 이수혁의 뇌에 자리 잡다 ― 절대 떨어질 수 없게 되어 버린 그들의 의학 버디 드라마 백강혁보다 더한 A.I. 등장?! ― “미쳤습니까, 휴먼?” 그 정체는... 태화 그룹이 ..",fri,1,fri,1,thu,fri,True,fri,금,thu,fri,5893741_fri,pre_release,오늘 밤 10시 새 회차 공개 전 기준값 수집,"2,707만",27070000.0,https://series.naver.com/comic/detail.series?productNo=5893741,20260820_165209,thu,목,2026-08-20 16:52:09,2026-08-20,16:52:09,2026-08-20 16:52:45,2026-08-20 16:52:47,1.89,2026-08-20 16:52:47,2026-08-20,16:52:47,2026-08-20 17:08:23,973.6
fri,45,히어로 킬러,꿀벌,766563,https://comic.naver.com/webtoon/list?titleId=766563&tab=fri,5947808,히어로 킬러,히어로 킬러 (총 277화/미완결),총 277화/미완결,277.0,미완결,,,https://series.naver.com/comic/detail.series?productNo=5947808,matched,ok,"히어로 킬러 (총 277화/미완결)
평점
9.8 | 꿀벌 벌꿀 | 2026.06.04. | 총277화/미완결 | 272화 무료
수년 전, 정체불명의 히어로에게 언니를 잃었다.언니를 죽인 게 누구인지 모르지만 상관없다.한 놈씩 죽이다 보면 그중에 있을 테니까.보아라, 너희들이 어떤 괴물을 만들었는지.",fri,1,fri,1,thu,fri,True,fri,금,thu,fri,5947808_fri,pre_release,오늘 밤 10시 새 회차 공개 전 기준값 수집,"1,504만",15040000.0,https://series.naver.com/comic/detail.series?productNo=5947808,20260820_165209,thu,목,2026-08-20 16:52:09,2026-08-20,16:52:09,2026-08-20 16:52:49,2026-08-20 16:52:51,2.47,2026-08-20 16:52:51,2026-08-20,16:52:51,2026-08-20 17:08:23,973.6
fri,21,여우놀이,황혜진,768469,https://comic.naver.com/webtoon/list?titleId=768469&tab=fri,6442158,여우놀이,여우놀이 (총 124화/미완결),총 124화/미완결,124.0,미완결,황혜진 황혜진,평점 10.0 | 황혜진 황혜진 | 2026.06.18. | 총124화/미완결 | 119화 무료,https://series.naver.com/comic/detail.series?productNo=6442158,matched,ok,"여우놀이 (총 124화/미완결)
평점
10.0 | 황혜진 황혜진 | 2026.06.18. | 총124화/미완결 | 119화 무료
평범하게만 살아온 박온유의 일상에 어느 날 찾아와 둘도 없는 베프가 된 ‘예쁜 애’ 신채리.두 사람은 서울 고등학교 상목고에 진학하게 된 후, 모든 10대들의 워너비 ‘상목고의 여우들’을 만나 아슬아슬한 여우놀이에 휘..",fri,1,fri,1,thu,fri,True,fri,금,thu,fri,6442158_fri,pre_release,오늘 밤 10시 새 회차 공개 전 기준값 수집,"1,121만",11210000.0,https://series.naver.com/comic/detail.series?productNo=6442158,20260820_165209,thu,목,2026-08-20 16:52:09,2026-08-20,16:52:09,2026-08-20 16:52:53,2026-08-20 16:52:55,2.41,2026-08-20 16:52:55,2026-08-20,16:52:55,2026-08-20 17:08:23,973.6
fri,4,나 혼자 만렙 뉴비,WAN.Z,773797,https://comic.naver.com/webtoon/list?titleId=773797&tab=fri,6430046,나 혼자 만렙 뉴비[독점],나 혼자 만렙 뉴비[독점] (총 263화/미완결),총 263화/미완결,263.0,미완결,,,https://series.naver.com/comic/detail.series?productNo=6430046,matched,ok,"나 혼자 만렙 뉴비[독점] (총 263화/미완결)
평점
9.9 | WAN.Z 스윙뱃 | 2026.06.04. | 총263화/미완결 | 255화 무료
게임 너튜버로 활동 중인 주인공 진혁은 유일하게 [시련의 탑]의 엔딩을 봤지만, 게임의 인기가 하락하며 더 이상 게임 너튜버로서의 삶도 유지하기 힘들어진다.엔딩을 보았기에 이대로 게임을 마무리하려는 진혁. 바로 그날, ..",fri,1,fri,1,thu,fri,True,fri,금,thu,fri,6430046_fri,pre_release,오늘 밤 10시 새 회차 공개 전 기준값 수집,"6,019만",60190000.0,https://series.naver.com/comic/detail.series?productNo=6430046,20260820_165209,thu,목,2026-08-20 16:52:09,2026-08-20,16:52:09,2026-08-20 16:52:57,2026-08-20 16:52:59,2.42,2026-08-20 16:52:59,2026-08-20,16:52:59,2026-08-20 17:08:23,973.6
fri,38,말년용사,후딩,773916,https://comic.naver.com/webtoon/list?titleId=773916&tab=fri,6312602,말년용사,말년용사 (총 208화/미완결),총 208화/미완결,208.0,미완결,,,https://series.naver.com/comic/detail.series?productNo=6312602,matched,ok,"말년용사 (총 208화/미완결)
평점
9.9 | 후딩 신마니 | 2026.06.04. | 총208화/미완결 | 203화 무료
전역하기 3일 전 어이없는 사고로 죽어버린 말년 병장.갑자기 이세계로 떠나라는 현실을 받아들이지 못하고 난리를 치다맨몸으로 이세계에 떨어지는 벌을 받게 된다.말년 병장의 눈물겨운 밀리터리 생존 판타지",fri,1,fri,1,thu,fri,True,fri,금,thu,fri,6312602_fri,pre_release,오늘 밤 10시 새 회차 공개 전 기준값 수집,"1,203만",12030000.0,https://series.naver.com/comic/detail.series?productNo=6312602,20260820_165209,thu,목,2026-08-20 16:52:09,2026-08-20,16:52:09,2026-08-20 16:53:00,2026-08-20 16:53:02,2.62,2026-08-20 16:53:02,2026-08-20,16:53:02,2026-08-20 17:08:23,973.6
fri,1,광마회귀,JP,776601,https://comic.naver.com/webtoon/list?titleId=776601&tab=fri,6402825,광마회귀 [독점],광마회귀 [독점] (총 200화/미완결),총 200화/미완결,200.0,미완결,,,https://series.naver.com/comic/detail.series?productNo=6402825,matched,ok,"광마회귀 [독점] (총 200화/미완결)
평점
9.9 | 유진성, JP 이히 | 2026.06.04. | 총200화/미완결 | 195화 무료
무공에 미친 사내 광마 이자하.그가 미치기 전의 평범했던 시절로 돌아왔다.세상에 광마로 알려진 이자하.그는 마교 교주의 보물인 천옥을, 주인인 교주가 마음에 들지 않는다는 이유로 훔친다.이어지는 마교의 추적.이자하는 ..",fri,1,fri,1,thu,fri,True,fri,금,thu,fri,6402825_fri,pre_release,오늘 밤 10시 새 회차 공개 전 기준값 수집,"4,009만",40090000.0,https://series.naver.com/comic/detail.series?productNo=6402825,20260820_165209,thu,목,2026-08-20 16:52:09,2026-08-20,16:52:09,2026-08-20 16:53:04,2026-08-20 16:53:07,2.86,2026-08-20 16:53:07,2026-08-20,16:53:07,2026-08-20 17:08:23,973.6
fri,28,"언니, 이번 생엔 내가 왕비야",착견,798917,https://comic.naver.com/webtoon/list?titleId=798917&tab=fri,8757112,"언니, 이번 생엔 내가 왕비야 [독점]","언니, 이번 생엔 내가 왕비야 [독점] (총 204화/미완결)",총 204화/미완결,204.0,미완결,,,https://series.naver.com/comic/detail.series?productNo=8757112,matched,ok,"언니, 이번 생엔 내가 왕비야 [독점] (총 204화/미완결)
평점
9.7 | 착견, 레팔진프 트리플라인 | 2026.06.04. | 총204화/미완결 | 199화 무료
약혼자, 언니, 부모. 모든 것으로부터 버려진 그 날, 아리아드네는 15년 전으로 회귀한다.“젠장! 나는 지금 너에게 구애하는 거라고!”태도가 완전히 달라진 전생의 약혼자부터,“울지 마, 아리아드네. 너는 네가 얼마나 예쁜지..",fri,1,fri,1,thu,fri,True,fri,금,thu,fri,8757112_fri,pre_release,오늘 밤 10시 새 회차 공개 전 기준값 수집,"2,171만",21710000.0,https://series.naver.com/comic/detail.series?productNo=8757112,20260820_165209,thu,목,2026-08-20 16:52:09,2026-08-20,16:52:09,2026-08-20 16:53:08,2026-08-20 16:53:10,2.84,2026-08-20 16:53:10,2026-08-20,16:53:10,2026-08-20 17:08:23,973.6
fri,6,사신,임재원,799837,https://comic.naver.com/webtoon/list?titleId=799837&tab=fri,8804052,사신 [독점],사신 [독점] (총 148화/미완결),총 148화/미완결,148.0,미완결,,,https://series.naver.com/comic/detail.series?productNo=8804052,matched,ok,"사신 [독점] (총 148화/미완결)
평점
9.9 | 임재원, 설봉 임재원 | 2026.06.04. | 총148화/미완결 | 145화 무료
[ 2023 대한민국콘텐츠대상 만화부문 대통령상 수상작 ]형의 복수를 위해 살천문의 무사 황정을 죽인 종리추.살천문의 추격을 피해 살혼부의 살수 적지인살에게 몸을 의탁게 되면서'십망(十忘)'이라 불리는 거대한 소용돌이..",fri,1,fri,1,thu,fri,True,fri,금,thu,fri,8804052_fri,pre_release,오늘 밤 10시 새 회차 공개 전 기준값 수집,630.1만,6301000.0,https://series.naver.com/comic/detail.series?productNo=8804052,20260820_165209,thu,목,2026-08-20 16:52:09,2026-08-20,16:52:09,2026-08-20 16:53:12,2026-08-20 16:53:14,2.2,2026-08-20 16:53:14,2026-08-20,16:53:14,2026-08-20 17:08:23,973.6
fri,80,미드우트,원김,800006,https://comic.naver.com/webtoon/list?titleId=800006&tab=fri,8845685,미드우트 [독점],미드우트 [독점] (총 194화/미완결),총 194화/미완결,194.0,미완결,,,https://series.naver.com/comic/detail.series?productNo=8845685,matched,ok,"미드우트 [독점] (총 194화/미완결)
평점
10.0 | 원김 원김 | 2026.06.04. | 총194화/미완결 | 189화 무료
괴물 처치 부대 '스레투'가 사라진 지금... 인간들은 괴물들의 먹이가 되었다. 이유는 '이안'이라는 오퍼 지원자가 모든 군인들을 죽여버렸기 때문이다. 태어날 때부터 생명의 위협을 받으며 살아온 '진청도'는 전설의 아이템 '미..",fri,1,fri,1,thu,fri,True,fri,금,thu,fri,8845685_fri,pre_release,오늘 밤 10시 새 회차 공개 전 기준값 수집,217.6만,2176000.0,https://series.naver.com/comic/detail.series?productNo=8845685,20260820_165209,thu,목,2026-08-20 16:52:09,2026-08-20,16:52:09,2026-08-20 16:53:15,2026-08-20 16:53:17,2.25,2026-08-20 16:53:17,2026-08-20,16:53:17,2026-08-20 17:08:23,973.6
fri,27,문제적 왕자님,선인장,800046,https://comic.naver.com/webtoon/list?titleId=800046&tab=fri,8833416,문제적 왕자님,문제적 왕자님 (총 153화/미완결),총 153화/미완결,153.0,미완결,,,https://series.naver.com/comic/detail.series?productNo=8833416,matched,ok,"문제적 왕자님 (총 153화/미완결)
평점
10.0 | 솔체 선인장 | 2026.06.04. | 총153화/미완결 | 148화 무료
아버지에게 버려지고 외가인 바덴가에서조용히 살아가고 있는 에르나 하르디.이 작은 시골에 위기가 찾아왔다.외조부인 바덴 남작이 죽고 난 후,모든 재산이 넘어가게 된 것!어떻게든 바덴가를 지키고 싶은 에르나는아버지에..",fri,1,fri,1,thu,fri,True,fri,금,thu,fri,8833416_fri,pre_release,오늘 밤 10시 새 회차 공개 전 기준값 수집,"2,197만",21970000.0,https://series.naver.com/comic/detail.series?productNo=8833416,20260820_165209,thu,목,2026-08-20 16:52:09,2026-08-20,16:52:09,2026-08-20 16:53:19,2026-08-20 16:53:21,2.06,2026-08-20 16:53:21,2026-08-20,16:53:21,2026-08-20 17:08:23,973.6
fri,72,온리호프,초승,800796,https://comic.naver.com/webtoon/list?titleId=800796&tab=fri,8926639,온리호프 [독점],온리호프 [독점] (총 134화/미완결),총 134화/미완결,134.0,미완결,,,https://series.naver.com/comic/detail.series?productNo=8926639,matched,ok,"온리호프 [독점] (총 134화/미완결)
평점
10.0 | 초승 초승 | 2026.06.04. | 총134화/미완결 | 130화 무료
사랑스러운 남편의 살인을 목격한 그날 밤,은혜는 살해 당해 그를 처음 만난 9년 전으로 돌아왔다.과연 남편의 연쇄살인을 막을 수 있을까?그리고... 예전처럼 다시 사랑할 수 있을까?",fri,1,fri,1,thu,fri,True,fri,금,thu,fri,8926639_fri,pre_release,오늘 밤 10시 새 회차 공개 전 기준값 수집,480.7만,4807000.0,https://series.naver.com/comic/detail.series?productNo=8926639,20260820_165209,thu,목,2026-08-20 16:52:09,2026-08-20,16:52:09,2026-08-20 16:53:23,2026-08-20 16:53:26,3.63,2026-08-20 16:53:26,2026-08-20,16:53:26,2026-08-20 17:08:23,973.6
fri,14,천하제일 대사형,YooN,802278,https://comic.naver.com/webtoon/list?titleId=802278&tab=fri,9072472,천하제일 대사형 [독점],천하제일 대사형 [독점] (총 193화/미완결),총 193화/미완결,193.0,미완결,,,https://series.naver.com/comic/detail.series?productNo=9072472,matched,ok,"천하제일 대사형 [독점] (총 193화/미완결)
평점
9.7 | 북미혼 YooN | 2026.06.04. | 총193화/미완결 | 188화 무료
가난한 시골 무관의 대사형이 천하제일이 되어 돌아오다?!잔혹했던 정사대전에 반 강제적으로 끌려갔던 대사형 ‘혁무상’.수많은 피가 흐른 전쟁에 참전한지 7년. 전쟁은 진즉 끝났음에도 돌아오지 않아 죽은 줄 알았다.간신..",fri,1,fri,1,thu,fri,True,fri,금,thu,fri,9072472_fri,pre_release,오늘 밤 10시 새 회차 공개 전 기준값 수집,923.7만,9237000.0,https://series.naver.com/comic/detail.series?productNo=9072472,20260820_165209,thu,목,2026-08-20 16:52:09,2026-08-20,16:52:09,2026-08-20 16:53:28,2026-08-20 16:53:31,2.82,2026-08-20 16:53:31,2026-08-20,16:53:31,2026-08-20 17:08:23,973.6
fri,30,연애의 기록,베어리,803792,https://comic.naver.com/webtoon/list?titleId=803792&tab=fri,9191040,연애의 기록,연애의 기록 (총 157화/미완결),총 157화/미완결,157.0,미완결,,,https://series.naver.com/comic/detail.series?productNo=9191040,matched,ok,"연애의 기록 (총 157화/미완결)
평점
8.4 | 베어리 | 2026.06.04. | 총157화/미완결 | 152화 무료
사회 초년생인 석호에게는 직업이나 연봉보다 더 중요한 것이 있었으니... 그건 바로 모태솔로 탈출.석호는 꿈에 그리던 첫 연애를 시작하게 되지만 예상치 못한 고난들을 겪게 된다. 소년과 군인을 거쳐 사회인으로 거듭난 문..",fri,1,fri,1,thu,fri,True,fri,금,thu,fri,9191040_fri,pre_release,오늘 밤 10시 새 회차 공개 전 기준값 수집,319.2만,3192000.0,https://series.naver.com/comic/detail.series?productNo=9191040,20260820_165209,thu,목,2026-08-20 16:52:09,2026-08-20,16:52:09,2026-08-20 16:53:32,2026-08-20 16:53:35,2.83,2026-08-20 16:53:35,2026-08-20,16:53:35,2026-08-20 17:08:23,973.6
tue,82,그냥 선생님,연일,804333,https://comic.naver.com/webtoon/list?titleId=804333&tab=tue,9238232,그냥 선생님,그냥 선생님 (총 363화/미완결),총 363화/미완결,363.0,미완결,,,https://series.naver.com/comic/detail.series?productNo=9238232,matched,ok,"그냥 선생님 (총 363화/미완결)
평점
10.0 | 연일 연일 | 2026.06.08. | 총363화/미완결 | 354화 무료
선생님 집은 학교 아니에요? 선생님도 집이 있어요?우리들 모두의 학창 시절, 언제나 그 자리에 있을 거만 같은 선생님들.수업이 끝난 교실, 학교 바깥. 그냥 선생님들의 평범하고 사랑스러운 일상,일상 로맨스 <그냥 선생님>","tue,fri",2,"tue,fri",2,"mon,thu","tue,fri",True,fri,금,thu,fri,9238232_fri,pre_release,오늘 밤 10시 새 회차 공개 전 기준값 수집,252.3만,2523000.0,https://series.naver.com/comic/detail.series?productNo=9238232,20260820_165209,thu,목,2026-08-20 16:52:09,2026-08-20,16:52:09,2026-08-20 16:53:36,2026-08-20 16:53:39,2.56,2026-08-20 16:53:39,2026-08-20,16:53:39,2026-08-20 17:08:23,973.6
fri,7,나 혼자 탑에서 농사,한치,808389,https://comic.naver.com/webtoon/list?titleId=808389&tab=fri,9632355,나 혼자 탑에서 농사,나 혼자 탑에서 농사 (총 129화/미완결),총 129화/미완결,129.0,미완결,,,https://series.naver.com/comic/detail.series?productNo=9632355,matched,ok,"나 혼자 탑에서 농사 (총 129화/미완결)
평점
9.9 | 한치 이하경 | 2026.06.04. | 총129화/미완결 | 124화 무료
어느 날 갑자기 도시에 나타난 정체불명의 탑.사람들은 그곳을 던전이라고 부르기로 했다.그리고 그곳은 험한 지형과 위험한 몬스터들로 가득했지만수많은 보물이 기다리는 기회의 땅이기도 하다.평범한 삶을 살고 있던 청년 ..",fri,1,fri,1,thu,fri,True,fri,금,thu,fri,9632355_fri,pre_release,오늘 밤 10시 새 회차 공개 전 기준값 수집,"1,541만",15410000.0,https://series.naver.com/comic/detail.series?productNo=9632355,20260820_165209,thu,목,2026-08-20 16:52:09,2026-08-20,16:52:09,2026-08-20 16:53:40,2026-08-20 16:53:42,2.17,2026-08-20 16:53:42,2026-08-20,16:53:42,2026-08-20 17:08:23,973.6
fri,39,펜홀더,이은재,814587,https://comic.naver.com/webtoon/list?titleId=814587&tab=fri,10110588,펜홀더,펜홀더 (총 134화/미완결),총 134화/미완결,134.0,미완결,,,https://series.naver.com/comic/detail.series?productNo=10110588,matched,ok,"펜홀더 (총 134화/미완결)
평점
9.4 | 이은재 이은재 | 2026.06.04. | 총134화/미완결 | 128화 무료
천재적인 재능으로 모든 스포츠를 씹어먹는 고등학생 한이연.어떤 스포츠를 해도 패배를 몰랐던 그에게, 벽을 느끼게 해준 한 탁구 고수가 등장하는데...승부욕에 불타오른 이연은 사라져가는 '펜홀더' 라켓으로 복수를 꿈꾼다!",fri,1,fri,1,thu,fri,True,fri,금,thu,fri,10110588_fri,pre_release,오늘 밤 10시 새 회차 공개 전 기준값 수집,491.4만,4914000.0,https://series.naver.com/comic/detail.series?productNo=10110588,20260820_165209,thu,목,2026-08-20 16:52:09,2026-08-20,16:52:09,2026-08-20 16:53:44,2026-08-20 16:53:47,2.81,2026-08-20 16:53:47,2026-08-20,16:53:47,2026-08-20 17:08:23,973.6
fri,93,뼈왕,유성연,816913,https://comic.naver.com/webtoon/list?titleId=816913&tab=fri,10201453,뼈왕,뼈왕 (총 145화/미완결),총 145화/미완결,145.0,미완결,,,https://series.naver.com/comic/detail.series?productNo=10201453,matched,ok,"뼈왕 (총 145화/미완결)
평점
10.0 | 유성연 유성연 | 2026.06.04. | 총145화/미완결 | 140화 무료
낯선 이세계에 떨어지게 된 정형외과 의사 이대환. 그는 뼈를 조립하여 해골을 되살릴 수 있는 능력을 발견한다. 그렇게 살려낸 수많은 해골들의 지지 속에 뼈왕으로 등극! 하지만 행복도 잠시. 전투 중에 생명과도 같은 오른팔..",fri,1,fri,1,thu,fri,True,fri,금,thu,fri,10201453_fri,pre_release,오늘 밤 10시 새 회차 공개 전 기준값 수집,52.1만,521000.0,https://series.naver.com/comic/detail.series?productNo=10201453,20260820_165209,thu,목,2026-08-20 16:52:09,2026-08-20,16:52:09,2026-08-20 16:53:48,2026-08-20 16:53:51,2.31,2026-08-20 16:53:51,2026-08-20,16:53:51,2026-08-20 17:08:23,973.6
fri,29,열렙전사 3부,김세훈,817032,https://comic.naver.com/webtoon/list?titleId=817032&tab=fri,10208537,열렙전사 3부,열렙전사 3부 (총 149화/미완결),총 149화/미완결,149.0,미완결,,,https://series.naver.com/comic/detail.series?productNo=10208537,matched,ok,"열렙전사 3부 (총 149화/미완결)
평점
9.6 | 김세훈 김세훈 | 2026.06.04. | 총149화/미완결 | 143화 무료
이번엔 현실이다!게임이 되어버린 세상, 열렙전사 공원호가 다시 한 번 최강의 자리를 노린다!",fri,1,fri,1,thu,fri,True,fri,금,thu,fri,10208537_fri,pre_release,오늘 밤 10시 새 회차 공개 전 기준값 수집,"1,205만",12050000.0,https://series.naver.com/comic/detail.series?productNo=10208537,20260820_165209,thu,목,2026-08-20 16:52:09,2026-08-20,16:52:09,2026-08-20 16:53:52,2026-08-20 16:53:54,2.21,2026-08-20 16:53:54,2026-08-20,16:53:54,2026-08-20 17:08:23,973.6
fri,55,공동급식구역,청건,817927,https://comic.naver.com/webtoon/list?titleId=817927&tab=fri,10298830,공동급식구역,공동급식구역 (총 61화/미완결),총 61화/미완결,61.0,미완결,청건 청건,평점 9.6 | 청건 청건 | 2024.12.06. | 총61화/미완결 | 전화 무료,https://series.naver.com/comic/detail.series?productNo=10298830,matched,ok,"공동급식구역 (총 61화/미완결)
평점
9.6 | 청건 청건 | 2024.12.06. | 총61화/미완결 | 전화 무료
강자가 모든 것을 지배하는 수작고등학교.전학생 이사나는 공평하지 않은 점심급식에 분노한다.비분함을 감출 수 없다면 이미 싸움은 시작된 것. 달려 사나!",fri,1,fri,1,thu,fri,True,fri,금,thu,fri,10298830_fri,pre_release,오늘 밤 10시 새 회차 공개 전 기준값 수집,65.2만,652000.0,https://series.naver.com/comic/detail.series?productNo=10298830,20260820_165209,thu,목,2026-08-20 16:52:09,2026-08-20,16:52:09,2026-08-20 16:53:55,2026-08-20 16:53:57,2.51,2026-08-20 16:53:57,2026-08-20,16:53:57,2026-08-20 17:08:23,973.6
fri,112,우리는 후라이족,켄타,818360,https://comic.naver.com/webtoon/list?titleId=818360&tab=fri,10394949,우리는 후라이족,우리는 후라이족 (총 79화/미완결),총 79화/미완결,79.0,미완결,,,https://series.naver.com/comic/detail.series?productNo=10394949,matched,ok,"우리는 후라이족 (총 79화/미완결)
평점
10.0 | 켄타 켄타 | 2026.06.04. | 총79화/미완결 | 76화 무료
심한 천식질환으로 시골로 이사오게 된 11살 소년 호준이.어느 날 밤.푸른 눈을 가진 하얗고 포동포동한 털북숭이가 호준이 앞에 나타나 경고한다.""우리는 후라이족입니다! 인간은 이 집을 떠나십시오!""",fri,1,fri,1,thu,fri,True,fri,금,thu,fri,10394949_fri,pre_release,오늘 밤 10시 새 회차 공개 전 기준값 수집,19.7만,197000.0,https://series.naver.com/comic/detail.series?productNo=10394949,20260820_165209,thu,목,2026-08-20 16:52:09,2026-08-20,16:52:09,2026-08-20 16:53:58,2026-08-20 16:54:00,2.03,2026-08-20 16:54:00,2026-08-20,16:54:00,2026-08-20 17:08:23,973.6
fri,84,소곤소곤2,옛사람,818401,https://comic.naver.com/webtoon/list?titleId=818401&tab=fri,10377404,소곤소곤2,소곤소곤2 (총 107화/미완결),총 107화/미완결,107.0,미완결,,,https://series.naver.com/comic/detail.series?productNo=10377404,matched,ok,"소곤소곤2 (총 107화/미완결)
평점
10.0 | 옛사람 옛사람 | 2026.06.04. | 총107화/미완결 | 106화 무료
옛사람 작가의 옴니버스 미스터리 드라마 <소곤소곤>이 돌아왔다! 세상 어딘가에 있을 기묘한 이야기.",fri,1,fri,1,thu,fri,True,fri,금,thu,fri,10377404_fri,pre_release,오늘 밤 10시 새 회차 공개 전 기준값 수집,19.6만,196000.0,https://series.naver.com/comic/detail.series?productNo=10377404,20260820_165209,thu,목,2026-08-20 16:52:09,2026-08-20,16:52:09,2026-08-20 16:54:02,2026-08-20 16:54:04,2.05,2026-08-20 16:54:04,2026-08-20,16:54:04,2026-08-20 17:08:23,973.6
fri,96,당신의 사랑,오아,819647,https://comic.naver.com/webtoon/list?titleId=819647&tab=fri,10543528,당신의 사랑,당신의 사랑 (총 41화/미완결),총 41화/미완결,41.0,미완결,,,https://series.naver.com/comic/detail.series?productNo=10543528,matched,ok,"당신의 사랑 (총 41화/미완결)
평점
10.0 | 오아 | 2026.02.20. | 총41화/미완결 | 전화 무료
서른셋. 손이 느린 일러스트레이터 지망생 한사랑.엄마의 소개로 외모까지 이상형인 최강 스펙 돌싱남 성요셉을 만나 사랑에 빠져 사귀게 되지만...이 남자, 뭔가 이상하다.",fri,1,fri,1,thu,fri,True,fri,금,thu,fri,10543528_fri,pre_release,오늘 밤 10시 새 회차 공개 전 기준값 수집,26.9만,269000.0,https://series.naver.com/comic/detail.series?productNo=10543528,20260820_165209,thu,목,2026-08-20 16:52:09,2026-08-20,16:52:09,2026-08-20 16:54:05,2026-08-20 16:54:07,1.96,2026-08-20 16:54:07,2026-08-20,16:54:07,2026-08-20 17:08:23,973.6
fri,8,아카데미에서 살아남기,기린그린,820097,https://comic.naver.com/webtoon/list?titleId=820097&tab=fri,10577696,아카데미에서 살아남기,아카데미에서 살아남기 (총 111화/미완결),총 111화/미완결,111.0,미완결,,,https://series.naver.com/comic/detail.series?productNo=10577696,matched,ok,"아카데미에서 살아남기 (총 111화/미완결)
평점
9.9 | 코리타 기린그린 | 2026.06.04. | 총111화/미완결 | 104화 무료
[연재 요일: 매주 금요일]즐겨하던 게임의 삼류 엑스트라 악역으로 빙의했다.야망은 없고 그냥 조용히 살고 싶다. 근데 세상이 참 살아남기 힘들다.주인공이 할 수 없는 삼류 악역의 방식으로, 난 이 이야기의 끝을 맞이하기 위..",fri,1,fri,1,thu,fri,True,fri,금,thu,fri,10577696_fri,pre_release,오늘 밤 10시 새 회차 공개 전 기준값 수집,"1,072만",10720000.0,https://series.naver.com/comic/detail.series?productNo=10577696,20260820_165209,thu,목,2026-08-20 16:52:09,2026-08-20,16:52:09,2026-08-20 16:54:09,2026-08-20 16:54:11,2.31,2026-08-20 16:54:11,2026-08-20,16:54:11,2026-08-20 17:08:23,973.6
fri,35,가장 썩은 것을 줄게,윤다,821814,https://comic.naver.com/webtoon/list?titleId=821814&tab=fri,10766371,가장 썩은 것을 줄게,가장 썩은 것을 줄게 (총 98화/미완결),총 98화/미완결,98.0,미완결,,,https://series.naver.com/comic/detail.series?productNo=10766371,matched,ok,"가장 썩은 것을 줄게 (총 98화/미완결)
평점
9.9 | 윤다 | 2026.06.04. | 총98화/미완결 | 93화 무료
10년을 사귄 남자친구가 다른 여자와 하룻밤을 보냈다.그래서 나도 그에게 상처를 주기로 결심했다. 고르고 골라서 가장 나쁘고 치사한 방법으로.끝나가는 연애 끝에 다시 쓰여지는 이 관계.단 한 번도 상상 해 본 적도 없는 최..",fri,1,fri,1,thu,fri,True,fri,금,thu,fri,10766371_fri,pre_release,오늘 밤 10시 새 회차 공개 전 기준값 수집,663.6만,6636000.0,https://series.naver.com/comic/detail.series?productNo=10766371,20260820_165209,thu,목,2026-08-20 16:52:09,2026-08-20,16:52:09,2026-08-20 16:54:12,2026-08-20 16:54:15,2.35,2026-08-20 16:54:15,2026-08-20,16:54:15,2026-08-20 17:08:23,973.6
fri,66,여동생은 오늘 밤 나를 간택한다,네온비,822557,https://comic.naver.com/webtoon/list?titleId=822557&tab=fri,10832763,여동생은 오늘 밤 나를 간택한다,여동생은 오늘 밤 나를 간택한다 (총 121화/미완결),총 121화/미완결,121.0,미완결,네온비 도달,평점 10.0 | 네온비 도달 | 2026.06.11. | 총121화/미완결 | 116화 무료,https://series.naver.com/comic/detail.series?productNo=10832763,matched,ok,"여동생은 오늘 밤 나를 간택한다 (총 121화/미완결)
평점
10.0 | 네온비 도달 | 2026.06.11. | 총121화/미완결 | 116화 무료
재벌가의 입양딸 아린은 새엄마를 향한 뒤틀린 애정을 품고 있다.성인이 된 후, 우연한 사고로 자신에게 발칙한 능력이 있음을 깨닫는 아린.능력을 사용해 새엄마의 관심을 끌어보려 하지만, 새엄마가 아닌 의붓오빠들이 아린..",fri,1,fri,1,thu,fri,True,fri,금,thu,fri,10832763_fri,pre_release,오늘 밤 10시 새 회차 공개 전 기준값 수집,270.3만,2703000.0,https://series.naver.com/comic/detail.series?productNo=10832763,20260820_165209,thu,목,2026-08-20 16:52:09,2026-08-20,16:52:09,2026-08-20 16:54:16,2026-08-20 16:54:18,2.35,2026-08-20 16:54:18,2026-08-20,16:54:18,2026-08-20 17:08:23,973.6
fri,82,암살청과,나락,823070,https://comic.naver.com/webtoon/list?titleId=823070&tab=fri,10907793,암살청과,암살청과 (총 91화/미완결),총 91화/미완결,91.0,미완결,,,https://series.naver.com/comic/detail.series?productNo=10907793,matched,ok,"암살청과 (총 91화/미완결)
평점
9.9 | 나락 군다 | 2026.06.04. | 총91화/미완결 | 86화 무료
누가 봐도 평범한 보통의 취준생, 정보통.평생의 콤플렉스였던 평범함이 빛을 발하는 재능의 영역임을 뜻밖의 직무에서 확인하게 되고, 그는 킬러가 되기로 한다.세상의 상식과는 다른 생태계인 위기일발 킬러 업계에서, 과연 ..",fri,1,fri,1,thu,fri,True,fri,금,thu,fri,10907793_fri,pre_release,오늘 밤 10시 새 회차 공개 전 기준값 수집,129.2만,1292000.0,https://series.naver.com/comic/detail.series?productNo=10907793,20260820_165209,thu,목,2026-08-20 16:52:09,2026-08-20,16:52:09,2026-08-20 16:54:19,2026-08-20 16:54:21,2.18,2026-08-20 16:54:21,2026-08-20,16:54:21,2026-08-20 17:08:23,973.6
fri,44,하는 사이,안녕,823437,https://comic.naver.com/webtoon/list?titleId=823437&tab=fri,10965984,하는 사이,하는 사이 (총 85화/미완결),총 85화/미완결,85.0,미완결,,,https://series.naver.com/comic/detail.series?productNo=10965984,matched,ok,"하는 사이 (총 85화/미완결)
평점
9.9 | 안녕 안녕 | 2026.06.04. | 총85화/미완결 | 80화 무료
모두의 태양이자 주목받는 존재인 강시화, 그런 시화와 특별한 소꿉 친구 사이로 주변의 질투를 받던 이은서.우리는 특별한 사이잖아? 너도 그렇게 생각하지?그렇게 생각했다. 하지만…묻고 싶어. 너랑 난 뭐하는 사이야?",fri,1,fri,1,thu,fri,True,fri,금,thu,fri,10965984_fri,pre_release,오늘 밤 10시 새 회차 공개 전 기준값 수집,321.3만,3213000.0,https://series.naver.com/comic/detail.series?productNo=10965984,20260820_165209,thu,목,2026-08-20 16:52:09,2026-08-20,16:52:09,2026-08-20 16:54:23,2026-08-20 16:54:25,2.15,2026-08-20 16:54:25,2026-08-20,16:54:25,2026-08-20 17:08:23,973.6
fri,42,사자의 서,,823737,https://comic.naver.com/webtoon/list?titleId=823737&tab=fri,2737090,사자의서 [도시정벌 레거시],사자의서 [도시정벌 레거시] (총 219화/완결),총 219화/완결,219.0,완결,신형빈 신형빈,평점 9.2 | 신형빈 신형빈 | 2019.11.06. | 총219화/완결 | 5화 무료,https://series.naver.com/comic/detail.series?productNo=2737090,matched,ok,"사자의서 [도시정벌 레거시] (총 219화/완결)
평점
9.2 | 신형빈 신형빈 | 2019.11.06. | 총219화/완결 | 5화 무료
죽음(死)에서 돌아 온 자. 그가 써내려가는 피의 역사에 도시(都市)가 깨어난다.",fri,1,fri,1,thu,fri,True,fri,금,thu,fri,2737090_fri,pre_release,오늘 밤 10시 새 회차 공개 전 기준값 수집,121.4만,1214000.0,https://series.naver.com/comic/detail.series?productNo=2737090,20260820_165209,thu,목,2026-08-20 16:52:09,2026-08-20,16:52:09,2026-08-20 16:54:27,2026-08-20 16:54:30,3.1,2026-08-20 16:54:30,2026-08-20,16:54:30,2026-08-20 17:08:23,973.6
fri,53,남편은 한 명으로 족하다,고선영,823773,https://comic.naver.com/webtoon/list?titleId=823773&tab=fri,11004208,남편은 한 명으로 족하다,남편은 한 명으로 족하다 (총 102화/미완결),총 102화/미완결,102.0,미완결,,,https://series.naver.com/comic/detail.series?productNo=11004208,matched,ok,"남편은 한 명으로 족하다 (총 102화/미완결)
평점
9.9 | 고선영 고선영 | 2026.06.04. | 총102화/미완결 | 97화 무료
<모든 사람들이 나를 사랑하면 사는 게 재밌을 줄 알았다>평범한 회사원이 로맨스 판타지 게임의 매력 수치 999 백작 영애 '크로체타'에 빙의했다. 사람들이 눈만 마주치면 자신에게 반해서 달려드는 환장할 상황. 크로체타는..",fri,1,fri,1,thu,fri,True,fri,금,thu,fri,11004208_fri,pre_release,오늘 밤 10시 새 회차 공개 전 기준값 수집,485.7만,4857000.0,https://series.naver.com/comic/detail.series?productNo=11004208,20260820_165209,thu,목,2026-08-20 16:52:09,2026-08-20,16:52:09,2026-08-20 16:54:31,2026-08-20 16:54:34,2.77,2026-08-20 16:54:34,2026-08-20,16:54:34,2026-08-20 17:08:23,973.6
fri,74,성북구 비둘기 이헌서,허새보,826580,https://comic.naver.com/webtoon/list?titleId=826580&tab=fri,11182090,성북구 비둘기 이헌서,성북구 비둘기 이헌서 (총 89화/미완결),총 89화/미완결,89.0,미완결,,,https://series.naver.com/comic/detail.series?productNo=11182090,matched,ok,"성북구 비둘기 이헌서 (총 89화/미완결)
평점
10.0 | 허새보 허새보 | 2026.06.04. | 총89화/미완결 | 86화 무료
하루 아침에 비둘기가 되어버린 대학생 '이헌서'(여/24)다시 인간으로 돌아갈 방법을 찾지 못한 헌서는 당분간 같은 동네 남사친 '반휘혈'의 집에 머물며 비둘기 생활을 이어나가게 되는데...어떤가요 이헌서양, 비둘기 생활 재..",fri,1,fri,1,thu,fri,True,fri,금,thu,fri,11182090_fri,pre_release,오늘 밤 10시 새 회차 공개 전 기준값 수집,66.9만,669000.0,https://series.naver.com/comic/detail.series?productNo=11182090,20260820_165209,thu,목,2026-08-20 16:52:09,2026-08-20,16:52:09,2026-08-20 16:54:35,2026-08-20 16:54:38,2.78,2026-08-20 16:54:38,2026-08-20,16:54:38,2026-08-20 17:08:23,973.6
fri,87,북설애담,휘요,827578,https://comic.naver.com/webtoon/list?titleId=827578&tab=fri,11309258,북설애담,북설애담 (총 84화/미완결),총 84화/미완결,84.0,미완결,휘요 휘요,평점 9.8 | 휘요 휘요 | 2026.03.19. | 총84화/미완결 | 전화 무료,https://series.naver.com/comic/detail.series?productNo=11309258,matched,ok,"북설애담 (총 84화/미완결)
평점
9.8 | 휘요 휘요 | 2026.03.19. | 총84화/미완결 | 전화 무료
요괴임을 숨기고 인간인 척 사는 설녀, 설하.요괴는 잔인하게 죽이는 북부대군과 혼인하게 된다?!과연 설하는 요괴인 것을 들키지 않고 행복한 결혼생활을 보낼 수 있을까?",fri,1,fri,1,thu,fri,True,fri,금,thu,fri,11309258_fri,pre_release,오늘 밤 10시 새 회차 공개 전 기준값 수집,62.1만,621000.0,https://series.naver.com/comic/detail.series?productNo=11309258,20260820_165209,thu,목,2026-08-20 16:52:09,2026-08-20,16:52:09,2026-08-20 16:54:39,2026-08-20 16:54:42,2.61,2026-08-20 16:54:42,2026-08-20,16:54:42,2026-08-20 17:08:23,973.6
fri,95,아라드의 빛: 먼저 걷는 자,제갈복자,827759,https://comic.naver.com/webtoon/list?titleId=827759&tab=fri,11493424,아라드의 빛: 먼저 걷는 자,아라드의 빛: 먼저 걷는 자 (총 108화/미완결),총 108화/미완결,108.0,미완결,,,https://series.naver.com/comic/detail.series?productNo=11493424,matched,ok,"아라드의 빛: 먼저 걷는 자 (총 108화/미완결)
평점
9.6 | 제갈복자, 이수백 펑키크리처 | 2026.06.04. | 총108화/미완결 | 100화 무료
아라드에 퍼진 오염을 정화하기 위해 나를 소환했다…?던전앤파이터에 인생을 바친 유저 진성.초월자 네메르에 의해 아라드에 소환되어 부집게의 사명을 부여받는다.『그대는 부집게가 되어 칼날을 올바른 시련으로 인도하라...",fri,1,fri,1,thu,fri,True,fri,금,thu,fri,11493424_fri,pre_release,오늘 밤 10시 새 회차 공개 전 기준값 수집,52.2만,522000.0,https://series.naver.com/comic/detail.series?productNo=11493424,20260820_165209,thu,목,2026-08-20 16:52:09,2026-08-20,16:52:09,2026-08-20 16:54:43,2026-08-20 16:54:45,2.02,2026-08-20 16:54:45,2026-08-20,16:54:45,2026-08-20 17:08:23,973.6
fri,71,초등생활 그림일기,은꼼지,827863,https://comic.naver.com/webtoon/list?titleId=827863&tab=fri,11338232,초등생활 그림일기,초등생활 그림일기 (총 104화/미완결),총 104화/미완결,104.0,미완결,,,https://series.naver.com/comic/detail.series?productNo=11338232,matched,ok,"초등생활 그림일기 (총 104화/미완결)
평점
10.0 | 은꼼지 | 2026.06.04. | 총104화/미완결 | 100화 무료
어느덧 유치원 생활의 작은 모험에서 벗어나 초등학교의 문턱을 넘은 나의 자식!초등생활 그림일기라 쓰고 부모생활 그림일기라 읽는다~!좌충우돌, 천방지축, 찌그락빠그락, 우당탕탕!이제부터 세 가족의 진정하고도 새로운 ..",fri,1,fri,1,thu,fri,True,fri,금,thu,fri,11338232_fri,pre_release,오늘 밤 10시 새 회차 공개 전 기준값 수집,28.4만,284000.0,https://series.naver.com/comic/detail.series?productNo=11338232,20260820_165209,thu,목,2026-08-20 16:52:09,2026-08-20,16:52:09,2026-08-20 16:54:47,2026-08-20 16:54:49,2.17,2026-08-20 16:54:49,2026-08-20,16:54:49,2026-08-20 17:08:23,973.6
mon,43,구야는 신입,구야,828167,https://comic.naver.com/webtoon/list?titleId=828167&tab=mon,11367370,구야는 신입,구야는 신입 (총 182화/미완결),총 182화/미완결,182.0,미완결,,,https://series.naver.com/comic/detail.series?productNo=11367370,matched,ok,"구야는 신입 (총 182화/미완결)
평점
9.9 | 구야 구야 | 2026.06.07. | 총182화/미완결 | 178화 무료
평생 학생일 줄 알았던 내가 어느새 직장인이 되어버렸다.직장인이 된 기쁨도 잠시... 이제는 일하다가 몰래 잡코리x만 뒤져보는 직장인이 되어버렸다는데...사회초년생 구야의 웃픈(?) 홀로서기","mon,fri",2,"mon,fri",2,"sun,thu","mon,fri",True,fri,금,thu,fri,11367370_fri,pre_release,오늘 밤 10시 새 회차 공개 전 기준값 수집,55.1만,551000.0,https://series.naver.com/comic/detail.series?productNo=11367370,20260820_165209,thu,목,2026-08-20 16:52:09,2026-08-20,16:52:09,2026-08-20 16:54:50,2026-08-20 16:54:53,2.41,2026-08-20 16:54:53,2026-08-20,16:54:53,2026-08-20 17:08:23,973.6
tue,62,개집사,고추참치,828292,https://comic.naver.com/webtoon/list?titleId=828292&tab=tue,11371316,개집사,개집사 (총 203화/미완결),총 203화/미완결,203.0,미완결,,,https://series.naver.com/comic/detail.series?productNo=11371316,matched,ok,"개집사 (총 203화/미완결)
평점
10.0 | 고추참치 고추참치 | 2026.06.08. | 총203화/미완결 | 198화 무료
출근도 퇴근도 없는 똑같은 일상의 작가…눈치채지 못한 사이 작가의 삶에 다이나믹한 소재를 주는 두 존재가 있었는데…! 작지만 자존감 만큼은 하늘 같은 말티즈, 덩칫값못하는 진도 믹스 아가씨들을 모시는 집사&작가의 삶","tue,fri",2,"tue,fri",2,"mon,thu","tue,fri",True,fri,금,thu,fri,11371316_fri,pre_release,오늘 밤 10시 새 회차 공개 전 기준값 수집,63.5만,635000.0,https://series.naver.com/comic/detail.series?productNo=11371316,20260820_165209,thu,목,2026-08-20 16:52:09,2026-08-20,16:52:09,2026-08-20 16:54:53,2026-08-20 16:54:56,2.45,2026-08-20 16:54:56,2026-08-20,16:54:56,2026-08-20 17:08:23,973.6
fri,99,절세미남 망나니 해골 되다,이루다,828337,https://comic.naver.com/webtoon/list?titleId=828337&tab=fri,11388488,절세미남 망나니 해골 되다,절세미남 망나니 해골 되다 (총 102화/미완결),총 102화/미완결,102.0,미완결,,,https://series.naver.com/comic/detail.series?productNo=11388488,matched,ok,"절세미남 망나니 해골 되다 (총 102화/미완결)
평점
9.9 | 이루다 김선용 | 2026.06.04. | 총102화/미완결 | 96화 무료
인간뿐 아니라 몬스터도 반하는 세계관 최강 절세미남 '루이'어느 날 마을에 돈 역병. 루이 또한 병에 걸려 죽음을 맞이하는데..""조각 같던 내 얼굴은 어디 가고 이 해골바가지는 뭐야?!""세계관 최강 꽃미남 미(美)도 추(醜)도 없..",fri,1,fri,1,thu,fri,True,fri,금,thu,fri,11388488_fri,pre_release,오늘 밤 10시 새 회차 공개 전 기준값 수집,49.6만,496000.0,https://series.naver.com/comic/detail.series?productNo=11388488,20260820_165209,thu,목,2026-08-20 16:52:09,2026-08-20,16:52:09,2026-08-20 16:54:58,2026-08-20 16:55:00,2.8,2026-08-20 16:55:00,2026-08-20,16:55:00,2026-08-20 17:08:23,973.6
fri,19,돈구멍,박성현,828950,https://comic.naver.com/webtoon/list?titleId=828950&tab=fri,11451897,돈구멍,돈구멍 (총 103화/미완결),총 103화/미완결,103.0,미완결,,,https://series.naver.com/comic/detail.series?productNo=11451897,matched,ok,"돈구멍 (총 103화/미완결)
평점
9.2 | 박성현 박성현 | 2026.06.04. | 총103화/미완결 | 95화 무료
불법 대출업체 ‘명동캐피탈’에서 대출 권유 전화를 돌리는 알바생으로 살아가는 밑바닥 인생 김훈. ‘명동캐피탈’ 회장의 딸인 ‘배여사’의 내연남이기도 하다.그러던 어느날 배여사가 자신의 아들 ‘배제아’를 학교에..",fri,1,fri,1,thu,fri,True,fri,금,thu,fri,11451897_fri,pre_release,오늘 밤 10시 새 회차 공개 전 기준값 수집,417.8만,4178000.0,https://series.naver.com/comic/detail.series?productNo=11451897,20260820_165209,thu,목,2026-08-20 16:52:09,2026-08-20,16:52:09,2026-08-20 16:55:02,2026-08-20 16:55:05,2.93,2026-08-20 16:55:05,2026-08-20,16:55:05,2026-08-20 17:08:23,973.6
fri,106,신이 내린 탑스타,권영준,829710,https://comic.naver.com/webtoon/list?titleId=829710&tab=fri,11517312,신이 내린 탑스타,신이 내린 탑스타 (총 62화/미완결),총 62화/미완결,62.0,미완결,,,https://series.naver.com/comic/detail.series?productNo=11517312,matched,ok,"신이 내린 탑스타 (총 62화/미완결)
평점
9.9 | 권영준, 동전파스 쿠하 | 2026.06.04. | 총62화/미완결 | 58화 무료
타고난 신기로 무당 혹은 연예인이 되어야하는 운명을 타고난 '강연우'는 죽을 고비를 넘긴 이후, 원념을 해결하면 수명을 얻는 능력을 갖는다.그 이후 의뢰를 해결하다 만난 톱스타 '권성현'에 의해, 연우의 인생은 완전히 바..",fri,1,fri,1,thu,fri,True,fri,금,thu,fri,11517312_fri,pre_release,오늘 밤 10시 새 회차 공개 전 기준값 수집,48만,480000.0,https://series.naver.com/comic/detail.series?productNo=11517312,20260820_165209,thu,목,2026-08-20 16:52:09,2026-08-20,16:52:09,2026-08-20 16:55:07,2026-08-20 16:55:09,1.85,2026-08-20 16:55:09,2026-08-20,16:55:09,2026-08-20 17:08:23,973.6
fri,43,보이스피싱인데 인생역전,왓더헬,830144,https://comic.naver.com/webtoon/list?titleId=830144&tab=fri,11571314,보이스피싱인데 인생역전,보이스피싱인데 인생역전 (총 94화/미완결),총 94화/미완결,94.0,미완결,장탄 왓더헬,평점 9.6 | 장탄 왓더헬 | 2026.07.30. | 총94화/미완결 | 91화 무료,https://series.naver.com/comic/detail.series?productNo=11571314,matched,ok,"보이스피싱인데 인생역전 (총 94화/미완결)
평점
9.6 | 장탄 왓더헬 | 2026.07.30. | 총94화/미완결 | 91화 무료
""당신의 미래를 바꿔 드립니다!""인생 역전의 기회, 확실한 서비스를 약속하는 보이스피싱! 하루아침에 나락으로 떨어진 왕년의 국민 배우 '강주혁'은 빛도 들어오지 않는 어두운 단칸방에서 매일을 고통 속에서 살아간다. 어느 ..",fri,1,fri,1,thu,fri,True,fri,금,thu,fri,11571314_fri,pre_release,오늘 밤 10시 새 회차 공개 전 기준값 수집,202.7만,2027000.0,https://series.naver.com/comic/detail.series?productNo=11571314,20260820_165209,thu,목,2026-08-20 16:52:09,2026-08-20,16:52:09,2026-08-20 16:55:10,2026-08-20 16:55:12,2.09,2026-08-20 16:55:12,2026-08-20,16:55:12,2026-08-20 17:08:23,973.6
fri,36,로맨스 저주,,834035,https://comic.naver.com/webtoon/list?titleId=834035&tab=fri,11824393,로맨스 저주,로맨스 저주 (총 92화/미완결),총 92화/미완결,92.0,미완결,다원 다원,평점 9.9 | 다원 다원 | 2026.06.18. | 총92화/미완결 | 85화 무료,https://series.naver.com/comic/detail.series?productNo=11824393,review_needed,not_found,"로맨스 저주 (총 92화/미완결)
평점
9.9 | 다원 다원 | 2026.06.18. | 총92화/미완결 | 85화 무료
희수는 타인을 저주하는 글을 쓰면 현실이 되는 신비한 노트를 택배로 받는다.심지어 저주를 할 때마다 현금이 나온다!희수는 짝사랑하던 남자 현우를 저주해 자신과의 로맨스를 강요한다.하지만 뜻대로 되지 않고, 일이 꼬여..",fri,1,fri,1,thu,fri,True,fri,금,thu,fri,11824393_fri,pre_release,오늘 밤 10시 새 회차 공개 전 기준값 수집,,,https://nid.naver.com/nidlogin.login?svctype=128&a_version=2&viewtype=1&url=http%3A%2F%2Fseries.naver.com%2Fcomic%2Fdetail.series%3FproductNo%3D11824393&surl=https%3A%2F%2Fseries.naver.com,20260820_165209,thu,목,2026-08-20 16:52:09,2026-08-20,16:52:09,2026-08-20 16:55:13,2026-08-20 16:55:31,17.52,2026-08-20 16:55:31,2026-08-20,16:55:31,2026-08-20 17:08:23,973.6
fri,85,소년경찰,삼갱,834417,https://comic.naver.com/webtoon/list?titleId=834417&tab=fri,11890407,소년경찰,소년경찰 (총 54화/미완결),총 54화/미완결,54.0,미완결,,,https://series.naver.com/comic/detail.series?productNo=11890407,matched,ok,"소년경찰 (총 54화/미완결)
평점
9.5 | 삼갱 삼갱 | 2026.06.04. | 총54화/미완결 | 49화 무료
20XX년, 갈수록 흉악해지는 미성년자들의 악행으로,정부는 학생을 경찰로 채용한 소년경찰이라는 특별 팀을 창설하게 된다.별 볼일 없이 평범했던 소년 도재하는소년경찰이었던 자신의 가장 친한 친구를 사고로 잃게 되고 소..",fri,1,fri,1,thu,fri,True,fri,금,thu,fri,11890407_fri,pre_release,오늘 밤 10시 새 회차 공개 전 기준값 수집,27.8만,278000.0,https://series.naver.com/comic/detail.series?productNo=11890407,20260820_165209,thu,목,2026-08-20 16:52:09,2026-08-20,16:52:09,2026-08-20 16:55:32,2026-08-20 16:55:36,3.62,2026-08-20 16:55:36,2026-08-20,16:55:36,2026-08-20 17:08:23,973.6
fri,88,만두 생활기록부,킹만두,835089,https://comic.naver.com/webtoon/list?titleId=835089&tab=fri,12007329,만두 생활기록부,만두 생활기록부 (총 79화/미완결),총 79화/미완결,79.0,미완결,,,https://series.naver.com/comic/detail.series?productNo=12007329,matched,ok,"만두 생활기록부 (총 79화/미완결)
평점
10.0 | 킹만두 킹만두 | 2026.06.04. | 총79화/미완결 | 76화 무료
'아마도... 이번 생은 시트콤?!'유년기 시절부터 지금까지의 웃픈 에피소드를 다룬 실화 기반 개그 일상툰!사랑 이야기부터 훈훈한 가족 이야기 그리고 흑역사까지, 다양한 장르를 오가는 만두의 인생을 낱낱이 들여다보자.",fri,1,fri,1,thu,fri,True,fri,금,thu,fri,12007329_fri,pre_release,오늘 밤 10시 새 회차 공개 전 기준값 수집,6만,60000.0,https://series.naver.com/comic/detail.series?productNo=12007329,20260820_165209,thu,목,2026-08-20 16:52:09,2026-08-20,16:52:09,2026-08-20 16:55:38,2026-08-20 16:55:39,1.9,2026-08-20 16:55:39,2026-08-20,16:55:39,2026-08-20 17:08:23,973.6
fri,54,시체들의 전쟁,마요너구리,836651,https://comic.naver.com/webtoon/list?titleId=836651&tab=fri,12218775,시체들의 전쟁,시체들의 전쟁 (총 70화/미완결),총 70화/미완결,70.0,미완결,,,https://series.naver.com/comic/detail.series?productNo=12218775,matched,ok,"시체들의 전쟁 (총 70화/미완결)
평점
9.9 | 마요너구리 마요너구리 | 2026.06.04. | 총70화/미완결 | 65화 무료
네크로맨서들이 자신만의 기사를 만들어 싸우는 이 시대 최고의 스포츠 '시체들의 전쟁'.수많은 사람들이 열정과 꿈을 불태우며 싸우는 잔혹한 싸움 속, 최후의 승자는 누가 될 것인가.",fri,1,fri,1,thu,fri,True,fri,금,thu,fri,12218775_fri,pre_release,오늘 밤 10시 새 회차 공개 전 기준값 수집,137.9만,1379000.0,https://series.naver.com/comic/detail.series?productNo=12218775,20260820_165209,thu,목,2026-08-20 16:52:09,2026-08-20,16:52:09,2026-08-20 16:55:41,2026-08-20 16:55:44,2.35,2026-08-20 16:55:44,2026-08-20,16:55:44,2026-08-20 17:08:23,973.6
fri,33,아티팩트 먹는 플레이어,벤티,836683,https://comic.naver.com/webtoon/list?titleId=836683&tab=fri,12225039,아티팩트 먹는 플레이어,아티팩트 먹는 플레이어 (총 46화/미완결),총 46화/미완결,46.0,미완결,,,https://series.naver.com/comic/detail.series?productNo=12225039,matched,ok,"아티팩트 먹는 플레이어 (총 46화/미완결)
평점
9.8 | 벤티, 기인 벤티 | 2026.06.04. | 총46화/미완결 | 41화 무료
내가 강해지는 방법은 정말 간단했다.그저, 먹는 것.열심히 아티팩트를 먹으면 됐다.회귀도 했으니 이제는 원없이 먹어치워볼까?",fri,1,fri,1,thu,fri,True,fri,금,thu,fri,12225039_fri,pre_release,오늘 밤 10시 새 회차 공개 전 기준값 수집,142.5만,1425000.0,https://series.naver.com/comic/detail.series?productNo=12225039,20260820_165209,thu,목,2026-08-20 16:52:09,2026-08-20,16:52:09,2026-08-20 16:55:45,2026-08-20 16:55:48,2.68,2026-08-20 16:55:48,2026-08-20,16:55:48,2026-08-20 17:08:23,973.6
fri,65,고구려 태왕미천,이동욱,838875,https://comic.naver.com/webtoon/list?titleId=838875&tab=fri,12560291,고구려 태왕미천,고구려 태왕미천 (총 56화/미완결),총 56화/미완결,56.0,미완결,,,https://series.naver.com/comic/detail.series?productNo=12560291,matched,ok,"고구려 태왕미천 (총 56화/미완결)
평점
9.9 | 이동욱 이동욱 | 2026.06.04. | 총56화/미완결 | 51화 무료
고구려의 왕손 ‘을불’은 혹독한 권력 다툼 속에서 가족을 잃고 방랑자가 된다. 하지만 죽음의 위협을 넘어서며 세력을 키워 진정한 군주로 거듭난 그는, 400년 간 고구려를 괴롭힌 원수를 물리칠 대전쟁을 준비한다. 그러나 ..",fri,1,fri,1,thu,fri,True,fri,금,thu,fri,12560291_fri,pre_release,오늘 밤 10시 새 회차 공개 전 기준값 수집,30.2만,302000.0,https://series.naver.com/comic/detail.series?productNo=12560291,20260820_165209,thu,목,2026-08-20 16:52:09,2026-08-20,16:52:09,2026-08-20 16:55:49,2026-08-20 16:55:51,1.99,2026-08-20 16:55:51,2026-08-20,16:55:51,2026-08-20 17:08:23,973.6
fri,52,범상한 변호사의 아공간,혜낙,839007,https://comic.naver.com/webtoon/list?titleId=839007&tab=fri,12573539,범상한 변호사의 아공간 [독점],범상한 변호사의 아공간 [독점] (총 32화/미완결),총 32화/미완결,32.0,미완결,,,https://series.naver.com/comic/detail.series?productNo=12573539,matched,ok,"범상한 변호사의 아공간 [독점] (총 32화/미완결)
평점
9.8 | 혜낙,서칸더브이 김리아 | 2026.06.04. | 총32화/미완결 | 27화 무료
변호사 한범상 앞에 나타난 이상한 문.그 너머에는 시간이 흐르지 않는 공간이 존재한다.ⓒ혜낙,김리아(원작:서칸더브이)/학산문화사",fri,1,fri,1,thu,fri,True,fri,금,thu,fri,12573539_fri,pre_release,오늘 밤 10시 새 회차 공개 전 기준값 수집,86.4만,864000.0,https://series.naver.com/comic/detail.series?productNo=12573539,20260820_165209,thu,목,2026-08-20 16:52:09,2026-08-20,16:52:09,2026-08-20 16:55:52,2026-08-20 16:55:54,2.08,2026-08-20 16:55:54,2026-08-20,16:55:54,2026-08-20 17:08:23,973.6
fri,86,미운오리새끼,펀지르르,839542,https://comic.naver.com/webtoon/list?titleId=839542&tab=fri,12665421,미운오리새끼,미운오리새끼 (총 36화/미완결),총 36화/미완결,36.0,미완결,펀지르르 펀지르르,평점 10.0 | 펀지르르 펀지르르 | 2026.01.15. | 총36화/미완결 | 전화 무료,https://series.naver.com/comic/detail.series?productNo=12665421,matched,ok,"미운오리새끼 (총 36화/미완결)
평점
10.0 | 펀지르르 펀지르르 | 2026.01.15. | 총36화/미완결 | 전화 무료
가장 가까우면서도 가장 힘들게 하는 관계인 원수같은 가족!이 애증 섞인 복잡한 관계의 가족 성장 이야기",fri,1,fri,1,thu,fri,True,fri,금,thu,fri,12665421_fri,pre_release,오늘 밤 10시 새 회차 공개 전 기준값 수집,20.1만,201000.0,https://series.naver.com/comic/detail.series?productNo=12665421,20260820_165209,thu,목,2026-08-20 16:52:09,2026-08-20,16:52:09,2026-08-20 16:55:55,2026-08-20 16:55:57,2.11,2026-08-20 16:55:57,2026-08-20,16:55:57,2026-08-20 17:08:23,973.6
fri,73,피도 눈물도 없는 용사,진,839715,https://comic.naver.com/webtoon/list?titleId=839715&tab=fri,12690318,피도 눈물도 없는 용사,피도 눈물도 없는 용사 (총 57화/미완결),총 57화/미완결,57.0,미완결,,,https://series.naver.com/comic/detail.series?productNo=12690318,matched,ok,"피도 눈물도 없는 용사 (총 57화/미완결)
평점
9.6 | 진, 박제후 제리 | 2026.06.04. | 총57화/미완결 | 50화 무료
전세계적인 인기를 누리는 게임 '인류의 수호자'의 썩은물 한제우.수억의 빚더미와 골방 안에서 허우적대는 이른바 외골수 플레이어다.하지만 고대하던 마왕과의 최종전은 어처구니없이 실패.불어난 빚의 상환일은 쉴세없이 ..",fri,1,fri,1,thu,fri,True,fri,금,thu,fri,12690318_fri,pre_release,오늘 밤 10시 새 회차 공개 전 기준값 수집,71.2만,712000.0,https://series.naver.com/comic/detail.series?productNo=12690318,20260820_165209,thu,목,2026-08-20 16:52:09,2026-08-20,16:52:09,2026-08-20 16:55:59,2026-08-20 16:56:02,2.79,2026-08-20 16:56:02,2026-08-20,16:56:02,2026-08-20 17:08:23,973.6
fri,78,인간천적,도국,840508,https://comic.naver.com/webtoon/list?titleId=840508&tab=fri,12817584,인간천적,인간천적 (총 51화/미완결),총 51화/미완결,51.0,미완결,,,https://series.naver.com/comic/detail.series?productNo=12817584,matched,ok,"인간천적 (총 51화/미완결)
평점
9.9 | 도국 도국 | 2026.06.04. | 총51화/미완결 | 46화 무료
최강의 킬러로 불리던 ‘칼토끼’는 은퇴 후, 요리사 ‘고야’라는 이름으로 조용한 삶을 살아간다.어느 날, 그의 레스토랑에 찾아온 소녀 ‘진서누’에게서 말로 설명할 수 없는 황홀한 향기를 느낀다.그리고 그녀를 뒤쫓아 ..",fri,1,fri,1,thu,fri,True,fri,금,thu,fri,12817584_fri,pre_release,오늘 밤 10시 새 회차 공개 전 기준값 수집,58.5만,585000.0,https://series.naver.com/comic/detail.series?productNo=12817584,20260820_165209,thu,목,2026-08-20 16:52:09,2026-08-20,16:52:09,2026-08-20 16:56:03,2026-08-20 16:56:06,2.54,2026-08-20 16:56:06,2026-08-20,16:56:06,2026-08-20 17:08:23,973.6
fri,89,다이어트 워리어,이선,840706,https://comic.naver.com/webtoon/list?titleId=840706&tab=fri,12848716,다이어트 워리어,다이어트 워리어 (총 50화/미완결),총 50화/미완결,50.0,미완결,,,https://series.naver.com/comic/detail.series?productNo=12848716,matched,ok,"다이어트 워리어 (총 50화/미완결)
평점
9.8 | 이선 이선 | 2026.05.28. | 총50화/미완결 | 45화 무료
다이어트 서바이벌로 인생을 망친 5인의 다이어트 서바이벌 설욕전!",fri,1,fri,1,thu,fri,True,fri,금,thu,fri,12848716_fri,pre_release,오늘 밤 10시 새 회차 공개 전 기준값 수집,52.3만,523000.0,https://series.naver.com/comic/detail.series?productNo=12848716,20260820_165209,thu,목,2026-08-20 16:52:09,2026-08-20,16:52:09,2026-08-20 16:56:07,2026-08-20 16:56:09,2.75,2026-08-20 16:56:09,2026-08-20,16:56:09,2026-08-20 17:08:23,973.6
fri,110,아이돌리,로로,840875,https://comic.naver.com/webtoon/list?titleId=840875&tab=fri,12897751,아이돌리,아이돌리 (총 26화/미완결),총 26화/미완결,26.0,미완결,로로 로로,평점 9.8 | 로로 로로 | 2026.07.30. | 총26화/미완결 | 24화 무료,https://series.naver.com/comic/detail.series?productNo=12897751,matched,ok,"아이돌리 (총 26화/미완결)
평점
9.8 | 로로 로로 | 2026.07.30. | 총26화/미완결 | 24화 무료
동물들의 신분상승 시대, 한 마리 고양이가 무대에 올랐다. 스타로 시작해 디바로 완성되는 고양이 돌리의 성장 이야기.",fri,1,fri,1,thu,fri,True,fri,금,thu,fri,12897751_fri,pre_release,오늘 밤 10시 새 회차 공개 전 기준값 수집,2.9만,29000.0,https://series.naver.com/comic/detail.series?productNo=12897751,20260820_165209,thu,목,2026-08-20 16:52:09,2026-08-20,16:52:09,2026-08-20 16:56:11,2026-08-20 16:56:14,2.77,2026-08-20 16:56:14,2026-08-20,16:56:14,2026-08-20 17:08:23,973.6
fri,46,시간제 부부,산차,841499,https://comic.naver.com/webtoon/list?titleId=841499&tab=fri,12965429,시간제 부부,시간제 부부 (총 51화/미완결),총 51화/미완결,51.0,미완결,,,https://series.naver.com/comic/detail.series?productNo=12965429,matched,ok,"시간제 부부 (총 51화/미완결)
평점
10.0 | 산차, 최연 산차 | 2026.06.04. | 총51화/미완결 | 45화 무료
다인의 첫사랑이자 옛 연인이었던 강서준은 결혼하지 못하면 죽을 운명이라며 다인에게 100일짜리 계약 결혼을 제안한다.얼토당토않는 제안에 자존심은 좀 상하지만, 당차게 계약 조건을 내건 다인은 그렇게 서준과 신혼 생..",fri,1,fri,1,thu,fri,True,fri,금,thu,fri,12965429_fri,pre_release,오늘 밤 10시 새 회차 공개 전 기준값 수집,180.1만,1801000.0,https://series.naver.com/comic/detail.series?productNo=12965429,20260820_165209,thu,목,2026-08-20 16:52:09,2026-08-20,16:52:09,2026-08-20 16:56:15,2026-08-20 16:56:17,2.37,2026-08-20 16:56:17,2026-08-20,16:56:17,2026-08-20 17:08:23,973.6
tue,3,오! 나의 교주님,,841624,https://comic.naver.com/webtoon/list?titleId=841624&tab=tue,12998643,오! 나의 교주님,오! 나의 교주님 (총 94화/미완결),총 94화/미완결,94.0,미완결,"김꿀빨, 김완두 김꿀빨, 김완두","평점 9.4 | 김꿀빨, 김완두 김꿀빨, 김완두 | 2026.06.18. | 총94화/미완결 | 89화 무료",https://series.naver.com/comic/detail.series?productNo=12998643,review_needed,not_found,"오! 나의 교주님 (총 94화/미완결)
평점
9.4 | 김꿀빨, 김완두 김꿀빨, 김완두 | 2026.06.18. | 총94화/미완결 | 89화 무료
사이비 종교 ‘진천교’에서 태어나 평생을 그곳에서 살아온 한성민. 그는 결국 모든 것을 잃고 홀로 탈출한다.수년 후, 성인이 된 그는 다시 진천교에 잠입해 처절한 복수를 시작하려 한다.“오, 나의 교주님. 제가 보내드릴게..","tue,fri",2,"tue,fri",2,"mon,thu","tue,fri",True,fri,금,thu,fri,12998643_fri,pre_release,오늘 밤 10시 새 회차 공개 전 기준값 수집,,,https://nid.naver.com/nidlogin.login?svctype=128&a_version=2&viewtype=1&url=http%3A%2F%2Fseries.naver.com%2Fcomic%2Fdetail.series%3FproductNo%3D12998643&surl=https%3A%2F%2Fseries.naver.com,20260820_165209,thu,목,2026-08-20 16:52:09,2026-08-20,16:52:09,2026-08-20 16:56:18,2026-08-20 16:56:33,15.05,2026-08-20 16:56:33,2026-08-20,16:56:33,2026-08-20 17:08:23,973.6
fri,108,완벽한 게 다인,은솔,841767,https://comic.naver.com/webtoon/list?titleId=841767&tab=fri,13009203,완벽한 게 다인,완벽한 게 다인 (총 46화/미완결),총 46화/미완결,46.0,미완결,,,https://series.naver.com/comic/detail.series?productNo=13009203,matched,ok,"완벽한 게 다인 (총 46화/미완결)
평점
10.0 | 은솔 재림 | 2026.06.04. | 총46화/미완결 | 41화 무료
매사에 열심히, 열정적인 학창시절을 살아온 대학 새내기 김다인은 성적, 교우관계, 스펙 모든 것이 완벽한 캠퍼스 라이프를 꿈꾼다.하지만 다인은 자신과 이름이 같지만 자신과 다르게 '완벽한 외모와 인성을 겸비한' 강다인..",fri,1,fri,1,thu,fri,True,fri,금,thu,fri,13009203_fri,pre_release,오늘 밤 10시 새 회차 공개 전 기준값 수집,29.2만,292000.0,https://series.naver.com/comic/detail.series?productNo=13009203,20260820_165209,thu,목,2026-08-20 16:52:09,2026-08-20,16:52:09,2026-08-20 16:56:35,2026-08-20 16:56:39,4.17,2026-08-20 16:56:39,2026-08-20,16:56:39,2026-08-20 17:08:23,973.6
fri,101,청소요원,조롱이,841792,https://comic.naver.com/webtoon/list?titleId=841792&tab=fri,13010036,청소요원,청소요원 (총 47화/미완결),총 47화/미완결,47.0,미완결,,,https://series.naver.com/comic/detail.series?productNo=13010036,matched,ok,"청소요원 (총 47화/미완결)
평점
9.5 | 조롱이 조롱이 | 2026.06.04. | 총47화/미완결 | 42화 무료
부패한 권력이 지배하는 세상에서 가족을 잃은 ‘진이수’, 모든 것을 되찾기 위해 뒷세계로 들어가 거대 범죄조직과 맞서는 투쟁을 시작한다.",fri,1,fri,1,thu,fri,True,fri,금,thu,fri,13010036_fri,pre_release,오늘 밤 10시 새 회차 공개 전 기준값 수집,13.9만,139000.0,https://series.naver.com/comic/detail.series?productNo=13010036,20260820_165209,thu,목,2026-08-20 16:52:09,2026-08-20,16:52:09,2026-08-20 16:56:40,2026-08-20 16:56:42,1.93,2026-08-20 16:56:42,2026-08-20,16:56:42,2026-08-20 17:08:23,973.6
tue,63,브레이커즈,JDL,841810,https://comic.naver.com/webtoon/list?titleId=841810&tab=tue,13011302,브레이커즈,브레이커즈 (총 88화/미완결),총 88화/미완결,88.0,미완결,,,https://series.naver.com/comic/detail.series?productNo=13011302,matched,ok,"브레이커즈 (총 88화/미완결)
평점
9.7 | JDL, 취룡 뚱또 | 2026.06.01. | 총88화/미완결 | 84화 무료
'주인공'은 즐겨하던 게임의 리메이크판인 <나이트 사가:re>를 플레이하던 중,게임 속으로 끌려들어 간다.그런데 무언가 이상하다.<나이트 사가:re>에서 플레이어블 캐릭터는 인간 편의 로크, 마계 편의 제피르뿐.그러나 정신..","tue,fri",2,"tue,fri",2,"mon,thu","tue,fri",True,fri,금,thu,fri,13011302_fri,pre_release,오늘 밤 10시 새 회차 공개 전 기준값 수집,55.2만,552000.0,https://series.naver.com/comic/detail.series?productNo=13011302,20260820_165209,thu,목,2026-08-20 16:52:09,2026-08-20,16:52:09,2026-08-20 16:56:44,2026-08-20 16:56:46,2.39,2026-08-20 16:56:46,2026-08-20,16:56:46,2026-08-20 17:08:23,973.6
fri,117,나의 모르는 여자친구,이정빈,841923,https://comic.naver.com/webtoon/list?titleId=841923&tab=fri,13025901,나의 모르는 여자친구,나의 모르는 여자친구 (총 41화/미완결),총 41화/미완결,41.0,미완결,,,https://series.naver.com/comic/detail.series?productNo=13025901,matched,ok,"나의 모르는 여자친구 (총 41화/미완결)
평점
9.9 | 이정빈 이정빈 | 2026.06.04. | 총41화/미완결 | 36화 무료
눈 떠보니 아이돌의 여자친구가 되어있다?! 평범한 삶을 추구하는 대학생 ‘해나’는 인기 아이돌 ‘은하‘와의 거짓 열애설로 일상에 금이 갈 위기를 맞는다.",fri,1,fri,1,thu,fri,True,fri,금,thu,fri,13025901_fri,pre_release,오늘 밤 10시 새 회차 공개 전 기준값 수집,9.7만,97000.0,https://series.naver.com/comic/detail.series?productNo=13025901,20260820_165209,thu,목,2026-08-20 16:52:09,2026-08-20,16:52:09,2026-08-20 16:56:48,2026-08-20 16:56:50,2.0,2026-08-20 16:56:50,2026-08-20,16:56:50,2026-08-20 17:08:23,973.6
fri,62,감히 바라옵건대,LICO,842215,https://comic.naver.com/webtoon/list?titleId=842215&tab=fri,13057560,감히 바라옵건대,감히 바라옵건대 (총 43화/미완결),총 43화/미완결,43.0,미완결,,,https://series.naver.com/comic/detail.series?productNo=13057560,matched,ok,"감히 바라옵건대 (총 43화/미완결)
평점
10.0 | LICO, 백묘 LICO | 2026.06.04. | 총43화/미완결 | 38화 무료
“황후가 되어 폐하를 지키겠습니다.”모든 것을 잃었을 때,나는 무너지지 않았다.다만 당신을 찾아갔을 뿐.헤레이스 델가도.제국의 구원자임에도기꺼이 ‘미친 황제’라 불리길 택한 남자.그 지난한 길을 홀로 걸어온 당신 옆..",fri,1,fri,1,thu,fri,True,fri,금,thu,fri,13057560_fri,pre_release,오늘 밤 10시 새 회차 공개 전 기준값 수집,93.7만,937000.0,https://series.naver.com/comic/detail.series?productNo=13057560,20260820_165209,thu,목,2026-08-20 16:52:09,2026-08-20,16:52:09,2026-08-20 16:56:51,2026-08-20 16:56:53,2.33,2026-08-20 16:56:53,2026-08-20,16:56:53,2026-08-20 17:08:23,973.6
fri,83,앵클 브레이커,하하영,842261,https://comic.naver.com/webtoon/list?titleId=842261&tab=fri,13061124,앵클 브레이커,앵클 브레이커 (총 44화/미완결),총 44화/미완결,44.0,미완결,,,https://series.naver.com/comic/detail.series?productNo=13061124,matched,ok,"앵클 브레이커 (총 44화/미완결)
평점
9.9 | 하하영 민영 | 2026.06.04. | 총44화/미완결 | 39화 무료
167.8cm 단신 가드의 등장! ""농구는 키 작으면 절대 안 된다고? 2m, 3m 다 데리고 와 보라 그래. 아무리 키 커도 넘어뜨리면 나보다 다 아래야."" 주인공 강휘는 런 앤 건으로 대회 우승을 꿈꾸는 전광고 농구부의 마지막 퍼즐..",fri,1,fri,1,thu,fri,True,fri,금,thu,fri,13061124_fri,pre_release,오늘 밤 10시 새 회차 공개 전 기준값 수집,90.7만,907000.0,https://series.naver.com/comic/detail.series?productNo=13061124,20260820_165209,thu,목,2026-08-20 16:52:09,2026-08-20,16:52:09,2026-08-20 16:56:55,2026-08-20 16:56:57,2.16,2026-08-20 16:56:57,2026-08-20,16:56:57,2026-08-20 17:08:23,973.6
fri,100,우리집 로미오,뉸달,842321,https://comic.naver.com/webtoon/list?titleId=842321&tab=fri,13065135,우리집 로미오,우리집 로미오 (총 47화/미완결),총 47화/미완결,47.0,미완결,,,https://series.naver.com/comic/detail.series?productNo=13065135,matched,ok,"우리집 로미오 (총 47화/미완결)
평점
10.0 | 뉸달 뉸달 | 2026.06.04. | 총47화/미완결 | 40화 무료
여름방학을 맞아 집에 내려온 솔은 정체불명의 남자 로미와 마주한다.엄마의 남자친구로 보이는 그와의 불편한 동거가 시작되자, 솔은 끊임없는 의심과 오해 속에 휘말린다.하지만 함께 지내며 조금씩 드러나는 로미의 진심, ..",fri,1,fri,1,thu,fri,True,fri,금,thu,fri,13065135_fri,pre_release,오늘 밤 10시 새 회차 공개 전 기준값 수집,25.6만,256000.0,https://series.naver.com/comic/detail.series?productNo=13065135,20260820_165209,thu,목,2026-08-20 16:52:09,2026-08-20,16:52:09,2026-08-20 16:56:58,2026-08-20 16:57:00,2.06,2026-08-20 16:57:00,2026-08-20,16:57:00,2026-08-20 17:08:23,973.6
fri,10,네가 사는 그 집,,842465,https://comic.naver.com/webtoon/list?titleId=842465&tab=fri,13090391,네가 사는 그 집,네가 사는 그 집 (총 47화/미완결),총 47화/미완결,47.0,미완결,석우 해바다,평점 9.7 | 석우 해바다 | 2026.06.18. | 총47화/미완결 | 41화 무료,https://series.naver.com/comic/detail.series?productNo=13090391,review_needed,not_found,"네가 사는 그 집 (총 47화/미완결)
평점
9.7 | 석우 해바다 | 2026.06.18. | 총47화/미완결 | 41화 무료
찢어지게 가난한 집에서 두 아이를 키우며 힘겹게 살아가던 30대 화린.어느날, 자기 첫사랑이었던 부유한 선배와 결혼해 행복하게 사는 친구와 몸이 바뀐다.하지만 부러워하던 삶을 얻은 기쁨도 잠시,그 집의 추악한 비밀이 드..",fri,1,fri,1,thu,fri,True,fri,금,thu,fri,13090391_fri,pre_release,오늘 밤 10시 새 회차 공개 전 기준값 수집,,,https://nid.naver.com/nidlogin.login?svctype=128&a_version=2&viewtype=1&url=http%3A%2F%2Fseries.naver.com%2Fcomic%2Fdetail.series%3FproductNo%3D13090391&surl=https%3A%2F%2Fseries.naver.com,20260820_165209,thu,목,2026-08-20 16:52:09,2026-08-20,16:52:09,2026-08-20 16:57:01,2026-08-20 16:57:16,14.69,2026-08-20 16:57:16,2026-08-20,16:57:16,2026-08-20 17:08:23,973.6
fri,24,용사파티만화,칰타,842647,https://comic.naver.com/webtoon/list?titleId=842647&tab=fri,13101435,용사파티만화,용사파티만화 (총 129화/미완결),총 129화/미완결,129.0,미완결,,,https://series.naver.com/comic/detail.series?productNo=13101435,matched,ok,"용사파티만화 (총 129화/미완결)
평점
10.0 | 칰타 랴코 | 2026.06.06. | 총129화/미완결 | 119화 무료
흔해 빠진 이세계에 어딘가 나사 빠진 용사 파티가 나타났다!자칭 용사 꼬마 탱커 파밍, 음침 수인 마법사 해피, 겉과 속이 다른 변태 수녀 클레어, 생각보다 너무 비겁한 도적 김도적까지...쪼렙 모험가답지 않게 우연히 이런 저..","fri,sat,sun",3,"fri,sat,sun",3,"thu,fri,sat","fri,sat,sun",True,fri,금,thu,fri,13101435_fri,pre_release,오늘 밤 10시 새 회차 공개 전 기준값 수집,178.7만,1787000.0,https://series.naver.com/comic/detail.series?productNo=13101435,20260820_165209,thu,목,2026-08-20 16:52:09,2026-08-20,16:52:09,2026-08-20 16:57:17,2026-08-20 16:57:20,3.09,2026-08-20 16:57:20,2026-08-20,16:57:20,2026-08-20 17:08:23,973.6
fri,104,타임머신 만들기,자드나인,842903,https://comic.naver.com/webtoon/list?titleId=842903&tab=fri,13141911,타임머신 만들기,타임머신 만들기 (총 50화/미완결),총 50화/미완결,50.0,미완결,,,https://series.naver.com/comic/detail.series?productNo=13141911,matched,ok,"타임머신 만들기 (총 50화/미완결)
평점
10.0 | 자드나인 자드나인 | 2026.06.04. | 총50화/미완결 | 45화 무료
폐부 위기에 몰린 물리학 동아리 ""타키온""첫 눈에 반한 국문과 여학생 신입부원이 타임머신을 만들고 싶어 한다.그래서.... 만들었다.과연 타키온 멤버들은 이 타임머신으로 미래에 갈 수 있을까?현대 물리학으로 타임머신 만드..",fri,1,fri,1,thu,fri,True,fri,금,thu,fri,13141911_fri,pre_release,오늘 밤 10시 새 회차 공개 전 기준값 수집,11.4만,114000.0,https://series.naver.com/comic/detail.series?productNo=13141911,20260820_165209,thu,목,2026-08-20 16:52:09,2026-08-20,16:52:09,2026-08-20 16:57:22,2026-08-20 16:57:24,2.4,2026-08-20 16:57:24,2026-08-20,16:57:24,2026-08-20 17:08:23,973.6
fri,15,신마 환생,더블디,843194,https://comic.naver.com/webtoon/list?titleId=843194&tab=fri,13085692,신마 환생,신마 환생 (총 47화/미완결),총 47화/미완결,47.0,미완결,,,https://series.naver.com/comic/detail.series?productNo=13085692,matched,ok,"신마 환생 (총 47화/미완결)
평점
9.7 | 더블디, 요비 동동이 | 2026.06.04. | 총47화/미완결 | 37화 무료
강호에 피바람을 몰고 싶은 전설적인 존재, 신마 정천.그의 이름만으로도 무림은 공포에 떨었고, 그의 검은 하늘을 갈랐다. 구대문파의 정예 무사들, 그 누구도 그의 적수가 되지 못했다. 천하를 뒤흔들던 그의 무위는 신화로 전..",fri,1,fri,1,thu,fri,True,fri,금,thu,fri,13085692_fri,pre_release,오늘 밤 10시 새 회차 공개 전 기준값 수집,267만,2670000.0,https://series.naver.com/comic/detail.series?productNo=13085692,20260820_165209,thu,목,2026-08-20 16:52:09,2026-08-20,16:52:09,2026-08-20 16:57:25,2026-08-20 16:57:27,2.04,2026-08-20 16:57:27,2026-08-20,16:57:27,2026-08-20 17:08:23,973.6
fri,98,"바리, 별을 깨운 천둥",보또보,843430,https://comic.naver.com/webtoon/list?titleId=843430&tab=fri,13230636,"바리, 별을 깨운 천둥","바리, 별을 깨운 천둥 (총 38화/미완결)",총 38화/미완결,38.0,미완결,,,https://series.naver.com/comic/detail.series?productNo=13230636,matched,ok,"바리, 별을 깨운 천둥 (총 38화/미완결)
평점
9.9 | 보또보 그로우 | 2026.05.28. | 총38화/미완결 | 34화 무료
태어나자마자 버려진 독심술사 소녀, 바리.세상의 저주 속에서 스스로를 요괴라 믿게 된 그녀 앞에요괴 잡는 사냥꾼, 무 우레가 나타난다.“넌 요괴가 아니야. 난 네가 필요해.”그 말을 믿은 순간, 운명이 깨어났다. 저승과 인간..",fri,1,fri,1,thu,fri,True,fri,금,thu,fri,13230636_fri,pre_release,오늘 밤 10시 새 회차 공개 전 기준값 수집,22.1만,221000.0,https://series.naver.com/comic/detail.series?productNo=13230636,20260820_165209,thu,목,2026-08-20 16:52:09,2026-08-20,16:52:09,2026-08-20 16:57:28,2026-08-20 16:57:30,2.06,2026-08-20 16:57:30,2026-08-20,16:57:30,2026-08-20 17:08:23,973.6
fri,40,천재소녀가 무림공적을 숨김,환운(還運),843838,https://comic.naver.com/webtoon/list?titleId=843838&tab=fri,13262986,천재소녀가 무림공적을 숨김,천재소녀가 무림공적을 숨김 (총 40화/미완결),총 40화/미완결,40.0,미완결,,,https://series.naver.com/comic/detail.series?productNo=13262986,matched,ok,"천재소녀가 무림공적을 숨김 (총 40화/미완결)
평점
9.9 | 환운(還運),일향 박정식 | 2026.06.04. | 총40화/미완결 | 32화 무료
무림공적을 숨긴 천재소녀의 귀염 뽀짝 무협 모험기!내공을 잃고 세상과 단절한 채 살아가던 검귀 독고현 앞에, 천재소녀 왕소미가 느닷없이 찾아온다. 당돌하고 귀여운 그녀는 무림의 새로운 문제를 끌어들이며 독고현의 고..",fri,1,fri,1,thu,fri,True,fri,금,thu,fri,13262986_fri,pre_release,오늘 밤 10시 새 회차 공개 전 기준값 수집,87.6만,876000.0,https://series.naver.com/comic/detail.series?productNo=13262986,20260820_165209,thu,목,2026-08-20 16:52:09,2026-08-20,16:52:09,2026-08-20 16:57:31,2026-08-20 16:57:34,2.58,2026-08-20 16:57:34,2026-08-20,16:57:34,2026-08-20 17:08:23,973.6
fri,68,죽여주는 캐스팅,,843866,https://comic.naver.com/webtoon/list?titleId=843866&tab=fri,13253015,죽여주는 캐스팅 [독점],죽여주는 캐스팅 [독점] (총 42화/미완결),총 42화/미완결,42.0,미완결,영춘 하보,평점 9.6 | 영춘 하보 | 2026.06.18. | 총42화/미완결 | 36화 무료,https://series.naver.com/comic/detail.series?productNo=13253015,review_needed,not_found,"죽여주는 캐스팅 [독점] (총 42화/미완결)
평점
9.6 | 영춘 하보 | 2026.06.18. | 총42화/미완결 | 36화 무료
영화감상 동호회에서 만난 혜수와 강호.성공한 배우를 꿈꾸는 강호는 오디션과 술자리에 몰두하며 혜수에게 기대어 살아간다.그런 강호를 이해하고자 혜수는 연기 수업을 시작하고 점차 자신의 길을 걷기 시작한다.하지만 강..",fri,1,fri,1,thu,fri,True,fri,금,thu,fri,13253015_fri,pre_release,오늘 밤 10시 새 회차 공개 전 기준값 수집,,,https://nid.naver.com/nidlogin.login?svctype=128&a_version=2&viewtype=1&url=http%3A%2F%2Fseries.naver.com%2Fcomic%2Fdetail.series%3FproductNo%3D13253015&surl=https%3A%2F%2Fseries.naver.com,20260820_165209,thu,목,2026-08-20 16:52:09,2026-08-20,16:52:09,2026-08-20 16:57:36,2026-08-20 16:57:50,14.44,2026-08-20 16:57:50,2026-08-20,16:57:50,2026-08-20 17:08:23,973.6
fri,69,첫정,혜윤,844061,https://comic.naver.com/webtoon/list?titleId=844061&tab=fri,13285921,첫정,첫정 (총 37화/미완결),총 37화/미완결,37.0,미완결,,,https://series.naver.com/comic/detail.series?productNo=13285921,matched,ok,"첫정 (총 37화/미완결)
평점
10.0 | 혜윤, 애디스 멍지 | 2026.06.04. | 총37화/미완결 | 32화 무료
대한민국 재벌 3세, 남경 그룹의 차남 권태서.권태로운 하루 속에서 카페도 하나 없는 성우읍으로 끌려 내려간다.혹독한 하루하루를 살아내는 안윤아와 만난 후로태서는 인생에서 한 번도 느껴보지 못한 감정을 느끼게 된다.그..",fri,1,fri,1,thu,fri,True,fri,금,thu,fri,13285921_fri,pre_release,오늘 밤 10시 새 회차 공개 전 기준값 수집,79.1만,791000.0,https://series.naver.com/comic/detail.series?productNo=13285921,20260820_165209,thu,목,2026-08-20 16:52:09,2026-08-20,16:52:09,2026-08-20 16:57:51,2026-08-20 16:57:55,3.75,2026-08-20 16:57:55,2026-08-20,16:57:55,2026-08-20 17:08:23,973.6
fri,13,악당들의 후원자가 되었다,LICO,844063,https://comic.naver.com/webtoon/list?titleId=844063&tab=fri,13285922,악당들의 후원자가 되었다,악당들의 후원자가 되었다 (총 38화/미완결),총 38화/미완결,38.0,미완결,,,https://series.naver.com/comic/detail.series?productNo=13285922,matched,ok,"악당들의 후원자가 되었다 (총 38화/미완결)
평점
10.0 | LICO, 봄한방울 조겐 | 2026.06.04. | 총38화/미완결 | 33화 무료
좋소 노예인 내가 게임 속 귀족으로 빙의되었다.근데 미래의 악당들에게 죽는 엑스트라라고?이들을 교화시켜 어떻게든 귀족 생활을 누리고 말 테다!아직 어린 악당들의 흑화를 막기 위해 후원했고,어려운 환경을 극복하게 만..",fri,1,fri,1,thu,fri,True,fri,금,thu,fri,13285922_fri,pre_release,오늘 밤 10시 새 회차 공개 전 기준값 수집,534.4만,5344000.0,https://series.naver.com/comic/detail.series?productNo=13285922,20260820_165209,thu,목,2026-08-20 16:52:09,2026-08-20,16:52:09,2026-08-20 16:57:56,2026-08-20 16:57:58,1.99,2026-08-20 16:57:58,2026-08-20,16:57:58,2026-08-20 17:08:23,973.6
fri,97,수풀사이로,신스카이,844535,https://comic.naver.com/webtoon/list?titleId=844535&tab=fri,13343472,수풀사이로,수풀사이로 (총 34화/미완결),총 34화/미완결,34.0,미완결,,,https://series.naver.com/comic/detail.series?productNo=13343472,matched,ok,"수풀사이로 (총 34화/미완결)
평점
9.9 | 신스카이 신스카이 | 2026.05.28. | 총34화/미완결 | 31화 무료
시골마을로 이사 온 공현재는 자신의 아빠가 방화범이었다는 것을 알게 되고, 혼란에 빠지게 된다.그러다가 그곳에서 15년 전 과거와 이어진 통로를 발견하고, 과거의 엄마와 아빠를 마주하게 된다. 현재는 그들과 함께 지내며..",fri,1,fri,1,thu,fri,True,fri,금,thu,fri,13343472_fri,pre_release,오늘 밤 10시 새 회차 공개 전 기준값 수집,11.5만,115000.0,https://series.naver.com/comic/detail.series?productNo=13343472,20260820_165209,thu,목,2026-08-20 16:52:09,2026-08-20,16:52:09,2026-08-20 16:57:59,2026-08-20 16:58:01,2.2,2026-08-20 16:58:01,2026-08-20,16:58:01,2026-08-20 17:08:23,973.6
fri,22,히든 특성 13개 들고 시작한다,준영,844731,https://comic.naver.com/webtoon/list?titleId=844731&tab=fri,13367849,히든 특성 13개 들고 시작한다,히든 특성 13개 들고 시작한다 (총 33화/미완결),총 33화/미완결,33.0,미완결,,,https://series.naver.com/comic/detail.series?productNo=13367849,matched,ok,"히든 특성 13개 들고 시작한다 (총 33화/미완결)
평점
9.8 | 준영, 마지막검사 땍꾸 | 2026.06.04. | 총33화/미완결 | 28화 무료
게임과 현실이 하나가 되어가는 세상.히든 특성 13개 들고 시작하는 한 남자의 이야기.",fri,1,fri,1,thu,fri,True,fri,금,thu,fri,13367849_fri,pre_release,오늘 밤 10시 새 회차 공개 전 기준값 수집,191.1만,1911000.0,https://series.naver.com/comic/detail.series?productNo=13367849,20260820_165209,thu,목,2026-08-20 16:52:09,2026-08-20,16:52:09,2026-08-20 16:58:03,2026-08-20 16:58:05,2.11,2026-08-20 16:58:05,2026-08-20,16:58:05,2026-08-20 17:08:23,973.6
fri,17,마왕인데 용사가 너무 많음,윤선웅,845002,https://comic.naver.com/webtoon/list?titleId=845002&tab=fri,13430584,마왕인데 용사가 너무 많음 [독점],마왕인데 용사가 너무 많음 [독점] (총 33화/미완결),총 33화/미완결,33.0,미완결,,,https://series.naver.com/comic/detail.series?productNo=13430584,matched,ok,"마왕인데 용사가 너무 많음 [독점] (총 33화/미완결)
평점
10.0 | 윤선웅 MIDNIGHT STUDIO | 2026.06.04. | 총33화/미완결 | 28화 무료
'마왕의 정석'을 착실히 따르다가 용사들에게 죽었다.나와 내 탑이 용사 맞춤형 사냥터라고?회귀로 다시 얻은 삶의 기회, X같은 마왕의 정석따윈 오크나 주라지!꼴통(?) 마왕 베르제의 마왕으로 살아남기!",fri,1,fri,1,thu,fri,True,fri,금,thu,fri,13430584_fri,pre_release,오늘 밤 10시 새 회차 공개 전 기준값 수집,300.2만,3002000.0,https://series.naver.com/comic/detail.series?productNo=13430584,20260820_165209,thu,목,2026-08-20 16:52:09,2026-08-20,16:52:09,2026-08-20 16:58:06,2026-08-20 16:58:08,2.2,2026-08-20 16:58:08,2026-08-20,16:58:08,2026-08-20 17:08:23,973.6
fri,77,와인파티에서 순애찾기,JJJAENG,845004,https://comic.naver.com/webtoon/list?titleId=845004&tab=fri,13407375,와인파티에서 순애찾기,와인파티에서 순애찾기 (총 33화/미완결),총 33화/미완결,33.0,미완결,,,https://series.naver.com/comic/detail.series?productNo=13407375,matched,ok,"와인파티에서 순애찾기 (총 33화/미완결)
평점
10.0 | JJJAENG | 2026.06.04. | 총33화/미완결 | 28화 무료
33살 공무원 유진은 “모태솔로인 줄 알았어요”라는 말을 듣게 된다.충격을 받은 유진은 알고리즘에 이끌려 와인파티에 나가게 되는데...과연 유진은 순애를 찾을 수 있을까?",fri,1,fri,1,thu,fri,True,fri,금,thu,fri,13407375_fri,pre_release,오늘 밤 10시 새 회차 공개 전 기준값 수집,26만,260000.0,https://series.naver.com/comic/detail.series?productNo=13407375,20260820_165209,thu,목,2026-08-20 16:52:09,2026-08-20,16:52:09,2026-08-20 16:58:09,2026-08-20 16:58:12,2.75,2026-08-20 16:58:12,2026-08-20,16:58:12,2026-08-20 17:08:23,973.6
fri,70,사탄의 순애,,845378,https://comic.naver.com/webtoon/list?titleId=845378&tab=fri,13451638,사탄의 순애 [독점],사탄의 순애 [독점] (총 35화/미완결),총 35화/미완결,35.0,미완결,용현 카모모,평점 9.8 | 용현 카모모 | 2026.06.18. | 총35화/미완결 | 28화 무료,https://series.naver.com/comic/detail.series?productNo=13451638,review_needed,not_found,"사탄의 순애 [독점] (총 35화/미완결)
평점
9.8 | 용현 카모모 | 2026.06.18. | 총35화/미완결 | 28화 무료
초식동물계 대표주자 호구남 백은우 VS 육식동물계 대표주자 차도녀 범호연.정반대의 두 사람은 어쩌다 사귀게 됐을까?“백은우. 나한테 취업해라. 내 애인인 척 딱 1년. 그럼 10억이야.”업계에서 악마로 소문난 아티스트 레..",fri,1,fri,1,thu,fri,True,fri,금,thu,fri,13451638_fri,pre_release,오늘 밤 10시 새 회차 공개 전 기준값 수집,,,https://nid.naver.com/nidlogin.login?svctype=128&a_version=2&viewtype=1&url=http%3A%2F%2Fseries.naver.com%2Fcomic%2Fdetail.series%3FproductNo%3D13451638&surl=https%3A%2F%2Fseries.naver.com,20260820_165209,thu,목,2026-08-20 16:52:09,2026-08-20,16:52:09,2026-08-20 16:58:13,2026-08-20 16:58:28,14.53,2026-08-20 16:58:28,2026-08-20,16:58:28,2026-08-20 17:08:23,973.6
fri,9,두 얼굴,,845646,https://comic.naver.com/webtoon/list?titleId=845646&tab=fri,6489984,두 얼굴의 대표님,두 얼굴의 대표님 (총 126화/완결),총 126화/완결,126.0,완결,"1M, KuaiKan, YY 1M, KuaiKan, YY","평점 6.2 | 1M, KuaiKan, YY 1M, KuaiKan, YY | 2022.10.02. | 총126화/완결 | 3화 무료",https://series.naver.com/comic/detail.series?productNo=6489984,matched,ok,"두 얼굴의 대표님 (총 126화/완결)
평점
6.2 | 1M, KuaiKan, YY 1M, KuaiKan, YY | 2022.10.02. | 총126화/완결 | 3화 무료
재벌가의 사생아로 태어난 소원은 일찍 엄마를 잃고, 가족들의 멸시 속에서 살아왔다.그러다 언니에게 약혼자까지 뺏기게 되자, 실의에 빠진 소원은 유학을 떠나게 되고, 그곳에서 평범한 남편을 만나 결혼을 하게 된다.1년 후 ..",fri,1,fri,1,thu,fri,True,fri,금,thu,fri,6489984_fri,pre_release,오늘 밤 10시 새 회차 공개 전 기준값 수집,157.5만,1575000.0,https://series.naver.com/comic/detail.series?productNo=6489984,20260820_165209,thu,목,2026-08-20 16:52:09,2026-08-20,16:52:09,2026-08-20 16:58:29,2026-08-20 16:58:33,3.37,2026-08-20 16:58:33,2026-08-20,16:58:33,2026-08-20 17:08:23,973.6
fri,64,두근두근 대작전,최준영,845717,https://comic.naver.com/webtoon/list?titleId=845717&tab=fri,13515100,두근두근 대작전,두근두근 대작전 (총 29화/미완결),총 29화/미완결,29.0,미완결,,,https://series.naver.com/comic/detail.series?productNo=13515100,matched,ok,"두근두근 대작전 (총 29화/미완결)
평점
10.0 | 최준영 기령 | 2026.06.04. | 총29화/미완결 | 24화 무료
“우리, 두근두근함이 부족하지 않아?”초등학교부터 고등학교까지,소꿉친구에서 연인이 된 남도연과 정아린.합리적인 연애를 지향하는 두 사람에게빠져버린 한 조각의 설렘을 되찾기 위한—두근두근 대작전이 시작된다!",fri,1,fri,1,thu,fri,True,fri,금,thu,fri,13515100_fri,pre_release,오늘 밤 10시 새 회차 공개 전 기준값 수집,40만,400000.0,https://series.naver.com/comic/detail.series?productNo=13515100,20260820_165209,thu,목,2026-08-20 16:52:09,2026-08-20,16:52:09,2026-08-20 16:58:34,2026-08-20 16:58:35,1.68,2026-08-20 16:58:35,2026-08-20,16:58:35,2026-08-20 17:08:23,973.6
fri,118,원타이머,Two-zero,845862,https://comic.naver.com/webtoon/list?titleId=845862&tab=fri,13528910,원타이머,원타이머 (총 30화/미완결),총 30화/미완결,30.0,미완결,,,https://series.naver.com/comic/detail.series?productNo=13528910,matched,ok,"원타이머 (총 30화/미완결)
평점
9.0 | Two-zero Two-zero | 2026.06.04. | 총30화/미완결 | 25화 무료
한국 쇼트트랙의 미래라고 불리던 소년 ‘조형준’, 1년간의 폭발적인 성장으로 하늘 위를 날아다니던 기록은 바닥을 치게되고쫒겨나듯 그만둘 위기에 빠진 그때, 자신 앞에 나타난 같은 이름을 가진 소년이자 아이스하키계..",fri,1,fri,1,thu,fri,True,fri,금,thu,fri,13528910_fri,pre_release,오늘 밤 10시 새 회차 공개 전 기준값 수집,2.7만,27000.0,https://series.naver.com/comic/detail.series?productNo=13528910,20260820_165209,thu,목,2026-08-20 16:52:09,2026-08-20,16:52:09,2026-08-20 16:58:37,2026-08-20 16:58:39,2.78,2026-08-20 16:58:39,2026-08-20,16:58:39,2026-08-20 17:08:23,973.6
fri,11,그리디,,845919,https://comic.naver.com/webtoon/list?titleId=845919&tab=fri,13530624,그리디,그리디 (총 31화/미완결),총 31화/미완결,31.0,미완결,영하 랑라리,평점 9.9 | 영하 랑라리 | 2026.06.18. | 총31화/미완결 | 25화 무료,https://series.naver.com/comic/detail.series?productNo=13530624,review_needed,not_found,"그리디 (총 31화/미완결)
평점
9.9 | 영하 랑라리 | 2026.06.18. | 총31화/미완결 | 25화 무료
파혼했다. 십년지기 친구와 내가 파혼한 남자가 찍힌 청첩장 한 장.한유주는 그걸 끝으로 서른하나에 사랑도 우정도 다 버렸다. 남은 건 칼럼 한 줄에도 이름을 걸 수 없는 5년짜리 패션지 주니어 에디터 신세뿐.일도 사랑도, 마..",fri,1,fri,1,thu,fri,True,fri,금,thu,fri,13530624_fri,pre_release,오늘 밤 10시 새 회차 공개 전 기준값 수집,,,https://nid.naver.com/nidlogin.login?svctype=128&a_version=2&viewtype=1&url=http%3A%2F%2Fseries.naver.com%2Fcomic%2Fdetail.series%3FproductNo%3D13530624&surl=https%3A%2F%2Fseries.naver.com,20260820_165209,thu,목,2026-08-20 16:52:09,2026-08-20,16:52:09,2026-08-20 16:58:40,2026-08-20 16:58:55,14.86,2026-08-20 16:58:55,2026-08-20,16:58:55,2026-08-20 17:08:23,973.6
fri,107,이름 사이 공백,희DA,846301,https://comic.naver.com/webtoon/list?titleId=846301&tab=fri,13580788,이름 사이 공백,이름 사이 공백 (총 28화/미완결),총 28화/미완결,28.0,미완결,,,https://series.naver.com/comic/detail.series?productNo=13580788,matched,ok,"이름 사이 공백 (총 28화/미완결)
평점
10.0 | 희DA | 2026.06.04. | 총28화/미완결 | 23화 무료
주태가 죽기 전인 10년 전 과거로 돌아왔다.내가 바라는 것은 오직 하나, 내일도 우리가 함께할 수 있기를.",fri,1,fri,1,thu,fri,True,fri,금,thu,fri,13580788_fri,pre_release,오늘 밤 10시 새 회차 공개 전 기준값 수집,9.3만,93000.0,https://series.naver.com/comic/detail.series?productNo=13580788,20260820_165209,thu,목,2026-08-20 16:52:09,2026-08-20,16:52:09,2026-08-20 16:58:57,2026-08-20 16:59:00,3.07,2026-08-20 16:59:00,2026-08-20,16:59:00,2026-08-20 17:08:23,973.6
fri,105,프라이팬: 툴 마스터,기운찬,846337,https://comic.naver.com/webtoon/list?titleId=846337&tab=fri,13587106,프라이팬: 툴 마스터,프라이팬: 툴 마스터 (총 26화/미완결),총 26화/미완결,26.0,미완결,,,https://series.naver.com/comic/detail.series?productNo=13587106,matched,ok,"프라이팬: 툴 마스터 (총 26화/미완결)
평점
8.8 | 기운찬 기운찬 | 2026.06.04. | 총26화/미완결 | 21화 무료
하루아침에 생긴 던전과 몬스터의 습격으로 멸망한 세상.그런 세상에 프라이팬 하나를 들고 몬스터들과 싸우는 남자가 있다.그의 이름은 '우정우'.노력만큼 강해지는 프라이팬을 가진, 툴 마스터다.",fri,1,fri,1,thu,fri,True,fri,금,thu,fri,13587106_fri,pre_release,오늘 밤 10시 새 회차 공개 전 기준값 수집,4.5만,45000.0,https://series.naver.com/comic/detail.series?productNo=13587106,20260820_165209,thu,목,2026-08-20 16:52:09,2026-08-20,16:52:09,2026-08-20 16:59:02,2026-08-20 16:59:04,2.34,2026-08-20 16:59:04,2026-08-20,16:59:04,2026-08-20 17:08:23,973.6
fri,61,박제,,846363,https://comic.naver.com/webtoon/list?titleId=846363&tab=fri,10632769,박제하는 시간,박제하는 시간 (총 28화/완결),총 28화/완결,28.0,완결,이언,평점 10.0 | 이언 | 2024.07.19. | 총28화/완결 | 5화 무료,https://series.naver.com/comic/detail.series?productNo=10632769,matched,ok,"박제하는 시간 (총 28화/완결)
평점
10.0 | 이언 | 2024.07.19. | 총28화/완결 | 5화 무료
박제사 ‘도연’은 죽은 연인의 시체를 빼돌린다.이 과정을 목격한 작가 ‘이명’은 침묵의 대가로 도연의 삶을 소재로 요구해 온다.일주일간의 취재를 허락한 도연. 죽은 연인과 꼭 닮은 이명의 모습에 혼란을 느낀다.숲속의 ..",fri,1,fri,1,thu,fri,True,fri,금,thu,fri,10632769_fri,pre_release,오늘 밤 10시 새 회차 공개 전 기준값 수집,7.4만,74000.0,https://series.naver.com/comic/detail.series?productNo=10632769,20260820_165209,thu,목,2026-08-20 16:52:09,2026-08-20,16:52:09,2026-08-20 16:59:05,2026-08-20 16:59:07,2.26,2026-08-20 16:59:07,2026-08-20,16:59:07,2026-08-20 17:08:23,973.6
fri,81,신비아파트,꿀범,847138,https://comic.naver.com/webtoon/list?titleId=847138&tab=fri,13663034,신비아파트,신비아파트 (총 22화/미완결),총 22화/미완결,22.0,미완결,,,https://series.naver.com/comic/detail.series?productNo=13663034,matched,ok,"신비아파트 (총 22화/미완결)
평점
9.7 | 꿀범, 김종민 이하경 | 2026.06.04. | 총22화/미완결 | 19화 무료
신비가 떠난 지 5년.고스트는 자취를 감췄고, 세상엔 평화가 찾아왔다.어렸을 적 친구들과 함께 악귀를 상대하던 하리는이제 경찰이 되어, 바쁜 하루를 살아가고 있다.그러던 어느 날,‘GAU’에 봉인되어 있던 고스트들이 풀..",fri,1,fri,1,thu,fri,True,fri,금,thu,fri,13663034_fri,pre_release,오늘 밤 10시 새 회차 공개 전 기준값 수집,16.6만,166000.0,https://series.naver.com/comic/detail.series?productNo=13663034,20260820_165209,thu,목,2026-08-20 16:52:09,2026-08-20,16:52:09,2026-08-20 16:59:08,2026-08-20 16:59:10,1.91,2026-08-20 16:59:10,2026-08-20,16:59:10,2026-08-20 17:08:23,973.6
fri,50,아포칼립스를 걷는 우체부,소구미,847306,https://comic.naver.com/webtoon/list?titleId=847306&tab=fri,13691051,아포칼립스를 걷는 우체부,아포칼립스를 걷는 우체부 (총 24화/미완결),총 24화/미완결,24.0,미완결,,,https://series.naver.com/comic/detail.series?productNo=13691051,matched,ok,"아포칼립스를 걷는 우체부 (총 24화/미완결)
평점
9.6 | 오드로버 소구미 | 2026.06.04. | 총24화/미완결 | 19화 무료
멸망은 일상이 되었다.살육이 판을 쳐, 혼란스럽던 멸망 직후의 시기는 이미 지난 지 오래.그렇다고 살육이 멈췄다는 얘기는 아니다.여전히 시체가 넘쳐나지만, 그런 세상을 혼란스럽다고 생각하는 사람이 더는 없다는 뜻이지...",fri,1,fri,1,thu,fri,True,fri,금,thu,fri,13691051_fri,pre_release,오늘 밤 10시 새 회차 공개 전 기준값 수집,46.8만,468000.0,https://series.naver.com/comic/detail.series?productNo=13691051,20260820_165209,thu,목,2026-08-20 16:52:09,2026-08-20,16:52:09,2026-08-20 16:59:12,2026-08-20 16:59:14,2.11,2026-08-20 16:59:14,2026-08-20,16:59:14,2026-08-20 17:08:23,973.6
fri,102,죽지 말아 줘!,지와,847441,https://comic.naver.com/webtoon/list?titleId=847441&tab=fri,13697903,죽지 말아 줘!,죽지 말아 줘! (총 22화/미완결),총 22화/미완결,22.0,미완결,,,https://series.naver.com/comic/detail.series?productNo=13697903,matched,ok,"죽지 말아 줘! (총 22화/미완결)
평점
10.0 | 지와 지와 | 2026.06.04. | 총22화/미완결 | 17화 무료
삶과 죽음 사이, 아슬아슬하게 살아가는 윤하진. 평범한(?) 하루를 보내던 어느 날, 그를 지키는 소심한 정체불명의 소녀와 저승사자를 만나며 그의 하루는 완전히 달라진다.",fri,1,fri,1,thu,fri,True,fri,금,thu,fri,13697903_fri,pre_release,오늘 밤 10시 새 회차 공개 전 기준값 수집,16.3만,163000.0,https://series.naver.com/comic/detail.series?productNo=13697903,20260820_165209,thu,목,2026-08-20 16:52:09,2026-08-20,16:52:09,2026-08-20 16:59:15,2026-08-20 16:59:18,2.37,2026-08-20 16:59:18,2026-08-20,16:59:18,2026-08-20 17:08:23,973.6
fri,37,이세계 영주가 밥을 잘 먹임,판테라,847782,https://comic.naver.com/webtoon/list?titleId=847782&tab=fri,13700502,이세계 영주가 밥을 잘 먹임,이세계 영주가 밥을 잘 먹임 (총 21화/미완결),총 21화/미완결,21.0,미완결,,,https://series.naver.com/comic/detail.series?productNo=13700502,matched,ok,"이세계 영주가 밥을 잘 먹임 (총 21화/미완결)
평점
9.9 | 판테라 판테라 | 2026.06.04. | 총21화/미완결 | 15화 무료
작은 어촌 마을 에버그린에서 시작된 혁명.전생 영양사가 이세계를 맛있게, 뚝딱 정복합니다!“어서오세요, 에버그린에!”",fri,1,fri,1,thu,fri,True,fri,금,thu,fri,13700502_fri,pre_release,오늘 밤 10시 새 회차 공개 전 기준값 수집,158.9만,1589000.0,https://series.naver.com/comic/detail.series?productNo=13700502,20260820_165209,thu,목,2026-08-20 16:52:09,2026-08-20,16:52:09,2026-08-20 16:59:19,2026-08-20 16:59:21,2.27,2026-08-20 16:59:21,2026-08-20,16:59:21,2026-08-20 17:08:23,973.6
fri,113,킬링 달링 베이비-잉♡,고래짱,847842,https://comic.naver.com/webtoon/list?titleId=847842&tab=fri,13740307,킬링 달링 베이비-잉♡,킬링 달링 베이비-잉♡ (총 19화/미완결),총 19화/미완결,19.0,미완결,,,https://series.naver.com/comic/detail.series?productNo=13740307,matched,ok,"킬링 달링 베이비-잉♡ (총 19화/미완결)
평점
10.0 | 고래짱 실버초코 | 2026.06.04. | 총19화/미완결 | 16화 무료
죽은 보스의 마지막 명령. ""내 딸을 지켜라!""멕시코에서 날아온 허당 킬러 제이슨, 서울 수유동에서 육아 미션 시작! 그런데 세 살 꼬마가 보스보다 더 무섭다?!먹다 뱉기, 막말하기, 슬라임 던지기는 기본. 집 밖으로 뛰쳐나가 ..",fri,1,fri,1,thu,fri,True,fri,금,thu,fri,13740307_fri,pre_release,오늘 밤 10시 새 회차 공개 전 기준값 수집,2.2만,22000.0,https://series.naver.com/comic/detail.series?productNo=13740307,20260820_165209,thu,목,2026-08-20 16:52:09,2026-08-20,16:52:09,2026-08-20 16:59:22,2026-08-20 16:59:25,2.37,2026-08-20 16:59:25,2026-08-20,16:59:25,2026-08-20 17:08:23,973.6
fri,59,죽음은 잠 못 이루고,새나,848496,https://comic.naver.com/webtoon/list?titleId=848496&tab=fri,13812238,죽음은 잠 못 이루고 [독점],죽음은 잠 못 이루고 [독점] (총 19화/미완결),총 19화/미완결,19.0,미완결,,,https://series.naver.com/comic/detail.series?productNo=13812238,matched,ok,"죽음은 잠 못 이루고 [독점] (총 19화/미완결)
평점
9.9 | 인식론, 새나 마니 | 2026.06.04. | 총19화/미완결 | 14화 무료
[매주 금요일 연재]척박한 북부 왕국의 기사 아마리온은 매일 몬스터에 싸우며 살아가던 중,‘걸어 다니는 죽음’이라 불리는 모르트 대공에게 갑작스러운 청혼을 받는다. 자신의 북부 왕국을 먹여 살릴 수 있는 막대한 지참..",fri,1,fri,1,thu,fri,True,fri,금,thu,fri,13812238_fri,pre_release,오늘 밤 10시 새 회차 공개 전 기준값 수집,72.7만,727000.0,https://series.naver.com/comic/detail.series?productNo=13812238,20260820_165209,thu,목,2026-08-20 16:52:09,2026-08-20,16:52:09,2026-08-20 16:59:26,2026-08-20 16:59:28,2.55,2026-08-20 16:59:28,2026-08-20,16:59:28,2026-08-20 17:08:23,973.6
fri,63,가장 위대한 마술사,김윤찬,848576,https://comic.naver.com/webtoon/list?titleId=848576&tab=fri,13836048,가장 위대한 마술사,가장 위대한 마술사 (총 16화/미완결),총 16화/미완결,16.0,미완결,,,https://series.naver.com/comic/detail.series?productNo=13836048,matched,ok,"가장 위대한 마술사 (총 16화/미완결)
평점
10.0 | 김윤찬 김윤찬 | 2026.06.04. | 총16화/미완결 | 11화 무료
세상을 구한 위대한 마술사 '원효'. 그리고 그가 실종된 지도 어언 10년.원효를 너무나도 존경해왔던 '아라'는 술주정뱅이 한량처럼 변해버린 원효를 만나게 된다.10년 동안 원효에게 무슨 일이 있었던 걸까.과연 원효는, 다시금..",fri,1,fri,1,thu,fri,True,fri,금,thu,fri,13836048_fri,pre_release,오늘 밤 10시 새 회차 공개 전 기준값 수집,28만,280000.0,https://series.naver.com/comic/detail.series?productNo=13836048,20260820_165209,thu,목,2026-08-20 16:52:09,2026-08-20,16:52:09,2026-08-20 16:59:30,2026-08-20 16:59:32,2.15,2026-08-20 16:59:32,2026-08-20,16:59:32,2026-08-20 17:08:23,973.6
fri,109,조선 개스키,송세현,848861,https://comic.naver.com/webtoon/list?titleId=848861&tab=fri,13876289,조선 개스키,조선 개스키 (총 14화/미완결),총 14화/미완결,14.0,미완결,,,https://series.naver.com/comic/detail.series?productNo=13876289,matched,ok,"조선 개스키 (총 14화/미완결)
평점
9.0 | 바라 송세현 | 2026.06.04. | 총14화/미완결 | 9화 무료
선천적으로 몸이 약한 폼스키 ‘베리’와 사람에게 마음을 닫은 고등학생 ‘요한’.평소처럼 산책을 하던 중 갑작스러운 사고로 조선에 굴러떨어진다.제주도 사투리가 구수한 전직 무관 척씨의 도움으로 머물 곳은 생겼지만, ..",fri,1,fri,1,thu,fri,True,fri,금,thu,fri,13876289_fri,pre_release,오늘 밤 10시 새 회차 공개 전 기준값 수집,2만,20000.0,https://series.naver.com/comic/detail.series?productNo=13876289,20260820_165209,thu,목,2026-08-20 16:52:09,2026-08-20,16:52:09,2026-08-20 16:59:33,2026-08-20 16:59:36,2.72,2026-08-20 16:59:36,2026-08-20,16:59:36,2026-08-20 17:08:23,973.6
fri,116,도원향,이하진,848864,https://comic.naver.com/webtoon/list?titleId=848864&tab=fri,13879456,도원향,도원향 (총 18화/미완결),총 18화/미완결,18.0,미완결,,,https://series.naver.com/comic/detail.series?productNo=13879456,matched,ok,"도원향 (총 18화/미완결)
평점
9.8 | 이하진 이하진 | 2026.06.04. | 총18화/미완결 | 13화 무료
신과 안드로이드가 공존하는 이상향, 도원향.도원향의 모든 것은 인간의 영혼으로 유지된다.완전한 질서 아래 모든 것이 관리되는 세계.유일하게 자아를 가진 안드로이드, ‘홍유선’은 점차 위화감을 느끼고 도원향의 시스템..",fri,1,fri,1,thu,fri,True,fri,금,thu,fri,13879456_fri,pre_release,오늘 밤 10시 새 회차 공개 전 기준값 수집,2.2만,22000.0,https://series.naver.com/comic/detail.series?productNo=13879456,20260820_165209,thu,목,2026-08-20 16:52:09,2026-08-20,16:52:09,2026-08-20 16:59:37,2026-08-20 16:59:39,2.46,2026-08-20 16:59:39,2026-08-20,16:59:39,2026-08-20 17:08:23,973.6
fri,58,나랑 한판,MIMIC,848874,https://comic.naver.com/webtoon/list?titleId=848874&tab=fri,13860331,나랑 한판,나랑 한판 (총 14화/미완결),총 14화/미완결,14.0,미완결,,,https://series.naver.com/comic/detail.series?productNo=13860331,matched,ok,"나랑 한판 (총 14화/미완결)
평점
10.0 | MIMIC MIMIC | 2026.06.04. | 총14화/미완결 | 12화 무료
폼생폼사!싸움 하나만큼은 누구보다 자신 있는 고등학생 박기현.전학 간 새 학교에서도 당연히 중심이 될 줄 알았지만—“어라, 한방에 보내는 건 내 주특기였는데...?”결과는 단 한판!압도적인 상대 앞에서 기현의 자존심은 ..",fri,1,fri,1,thu,fri,True,fri,금,thu,fri,13860331_fri,pre_release,오늘 밤 10시 새 회차 공개 전 기준값 수집,42.2만,422000.0,https://series.naver.com/comic/detail.series?productNo=13860331,20260820_165209,thu,목,2026-08-20 16:52:09,2026-08-20,16:52:09,2026-08-20 16:59:41,2026-08-20 16:59:43,1.95,2026-08-20 16:59:43,2026-08-20,16:59:43,2026-08-20 17:08:23,973.6
fri,20,현질무신,황토,849031,https://comic.naver.com/webtoon/list?titleId=849031&tab=fri,13902716,현질무신,현질무신 (총 18화/미완결),총 18화/미완결,18.0,미완결,,,https://series.naver.com/comic/detail.series?productNo=13902716,matched,ok,"현질무신 (총 18화/미완결)
평점
8.8 | 시저디 황토 | 2026.06.04. | 총18화/미완결 | 12화 무료
중원의 거상, 묵휘영은 어느 날 마교의 습격을 받아 죽음을 맞이한다.죽었다고 생각한 것도 잠시 30년도 전 무당파에서 속가제자로 수련하던 어린 시절로회귀하게 된다.그리고 휘영의 눈 앞에 무인의 재능을 사고파는 신비한 ..",fri,1,fri,1,thu,fri,True,fri,금,thu,fri,13902716_fri,pre_release,오늘 밤 10시 새 회차 공개 전 기준값 수집,86.1만,861000.0,https://series.naver.com/comic/detail.series?productNo=13902716,20260820_165209,thu,목,2026-08-20 16:52:09,2026-08-20,16:52:09,2026-08-20 16:59:45,2026-08-20 16:59:47,2.59,2026-08-20 16:59:47,2026-08-20,16:59:47,2026-08-20 17:08:23,973.6
tue,41,생활의 참견 2 : 지금은 가족시절,김양수,849676,https://comic.naver.com/webtoon/list?titleId=849676&tab=tue,14011888,생활의 참견 2 : 지금은 가족시절,생활의 참견 2 : 지금은 가족시절 (총 20화/미완결),총 20화/미완결,20.0,미완결,,,https://series.naver.com/comic/detail.series?productNo=14011888,matched,ok,"생활의 참견 2 : 지금은 가족시절 (총 20화/미완결)
평점
10.0 | 김양수 | 2026.06.08. | 총20화/미완결 | 15화 무료
쉽게 지나치는 일상과 지나간 추억 속에서 발견하는 유쾌한 웃음,자라난 아이들과 더욱 강력해진 케미로 그가 돌아왔다!","tue,fri",2,"tue,fri",2,"mon,thu","tue,fri",True,fri,금,thu,fri,14011888_fri,pre_release,오늘 밤 10시 새 회차 공개 전 기준값 수집,5.2만,52000.0,https://series.naver.com/comic/detail.series?productNo=14011888,20260820_165209,thu,목,2026-08-20 16:52:09,2026-08-20,16:52:09,2026-08-20 16:59:48,2026-08-20 16:59:51,2.81,2026-08-20 16:59:51,2026-08-20,16:59:51,2026-08-20 17:08:23,973.6
fri,103,내가 죽인 전남편과 재혼하겠습니다,깜자,849684,https://comic.naver.com/webtoon/list?titleId=849684&tab=fri,13971725,내가 죽인 전남편과 재혼하겠습니다,내가 죽인 전남편과 재혼하겠습니다 (총 12화/미완결),총 12화/미완결,12.0,미완결,,,https://series.naver.com/comic/detail.series?productNo=13971725,matched,ok,"내가 죽인 전남편과 재혼하겠습니다 (총 12화/미완결)
평점
10.0 | 미건 | 2026.06.04. | 총12화/미완결 | 7화 무료
""전생에 널 죽인 게 나야. 이번 생의 널 살린 것도 나고.“부인의 가족을 몰살한 남편, 그런 남편을 살해한 부인.파국을 맞이했던 원수보다 못한 남편과 현대에서 다시 만나 주어진 시간 안에 재혼해야만 한다.피를 묻힌 바리에게..",fri,1,fri,1,thu,fri,True,fri,금,thu,fri,13971725_fri,pre_release,오늘 밤 10시 새 회차 공개 전 기준값 수집,5.5만,55000.0,https://series.naver.com/comic/detail.series?productNo=13971725,20260820_165209,thu,목,2026-08-20 16:52:09,2026-08-20,16:52:09,2026-08-20 16:59:52,2026-08-20 16:59:55,2.61,2026-08-20 16:59:55,2026-08-20,16:59:55,2026-08-20 17:08:23,973.6
fri,91,"빚, 나는 연인",김순돌,849749,https://comic.naver.com/webtoon/list?titleId=849749&tab=fri,14025289,"빚, 나는 연인","빚, 나는 연인 (총 10화/미완결)",총 10화/미완결,10.0,미완결,,,https://series.naver.com/comic/detail.series?productNo=14025289,matched,ok,"빚, 나는 연인 (총 10화/미완결)
평점
10.0 | 김순돌 김순돌 | 2026.06.04. | 총10화/미완결 | 5화 무료
오랜 연인과 절친한 친구의 바람.그들의 배신으로 사랑과 우정을 동시에 잃은 이봄.전 연인이 빌려 간 5천만 원마저 사라진 순간, 수상한 남자 백도혁이 나타난다.“사람은요, 자기 손에서 놓친 게 더 빛나 보이면결국 다시 돌..",fri,1,fri,1,thu,fri,True,fri,금,thu,fri,14025289_fri,pre_release,오늘 밤 10시 새 회차 공개 전 기준값 수집,16.1만,161000.0,https://series.naver.com/comic/detail.series?productNo=14025289,20260820_165209,thu,목,2026-08-20 16:52:09,2026-08-20,16:52:09,2026-08-20 16:59:56,2026-08-20 16:59:59,2.66,2026-08-20 16:59:59,2026-08-20,16:59:59,2026-08-20 17:08:23,973.6
tue,34,커플이상 부부미만,마자,850026,https://comic.naver.com/webtoon/list?titleId=850026&tab=tue,14070509,커플이상 부부미만,커플이상 부부미만 (총 14화/미완결),총 14화/미완결,14.0,미완결,,,https://series.naver.com/comic/detail.series?productNo=14070509,matched,ok,"커플이상 부부미만 (총 14화/미완결)
평점
10.0 | 마자 마자 | 2026.06.08. | 총14화/미완결 | 9화 무료
결혼까진 좀 그렇고… 일단 한번 같이 살아볼까?연애하는 룸메이트! 결혼 맛보기 스푼! 커플보다는 가깝고 부부보다는 먼 동거 커플의 일상!본격적인 혼인숙려기간 시작!","tue,fri",2,"tue,fri",2,"mon,thu","tue,fri",True,fri,금,thu,fri,14070509_fri,pre_release,오늘 밤 10시 새 회차 공개 전 기준값 수집,7.6만,76000.0,https://series.naver.com/comic/detail.series?productNo=14070509,20260820_165209,thu,목,2026-08-20 16:52:09,2026-08-20,16:52:09,2026-08-20 17:00:00,2026-08-20 17:00:03,3.57,2026-08-20 17:00:03,2026-08-20,17:00:03,2026-08-20 17:08:23,973.6
fri,31,검술명가의 네크로맨서,해귤,850499,https://comic.naver.com/webtoon/list?titleId=850499&tab=fri,14132199,검술명가의 네크로맨서,검술명가의 네크로맨서 (총 13화/미완결),총 13화/미완결,13.0,미완결,,,https://series.naver.com/comic/detail.series?productNo=14132199,matched,ok,"검술명가의 네크로맨서 (총 13화/미완결)
평점
9.5 | 해귤, 감튀이이이 이광수 | 2026.06.04. | 총13화/미완결 | 6화 무료
대륙을 공포로 몰아넣었던 최강의 네크로맨서 아키몬드.그는 영웅 베르켈 라인란트의 검에 목숨을 잃는다.그리고 200년 후, 어느 가문의 아기로 태어나 첫 마디를 뱉는다.“어둠의 문지기와 하수인 그리고 병사들이여, 내 명을..",fri,1,fri,1,thu,fri,True,fri,금,thu,fri,14132199_fri,pre_release,오늘 밤 10시 새 회차 공개 전 기준값 수집,140.4만,1404000.0,https://series.naver.com/comic/detail.series?productNo=14132199,20260820_165209,thu,목,2026-08-20 16:52:09,2026-08-20,16:52:09,2026-08-20 17:00:04,2026-08-20 17:00:06,1.92,2026-08-20 17:00:06,2026-08-20,17:00:06,2026-08-20 17:08:23,973.6
fri,92,세상 사람들이 모두가 고양이라면,기선,850657,https://comic.naver.com/webtoon/list?titleId=850657&tab=fri,14152275,세상 사람들이 모두가 고양이라면,세상 사람들이 모두가 고양이라면 (총 9화/미완결),총 9화/미완결,9.0,미완결,,,https://series.naver.com/comic/detail.series?productNo=14152275,matched,ok,"세상 사람들이 모두가 고양이라면 (총 9화/미완결)
평점
10.0 | 기선 덕귀 | 2026.06.04. | 총9화/미완결 | 4화 무료
세상 사람들이 전부 고양이로 보인다!? 사람이 모두 고양이로 보이는 특별한 능력과 함께 과거로 회귀한 소미.외모 편견 없이 세상을 다시 살아보려던 그녀 앞에, 특별한 고양이 두 마리... 아니, 두 남자가 나타난다.고양이와 인..",fri,1,fri,1,thu,fri,True,fri,금,thu,fri,14152275_fri,pre_release,오늘 밤 10시 새 회차 공개 전 기준값 수집,10.8만,108000.0,https://series.naver.com/comic/detail.series?productNo=14152275,20260820_165209,thu,목,2026-08-20 16:52:09,2026-08-20,16:52:09,2026-08-20 17:00:07,2026-08-20 17:00:10,2.92,2026-08-20 17:00:10,2026-08-20,17:00:10,2026-08-20 17:08:23,973.6
fri,60,7황자는 애매해서 탈출합니다,건진,850682,https://comic.naver.com/webtoon/list?titleId=850682&tab=fri,14157833,7황자는 애매해서 탈출합니다,7황자는 애매해서 탈출합니다 (총 7화/미완결),총 7화/미완결,7.0,미완결,,,https://series.naver.com/comic/detail.series?productNo=14157833,matched,ok,"7황자는 애매해서 탈출합니다 (총 7화/미완결)
평점
8.4 | 건진, 핏수 천진희 | 2026.06.04. | 총7화/미완결 | 2화 무료
고된 하루 끝 갑작스런 고통과 함께 판타지 소설 <다크 헤더> 속으로 빙의했다!그런데…하필이면 3년 뒤 비참하게 처형당할 운명인 망나니 7황자라고?!이제부터 목표는 단 하나, 원작의 주인공이 등장할 때까지 숨죽여 지내..",fri,1,fri,1,thu,fri,True,fri,금,thu,fri,14157833_fri,pre_release,오늘 밤 10시 새 회차 공개 전 기준값 수집,29.1만,291000.0,https://series.naver.com/comic/detail.series?productNo=14157833,20260820_165209,thu,목,2026-08-20 16:52:09,2026-08-20,16:52:09,2026-08-20 17:00:12,2026-08-20 17:00:14,2.37,2026-08-20 17:00:14,2026-08-20,17:00:14,2026-08-20 17:08:23,973.6
fri,90,지옥 최강 마금강,최봉수,850745,https://comic.naver.com/webtoon/list?titleId=850745&tab=fri,14168919,지옥 최강 마금강,지옥 최강 마금강 (총 6화/미완결),총 6화/미완결,6.0,미완결,최봉수 최봉수,평점 1.0 | 최봉수 최봉수 | 2026.06.25. | 총6화/미완결 | 1화 무료,https://series.naver.com/comic/detail.series?productNo=14168919,matched,ok,"지옥 최강 마금강 (총 6화/미완결)
평점
1.0 | 최봉수 최봉수 | 2026.06.25. | 총6화/미완결 | 1화 무료
타고난 괴력으로 세상 무서울 것 없던 마금강, 힘의 한계를 시험해보다 지옥에 떨어졌다. 심지어 부모님까지? 원래 세계로 돌아가려면 지옥의 악인들을 쓰러뜨리고 최강자가 되어야 한다. 지옥을 박살 내며 올라서는 최강 격투..",fri,1,fri,1,thu,fri,True,fri,금,thu,fri,14168919_fri,pre_release,오늘 밤 10시 새 회차 공개 전 기준값 수집,3.7만,37000.0,https://series.naver.com/comic/detail.series?productNo=14168919,20260820_165209,thu,목,2026-08-20 16:52:09,2026-08-20,16:52:09,2026-08-20 17:00:16,2026-08-20 17:00:18,2.57,2026-08-20 17:00:18,2026-08-20,17:00:18,2026-08-20 17:08:23,973.6
fri,25,고독살인,부향연,850749,https://comic.naver.com/webtoon/list?titleId=850749&tab=fri,14168953,고독살인,고독살인 (총 8화/미완결),총 8화/미완결,8.0,미완결,,,https://series.naver.com/comic/detail.series?productNo=14168953,matched,ok,"고독살인 (총 8화/미완결)
평점
10.0 | 부향연 부향연 | 2026.06.04. | 총8화/미완결 | 3화 무료
무시 당하며 살아온 밑바닥 인생의 중년 남성 고영도는 술에 취해 사적인 장면이 담긴 영상을 남긴다. 그날의 영상이 실수로 생중계 되자, 외면 받던 그의 비참한 일상은 뜻밖의 관심을 받는다. 위로처럼 보였던 관심은 곧 고영..",fri,1,fri,1,thu,fri,True,fri,금,thu,fri,14168953_fri,pre_release,오늘 밤 10시 새 회차 공개 전 기준값 수집,24.4만,244000.0,https://series.naver.com/comic/detail.series?productNo=14168953,20260820_165209,thu,목,2026-08-20 16:52:09,2026-08-20,16:52:09,2026-08-20 17:00:20,2026-08-20 17:00:22,2.21,2026-08-20 17:00:22,2026-08-20,17:00:22,2026-08-20 17:08:23,973.6
fri,114,후키,미리암 보나스트레,850943,https://comic.naver.com/webtoon/list?titleId=850943&tab=fri,14190949,후키,후키 (총 8화/미완결),총 8화/미완결,8.0,미완결,,,https://series.naver.com/comic/detail.series?productNo=14190949,matched,ok,"후키 (총 8화/미완결)
0.0 | 미리암 보나스트레 미리암 보나스트레 | 2026.06.04. | 총8화/미완결 | 3화 무료
다니와 도리안은 마법 학교 버스를 놓치고 말았습니다. 이제 두 사람은 자신들을 위대하고 훌륭한 마법사로 가르쳐 줄 누군가를 찾아야 합니다... 어쩌면, 그렇지 않을지도 모르지만요.",fri,1,fri,1,thu,fri,True,fri,금,thu,fri,14190949_fri,pre_release,오늘 밤 10시 새 회차 공개 전 기준값 수집,3.2천,3200.0,https://series.naver.com/comic/detail.series?productNo=14190949,20260820_165209,thu,목,2026-08-20 16:52:09,2026-08-20,16:52:09,2026-08-20 17:00:23,2026-08-20 17:00:25,2.27,2026-08-20 17:00:25,2026-08-20,17:00:25,2026-08-20 17:08:23,973.6
fri,94,만약은 없다,시니,850976,https://comic.naver.com/webtoon/list?titleId=850976&tab=fri,14197030,만약은 없다,만약은 없다 (총 9화/미완결),총 9화/미완결,9.0,미완결,,,https://series.naver.com/comic/detail.series?productNo=14197030,matched,ok,"만약은 없다 (총 9화/미완결)
평점
9.8 | 남궁인, 시니 본인 | 2026.06.04. | 총9화/미완결 | 4화 무료
살리거나, 죽거나. 이곳에 만약은 없다. 생과 사가 교차하는 응급실에서 가장 지독한 하루를 견뎌내는 자들의 이야기.",fri,1,fri,1,thu,fri,True,fri,금,thu,fri,14197030_fri,pre_release,오늘 밤 10시 새 회차 공개 전 기준값 수집,3.1만,31000.0,https://series.naver.com/comic/detail.series?productNo=14197030,20260820_165209,thu,목,2026-08-20 16:52:09,2026-08-20,16:52:09,2026-08-20 17:00:27,2026-08-20 17:00:30,2.6,2026-08-20 17:00:30,2026-08-20,17:00:30,2026-08-20 17:08:23,973.6
fri,26,연상녀클럽,한성만,851476,https://comic.naver.com/webtoon/list?titleId=851476&tab=fri,14259167,연상녀클럽,연상녀클럽 (총 7화/미완결),총 7화/미완결,7.0,미완결,한성만 한성만,평점 9.8 | 한성만 한성만 | 2026.06.25. | 총7화/미완결 | 2화 무료,https://series.naver.com/comic/detail.series?productNo=14259167,matched,ok,"연상녀클럽 (총 7화/미완결)
평점
9.8 | 한성만 한성만 | 2026.06.25. | 총7화/미완결 | 2화 무료
스물 일곱 동갑내기 세 친구.우연찮게도 줄줄이 연하남과 사랑에 빠지면서 <연상녀클럽> 결성!이건 우리의 지극히 개인적이면서, 동시에 보편적인 현실 연애 이야기이다.",fri,1,fri,1,thu,fri,True,fri,금,thu,fri,14259167_fri,pre_release,오늘 밤 10시 새 회차 공개 전 기준값 수집,44.4만,444000.0,https://series.naver.com/comic/detail.series?productNo=14259167,20260820_165209,thu,목,2026-08-20 16:52:09,2026-08-20,16:52:09,2026-08-20 17:00:31,2026-08-20 17:00:33,2.19,2026-08-20 17:00:33,2026-08-20,17:00:33,2026-08-20 17:08:23,973.6
fri,34,반로환동한 천마의 마경방송,리진,851642,https://comic.naver.com/webtoon/list?titleId=851642&tab=fri,14154785,반로환동한 천마의 마경방송,반로환동한 천마의 마경방송 (총 6화/미완결),총 6화/미완결,6.0,미완결,"판테라, 리진, 찰하리 영광","평점 10.0 | 판테라, 리진, 찰하리 영광 | 2026.06.18. | 총6화/미완결 | 1화 무료",https://series.naver.com/comic/detail.series?productNo=14154785,matched,ok,"반로환동한 천마의 마경방송 (총 6화/미완결)
평점
10.0 | 판테라, 리진, 찰하리 영광 | 2026.06.18. | 총6화/미완결 | 1화 무료
천상천하 유아독존! 강호제일인 천마 '치유랑'은 정체불명의 힘에 의해 미지의 섬 '마경'에 갇히게 된다.10년간 고독하게 살고 있던 와중 신비로운 기기를 통해 네 개의 세계가 합쳐진 것을 알게 되고,세상과의 소통과 생존을 ..",fri,1,fri,1,thu,fri,True,fri,금,thu,fri,14154785_fri,pre_release,오늘 밤 10시 새 회차 공개 전 기준값 수집,82.6만,826000.0,https://series.naver.com/comic/detail.series?productNo=14154785,20260820_165209,thu,목,2026-08-20 16:52:09,2026-08-20,16:52:09,2026-08-20 17:00:35,2026-08-20 17:00:38,2.53,2026-08-20 17:00:38,2026-08-20,17:00:38,2026-08-20 17:08:23,973.6
fri,76,너를 울린 비밀,연수,851715,https://comic.naver.com/webtoon/list?titleId=851715&tab=fri,14380320,너를 울린 비밀,너를 울린 비밀 (총 6화/미완결),총 6화/미완결,6.0,미완결,연수 연수,평점 10.0 | 연수 연수 | 2026.07.02. | 총6화/미완결 | 1화 무료,https://series.naver.com/comic/detail.series?productNo=14380320,matched,ok,"너를 울린 비밀 (총 6화/미완결)
평점
10.0 | 연수 연수 | 2026.07.02. | 총6화/미완결 | 1화 무료
학교 축제를 앞두고 사진 전시회를 준비하게 된 한소은.우연히 만난 소년 윤지후와 함께 사진을 찍으며 평범했던 일상은 조금씩 특별해지기 시작한다.하지만 웃고 있는 얼굴 뒤에는 누구에게도 말하지 못한 비밀이 있었다.가장..",fri,1,fri,1,thu,fri,True,fri,금,thu,fri,14380320_fri,pre_release,오늘 밤 10시 새 회차 공개 전 기준값 수집,5.8만,58000.0,https://series.naver.com/comic/detail.series?productNo=14380320,20260820_165209,thu,목,2026-08-20 16:52:09,2026-08-20,16:52:09,2026-08-20 17:00:39,2026-08-20 17:00:41,1.83,2026-08-20 17:00:41,2026-08-20,17:00:41,2026-08-20 17:08:23,973.6
fri,23,홍색인간,퀴니니,852170,https://comic.naver.com/webtoon/list?titleId=852170&tab=fri,14338247,홍색인간 [독점],홍색인간 [독점] (총 7화/미완결),총 7화/미완결,7.0,미완결,퀴니니 퀴니니,평점 9.8 | 퀴니니 퀴니니 | 2026.07.09. | 총7화/미완결 | 1화 무료,https://series.naver.com/comic/detail.series?productNo=14338247,matched,ok,"홍색인간 [독점] (총 7화/미완결)
평점
9.8 | 퀴니니 퀴니니 | 2026.07.09. | 총7화/미완결 | 1화 무료
2004년 서울의 작은 동네.온몸이 붉다는 이유로 ‘괴물’이라 불리는 아이, 정희.사람들의 놀림 속에서도 누구보다 맑고 순수한 정희는새아빠와 엄마의 온갖 심부름을 하며 하루 하루를 보낸다.그리고 여덟 살, 처음 학교에 간..",fri,1,fri,1,thu,fri,True,fri,금,thu,fri,14338247_fri,pre_release,오늘 밤 10시 새 회차 공개 전 기준값 수집,17.2만,172000.0,https://series.naver.com/comic/detail.series?productNo=14338247,20260820_165209,thu,목,2026-08-20 16:52:09,2026-08-20,16:52:09,2026-08-20 17:00:42,2026-08-20 17:00:45,2.57,2026-08-20 17:00:45,2026-08-20,17:00:45,2026-08-20 17:08:23,973.6
fri,51,싸움 1티어 과외 쌤 구하기,버퍼링,852547,https://comic.naver.com/webtoon/list?titleId=852547&tab=fri,14437935,싸움 1티어 과외 쌤 구하기,싸움 1티어 과외 쌤 구하기 (총 7화/미완결),총 7화/미완결,7.0,미완결,버퍼링 바캣,평점 8.6 | 버퍼링 바캣 | 2026.07.16. | 총7화/미완결 | 1화 무료,https://series.naver.com/comic/detail.series?productNo=14437935,matched,ok,"싸움 1티어 과외 쌤 구하기 (총 7화/미완결)
평점
8.6 | 버퍼링 바캣 | 2026.07.16. | 총7화/미완결 | 1화 무료
""내가 다니는 대학에 들어오면 소원 들어줄게.""첫사랑 누나가 내던진 약속을 위해, 싸움만 할 줄 알던 용범이가 처음으로 공부를 시작한다.하지만 공부라고는 해 본 적 없는 용범이.각 과목 1등급 과외 선생을 찾아 나서는데...1..",fri,1,fri,1,thu,fri,True,fri,금,thu,fri,14437935_fri,pre_release,오늘 밤 10시 새 회차 공개 전 기준값 수집,18.6만,186000.0,https://series.naver.com/comic/detail.series?productNo=14437935,20260820_165209,thu,목,2026-08-20 16:52:09,2026-08-20,16:52:09,2026-08-20 17:00:46,2026-08-20 17:00:48,1.95,2026-08-20 17:00:48,2026-08-20,17:00:48,2026-08-20 17:08:23,973.6
fri,18,곤륜에 용이 산다,정범구,852601,https://comic.naver.com/webtoon/list?titleId=852601&tab=fri,14449210,곤륜에 용이 산다,곤륜에 용이 산다 (총 6화/미완결),총 6화/미완결,6.0,미완결,정범구 오상97,평점 9.8 | 정범구 오상97 | 2026.07.23. | 총6화/미완결 | 1화 무료,https://series.naver.com/comic/detail.series?productNo=14449210,matched,ok,"곤륜에 용이 산다 (총 6화/미완결)
평점
9.8 | 정범구 오상97 | 2026.07.23. | 총6화/미완결 | 1화 무료
한때 구파일방 중 하나였던 곤륜파의 제자가 된 교하.사제들과 함께 곤륜파를 재건하기 위해서 고군분투한다.근데, 뭔가 좀 이상하다.제자들이 거지에 산적, 사기꾼에 도둑 출신이라고?이거… 정파 맞나?",fri,1,fri,1,thu,fri,True,fri,금,thu,fri,14449210_fri,pre_release,오늘 밤 10시 새 회차 공개 전 기준값 수집,24.1만,241000.0,https://series.naver.com/comic/detail.series?productNo=14449210,20260820_165209,thu,목,2026-08-20 16:52:09,2026-08-20,16:52:09,2026-08-20 17:00:49,2026-08-20 17:00:52,2.33,2026-08-20 17:00:52,2026-08-20,17:00:52,2026-08-20 17:08:23,973.6
fri,49,가난한 영지의 주인이 되어 버렸다,환범,853073,https://comic.naver.com/webtoon/list?titleId=853073&tab=fri,14501529,가난한 영지의 주인이 되어 버렸다,가난한 영지의 주인이 되어 버렸다 (총 6화/미완결),총 6화/미완결,6.0,미완결,"바가지, 환범 D","평점 9.8 | 바가지, 환범 D | 2026.07.30. | 총6화/미완결 | 1화 무료",https://series.naver.com/comic/detail.series?productNo=14501529,matched,ok,"가난한 영지의 주인이 되어 버렸다 (총 6화/미완결)
평점
9.8 | 바가지, 환범 D | 2026.07.30. | 총6화/미완결 | 1화 무료
빚에 허덕이며 살아가는 알바생 동희.늦은 밤까지 알바로 개고생하다 잠들었을 뿐인데,눈을 떠보니 그레이스 영지의 주인이 되어 있다?[빙고! 어서어서 찢어지게 가난한 영지를 둘러보세요! ㅎㅎㅎ]“ㅎㅎㅎ는… 뭐지?”하다..",fri,1,fri,1,thu,fri,True,fri,금,thu,fri,14501529_fri,pre_release,오늘 밤 10시 새 회차 공개 전 기준값 수집,9.9만,99000.0,https://series.naver.com/comic/detail.series?productNo=14501529,20260820_165209,thu,목,2026-08-20 16:52:09,2026-08-20,16:52:09,2026-08-20 17:00:53,2026-08-20 17:00:55,2.41,2026-08-20 17:00:55,2026-08-20,17:00:55,2026-08-20 17:08:23,973.6
fri,67,미술 연작,설이,853280,https://comic.naver.com/webtoon/list?titleId=853280&tab=fri,14532606,미술 연작,미술 연작 (총 10화/미완결),총 10화/미완결,10.0,미완결,설이 금하,평점 10.0 | 설이 금하 | 2026.08.06. | 총10화/미완결 | 1화 무료,https://series.naver.com/comic/detail.series?productNo=14532606,matched,ok,"미술 연작 (총 10화/미완결)
평점
10.0 | 설이 금하 | 2026.08.06. | 총10화/미완결 | 1화 무료
시대와 상황, 모든 것이 다른 화가 둘의 이야기가 시작된다.각 두 사람은 자신의 그림을 그리면서 난관에 부딪히게 되며,이를 이겨내고 그림을 완성해야만 한다.그것이 그들의 유일한 의무이며 숭고한 기쁨일 테니.",fri,1,fri,1,thu,fri,True,fri,금,thu,fri,14532606_fri,pre_release,오늘 밤 10시 새 회차 공개 전 기준값 수집,1.2만,12000.0,https://series.naver.com/comic/detail.series?productNo=14532606,20260820_165209,thu,목,2026-08-20 16:52:09,2026-08-20,16:52:09,2026-08-20 17:00:57,2026-08-20 17:00:59,2.36,2026-08-20 17:00:59,2026-08-20,17:00:59,2026-08-20 17:08:23,973.6
tue,53,그랬더니 남친임니다,뽀꼬,853326,https://comic.naver.com/webtoon/list?titleId=853326&tab=tue,14536751,그랬더니 남친임니다,그랬더니 남친임니다 (총 6화/미완결),총 6화/미완결,6.0,미완결,뽀꼬 뽀꼬,평점 10.0 | 뽀꼬 뽀꼬 | 2026.08.13. | 총6화/미완결 | 3화 무료,https://series.naver.com/comic/detail.series?productNo=14536751,matched,ok,"그랬더니 남친임니다 (총 6화/미완결)
평점
10.0 | 뽀꼬 뽀꼬 | 2026.08.13. | 총6화/미완결 | 3화 무료
회사에 내 이상형이 입사했다?! 마주친 날부터 제대로 고장 난 그녀,어리둥절 실수로 데이트 신청까지 던져버리고 마는데…!어어, 근데 이때부터 이상하게 흘러간다?눈이 마주친 순간부터 연애까지,100% 리얼 실화로 달리는..","tue,fri",2,"tue,fri",2,"mon,thu","tue,fri",True,fri,금,thu,fri,14536751_fri,pre_release,오늘 밤 10시 새 회차 공개 전 기준값 수집,2.6만,26000.0,https://series.naver.com/comic/detail.series?productNo=14536751,20260820_165209,thu,목,2026-08-20 16:52:09,2026-08-20,16:52:09,2026-08-20 17:01:00,2026-08-20 17:01:02,2.05,2026-08-20 17:01:02,2026-08-20,17:01:02,2026-08-20 17:08:23,973.6
thu,32,쿠베라,카레곰,131385,https://comic.naver.com/webtoon/list?titleId=131385&tab=thu,2157756,쿠베라,쿠베라 (총 750화/미완결),총 750화/미완결,750.0,미완결,,,https://series.naver.com/comic/detail.series?productNo=2157756,matched,ok,"쿠베라 (총 750화/미완결)
평점
10.0 | 카레곰 카레곰 | 2026.06.03. | 총750화/미완결 | 747화 무료
신의 이름을 가진 소녀와 마법사들이 펼쳐나가는소속불명 장르 혼합 판타지",thu,1,thu,1,wed,thu,True,thu,목,wed,thu,2157756_thu,post_24h,어제 밤 10시 공개 이후 증가분 확인용 수집,"1,716만",17160000.0,https://series.naver.com/comic/detail.series?productNo=2157756,20260820_165209,thu,목,2026-08-20 16:52:09,2026-08-20,16:52:09,2026-08-20 17:01:04,2026-08-20 17:01:05,1.77,2026-08-20 17:01:05,2026-08-20,17:01:05,2026-08-20 17:08:23,973.6
thu,39,최강전설 강해효,최병열,570506,https://comic.naver.com/webtoon/list?titleId=570506&tab=thu,3987481,최강전설 강해효,최강전설 강해효 (총 664화/미완결),총 664화/미완결,664.0,미완결,,,https://series.naver.com/comic/detail.series?productNo=3987481,matched,ok,"최강전설 강해효 (총 664화/미완결)
평점
7.6 | 최병열 최병열 | 2026.06.03. | 총664화/미완결 | 661화 무료
맹수같이 거친 문제아 학생들만 모여있는 최강고등학교!!그곳에서 변화가 시작되었다.",thu,1,thu,1,wed,thu,True,thu,목,wed,thu,3987481_thu,post_24h,어제 밤 10시 공개 이후 증가분 확인용 수집,"1,007만",10070000.0,https://series.naver.com/comic/detail.series?productNo=3987481,20260820_165209,thu,목,2026-08-20 16:52:09,2026-08-20,16:52:09,2026-08-20 17:01:06,2026-08-20 17:01:08,2.1,2026-08-20 17:01:08,2026-08-20,17:01:08,2026-08-20 17:08:23,973.6
thu,8,무사만리행,운,746857,https://comic.naver.com/webtoon/list?titleId=746857&tab=thu,5173965,무사만리행[독점],무사만리행[독점] (총 282화/미완결),총 282화/미완결,282.0,미완결,,,https://series.naver.com/comic/detail.series?productNo=5173965,matched,ok,"무사만리행[독점] (총 282화/미완결)
평점
9.6 | 운(雲) 배민기 | 2026.06.03. | 총282화/미완결 | 277화 무료
[ 2025 오늘의 우리만화 수상작 ]2세기 후반, 마한연맹 고리국(古離國)의 무사 나루.믿었던 스승의 배신으로 나라가 멸망하고,평생을 바쳐 지켜주겠노라 맹세했던 소단공주의 행방이 묘연해진다.소단 공주의 행방을 쫓던 나..",thu,1,thu,1,wed,thu,True,thu,목,wed,thu,5173965_thu,post_24h,어제 밤 10시 공개 이후 증가분 확인용 수집,"2,525만",25250000.0,https://series.naver.com/comic/detail.series?productNo=5173965,20260820_165209,thu,목,2026-08-20 16:52:09,2026-08-20,16:52:09,2026-08-20 17:01:09,2026-08-20 17:01:11,1.88,2026-08-20 17:01:11,2026-08-20,17:01:11,2026-08-20 17:08:23,973.6
thu,1,나노마신,현절무,747271,https://comic.naver.com/webtoon/list?titleId=747271&tab=thu,5180614,나노마신[독점],나노마신[독점] (총 315화/미완결),총 315화/미완결,315.0,미완결,,,https://series.naver.com/comic/detail.series?productNo=5180614,matched,ok,"나노마신[독점] (총 315화/미완결)
평점
9.8 | 한중월야,현절무 금강불괴 | 2026.06.03. | 총315화/미완결 | 308화 무료
갖은 멸시와 목숨의 위협을 받던 마교의 사생아 천여운, 미래에서 나타난 후손이 천여운의 몸에 나노 머신을 주입한 후 그의 인생이 송두리째 바뀐다.마교를 넘어 무림 최고의 자리에 오르기 위한 천여운의 거침없는 이야기가 ..",thu,1,thu,1,wed,thu,True,thu,목,wed,thu,5180614_thu,post_24h,어제 밤 10시 공개 이후 증가분 확인용 수집,"9,701만",97010000.0,https://series.naver.com/comic/detail.series?productNo=5180614,20260820_165209,thu,목,2026-08-20 16:52:09,2026-08-20,16:52:09,2026-08-20 17:01:13,2026-08-20 17:01:15,2.55,2026-08-20 17:01:15,2026-08-20,17:01:15,2026-08-20 17:08:23,973.6
thu,105,카루나,강호진,754876,https://comic.naver.com/webtoon/list?titleId=754876&tab=thu,5559173,카루나,카루나 (총 273화/미완결),총 273화/미완결,273.0,미완결,강호진 강호진,평점 10.0 | 강호진 강호진 | 2026.02.04. | 총273화/미완결 | 전화 무료,https://series.naver.com/comic/detail.series?productNo=5559173,matched,ok,"카루나 (총 273화/미완결)
평점
10.0 | 강호진 강호진 | 2026.02.04. | 총273화/미완결 | 전화 무료
지옥의 군대와 맞서는 항마승병 카루나.카루나에 도전하는 소년액션 모험 판타지!",thu,1,thu,1,wed,thu,True,thu,목,wed,thu,5559173_thu,post_24h,어제 밤 10시 공개 이후 증가분 확인용 수집,35.3만,353000.0,https://series.naver.com/comic/detail.series?productNo=5559173,20260820_165209,thu,목,2026-08-20 16:52:09,2026-08-20,16:52:09,2026-08-20 17:01:17,2026-08-20 17:01:20,2.85,2026-08-20 17:01:20,2026-08-20,17:01:20,2026-08-20 17:08:23,973.6
thu,22,정글쥬스,형은,762279,https://comic.naver.com/webtoon/list?titleId=762279&tab=thu,5770955,정글쥬스,정글쥬스 (총 212화/미완결),총 212화/미완결,212.0,미완결,,,https://series.naver.com/comic/detail.series?productNo=5770955,matched,ok,"정글쥬스 (총 212화/미완결)
평점
9.9 | 형은 쥬더 | 2026.06.03. | 총212화/미완결 | 208화 무료
의문의 벌레약 ‘정글쥬스’로 인해 곤충인간이 되었다.이를 숨기며 살던 대학생 장수찬은 어느 날 그 모습을모두에게 보이게 되고, 곤충인간들의 사회로 들어가약육강식의 논리와 맞서 싸우게 되는데...각양각색 곤충능력자들..",thu,1,thu,1,wed,thu,True,thu,목,wed,thu,5770955_thu,post_24h,어제 밤 10시 공개 이후 증가분 확인용 수집,"1,981만",19810000.0,https://series.naver.com/comic/detail.series?productNo=5770955,20260820_165209,thu,목,2026-08-20 16:52:09,2026-08-20,16:52:09,2026-08-20 17:01:21,2026-08-20 17:01:23,2.11,2026-08-20 17:01:23,2026-08-20,17:01:23,2026-08-20 17:08:23,973.6
thu,7,천마육성,광휘,776255,https://comic.naver.com/webtoon/list?titleId=776255&tab=thu,6651735,천마육성[독점],천마육성[독점] (총 185화/미완결),총 185화/미완결,185.0,미완결,,,https://series.naver.com/comic/detail.series?productNo=6651735,matched,ok,"천마육성[독점] (총 185화/미완결)
평점
9.6 | 조형근, 광휘 광휘 | 2026.06.03. | 총185화/미완결 | 180화 무료
마교의 태왕각주, ‘사마귀’의 명령에 의해 화산파 출몰 지역으로 파견나간 비객조. 주인공 ‘설휘’는 화산파 고수 '구종명'과 맞닥뜨리고, 죽을 위기에 처하게 된다.그때 눈 앞에 상태창이 나타나 정찰 임무를 받기 직전 시..",thu,1,thu,1,wed,thu,True,thu,목,wed,thu,6651735_thu,post_24h,어제 밤 10시 공개 이후 증가분 확인용 수집,"2,501만",25010000.0,https://series.naver.com/comic/detail.series?productNo=6651735,20260820_165209,thu,목,2026-08-20 16:52:09,2026-08-20,16:52:09,2026-08-20 17:01:24,2026-08-20 17:01:26,1.98,2026-08-20 17:01:26,2026-08-20,17:01:26,2026-08-20 17:08:23,973.6
thu,19,현실퀘스트,이주운,783888,https://comic.naver.com/webtoon/list?titleId=783888&tab=thu,6708595,현실퀘스트,현실퀘스트 (총 218화/미완결),총 218화/미완결,218.0,미완결,,,https://series.naver.com/comic/detail.series?productNo=6708595,matched,ok,"현실퀘스트 (총 218화/미완결)
평점
9.2 | 이주운 태성 | 2026.06.03. | 총218화/미완결 | 213화 무료
게임 아이템을 가져오라는 일진의 협박으로 인해일주일간 밤샘 게임을 하다 죽음을 맞이한 비운의 게임셔틀 하도완그 순간 일주일 전 교실에서 리스폰되는데...모든 것이 그날과 똑같다. 달라진 것은 단 하나, 눈앞에 떠있는 <..",thu,1,thu,1,wed,thu,True,thu,목,wed,thu,6708595_thu,post_24h,어제 밤 10시 공개 이후 증가분 확인용 수집,"3,260만",32600000.0,https://series.naver.com/comic/detail.series?productNo=6708595,20260820_165209,thu,목,2026-08-20 16:52:09,2026-08-20,16:52:09,2026-08-20 17:01:27,2026-08-20 17:01:30,2.32,2026-08-20 17:01:30,2026-08-20,17:01:30,2026-08-20 17:08:23,973.6
thu,24,회귀한 천재 헌터의 슬기로운 청소생활,고일고일,796827,https://comic.naver.com/webtoon/list?titleId=796827&tab=thu,8594539,회귀한 천재 헌터의 슬기로운 청소생활[독점],회귀한 천재 헌터의 슬기로운 청소생활[독점] (총 151화/미완결),총 151화/미완결,151.0,미완결,달비트 고일고일,평점 9.6 | 달비트 고일고일 | 2026.02.11. | 총151화/미완결 | 전화 무료,https://series.naver.com/comic/detail.series?productNo=8594539,matched,ok,"회귀한 천재 헌터의 슬기로운 청소생활[독점] (총 151화/미완결)
평점
9.6 | 달비트 고일고일 | 2026.02.11. | 총151화/미완결 | 전화 무료
#던전 #몬스터 #인성파탄 주인공 #극한직업 #판타지 #청소 #3D직종 #이색소재세계 최초 SSS랭크 천재 헌터 김준우.대단한 능력자지만, 인정머리가 없는 탓에 평판에 문제가 생긴다.골머리를 썩히고 있는 와중, 정체를 알 수 ..",thu,1,thu,1,wed,thu,True,thu,목,wed,thu,8594539_thu,post_24h,어제 밤 10시 공개 이후 증가분 확인용 수집,"1,084만",10840000.0,https://series.naver.com/comic/detail.series?productNo=8594539,20260820_165209,thu,목,2026-08-20 16:52:09,2026-08-20,16:52:09,2026-08-20 17:01:31,2026-08-20 17:01:33,2.26,2026-08-20 17:01:33,2026-08-20,17:01:33,2026-08-20 17:08:23,973.6
thu,4,재벌집 막내아들,JP,800770,https://comic.naver.com/webtoon/list?titleId=800770&tab=thu,8921276,재벌집 막내아들 [독점],재벌집 막내아들 [독점] (총 209화/미완결),총 209화/미완결,209.0,미완결,,,https://series.naver.com/comic/detail.series?productNo=8921276,matched,ok,"재벌집 막내아들 [독점] (총 209화/미완결)
평점
9.9 | 산경, JP 김병관 | 2026.06.03. | 총209화/미완결 | 193화 무료
[화제의 드라마 원작 웹툰!] 13년 동안의 수고를 배신으로 돌려받다니!머슴처럼 살다 버려진 순양그룹의 실장, 윤현우.모든 게 끝났다 싶었을 즘, 순양그룹 진 회장의 손주 진도준으로 깨어난다!하지만 상속권과는 거리가 먼 ..",thu,1,thu,1,wed,thu,True,thu,목,wed,thu,8921276_thu,post_24h,어제 밤 10시 공개 이후 증가분 확인용 수집,"3,325만",33250000.0,https://series.naver.com/comic/detail.series?productNo=8921276,20260820_165209,thu,목,2026-08-20 16:52:09,2026-08-20,16:52:09,2026-08-20 17:01:34,2026-08-20 17:01:36,1.72,2026-08-20 17:01:36,2026-08-20,17:01:36,2026-08-20 17:08:23,973.6
thu,42,게임 최강 트롤러,박종석,801698,https://comic.naver.com/webtoon/list?titleId=801698&tab=thu,9019302,게임 최강 트롤러,게임 최강 트롤러 (총 187화/미완결),총 187화/미완결,187.0,미완결,,,https://series.naver.com/comic/detail.series?productNo=9019302,matched,ok,"게임 최강 트롤러 (총 187화/미완결)
평점
9.7 | 박종석, 군만두먹자 YATO | 2026.06.03. | 총187화/미완결 | 182화 무료
세상에서 가장 개연성 있는 게임.아진 전자. 실리코프 인더스트리. 코퍼레이션 아르고스.세계 굴지의 대기업들이 합작해 만들어 낸 인류 최초의 가상현실 게임 아르카디아.[환영합니다, 환상의 세계, 아르카디아에 오신 것을.]그..",thu,1,thu,1,wed,thu,True,thu,목,wed,thu,9019302_thu,post_24h,어제 밤 10시 공개 이후 증가분 확인용 수집,684.1만,6841000.0,https://series.naver.com/comic/detail.series?productNo=9019302,20260820_165209,thu,목,2026-08-20 16:52:09,2026-08-20,16:52:09,2026-08-20 17:01:38,2026-08-20 17:01:40,1.94,2026-08-20 17:01:40,2026-08-20,17:01:40,2026-08-20 17:08:23,973.6
thu,28,시한부 천재 암흑기사,판테라,809625,https://comic.naver.com/webtoon/list?titleId=809625&tab=thu,9768215,시한부 천재 암흑기사,시한부 천재 암흑기사 (총 153화/미완결),총 153화/미완결,153.0,미완결,,,https://series.naver.com/comic/detail.series?productNo=9768215,matched,ok,"시한부 천재 암흑기사 (총 153화/미완결)
평점
9.7 | 판테라,정선율 나기 | 2026.06.03. | 총153화/미완결 | 148화 무료
극악의 난이도로 악명이 자자한 판타지 RPG ‘이너 루나틱’.어린 나이, 시한부 판정을 받은 유찬에게 이 게임은 자신의 전부였으며 이제는 잔인한 현실이 되었다.지금부터 유찬은 시한부이자, 작중 1부 최대 악역 녹스 폰 리..",thu,1,thu,1,wed,thu,True,thu,목,wed,thu,9768215_thu,post_24h,어제 밤 10시 공개 이후 증가분 확인용 수집,706.2만,7062000.0,https://series.naver.com/comic/detail.series?productNo=9768215,20260820_165209,thu,목,2026-08-20 16:52:09,2026-08-20,16:52:09,2026-08-20 17:01:41,2026-08-20 17:01:44,3.03,2026-08-20 17:01:44,2026-08-20,17:01:44,2026-08-20 17:08:23,973.6
thu,3,육아일기,자까,812354,https://comic.naver.com/webtoon/list?titleId=812354&tab=thu,9901643,육아일기,육아일기 (총 236화/미완결),총 236화/미완결,236.0,미완결,,,https://series.naver.com/comic/detail.series?productNo=9901643,matched,ok,"육아일기 (총 236화/미완결)
평점
9.8 | 자까 자까 | 2026.06.06. | 총236화/미완결 | 231화 무료
이젠 갠플이 아니라 팀플이다! 조별 과제와 차원이 다른 인생을 건 팀플이 시작된다. 1인가구에서 2인가구로 성장한 자까 작가의 결혼 이야기.","thu,sun",2,"thu,sun",2,"wed,sat","thu,sun",True,thu,목,wed,thu,9901643_thu,post_24h,어제 밤 10시 공개 이후 증가분 확인용 수집,"2,115만",21150000.0,https://series.naver.com/comic/detail.series?productNo=9901643,20260820_165209,thu,목,2026-08-20 16:52:09,2026-08-20,16:52:09,2026-08-20 17:01:45,2026-08-20 17:01:47,1.92,2026-08-20 17:01:47,2026-08-20,17:01:47,2026-08-20 17:08:23,973.6
thu,26,내향남녀,나,812629,https://comic.naver.com/webtoon/list?titleId=812629&tab=thu,9914029,내향남녀,내향남녀 (총 155화/미완결),총 155화/미완결,155.0,미완결,,,https://series.naver.com/comic/detail.series?productNo=9914029,matched,ok,"내향남녀 (총 155화/미완결)
평점
10.0 | 나 나 | 2026.06.03. | 총155화/미완결 | 152화 무료
MBTI IIIIII!!!!! 극 I 의 내향형 인간들이 만났다!사이다 없이는 목이 메어 볼 수 없는 쌍방오해 트라우마 극복 연애기학교에서 존재감 없기로 둘째가라면 서러울 남자유(여, 17세, 친구 0명)에게학교에서 인기로는 둘째가라면 ..",thu,1,thu,1,wed,thu,True,thu,목,wed,thu,9914029_thu,post_24h,어제 밤 10시 공개 이후 증가분 확인용 수집,822.2만,8222000.0,https://series.naver.com/comic/detail.series?productNo=9914029,20260820_165209,thu,목,2026-08-20 16:52:09,2026-08-20,16:52:09,2026-08-20 17:01:48,2026-08-20 17:01:50,2.52,2026-08-20 17:01:50,2026-08-20,17:01:50,2026-08-20 17:08:23,973.6
thu,48,일립예고 학생들,백본,812962,https://comic.naver.com/webtoon/list?titleId=812962&tab=thu,9949103,일립예고 학생들,일립예고 학생들 (총 88화/미완결),총 88화/미완결,88.0,미완결,백본 백본,평점 10.0 | 백본 백본 | 2025.10.08. | 총88화/미완결 | 전화 무료,https://series.naver.com/comic/detail.series?productNo=9949103,matched,ok,"일립예고 학생들 (총 88화/미완결)
평점
10.0 | 백본 백본 | 2025.10.08. | 총88화/미완결 | 전화 무료
보이는 건 뭐든 똑같이 그릴 수 있는 인간 복사기 한솔! 어느 날 VR 게임에서 만난 미스터리한 천재의 그림을 보고 자극을 받는다. 더 넓은 세계의 그림이 궁금해진 한솔은 한적한 시골 마을을 떠나 그림을 배우기 위해 예술계 ..",thu,1,thu,1,wed,thu,True,thu,목,wed,thu,9949103_thu,post_24h,어제 밤 10시 공개 이후 증가분 확인용 수집,202.5만,2025000.0,https://series.naver.com/comic/detail.series?productNo=9949103,20260820_165209,thu,목,2026-08-20 16:52:09,2026-08-20,16:52:09,2026-08-20 17:01:52,2026-08-20 17:01:54,2.49,2026-08-20 17:01:54,2026-08-20,17:01:54,2026-08-20 17:08:23,973.6
thu,21,사내연애 사절!,두부,814512,https://comic.naver.com/webtoon/list?titleId=814512&tab=thu,10099875,사내연애 사절!,사내연애 사절! (총 109화/미완결),총 109화/미완결,109.0,미완결,,,https://series.naver.com/comic/detail.series?productNo=10099875,matched,ok,"사내연애 사절! (총 109화/미완결)
평점
10.0 | 두부 남수 | 2026.06.03. | 총109화/미완결 | 105화 무료
첫사랑 별거 있나. 어른이 되어 첫사랑을 다시 만난다면, 과연 우리는 여전히 설렐까? 첫사랑에서 친구로, 친구에서 동료로, 역행하는 관계 속에서 솔직한 내 마음은 '사내연애 사절!' <유일무이 로맨스> 두부 X <바른연애 길..",thu,1,thu,1,wed,thu,True,thu,목,wed,thu,10099875_thu,post_24h,어제 밤 10시 공개 이후 증가분 확인용 수집,708만,7080000.0,https://series.naver.com/comic/detail.series?productNo=10099875,20260820_165209,thu,목,2026-08-20 16:52:09,2026-08-20,16:52:09,2026-08-20 17:01:56,2026-08-20 17:01:59,2.71,2026-08-20 17:01:59,2026-08-20,17:01:59,2026-08-20 17:08:23,973.6
thu,12,할배무사와 지존 손녀,신의철,817246,https://comic.naver.com/webtoon/list?titleId=817246&tab=thu,10236036,할배무사와 지존 손녀,할배무사와 지존 손녀 (총 106화/미완결),총 106화/미완결,106.0,미완결,,,https://series.naver.com/comic/detail.series?productNo=10236036,matched,ok,"할배무사와 지존 손녀 (총 106화/미완결)
평점
9.9 | 일향(一向), 신의철 김명현 | 2026.06.03. | 총106화/미완결 | 101화 무료
죽을 날을 앞두고 미련없이 생을 마무리 하려던 순간 덮친 멸문지화!유진산은 홀로 생존한 갓난 손녀 '유설'이 다 자랄 때까지만이라도 살아남기로 결심한다.이미 늙어버린 몸으로 육아와 수련을 병행하며 눈물겨운 사투를 벌..",thu,1,thu,1,wed,thu,True,thu,목,wed,thu,10236036_thu,post_24h,어제 밤 10시 공개 이후 증가분 확인용 수집,675.8만,6758000.0,https://series.naver.com/comic/detail.series?productNo=10236036,20260820_165209,thu,목,2026-08-20 16:52:09,2026-08-20,16:52:09,2026-08-20 17:02:00,2026-08-20 17:02:03,2.44,2026-08-20 17:02:03,2026-08-20,17:02:03,2026-08-20 17:08:23,973.6
thu,81,히든클래스 중력자로 최강을 노린다,네코코,817369,https://comic.naver.com/webtoon/list?titleId=817369&tab=thu,10249565,히든클래스 중력자로 최강을 노린다,히든클래스 중력자로 최강을 노린다 (총 147화/미완결),총 147화/미완결,147.0,미완결,,,https://series.naver.com/comic/detail.series?productNo=10249565,matched,ok,"히든클래스 중력자로 최강을 노린다 (총 147화/미완결)
평점
9.0 | 네코코 아사히 아오 | 2026.06.03. | 총147화/미완결 | 142화 무료
일본 네이버웹툰(라인망가) 소년/판타지 부문 TOP10! ""S급 헌터인 나였기에 [중력자]야말로 최강 클래스라는 걸 알고 있다.""몬스터가 습격해 오는 현대 사회. [도적] 클래스를 보유하고 있던 이코마는 능력 제한으로 인해 남..",thu,1,thu,1,wed,thu,True,thu,목,wed,thu,10249565_thu,post_24h,어제 밤 10시 공개 이후 증가분 확인용 수집,116.3만,1163000.0,https://series.naver.com/comic/detail.series?productNo=10249565,20260820_165209,thu,목,2026-08-20 16:52:09,2026-08-20,16:52:09,2026-08-20 17:02:04,2026-08-20 17:02:06,2.18,2026-08-20 17:02:06,2026-08-20,17:02:06,2026-08-20 17:08:23,973.6
thu,5,소꿉친구 컴플렉스,,822640,https://comic.naver.com/webtoon/list?titleId=822640&tab=thu,10851069,소꿉친구 컴플렉스,소꿉친구 컴플렉스 (총 80화/미완결),총 80화/미완결,80.0,미완결,은하이 은하이,평점 9.8 | 은하이 은하이 | 2026.06.17. | 총80화/미완결 | 76화 무료,https://series.naver.com/comic/detail.series?productNo=10851069,review_needed,not_found,"소꿉친구 컴플렉스 (총 80화/미완결)
평점
9.8 | 은하이 은하이 | 2026.06.17. | 총80화/미완결 | 76화 무료
20살에 20년지기, 평생을 함께한 소꿉친구 하늘과 민철.그런 소꿉친구의 알고 싶지 않은 은밀한 사정을 알아버렸다?!서로를 이성으로 생각한 적이 결코 없는 두사람이지만,오해가 오해를 낳고 착각이 착각을 낳는 상황들 속에..",thu,1,thu,1,wed,thu,True,thu,목,wed,thu,10851069_thu,post_24h,어제 밤 10시 공개 이후 증가분 확인용 수집,,,https://nid.naver.com/nidlogin.login?svctype=128&a_version=2&viewtype=1&url=http%3A%2F%2Fseries.naver.com%2Fcomic%2Fdetail.series%3FproductNo%3D10851069&surl=https%3A%2F%2Fseries.naver.com,20260820_165209,thu,목,2026-08-20 16:52:09,2026-08-20,16:52:09,2026-08-20 17:02:08,2026-08-20 17:02:25,16.86,2026-08-20 17:02:25,2026-08-20,17:02:25,2026-08-20 17:08:23,973.6
thu,25,사형집행관,이제환,822765,https://comic.naver.com/webtoon/list?titleId=822765&tab=thu,10847094,사형집행관,사형집행관 (총 62화/미완결),총 62화/미완결,62.0,미완결,,,https://series.naver.com/comic/detail.series?productNo=10847094,matched,ok,"사형집행관 (총 62화/미완결)
평점
9.5 | 이제환 박범진 | 2026.06.03. | 총62화/미완결 | 57화 무료
히어로 시절에 죽이지 못하고 감옥에 수감시켜 놓았던 빌런들.이제는 교도관이 되어 자신의 손으로 사형을 집행한다.",thu,1,thu,1,wed,thu,True,thu,목,wed,thu,10847094_thu,post_24h,어제 밤 10시 공개 이후 증가분 확인용 수집,348.2만,3482000.0,https://series.naver.com/comic/detail.series?productNo=10847094,20260820_165209,thu,목,2026-08-20 16:52:09,2026-08-20,16:52:09,2026-08-20 17:02:26,2026-08-20 17:02:28,2.44,2026-08-20 17:02:28,2026-08-20,17:02:28,2026-08-20 17:08:23,973.6
thu,31,삼이는 재생한다,강은영,822874,https://comic.naver.com/webtoon/list?titleId=822874&tab=thu,10881580,삼이는 재생한다,삼이는 재생한다 (총 83화/미완결),총 83화/미완결,83.0,미완결,강은영 강은영,평점 10.0 | 강은영 강은영 | 2026.01.28. | 총83화/미완결 | 전화 무료,https://series.naver.com/comic/detail.series?productNo=10881580,matched,ok,"삼이는 재생한다 (총 83화/미완결)
평점
10.0 | 강은영 강은영 | 2026.01.28. | 총83화/미완결 | 전화 무료
모든 게 완벽했던 인생에서 제발로 뛰쳐나와 극한의 가난한 생활을 하던 '오삼이'는 차가운 외모지만 마음만은 따뜻한 '김표준'과 그런 표준을 남몰래 좋아하는 '유찬'과 가까워지며묘한 삼각관계로 뒤범벅된 학교..",thu,1,thu,1,wed,thu,True,thu,목,wed,thu,10881580_thu,post_24h,어제 밤 10시 공개 이후 증가분 확인용 수집,344.1만,3441000.0,https://series.naver.com/comic/detail.series?productNo=10881580,20260820_165209,thu,목,2026-08-20 16:52:09,2026-08-20,16:52:09,2026-08-20 17:02:30,2026-08-20 17:02:32,2.5,2026-08-20 17:02:32,2026-08-20,17:02:32,2026-08-20 17:08:23,973.6
thu,100,누가 어른 되면 다 된댔어?,정오,823779,https://comic.naver.com/webtoon/list?titleId=823779&tab=thu,11004940,누가 어른 되면 다 된댔어?,누가 어른 되면 다 된댔어? (총 110화/미완결),총 110화/미완결,110.0,미완결,,,https://series.naver.com/comic/detail.series?productNo=11004940,matched,ok,"누가 어른 되면 다 된댔어? (총 110화/미완결)
평점
9.9 | 정오 정오 | 2026.06.04. | 총110화/미완결 | 107화 무료
인턴부터 쭉 충성했더니 연봉 동결, 보람 없는 업무, 반복되는 야근! 결국 사표를 낸 재이는 오래 꿈꿔왔던 화가의 길로 들어서는데… 좋아서 시작한 일이지만 이 길은 멀고도 험하다. 의욕만 충만한 프리랜서, 인생의 노잼시기..",thu,1,thu,1,wed,thu,True,thu,목,wed,thu,11004940_thu,post_24h,어제 밤 10시 공개 이후 증가분 확인용 수집,14.7만,147000.0,https://series.naver.com/comic/detail.series?productNo=11004940,20260820_165209,thu,목,2026-08-20 16:52:09,2026-08-20,16:52:09,2026-08-20 17:02:33,2026-08-20 17:02:36,2.72,2026-08-20 17:02:36,2026-08-20,17:02:36,2026-08-20 17:08:23,973.6
thu,71,소심한 호랭이 코코,키몽,825415,https://comic.naver.com/webtoon/list?titleId=825415&tab=thu,11141169,소심한 호랭이 코코,소심한 호랭이 코코 (총 93화/미완결),총 93화/미완결,93.0,미완결,,,https://series.naver.com/comic/detail.series?productNo=11141169,matched,ok,"소심한 호랭이 코코 (총 93화/미완결)
평점
10.0 | 키몽 키몽 | 2026.06.03. | 총93화/미완결 | 88화 무료
""내는 소심한 호랭이 코코. 내랑 친구해줘유..""처음으로 유치원에 가게 된 코코. 소심한 코코에게 유치원은 벅찬 시련들이 가득한데... 워떡혀! 짝꿍아 도와줘유..~우리들의 어린 시절이 떠오르는, 호랭이 코코의 무해한 유치원 적..",thu,1,thu,1,wed,thu,True,thu,목,wed,thu,11141169_thu,post_24h,어제 밤 10시 공개 이후 증가분 확인용 수집,48.8만,488000.0,https://series.naver.com/comic/detail.series?productNo=11141169,20260820_165209,thu,목,2026-08-20 16:52:09,2026-08-20,16:52:09,2026-08-20 17:02:38,2026-08-20 17:02:40,2.41,2026-08-20 17:02:40,2026-08-20,17:02:40,2026-08-20 17:08:23,973.6
thu,9,종말에서 살아남기,송,826321,https://comic.naver.com/webtoon/list?titleId=826321&tab=thu,11141840,종말에서 살아남기,종말에서 살아남기 (총 96화/미완결),총 96화/미완결,96.0,미완결,,,https://series.naver.com/comic/detail.series?productNo=11141840,matched,ok,"종말에서 살아남기 (총 96화/미완결)
평점
9.5 | 송 송 | 2026.06.05. | 총96화/미완결 | 90화 무료
평생 지하실에 감금되어 훈련받은 소년.그리고 그를 가둔 미치광이 아빠가 하는 말""종말이 온다.""지금껏 수없이 반복해온 훈련과 생존 지식으로종말에서 살아남아야만 한다.","thu,sat",2,"thu,sat",2,"wed,fri","thu,sat",True,thu,목,wed,thu,11141840_thu,post_24h,어제 밤 10시 공개 이후 증가분 확인용 수집,227.7만,2277000.0,https://series.naver.com/comic/detail.series?productNo=11141840,20260820_165209,thu,목,2026-08-20 16:52:09,2026-08-20,16:52:09,2026-08-20 17:02:41,2026-08-20 17:02:44,2.49,2026-08-20 17:02:44,2026-08-20,17:02:44,2026-08-20 17:08:23,973.6
thu,96,추억이 찾아오는 가게,꼬모소이,827328,https://comic.naver.com/webtoon/list?titleId=827328&tab=thu,11266492,추억이 찾아오는 가게,추억이 찾아오는 가게 (총 106화/미완결),총 106화/미완결,106.0,미완결,,,https://series.naver.com/comic/detail.series?productNo=11266492,matched,ok,"추억이 찾아오는 가게 (총 106화/미완결)
평점
10.0 | 꼬모소이 꼬모소이 | 2026.06.03. | 총106화/미완결 | 103화 무료
""이 돈, 다 언니 가져."" 내 인생에 이런 날도 있다니. 잠깐, 소미 넌 인형 아니었어? 아무 것도 갖고 태어나지 못한 외톨이, 지운이 신비한 마을과 현실을 넘나들며 겪는 좌충우돌 힐링 성장기",thu,1,thu,1,wed,thu,True,thu,목,wed,thu,11266492_thu,post_24h,어제 밤 10시 공개 이후 증가분 확인용 수집,15.4만,154000.0,https://series.naver.com/comic/detail.series?productNo=11266492,20260820_165209,thu,목,2026-08-20 16:52:09,2026-08-20,16:52:09,2026-08-20 17:02:45,2026-08-20 17:02:47,1.97,2026-08-20 17:02:47,2026-08-20,17:02:47,2026-08-20 17:08:23,973.6
thu,104,내 여자친구는 이세계 용사?!,사다함,827902,https://comic.naver.com/webtoon/list?titleId=827902&tab=thu,11344589,내 여자친구는 이세계 용사?!,내 여자친구는 이세계 용사?! (총 100화/미완결),총 100화/미완결,100.0,미완결,,,https://series.naver.com/comic/detail.series?productNo=11344589,matched,ok,"내 여자친구는 이세계 용사?! (총 100화/미완결)
평점
9.9 | 사다함 사다함 | 2026.06.04. | 총100화/미완결 | 95화 무료
같은 반 친구 윤리나를 짝사랑하던 이재이. 큰 용기를 내어 고백하지만 대답을 듣지 못하고, 다음날 리나를 다시 만나지만 리나는 다른 사람처럼 변해 있었다…?",thu,1,thu,1,wed,thu,True,thu,목,wed,thu,11344589_thu,post_24h,어제 밤 10시 공개 이후 증가분 확인용 수집,3.3만,33000.0,https://series.naver.com/comic/detail.series?productNo=11344589,20260820_165209,thu,목,2026-08-20 16:52:09,2026-08-20,16:52:09,2026-08-20 17:02:48,2026-08-20 17:02:50,2.01,2026-08-20 17:02:50,2026-08-20,17:02:50,2026-08-20 17:08:23,973.6
thu,14,작두,232,828294,https://comic.naver.com/webtoon/list?titleId=828294&tab=thu,11371309,작두,작두 (총 104화/미완결),총 104화/미완결,104.0,미완결,,,https://series.naver.com/comic/detail.series?productNo=11371309,matched,ok,"작두 (총 104화/미완결)
평점
9.9 | 232 POGO | 2026.06.03. | 총104화/미완결 | 98화 무료
미신따윈 믿지않는 주인공 '권용진'. 그의 만 16세의 생일이 지나자 눈 앞에 펼쳐진 믿을 수 없는 일들.",thu,1,thu,1,wed,thu,True,thu,목,wed,thu,11371309_thu,post_24h,어제 밤 10시 공개 이후 증가분 확인용 수집,"1,010만",10100000.0,https://series.naver.com/comic/detail.series?productNo=11371309,20260820_165209,thu,목,2026-08-20 16:52:09,2026-08-20,16:52:09,2026-08-20 17:02:52,2026-08-20 17:02:54,2.15,2026-08-20 17:02:54,2026-08-20,17:02:54,2026-08-20 17:08:23,973.6
thu,17,사시미 한 자루로 아카데미를 씹어먹음,GMAN,829875,https://comic.naver.com/webtoon/list?titleId=829875&tab=thu,11540563,사시미 한 자루로 아카데미를 씹어먹음,사시미 한 자루로 아카데미를 씹어먹음 (총 84화/미완결),총 84화/미완결,84.0,미완결,,,https://series.naver.com/comic/detail.series?productNo=11540563,matched,ok,"사시미 한 자루로 아카데미를 씹어먹음 (총 84화/미완결)
평점
9.8 | GMAN GMAN | 2026.06.03. | 총84화/미완결 | 79화 무료
‘베면 잘릴 것입니다.’전국 최고의 칼잡이라고 불리던 내가과금 몇 번 해본 모바일 게임에 떨어졌다.무려 '검신(劍神)의 가호'를 부여받고⋯!그런데⋯ 사용할 수 있는 무장이 고작 사시미뿐이라고?하루에 단 1분. 나는 사시..",thu,1,thu,1,wed,thu,True,thu,목,wed,thu,11540563_thu,post_24h,어제 밤 10시 공개 이후 증가분 확인용 수집,513.8만,5138000.0,https://series.naver.com/comic/detail.series?productNo=11540563,20260820_165209,thu,목,2026-08-20 16:52:09,2026-08-20,16:52:09,2026-08-20 17:02:55,2026-08-20 17:02:57,2.24,2026-08-20 17:02:57,2026-08-20,17:02:57,2026-08-20 17:08:23,973.6
thu,70,첫눈에 반한 건 아니지만,아임,830637,https://comic.naver.com/webtoon/list?titleId=830637&tab=thu,11573054,첫눈에 반한 건 아니지만,첫눈에 반한 건 아니지만 (총 68화/미완결),총 68화/미완결,68.0,미완결,,,https://series.naver.com/comic/detail.series?productNo=11573054,matched,ok,"첫눈에 반한 건 아니지만 (총 68화/미완결)
평점
9.9 | 아임 아임 | 2026.06.03. | 총68화/미완결 | 63화 무료
결혼을 전제로 선을 본 서은재. 그 상대인 윤시우는 안 좋은 소문이 무성한 남자였기에은재는 그를 경계하고 거절하려고 한다.하지만 첫눈에 반했다는 그의 열열한 구애에 끝내는 마음을 빼앗기고 마는데...은재는 시우에게 푹 ..",thu,1,thu,1,wed,thu,True,thu,목,wed,thu,11573054_thu,post_24h,어제 밤 10시 공개 이후 증가분 확인용 수집,98.3만,983000.0,https://series.naver.com/comic/detail.series?productNo=11573054,20260820_165209,thu,목,2026-08-20 16:52:09,2026-08-20,16:52:09,2026-08-20 17:02:59,2026-08-20 17:03:02,2.65,2026-08-20 17:03:02,2026-08-20,17:03:02,2026-08-20 17:08:23,973.6
thu,94,수사9단0,김선권,832244,https://comic.naver.com/webtoon/list?titleId=832244&tab=thu,11599676,수사9단0,수사9단0 (총 95화/미완결),총 95화/미완결,95.0,미완결,,,https://series.naver.com/comic/detail.series?productNo=11599676,matched,ok,"수사9단0 (총 95화/미완결)
평점
10.0 | 김선권 김선권 | 2026.06.03. | 총95화/미완결 | 90화 무료
한 번의 실수로 모든 것을 잃은 홍달기 반장, 징계를 밥 먹듯이 받는 폭력 형사 유진, 경찰대 수석 졸업 출신의 엘리트 정보통. 전혀 어울리지 않는 세 명의 형사가 팀을 이뤄 사건을 해결해 나가며 점점 하나가 된다.",thu,1,thu,1,wed,thu,True,thu,목,wed,thu,11599676_thu,post_24h,어제 밤 10시 공개 이후 증가분 확인용 수집,11.3만,113000.0,https://series.naver.com/comic/detail.series?productNo=11599676,20260820_165209,thu,목,2026-08-20 16:52:09,2026-08-20,16:52:09,2026-08-20 17:03:04,2026-08-20 17:03:06,2.12,2026-08-20 17:03:06,2026-08-20,17:03:06,2026-08-20 17:08:23,973.6
thu,91,미로 인 메모리,유이수,833040,https://comic.naver.com/webtoon/list?titleId=833040&tab=thu,11698609,미로 인 메모리,미로 인 메모리 (총 76화/미완결),총 76화/미완결,76.0,미완결,,,https://series.naver.com/comic/detail.series?productNo=11698609,matched,ok,"미로 인 메모리 (총 76화/미완결)
평점
10.0 | 유이수 유이수 | 2026.06.03. | 총76화/미완결 | 71화 무료
약해도 너무 약해 모두에게 무시받던 해찬. 신비한 아이 미로를 만나 큰 힘을 얻게 되지만, 동시에 모두를 지켜 준다고 생각했던 봉인석이 사실 세상을 망치는 주범이었다는 것을 알게 된다. 혼자서라도 이를 바로잡으려 하나 ..",thu,1,thu,1,wed,thu,True,thu,목,wed,thu,11698609_thu,post_24h,어제 밤 10시 공개 이후 증가분 확인용 수집,21.8만,218000.0,https://series.naver.com/comic/detail.series?productNo=11698609,20260820_165209,thu,목,2026-08-20 16:52:09,2026-08-20,16:52:09,2026-08-20 17:03:07,2026-08-20 17:03:09,2.7,2026-08-20 17:03:09,2026-08-20,17:03:09,2026-08-20 17:08:23,973.6
thu,37,배드 본 블러드,현가,833388,https://comic.naver.com/webtoon/list?titleId=833388&tab=thu,11762937,배드 본 블러드,배드 본 블러드 (총 89화/미완결),총 89화/미완결,89.0,미완결,,,https://series.naver.com/comic/detail.series?productNo=11762937,matched,ok,"배드 본 블러드 (총 89화/미완결)
평점
9.7 | 현가, 백수귀족 D-Park | 2026.05.27. | 총89화/미완결 | 82화 무료
인류의 보금자리는 더는 지구가 아니며, 성간비행은 상식이고, 기계가 피와 살을 대체하는 시대.하층 구역 출신의 루카는 열다섯이 되었고, 선별검사 적성은 ‘근위대’였다.",thu,1,thu,1,wed,thu,True,thu,목,wed,thu,11762937_thu,post_24h,어제 밤 10시 공개 이후 증가분 확인용 수집,188.8만,1888000.0,https://series.naver.com/comic/detail.series?productNo=11762937,20260820_165209,thu,목,2026-08-20 16:52:09,2026-08-20,16:52:09,2026-08-20 17:03:11,2026-08-20 17:03:13,2.55,2026-08-20 17:03:13,2026-08-20,17:03:13,2026-08-20 17:08:23,973.6
thu,60,하이클래스,르티,833418,https://comic.naver.com/webtoon/list?titleId=833418&tab=thu,11742074,하이클래스,하이클래스 (총 76화/미완결),총 76화/미완결,76.0,미완결,,,https://series.naver.com/comic/detail.series?productNo=11742074,matched,ok,"하이클래스 (총 76화/미완결)
평점
9.1 | 르티, 박만사 르티 | 2026.06.03. | 총76화/미완결 | 71화 무료
충청 최대 조직 '절화'의 보스 왕독필. 그리고 그의 아들 왕담.왕담은 아버지의 사망 후 조직의 후계를 잇는 것이 아닌 새 삶을 꿈꾸며무작정 서울로 올라간다. 하지만 세상은 만만치 않았고 식구였던 삼촌은그런 왕담에게 전학..",thu,1,thu,1,wed,thu,True,thu,목,wed,thu,11742074_thu,post_24h,어제 밤 10시 공개 이후 증가분 확인용 수집,80.5만,805000.0,https://series.naver.com/comic/detail.series?productNo=11742074,20260820_165209,thu,목,2026-08-20 16:52:09,2026-08-20,16:52:09,2026-08-20 17:03:15,2026-08-20 17:03:17,2.14,2026-08-20 17:03:17,2026-08-20,17:03:17,2026-08-20 17:08:23,973.6
thu,102,내가 싫어하는 남자친구,하늘,833420,https://comic.naver.com/webtoon/list?titleId=833420&tab=thu,11741822,내가 싫어하는 남자친구,내가 싫어하는 남자친구 (총 89화/미완결),총 89화/미완결,89.0,미완결,,,https://series.naver.com/comic/detail.series?productNo=11741822,matched,ok,"내가 싫어하는 남자친구 (총 89화/미완결)
평점
10.0 | 하늘 하늘 | 2026.06.03. | 총89화/미완결 | 84화 무료
‘인하’의 비교 대상이었던 ‘예준’. 끊임없는 비교에 지칠 무렵, 우연히 받아온 미술 상장이 관심을 받게 되고 그렇게 인하는 미술의 길을 걷게 된다. 이후 7년 뒤, 다시 마주친 예준은 뜻밖에도 자신과 같은 분야의 길을 걷..",thu,1,thu,1,wed,thu,True,thu,목,wed,thu,11741822_thu,post_24h,어제 밤 10시 공개 이후 증가분 확인용 수집,12.4만,124000.0,https://series.naver.com/comic/detail.series?productNo=11741822,20260820_165209,thu,목,2026-08-20 16:52:09,2026-08-20,16:52:09,2026-08-20 17:03:18,2026-08-20 17:03:21,2.79,2026-08-20 17:03:21,2026-08-20,17:03:21,2026-08-20 17:08:23,973.6
thu,47,종이호랑이,몹시찰진우럭,833489,https://comic.naver.com/webtoon/list?titleId=833489&tab=thu,11750124,종이호랑이,종이호랑이 (총 85화/미완결),총 85화/미완결,85.0,미완결,,,https://series.naver.com/comic/detail.series?productNo=11750124,matched,ok,"종이호랑이 (총 85화/미완결)
평점
10.0 | 몹시찰진우럭 | 2026.06.03. | 총85화/미완결 | 82화 무료
떠돌이 요괴사냥꾼으로 근근이 살아가던 박갈은 의문의 소녀 콩쇠를 만나게 되는데..",thu,1,thu,1,wed,thu,True,thu,목,wed,thu,11750124_thu,post_24h,어제 밤 10시 공개 이후 증가분 확인용 수집,119만,1190000.0,https://series.naver.com/comic/detail.series?productNo=11750124,20260820_165209,thu,목,2026-08-20 16:52:09,2026-08-20,16:52:09,2026-08-20 17:03:22,2026-08-20 17:03:25,2.78,2026-08-20 17:03:25,2026-08-20,17:03:25,2026-08-20 17:08:23,973.6
thu,59,공작가의 남장 하인이 되었다,HBR,834512,https://comic.naver.com/webtoon/list?titleId=834512&tab=thu,11900946,공작가의 남장 하인이 되었다,공작가의 남장 하인이 되었다 (총 73화/미완결),총 73화/미완결,73.0,미완결,,,https://series.naver.com/comic/detail.series?productNo=11900946,matched,ok,"공작가의 남장 하인이 되었다 (총 73화/미완결)
평점
10.0 | 메이비Y, HBR 갸우 | 2026.06.03. | 총73화/미완결 | 68화 무료
흑막 공작에게 몸 정, 맘 정 다 주고 이용 당하다 죽는 하녀에게 빙의 했다.본래 공작가의 하녀가 된 로젤리아는 공작의 장기 말로 이용되다가남주인 황태자에게 발각되어 사형 당하는 운명.그녀는 흑막 공작의 눈에 띄지 않기 ..",thu,1,thu,1,wed,thu,True,thu,목,wed,thu,11900946_thu,post_24h,어제 밤 10시 공개 이후 증가분 확인용 수집,146.1만,1461000.0,https://series.naver.com/comic/detail.series?productNo=11900946,20260820_165209,thu,목,2026-08-20 16:52:09,2026-08-20,16:52:09,2026-08-20 17:03:26,2026-08-20 17:03:28,2.3,2026-08-20 17:03:28,2026-08-20,17:03:28,2026-08-20 17:08:23,973.6
thu,66,운명해주세요,노뱀,835004,https://comic.naver.com/webtoon/list?titleId=835004&tab=thu,11990945,운명해주세요,운명해주세요 (총 53화/미완결),총 53화/미완결,53.0,미완결,노뱀 노뱀,평점 10.0 | 노뱀 노뱀 | 2025.12.24. | 총53화/미완결 | 전화 무료,https://series.naver.com/comic/detail.series?productNo=11990945,matched,ok,"운명해주세요 (총 53화/미완결)
평점
10.0 | 노뱀 노뱀 | 2025.12.24. | 총53화/미완결 | 전화 무료
무수한 고난을 알코올의 힘으로 씩씩하게 이겨내는 청년 백수 해솔.그런 해솔의 앞에 13년 만에 나타난 수상한 속내의 하현.둘 중 하나가 죽어야만 살 수 있는 해솔과 하현의 저세상 로맨스!",thu,1,thu,1,wed,thu,True,thu,목,wed,thu,11990945_thu,post_24h,어제 밤 10시 공개 이후 증가분 확인용 수집,18.8만,188000.0,https://series.naver.com/comic/detail.series?productNo=11990945,20260820_165209,thu,목,2026-08-20 16:52:09,2026-08-20,16:52:09,2026-08-20 17:03:29,2026-08-20 17:03:32,2.22,2026-08-20 17:03:32,2026-08-20,17:03:32,2026-08-20 17:08:23,973.6
thu,85,짐승같은 것들,김태희,835925,https://comic.naver.com/webtoon/list?titleId=835925&tab=thu,12138773,짐승같은 것들,짐승같은 것들 (총 74화/미완결),총 74화/미완결,74.0,미완결,,,https://series.naver.com/comic/detail.series?productNo=12138773,matched,ok,"짐승같은 것들 (총 74화/미완결)
평점
9.9 | 김태희 | 2026.06.03. | 총74화/미완결 | 69화 무료
'딴 놈들에게 절대 뺏기지 않아. 저건 내 거야..!'늑대인간이 공존하는 세상. 늑인 우두머리의 외동딸 한지우의 앞에 <국민아들>, 배우 천유승이 나타난다.그런데... 대체 뭐하는 놈이지? 왜 평범한 연예인이 늑대의 힘을 강하게 ..",thu,1,thu,1,wed,thu,True,thu,목,wed,thu,12138773_thu,post_24h,어제 밤 10시 공개 이후 증가분 확인용 수집,60.4만,604000.0,https://series.naver.com/comic/detail.series?productNo=12138773,20260820_165209,thu,목,2026-08-20 16:52:09,2026-08-20,16:52:09,2026-08-20 17:03:33,2026-08-20 17:03:35,2.41,2026-08-20 17:03:35,2026-08-20,17:03:35,2026-08-20 17:08:23,973.6
thu,2,마흔 즈음에,서쿤스,836052,https://comic.naver.com/webtoon/list?titleId=836052&tab=thu,12158334,마흔 즈음에,마흔 즈음에 (총 74화/미완결),총 74화/미완결,74.0,미완결,,,https://series.naver.com/comic/detail.series?productNo=12158334,matched,ok,"마흔 즈음에 (총 74화/미완결)
평점
9.9 | 서쿤스 | 2026.06.03. | 총74화/미완결 | 68화 무료
어느 덧 마흔살이 된 현성민은 주변을 돌아보니 혼자가 되었다는 현실을 절실히 깨닫게 된다.자신의 인생 뿐 아니라 직장에서도 위기를 맞게 된 현성민은 진정한 행복을 찾기 위해 고군분투 하기로 결심한다.불혹의 나이, 아직 ..",thu,1,thu,1,wed,thu,True,thu,목,wed,thu,12158334_thu,post_24h,어제 밤 10시 공개 이후 증가분 확인용 수집,818.7만,8187000.0,https://series.naver.com/comic/detail.series?productNo=12158334,20260820_165209,thu,목,2026-08-20 16:52:09,2026-08-20,16:52:09,2026-08-20 17:03:36,2026-08-20 17:03:39,2.45,2026-08-20 17:03:39,2026-08-20,17:03:39,2026-08-20 17:08:23,973.6
thu,50,전생혈마,장,837022,https://comic.naver.com/webtoon/list?titleId=837022&tab=thu,12270204,전생혈마,전생혈마 (총 56화/미완결),총 56화/미완결,56.0,미완결,,,https://series.naver.com/comic/detail.series?productNo=12270204,matched,ok,"전생혈마 (총 56화/미완결)
평점
9.5 | 장작가 장작가 | 2026.06.03. | 총56화/미완결 | 51화 무료
재능도, 능력도, 스킬도 없는 하위 1% 탱커 강산. 불행 그 자체인 그의 앞에 신의 사자가 나타난다.“당신은 전생에 혈마였습니다.”전생의 업보를 해소하기 위해 혹독한 시련을 감당해야 한다.하지만 그 대가로 막대한 보상이 ..",thu,1,thu,1,wed,thu,True,thu,목,wed,thu,12270204_thu,post_24h,어제 밤 10시 공개 이후 증가분 확인용 수집,51만,510000.0,https://series.naver.com/comic/detail.series?productNo=12270204,20260820_165209,thu,목,2026-08-20 16:52:09,2026-08-20,16:52:09,2026-08-20 17:03:40,2026-08-20 17:03:42,2.47,2026-08-20 17:03:42,2026-08-20,17:03:42,2026-08-20 17:08:23,973.6
thu,95,어느 날 갑자기 최애가 생겼다,맛스타,837424,https://comic.naver.com/webtoon/list?titleId=837424&tab=thu,12329240,어느 날 갑자기 최애가 생겼다,어느 날 갑자기 최애가 생겼다 (총 68화/미완결),총 68화/미완결,68.0,미완결,,,https://series.naver.com/comic/detail.series?productNo=12329240,matched,ok,"어느 날 갑자기 최애가 생겼다 (총 68화/미완결)
평점
9.9 | 맛스타 맛스타 | 2026.06.03. | 총68화/미완결 | 63화 무료
인기 정상의 여돌을 은퇴하고 이제 배우로 전향한 30살의 ‘하시연’어느 날 갑자기 중소기업 남돌 ‘한은결’에게 덕통사고를 당하는데,늘 사랑받는 게 익숙했던 그녀에게 최애가 생겼다!과연 끝까지 자신의 정체를 들키지 ..",thu,1,thu,1,wed,thu,True,thu,목,wed,thu,12329240_thu,post_24h,어제 밤 10시 공개 이후 증가분 확인용 수집,45.7만,457000.0,https://series.naver.com/comic/detail.series?productNo=12329240,20260820_165209,thu,목,2026-08-20 16:52:09,2026-08-20,16:52:09,2026-08-20 17:03:44,2026-08-20 17:03:46,2.11,2026-08-20 17:03:46,2026-08-20,17:03:46,2026-08-20 17:08:23,973.6
thu,10,"풍작이에요, 마왕님!",이현민,837486,https://comic.naver.com/webtoon/list?titleId=837486&tab=thu,12341108,"풍작이에요, 마왕님!","풍작이에요, 마왕님! (총 70화/미완결)",총 70화/미완결,70.0,미완결,,,https://series.naver.com/comic/detail.series?productNo=12341108,matched,ok,"풍작이에요, 마왕님! (총 70화/미완결)
평점
10.0 | 문백경, 이현민 여강현 | 2026.06.03. | 총70화/미완결 | 63화 무료
게임 속 최종보스 마왕이 되었다. 그런데...이대로 인간계를 침공하면? 내가 키운 만렙 주인공에게 사망.그렇다고 침공을 중단하면? 굶주린 수하 마족 사천왕에게 사망....그러므로, 답은 농사다.",thu,1,thu,1,wed,thu,True,thu,목,wed,thu,12341108_thu,post_24h,어제 밤 10시 공개 이후 증가분 확인용 수집,589.4만,5894000.0,https://series.naver.com/comic/detail.series?productNo=12341108,20260820_165209,thu,목,2026-08-20 16:52:09,2026-08-20,16:52:09,2026-08-20 17:03:47,2026-08-20 17:03:50,2.64,2026-08-20 17:03:50,2026-08-20,17:03:50,2026-08-20 17:08:23,973.6
thu,15,오늘의 한요일은 여자다,송극장,837504,https://comic.naver.com/webtoon/list?titleId=837504&tab=thu,12387216,오늘의 한요일은 여자다,오늘의 한요일은 여자다 (총 64화/미완결),총 64화/미완결,64.0,미완결,,,https://series.naver.com/comic/detail.series?productNo=12387216,matched,ok,"오늘의 한요일은 여자다 (총 64화/미완결)
평점
9.9 | 송극장 송극장 | 2026.06.03. | 총64화/미완결 | 61화 무료
학폭 가해자라는 치명적인 누명을 쓰고 아이돌을 꿈꾸는 김상현.어느 날 찾아온 대형 기획사 실장의 제안으로 '전생의 모습으로 바꿔주는 약'을 사용하게 되는데, 변신한 거울 속 전생의 모습은 엄청난 미인.. 그런데 여자?과연 ..",thu,1,thu,1,wed,thu,True,thu,목,wed,thu,12387216_thu,post_24h,어제 밤 10시 공개 이후 증가분 확인용 수집,493.9만,4939000.0,https://series.naver.com/comic/detail.series?productNo=12387216,20260820_165209,thu,목,2026-08-20 16:52:09,2026-08-20,16:52:09,2026-08-20 17:03:51,2026-08-20 17:03:54,2.59,2026-08-20 17:03:54,2026-08-20,17:03:54,2026-08-20 17:08:23,973.6
thu,89,티라노 노경수,힙합신선,837631,https://comic.naver.com/webtoon/list?titleId=837631&tab=thu,12365145,티라노 노경수,티라노 노경수 (총 69화/미완결),총 69화/미완결,69.0,미완결,,,https://series.naver.com/comic/detail.series?productNo=12365145,matched,ok,"티라노 노경수 (총 69화/미완결)
평점
10.0 | 힙합신선 힙합신선 | 2026.06.03. | 총69화/미완결 | 64화 무료
하루 벌어 하루 먹고 살기 바쁜 우울한 직장인 ‘노미래’.어느 날 갑자기 ‘티라노’를 키우게 되었다?!하루아침에 생겨버린 반려공룡(?)으로 미래 없던 미래의 일상이 소용돌이 친다!",thu,1,thu,1,wed,thu,True,thu,목,wed,thu,12365145_thu,post_24h,어제 밤 10시 공개 이후 증가분 확인용 수집,34만,340000.0,https://series.naver.com/comic/detail.series?productNo=12365145,20260820_165209,thu,목,2026-08-20 16:52:09,2026-08-20,16:52:09,2026-08-20 17:03:55,2026-08-20 17:03:57,2.35,2026-08-20 17:03:57,2026-08-20,17:03:57,2026-08-20 17:08:23,973.6
thu,64,신의 요리,차정평,838183,https://comic.naver.com/webtoon/list?titleId=838183&tab=thu,12431985,신의 요리,신의 요리 (총 64화/미완결),총 64화/미완결,64.0,미완결,,,https://series.naver.com/comic/detail.series?productNo=12431985,matched,ok,"신의 요리 (총 64화/미완결)
평점
9.9 | 차정평 레블스튜디오 | 2026.06.03. | 총64화/미완결 | 60화 무료
한국 역사상 가장 위대한 요리사, 홍시원이 갑작스럽게 세상을 떠났다. 그의 마지막 유언은 충격적이었다. 바로, 자신의 식당에서 모든 요리사가 총주방장 자리를 놓고 대결하라는 것이었다.이 치열한 경쟁에 ‘신의 혀’를 가..",thu,1,thu,1,wed,thu,True,thu,목,wed,thu,12431985_thu,post_24h,어제 밤 10시 공개 이후 증가분 확인용 수집,71.3만,713000.0,https://series.naver.com/comic/detail.series?productNo=12431985,20260820_165209,thu,목,2026-08-20 16:52:09,2026-08-20,16:52:09,2026-08-20 17:03:58,2026-08-20 17:04:01,2.63,2026-08-20 17:04:01,2026-08-20,17:04:01,2026-08-20 17:08:23,973.6
thu,63,경계선,파트,838217,https://comic.naver.com/webtoon/list?titleId=838217&tab=thu,12465826,경계선,경계선 (총 51화/미완결),총 51화/미완결,51.0,미완결,"피숙혜, 파트 꿀봉이","평점 10.0 | 피숙혜, 파트 꿀봉이 | 2026.08.05. | 총51화/미완결 | 46화 무료",https://series.naver.com/comic/detail.series?productNo=12465826,matched,ok,"경계선 (총 51화/미완결)
평점
10.0 | 피숙혜, 파트 꿀봉이 | 2026.08.05. | 총51화/미완결 | 46화 무료
스물 네 살의 취업 준비생 '임유하'는 대학을 졸업한 뒤, 연달은 취업 실패에 못이겨 눈물을 머금고 본가로 돌아온다. 그곳에서 마주하는 건 주인집 막내 아들이자 천덕 꾸러기 '지민규'. 그는 첫 만남에 대뜸 ""너 오늘 새로 들어..",thu,1,thu,1,wed,thu,True,thu,목,wed,thu,12465826_thu,post_24h,어제 밤 10시 공개 이후 증가분 확인용 수집,112.9만,1129000.0,https://series.naver.com/comic/detail.series?productNo=12465826,20260820_165209,thu,목,2026-08-20 16:52:09,2026-08-20,16:52:09,2026-08-20 17:04:02,2026-08-20 17:04:04,2.19,2026-08-20 17:04:04,2026-08-20,17:04:04,2026-08-20 17:08:23,973.6
thu,33,김오진과 이상한 동물들,기선,838262,https://comic.naver.com/webtoon/list?titleId=838262&tab=thu,12477611,김오진과 이상한 동물들,김오진과 이상한 동물들 (총 51화/미완결),총 51화/미완결,51.0,미완결,기선 필살린,평점 10.0 | 기선 필살린 | 2026.02.04. | 총51화/미완결 | 전화 무료,https://series.naver.com/comic/detail.series?productNo=12477611,matched,ok,"김오진과 이상한 동물들 (총 51화/미완결)
평점
10.0 | 기선 필살린 | 2026.02.04. | 총51화/미완결 | 전화 무료
드래곤에게 강제 소환 당한 수의사 김오진.드래곤의 반려 동물을 성공적으로 진료하고 귀가하였으나 도착한 곳은 이세계였다.이세계 동물도 동물인데? 현실에서 파산직전 수의사인 내가 이세계에서는 명의?이렇게 된 이상, ..",thu,1,thu,1,wed,thu,True,thu,목,wed,thu,12477611_thu,post_24h,어제 밤 10시 공개 이후 증가분 확인용 수집,206.5만,2065000.0,https://series.naver.com/comic/detail.series?productNo=12477611,20260820_165209,thu,목,2026-08-20 16:52:09,2026-08-20,16:52:09,2026-08-20 17:04:05,2026-08-20 17:04:08,2.48,2026-08-20 17:04:08,2026-08-20,17:04:08,2026-08-20 17:08:23,973.6
thu,93,풀 보이,커북이,838513,https://comic.naver.com/webtoon/list?titleId=838513&tab=thu,12512830,풀 보이,풀 보이 (총 63화/미완결),총 63화/미완결,63.0,미완결,,,https://series.naver.com/comic/detail.series?productNo=12512830,matched,ok,"풀 보이 (총 63화/미완결)
평점
10.0 | 커북이 | 2026.06.03. | 총63화/미완결 | 58화 무료
""내 인생에 더 이상 운동은 없을 줄 알았는데…""짝사랑하는 여학생 이나의 마음을 얻기 위해 수영을 잘한다고 거짓말을 한 해민.오해는 걷잡을 수 없이 커지고, 해민은 거짓말을 사실로 만들어 버리기로 결심한다.수영을 사랑하..",thu,1,thu,1,wed,thu,True,thu,목,wed,thu,12512830_thu,post_24h,어제 밤 10시 공개 이후 증가분 확인용 수집,16.5만,165000.0,https://series.naver.com/comic/detail.series?productNo=12512830,20260820_165209,thu,목,2026-08-20 16:52:09,2026-08-20,16:52:09,2026-08-20 17:04:09,2026-08-20 17:04:11,1.86,2026-08-20 17:04:11,2026-08-20,17:04:11,2026-08-20 17:08:23,973.6
thu,46,문과X이과,다빈,839913,https://comic.naver.com/webtoon/list?titleId=839913&tab=thu,12702136,문과X이과,문과X이과 (총 55화/미완결),총 55화/미완결,55.0,미완결,,,https://series.naver.com/comic/detail.series?productNo=12702136,matched,ok,"문과X이과 (총 55화/미완결)
평점
10.0 | 다빈 다빈 | 2026.05.27. | 총55화/미완결 | 49화 무료
모의고사만 쳤다 하면 실수를 연발해 만점에 실패했던 문과 전교 1등 양소연,1학년 때부터 모의고사 만점 이과 1등 김준수가 거슬린다.대망의 고3 첫 모의고사,소연은 마음이 급해져 준수에게 접근하게 되는데...",thu,1,thu,1,wed,thu,True,thu,목,wed,thu,12702136_thu,post_24h,어제 밤 10시 공개 이후 증가분 확인용 수집,143.3만,1433000.0,https://series.naver.com/comic/detail.series?productNo=12702136,20260820_165209,thu,목,2026-08-20 16:52:09,2026-08-20,16:52:09,2026-08-20 17:04:12,2026-08-20 17:04:15,2.37,2026-08-20 17:04:15,2026-08-20,17:04:15,2026-08-20 17:08:23,973.6
thu,43,안녕 오목눈이 그리핀!,임형,840358,https://comic.naver.com/webtoon/list?titleId=840358&tab=thu,12808242,안녕 오목눈이 그리핀!,안녕 오목눈이 그리핀! (총 53화/미완결),총 53화/미완결,53.0,미완결,,,https://series.naver.com/comic/detail.series?productNo=12808242,matched,ok,"안녕 오목눈이 그리핀! (총 53화/미완결)
평점
10.0 | 임형 임형 | 2026.06.03. | 총53화/미완결 | 46화 무료
이사한 집에 정체 모를 ‘오목눈이 그리핀’이 나타났다!앞발은 푹신한 새의 다리, 뒷발은 고양이의 젤리가?어디로 튈지 모르는 오목눈이 그리핀과 초보 집사 ‘한솔’의 좌충우돌 동거 라이프.과연 무사할 수 있을까?",thu,1,thu,1,wed,thu,True,thu,목,wed,thu,12808242_thu,post_24h,어제 밤 10시 공개 이후 증가분 확인용 수집,150.2만,1502000.0,https://series.naver.com/comic/detail.series?productNo=12808242,20260820_165209,thu,목,2026-08-20 16:52:09,2026-08-20,16:52:09,2026-08-20 17:04:16,2026-08-20 17:04:18,2.12,2026-08-20 17:04:18,2026-08-20,17:04:18,2026-08-20 17:08:23,973.6
thu,92,염매,갯첨서,840593,https://comic.naver.com/webtoon/list?titleId=840593&tab=thu,12833737,염매,염매 (총 50화/미완결),총 50화/미완결,50.0,미완결,,,https://series.naver.com/comic/detail.series?productNo=12833737,matched,ok,"염매 (총 50화/미완결)
평점
10.0 | 갯첨서 갯첨서 | 2026.06.04. | 총50화/미완결 | 46화 무료
""염매 처리 전문 참새투어입니다.""어느 날 염매를 잡는다는 수상한 회사에 입사하게 된 주인공 백한.생명을 먹이로 한다는 인간이 과거에 만들어 낸 괴물 염매. 인간의 생명을 노리는 염매가 전국 곳곳에 숨어 있다는데.염매를 ..",thu,1,thu,1,wed,thu,True,thu,목,wed,thu,12833737_thu,post_24h,어제 밤 10시 공개 이후 증가분 확인용 수집,13.1만,131000.0,https://series.naver.com/comic/detail.series?productNo=12833737,20260820_165209,thu,목,2026-08-20 16:52:09,2026-08-20,16:52:09,2026-08-20 17:04:19,2026-08-20 17:04:21,2.22,2026-08-20 17:04:21,2026-08-20,17:04:21,2026-08-20 17:08:23,973.6
thu,77,이세계 싱글대디,찹도리,840880,https://comic.naver.com/webtoon/list?titleId=840880&tab=thu,12869065,이세계 싱글대디,이세계 싱글대디 (총 55화/미완결),총 55화/미완결,55.0,미완결,,,https://series.naver.com/comic/detail.series?productNo=12869065,matched,ok,"이세계 싱글대디 (총 55화/미완결)
평점
9.8 | 왓챠 W | 2026.06.03. | 총55화/미완결 | 47화 무료
어느날 아내가 실종됐다. 희귀병을 앓는 어린 딸은 치료법도 없고, 숨 쉴틈이라곤 없는 삶이 이어진다.결국 삶을 포기하려던 그때, 딸과 함께 이세계에 떨어져 버렸다. 그것도 아내가 쓴, 어둡고 끔찍한 다크 판타지 소설 속으로..",thu,1,thu,1,wed,thu,True,thu,목,wed,thu,12869065_thu,post_24h,어제 밤 10시 공개 이후 증가분 확인용 수집,74.4만,744000.0,https://series.naver.com/comic/detail.series?productNo=12869065,20260820_165209,thu,목,2026-08-20 16:52:09,2026-08-20,16:52:09,2026-08-20 17:04:22,2026-08-20 17:04:24,2.43,2026-08-20 17:04:24,2026-08-20,17:04:24,2026-08-20 17:08:23,973.6
thu,101,최강 매니저,현마담,840894,https://comic.naver.com/webtoon/list?titleId=840894&tab=thu,12880391,최강 매니저,최강 매니저 (총 49화/미완결),총 49화/미완결,49.0,미완결,,,https://series.naver.com/comic/detail.series?productNo=12880391,matched,ok,"최강 매니저 (총 49화/미완결)
평점
9.9 | 현마담 현마담 | 2026.06.03. | 총49화/미완결 | 44화 무료
전직 특수요원 피보라!몸도 마음도 썩어버린 퇴물 가수 '최강'의 매니저가 된다!몸이 썩은 최강을 팬다! 마음이 썩은 최강을 팬다!그녀는 매니저인가 교관인가!무지막지한 매니저의 퇴물 가수 재기 프로젝트!최강 매니저!",thu,1,thu,1,wed,thu,True,thu,목,wed,thu,12880391_thu,post_24h,어제 밤 10시 공개 이후 증가분 확인용 수집,6.1만,61000.0,https://series.naver.com/comic/detail.series?productNo=12880391,20260820_165209,thu,목,2026-08-20 16:52:09,2026-08-20,16:52:09,2026-08-20 17:04:26,2026-08-20 17:04:29,2.68,2026-08-20 17:04:29,2026-08-20,17:04:29,2026-08-20 17:08:23,973.6
thu,35,천재 회사원이 선넘으면 생기는일,오십이,840902,https://comic.naver.com/webtoon/list?titleId=840902&tab=thu,12893377,천재 회사원이 선넘으면 생기는일,천재 회사원이 선넘으면 생기는일 (총 52화/미완결),총 52화/미완결,52.0,미완결,,,https://series.naver.com/comic/detail.series?productNo=12893377,matched,ok,"천재 회사원이 선넘으면 생기는일 (총 52화/미완결)
평점
9.6 | 오십이, 한룡 도루묵 | 2026.06.03. | 총52화/미완결 | 45화 무료
대한민국 최고의 영화사 출신이자 천재 마케터,그리고 전 사원 중 유일한 동료 평가 미달자이자 뇌물수수 사건에 연루된 사내 공공의 적.이 모든 수식어가 한록의 회사원 인생을 요약한다.단지 일에만 전념하고 싶어서, 정치와 ..",thu,1,thu,1,wed,thu,True,thu,목,wed,thu,12893377_thu,post_24h,어제 밤 10시 공개 이후 증가분 확인용 수집,124.2만,1242000.0,https://series.naver.com/comic/detail.series?productNo=12893377,20260820_165209,thu,목,2026-08-20 16:52:09,2026-08-20,16:52:09,2026-08-20 17:04:29,2026-08-20 17:04:32,2.56,2026-08-20 17:04:32,2026-08-20,17:04:32,2026-08-20 17:08:23,973.6
thu,40,용사 카리엘,김감준,841236,https://comic.naver.com/webtoon/list?titleId=841236&tab=thu,12953165,용사 카리엘,용사 카리엘 (총 50화/미완결),총 50화/미완결,50.0,미완결,,,https://series.naver.com/comic/detail.series?productNo=12953165,matched,ok,"용사 카리엘 (총 50화/미완결)
평점
9.9 | 김감준 김감준 | 2026.06.04. | 총50화/미완결 | 43화 무료
마왕이 죽고, 용사들만 남은 세상. 그 공백을 누군가 채워야 한다.",thu,1,thu,1,wed,thu,True,thu,목,wed,thu,12953165_thu,post_24h,어제 밤 10시 공개 이후 증가분 확인용 수집,116.9만,1169000.0,https://series.naver.com/comic/detail.series?productNo=12953165,20260820_165209,thu,목,2026-08-20 16:52:09,2026-08-20,16:52:09,2026-08-20 17:04:33,2026-08-20 17:04:36,2.76,2026-08-20 17:04:36,2026-08-20,17:04:36,2026-08-20 17:08:23,973.6
tue,74,고고밍밍고,밍밍고,841824,https://comic.naver.com/webtoon/list?titleId=841824&tab=tue,13013561,고고밍밍고,고고밍밍고 (총 87화/미완결),총 87화/미완결,87.0,미완결,,,https://series.naver.com/comic/detail.series?productNo=13013561,matched,ok,"고고밍밍고 (총 87화/미완결)
평점
10.0 | 밍밍고 밍밍고 | 2026.06.08. | 총87화/미완결 | 81화 무료
살다 보면 끝도 없이 샘솟는 다채로운 충동들!결코 그냥은 지나치지 못하고 꼭 한 번 찍어먹고야 마는맑눈광 밍밍고의 도전정신 가득한 일상","tue,thu",2,"tue,thu",2,"mon,wed","tue,thu",True,thu,목,wed,thu,13013561_thu,post_24h,어제 밤 10시 공개 이후 증가분 확인용 수집,12만,120000.0,https://series.naver.com/comic/detail.series?productNo=13013561,20260820_165209,thu,목,2026-08-20 16:52:09,2026-08-20,16:52:09,2026-08-20 17:04:37,2026-08-20 17:04:40,2.81,2026-08-20 17:04:40,2026-08-20,17:04:40,2026-08-20 17:08:23,973.6
thu,52,최서연의 회피한 날들,김노이,842345,https://comic.naver.com/webtoon/list?titleId=842345&tab=thu,13067669,최서연의 회피한 날들,최서연의 회피한 날들 (총 45화/미완결),총 45화/미완결,45.0,미완결,,,https://series.naver.com/comic/detail.series?productNo=13067669,matched,ok,"최서연의 회피한 날들 (총 45화/미완결)
평점
10.0 | 김노이 김노이 | 2026.06.03. | 총45화/미완결 | 40화 무료
연애만 했다 하면 사소한 이유로 이별해버리는 회피형 인간, 최서연.지금껏 그냥 짝을 잘 못 만난 줄 알았는데…연애를 거듭할수록, 진짜 문제는 ‘나’였단 걸 점점 알게 된다.과연 회피형을 극복하고 건강한 연애를 할 수 있..",thu,1,thu,1,wed,thu,True,thu,목,wed,thu,13067669_thu,post_24h,어제 밤 10시 공개 이후 증가분 확인용 수집,51.6만,516000.0,https://series.naver.com/comic/detail.series?productNo=13067669,20260820_165209,thu,목,2026-08-20 16:52:09,2026-08-20,16:52:09,2026-08-20 17:04:41,2026-08-20 17:04:43,2.55,2026-08-20 17:04:43,2026-08-20,17:04:43,2026-08-20 17:08:23,973.6
thu,53,언더복서,눈매,842449,https://comic.naver.com/webtoon/list?titleId=842449&tab=thu,13087037,언더복서,언더복서 (총 45화/미완결),총 45화/미완결,45.0,미완결,,,https://series.naver.com/comic/detail.series?productNo=13087037,matched,ok,"언더복서 (총 45화/미완결)
평점
9.8 | 눈매 이재훈 | 2026.06.03. | 총45화/미완결 | 40화 무료
지긋지긋한 왕따 인생을 벗어나기 위해서는 여자친구가 필요하다는 것을 깨달은 이기주. 그런데 하필 첫눈에 반한 그녀가 복싱 관장님의 딸? 여친을 만들어서 인생 역전을 노리려던 이기주는 링 위에서 진정한 복싱의 매력..",thu,1,thu,1,wed,thu,True,thu,목,wed,thu,13087037_thu,post_24h,어제 밤 10시 공개 이후 증가분 확인용 수집,69.5만,695000.0,https://series.naver.com/comic/detail.series?productNo=13087037,20260820_165209,thu,목,2026-08-20 16:52:09,2026-08-20,16:52:09,2026-08-20 17:04:44,2026-08-20 17:04:47,2.35,2026-08-20 17:04:47,2026-08-20,17:04:47,2026-08-20 17:08:23,973.6
thu,57,미모사,삼중,842646,https://comic.naver.com/webtoon/list?titleId=842646&tab=thu,13101422,미모사,미모사 (총 46화/미완결),총 46화/미완결,46.0,미완결,,,https://series.naver.com/comic/detail.series?productNo=13101422,matched,ok,"미모사 (총 46화/미완결)
평점
10.0 | 삼중 삼중 | 2026.06.03. | 총46화/미완결 | 39화 무료
세상 중심의 장막을 둘러싼 전쟁이 끝났다. 하지만 장막이 남긴 것은 전쟁뿐만이 아니었다.장막을 쫓는 자, 장막을 닫으려는 자,특별한 능력을 쓰는 자, 전쟁 병기,치안을 어지럽히는 자, 희망을 가져다주는 자,걸어온 삶을 부딪..",thu,1,thu,1,wed,thu,True,thu,목,wed,thu,13101422_thu,post_24h,어제 밤 10시 공개 이후 증가분 확인용 수집,28.9만,289000.0,https://series.naver.com/comic/detail.series?productNo=13101422,20260820_165209,thu,목,2026-08-20 16:52:09,2026-08-20,16:52:09,2026-08-20 17:04:48,2026-08-20 17:04:50,1.9,2026-08-20 17:04:50,2026-08-20,17:04:50,2026-08-20 17:08:23,973.6
thu,99,내 어디가 좋아?,아르몽,843042,https://comic.naver.com/webtoon/list?titleId=843042&tab=thu,13158814,내 어디가 좋아?,내 어디가 좋아? (총 41화/미완결),총 41화/미완결,41.0,미완결,,,https://series.naver.com/comic/detail.series?productNo=13158814,matched,ok,"내 어디가 좋아? (총 41화/미완결)
평점
9.9 | 아르몽 아르몽 | 2026.06.03. | 총41화/미완결 | 37화 무료
우리의 소중한 친구 태양이가 180도 달라져서 돌아왔다. 친절하고 반짝이는 모습은 온데간데 없고, 어둡게 변해버린 태양이가 낮설기만 한데…우리는 다시 태양이를 반짝이게 할 수 있을까?",thu,1,thu,1,wed,thu,True,thu,목,wed,thu,13158814_thu,post_24h,어제 밤 10시 공개 이후 증가분 확인용 수집,16.6만,166000.0,https://series.naver.com/comic/detail.series?productNo=13158814,20260820_165209,thu,목,2026-08-20 16:52:09,2026-08-20,16:52:09,2026-08-20 17:04:51,2026-08-20 17:04:53,2.46,2026-08-20 17:04:53,2026-08-20,17:04:53,2026-08-20 17:08:23,973.6
thu,90,아이캣치유,코앳,843460,https://comic.naver.com/webtoon/list?titleId=843460&tab=thu,13236123,아이캣치유,아이캣치유 (총 34화/미완결),총 34화/미완결,34.0,미완결,,,https://series.naver.com/comic/detail.series?productNo=13236123,matched,ok,"아이캣치유 (총 34화/미완결)
평점
10.0 | 코앳 코앳, 우주돌 | 2026.06.03. | 총34화/미완결 | 32화 무료
“내 마지막 행운이 되어줘서 고마워!” 2015년 9월, 상위 0.1% 수험생 권민은 모의고사 20분을 가져간 환상 속 옆반 학생 차유빈의 정체를 우연히 밝혀내는데.하루 30분, 킬러 문항보다 어려운 행운과 운명의 미스테리를 파..",thu,1,thu,1,wed,thu,True,thu,목,wed,thu,13236123_thu,post_24h,어제 밤 10시 공개 이후 증가분 확인용 수집,4.6만,46000.0,https://series.naver.com/comic/detail.series?productNo=13236123,20260820_165209,thu,목,2026-08-20 16:52:09,2026-08-20,16:52:09,2026-08-20 17:04:55,2026-08-20 17:04:58,2.46,2026-08-20 17:04:58,2026-08-20,17:04:58,2026-08-20 17:08:23,973.6
thu,55,폐급연애,멜리,843473,https://comic.naver.com/webtoon/list?titleId=843473&tab=thu,13236266,폐급연애,폐급연애 (총 22화/미완결),총 22화/미완결,22.0,미완결,,,https://series.naver.com/comic/detail.series?productNo=13236266,matched,ok,"폐급연애 (총 22화/미완결)
평점
9.8 | 멜리, 웬즈데이 멜리, 웬즈데이 | 2026.06.03. | 총22화/미완결 | 15화 무료
서울 고시원에 사는 이재훈은 결핍과 열등감 속에서 무감각하게 살고 있다.뜨거운 여름 날, 그는 익명 채팅방에 연애썰을 풀기 시작하고뜻밖의 관심과 환호 속에서 처음으로 살아있는 기분을 느낀다.3호실 여자와의 썸, 오픈채..",thu,1,thu,1,wed,thu,True,thu,목,wed,thu,13236266_thu,post_24h,어제 밤 10시 공개 이후 증가분 확인용 수집,18.7만,187000.0,https://series.naver.com/comic/detail.series?productNo=13236266,20260820_165209,thu,목,2026-08-20 16:52:09,2026-08-20,16:52:09,2026-08-20 17:04:59,2026-08-20 17:05:01,2.55,2026-08-20 17:05:01,2026-08-20,17:05:01,2026-08-20 17:08:23,973.6
thu,83,본능적인 청혼,개굴,843872,https://comic.naver.com/webtoon/list?titleId=843872&tab=thu,13262947,본능적인 청혼,본능적인 청혼 (총 35화/미완결),총 35화/미완결,35.0,미완결,,,https://series.naver.com/comic/detail.series?productNo=13262947,matched,ok,"본능적인 청혼 (총 35화/미완결)
평점
10.0 | 개굴, 김노라 듀밤 | 2026.05.27. | 총35화/미완결 | 31화 무료
짝사랑했었던 태성바이오 사장, 기태한과 하룻밤을 가진 후.나, 서연우는 사장님의 아이를 가지게 되었다.그리고 결심했다.퇴사하고 사장님의 인생에 사라져 조용히 지내기로…그런데 자꾸만 내 앞에 나타나 마음을 흔드는 사..",thu,1,thu,1,wed,thu,True,thu,목,wed,thu,13262947_thu,post_24h,어제 밤 10시 공개 이후 증가분 확인용 수집,34.6만,346000.0,https://series.naver.com/comic/detail.series?productNo=13262947,20260820_165209,thu,목,2026-08-20 16:52:09,2026-08-20,16:52:09,2026-08-20 17:05:03,2026-08-20 17:05:06,2.61,2026-08-20 17:05:06,2026-08-20,17:05:06,2026-08-20 17:08:23,973.6
thu,79,컬러리스트,89line,844352,https://comic.naver.com/webtoon/list?titleId=844352&tab=thu,13330741,컬러리스트,컬러리스트 (총 35화/미완결),총 35화/미완결,35.0,미완결,,,https://series.naver.com/comic/detail.series?productNo=13330741,matched,ok,"컬러리스트 (총 35화/미완결)
평점
10.0 | 89line 89line | 2026.06.03. | 총35화/미완결 | 30화 무료
검게 물든 세상.검은 마녀로 인해 인류는 빛과 색이 모인 거대도시로 내몰린다.세상을 되찾기 위해 개척을 이어가는 인류와 그 개척단의 일원이 되려는 소년 케이.하지만 색을 가지지 못한 무색인이라는 이유로 배척받는다.그러..",thu,1,thu,1,wed,thu,True,thu,목,wed,thu,13330741_thu,post_24h,어제 밤 10시 공개 이후 증가분 확인용 수집,60.2만,602000.0,https://series.naver.com/comic/detail.series?productNo=13330741,20260820_165209,thu,목,2026-08-20 16:52:09,2026-08-20,16:52:09,2026-08-20 17:05:07,2026-08-20 17:05:09,2.05,2026-08-20 17:05:09,2026-08-20,17:05:09,2026-08-20 17:08:23,973.6
thu,73,천만배우의 딸이 되었다,마로,844390,https://comic.naver.com/webtoon/list?titleId=844390&tab=thu,13349961,천만배우의 딸이 되었다,천만배우의 딸이 되었다 (총 35화/미완결),총 35화/미완결,35.0,미완결,,,https://series.naver.com/comic/detail.series?productNo=13349961,matched,ok,"천만배우의 딸이 되었다 (총 35화/미완결)
평점
9.8 | 마로 | 2026.06.03. | 총35화/미완결 | 30화 무료
엄마가 암으로 돌아가시고, 아빠에게 버림받은 초등학교 5학년 루민은 자신의 생부가 인기배우 '정하진'이라는 사실을 알게 된다. 정하진은 처음에는 루민을 거부했지만, 루민의 천재적인 연기재능을 알아본 뒤로 루민을 자신..",thu,1,thu,1,wed,thu,True,thu,목,wed,thu,13349961_thu,post_24h,어제 밤 10시 공개 이후 증가분 확인용 수집,63.3만,633000.0,https://series.naver.com/comic/detail.series?productNo=13349961,20260820_165209,thu,목,2026-08-20 16:52:09,2026-08-20,16:52:09,2026-08-20 17:05:11,2026-08-20 17:05:14,2.66,2026-08-20 17:05:14,2026-08-20,17:05:14,2026-08-20 17:08:23,973.6
thu,20,대마법사 커리큘럼,덩배,844951,https://comic.naver.com/webtoon/list?titleId=844951&tab=thu,13397269,대마법사 커리큘럼,대마법사 커리큘럼 (총 33화/미완결),총 33화/미완결,33.0,미완결,,,https://series.naver.com/comic/detail.series?productNo=13397269,matched,ok,"대마법사 커리큘럼 (총 33화/미완결)
평점
10.0 | 덩배 덩배 | 2026.06.03. | 총33화/미완결 | 28화 무료
착하고 의롭지만 조금? 무섭게 생긴 마법사 유진, 스승의 딸인 아인을 제자로 거둬 대마법사로 키우고자 한다.마법으로 구원받고 마법으로 혼란스러워진 세상에서, 유진쌤과 함께 위대한 대마법사를 목표로 나아가자!",thu,1,thu,1,wed,thu,True,thu,목,wed,thu,13397269_thu,post_24h,어제 밤 10시 공개 이후 증가분 확인용 수집,269.4만,2694000.0,https://series.naver.com/comic/detail.series?productNo=13397269,20260820_165209,thu,목,2026-08-20 16:52:09,2026-08-20,16:52:09,2026-08-20 17:05:15,2026-08-20 17:05:17,2.27,2026-08-20 17:05:17,2026-08-20,17:05:17,2026-08-20 17:08:23,973.6
thu,87,작성자OO,이배,844981,https://comic.naver.com/webtoon/list?titleId=844981&tab=thu,13407368,작성자OO,작성자OO (총 33화/미완결),총 33화/미완결,33.0,미완결,,,https://series.naver.com/comic/detail.series?productNo=13407368,matched,ok,"작성자OO (총 33화/미완결)
평점
10.0 | 이배 반숙 | 2026.06.03. | 총33화/미완결 | 28화 무료
""내가 쓰지 않았어!""인기 아이돌 정하진의 학폭 폭로가 터진다. 기억을 훔쳐본 듯 자세한 내용에 세상은 피해자인 민지를 '작성자'로 지목하는데.내 기억을 훔쳐 가해자의 숨통을 조이는 정체불명의 작성자. 이건 나를 위한 완벽..",thu,1,thu,1,wed,thu,True,thu,목,wed,thu,13407368_thu,post_24h,어제 밤 10시 공개 이후 증가분 확인용 수집,18.3만,183000.0,https://series.naver.com/comic/detail.series?productNo=13407368,20260820_165209,thu,목,2026-08-20 16:52:09,2026-08-20,16:52:09,2026-08-20 17:05:19,2026-08-20 17:05:21,1.95,2026-08-20 17:05:21,2026-08-20,17:05:21,2026-08-20 17:08:23,973.6
mon,12,먹는 인생2,홍끼,845271,https://comic.naver.com/webtoon/list?titleId=845271&tab=mon,13455875,먹는 인생2,먹는 인생2 (총 58화/미완결),총 58화/미완결,58.0,미완결,,,https://series.naver.com/comic/detail.series?productNo=13455875,matched,ok,"먹는 인생2 (총 58화/미완결)
평점
9.8 | 홍끼 홍끼 | 2026.06.07. | 총58화/미완결 | 53화 무료
행복한 일상에는 맛있는 음식이 빠질 수 없지!맛있는 음식을 탐험하며 이어지는 일상 이야기","mon,thu",2,"mon,thu",2,"sun,wed","mon,thu",True,thu,목,wed,thu,13455875_thu,post_24h,어제 밤 10시 공개 이후 증가분 확인용 수집,27.4만,274000.0,https://series.naver.com/comic/detail.series?productNo=13455875,20260820_165209,thu,목,2026-08-20 16:52:09,2026-08-20,16:52:09,2026-08-20 17:05:22,2026-08-20 17:05:24,2.03,2026-08-20 17:05:24,2026-08-20,17:05:24,2026-08-20 17:08:23,973.6
thu,45,판타지 입소대,서패스,845515,https://comic.naver.com/webtoon/list?titleId=845515&tab=thu,13489719,판타지 입소대,판타지 입소대 (총 29화/미완결),총 29화/미완결,29.0,미완결,,,https://series.naver.com/comic/detail.series?productNo=13489719,matched,ok,"판타지 입소대 (총 29화/미완결)
평점
9.8 | 서패스 먼츠 | 2026.06.03. | 총29화/미완결 | 25화 무료
마족과 이종연방의 근접경계인 적운산간. 그곳은 훈련과 실전이 동시 진행되는 최후의 전략 요충지.연방군은 예언서에서 계시된 초월자 10인을 찾아 빼앗긴 영토를 되찾기 위해 징병과 선별 작업을 거듭한다.하지만 마족과의 ..",thu,1,thu,1,wed,thu,True,thu,목,wed,thu,13489719_thu,post_24h,어제 밤 10시 공개 이후 증가분 확인용 수집,99만,990000.0,https://series.naver.com/comic/detail.series?productNo=13489719,20260820_165209,thu,목,2026-08-20 16:52:09,2026-08-20,16:52:09,2026-08-20 17:05:25,2026-08-20 17:05:28,2.27,2026-08-20 17:05:28,2026-08-20,17:05:28,2026-08-20 17:08:23,973.6
thu,82,저승침공,신선젬,845946,https://comic.naver.com/webtoon/list?titleId=845946&tab=thu,13540059,저승침공,저승침공 (총 27화/미완결),총 27화/미완결,27.0,미완결,,,https://series.naver.com/comic/detail.series?productNo=13540059,matched,ok,"저승침공 (총 27화/미완결)
평점
9.7 | 신선젬 RAZR | 2026.05.27. | 총27화/미완결 | 23화 무료
천사들과 외계인의 대규모 전쟁!저승은 인간의 믿음 위에 존재한다.삶에 미련이 없는 인류 최후 생존자 ‘김리아’,저승으로 부터 추방당한 신을 경멸하는 천사 ‘아자젤’.이 둘에게 인류와 저승의 운명이 걸려있다.저승에선 ..",thu,1,thu,1,wed,thu,True,thu,목,wed,thu,13540059_thu,post_24h,어제 밤 10시 공개 이후 증가분 확인용 수집,14.9만,149000.0,https://series.naver.com/comic/detail.series?productNo=13540059,20260820_165209,thu,목,2026-08-20 16:52:09,2026-08-20,16:52:09,2026-08-20 17:05:29,2026-08-20 17:05:31,2.33,2026-08-20 17:05:31,2026-08-20,17:05:31,2026-08-20 17:08:23,973.6
thu,103,수사중 연애금지!,이재홍,846335,https://comic.naver.com/webtoon/list?titleId=846335&tab=thu,13585933,수사중 연애금지!,수사중 연애금지! (총 53화/미완결),총 53화/미완결,53.0,미완결,,,https://series.naver.com/comic/detail.series?productNo=13585933,matched,ok,"수사중 연애금지! (총 53화/미완결)
평점
10.0 | 이재홍 | 2026.06.06. | 총53화/미완결 | 44화 무료
밝고 유쾌한 막내 형사 차연진. 냉혹한 조폭 보스 안태하를 붙잡아야 한다.긴장과 코믹 속에서, 미묘하게 흔들리는 두 사람의 예측 불가 로맨스!","thu,sun",2,"thu,sun",2,"wed,sat","thu,sun",True,thu,목,wed,thu,13585933_thu,post_24h,어제 밤 10시 공개 이후 증가분 확인용 수집,4.6만,46000.0,https://series.naver.com/comic/detail.series?productNo=13585933,20260820_165209,thu,목,2026-08-20 16:52:09,2026-08-20,16:52:09,2026-08-20 17:05:32,2026-08-20 17:05:35,2.5,2026-08-20 17:05:35,2026-08-20,17:05:35,2026-08-20 17:08:23,973.6
thu,74,죽여주는 옆집 남자,1호,847535,https://comic.naver.com/webtoon/list?titleId=847535&tab=thu,13709447,죽여주는 옆집 남자,죽여주는 옆집 남자 (총 24화/미완결),총 24화/미완결,24.0,미완결,,,https://series.naver.com/comic/detail.series?productNo=13709447,matched,ok,"죽여주는 옆집 남자 (총 24화/미완결)
평점
10.0 | 1호 bdo | 2026.06.03. | 총24화/미완결 | 19화 무료
“뭐?? 내가 너를 좋아하냐고?? 이, 이게 어디서부터 잘못 된거야?”두근거리는 첫 자취의 시작이자, 새학기 첫 날에 마주쳐버린 깡패같은 남자, 김 준.자신의 뒤를 밟는다고 착각해버린 김 준에게 죽임(?)을 당할 뻔한 위기를 ..",thu,1,thu,1,wed,thu,True,thu,목,wed,thu,13709447_thu,post_24h,어제 밤 10시 공개 이후 증가분 확인용 수집,23.8만,238000.0,https://series.naver.com/comic/detail.series?productNo=13709447,20260820_165209,thu,목,2026-08-20 16:52:09,2026-08-20,16:52:09,2026-08-20 17:05:36,2026-08-20 17:05:38,2.0,2026-08-20 17:05:38,2026-08-20,17:05:38,2026-08-20 17:08:23,973.6
thu,23,이과장 생존기,맷집왕,847568,https://comic.naver.com/webtoon/list?titleId=847568&tab=thu,13704861,이과장 생존기 [독점],이과장 생존기 [독점] (총 21화/미완결),총 21화/미완결,21.0,미완결,,,https://series.naver.com/comic/detail.series?productNo=13704861,matched,ok,"이과장 생존기 [독점] (총 21화/미완결)
평점
9.6 | 맷집왕, 불량집사 서윤 | 2026.06.03. | 총21화/미완결 | 16화 무료
분유뚜껑, 요거트 스푼… 소형 플라스틱 제품 생산이 주업인 중소기업 훈성테크. 그 속을 들여다보면 사장, 사장 아들, 사장 처남, 사장 동생, 사장 며느리까지 한 자리씩 차지하고는 다른 직원들을 쥐어짜는 가‘족’(?) 같은 ..",thu,1,thu,1,wed,thu,True,thu,목,wed,thu,13704861_thu,post_24h,어제 밤 10시 공개 이후 증가분 확인용 수집,91.7만,917000.0,https://series.naver.com/comic/detail.series?productNo=13704861,20260820_165209,thu,목,2026-08-20 16:52:09,2026-08-20,16:52:09,2026-08-20 17:05:39,2026-08-20 17:05:41,2.21,2026-08-20 17:05:41,2026-08-20,17:05:41,2026-08-20 17:08:23,973.6
thu,27,국정원 말단직원,MUTE,847892,https://comic.naver.com/webtoon/list?titleId=847892&tab=thu,13747297,국정원 말단직원,국정원 말단직원 (총 22화/미완결),총 22화/미완결,22.0,미완결,,,https://series.naver.com/comic/detail.series?productNo=13747297,matched,ok,"국정원 말단직원 (총 22화/미완결)
평점
9.4 | MUTE, 삼돌 MUTE | 2026.06.03. | 총22화/미완결 | 17화 무료
시험 없이 7급 공무원 되는 개꿀팁!추천으로 군 복무 중 '국정원 특채'되기..!그렇게 난 세계의 화약고 중국 단둥시에서 집에 앉아 압록강 철교를 감시하는 임무를 맡았다.하지만 500만 원짜리 야간 근무를 기점으로 내게 자꾸 ..",thu,1,thu,1,wed,thu,True,thu,목,wed,thu,13747297_thu,post_24h,어제 밤 10시 공개 이후 증가분 확인용 수집,76.3만,763000.0,https://series.naver.com/comic/detail.series?productNo=13747297,20260820_165209,thu,목,2026-08-20 16:52:09,2026-08-20,16:52:09,2026-08-20 17:05:43,2026-08-20 17:05:45,2.43,2026-08-20 17:05:45,2026-08-20,17:05:45,2026-08-20 17:08:23,973.6
thu,76,최강의 로맨티스트,한별,847996,https://comic.naver.com/webtoon/list?titleId=847996&tab=thu,13752355,최강의 로맨티스트,최강의 로맨티스트 (총 20화/미완결),총 20화/미완결,20.0,미완결,,,https://series.naver.com/comic/detail.series?productNo=13752355,matched,ok,"최강의 로맨티스트 (총 20화/미완결)
평점
10.0 | 한별 한별 | 2026.06.03. | 총20화/미완결 | 14화 무료
국내 최악의 고등학교인 두팔고등학교의 최강 류우진.싸움이라면 누구에게도 지지 않지만, 사실 그는 로맨스 매니아이자 웹툰 작가 지망생이다.진정한 로맨스를 찾아 평범한 남녀공학으로 전학 가기로 결심한 류우진,과연 새..",thu,1,thu,1,wed,thu,True,thu,목,wed,thu,13752355_thu,post_24h,어제 밤 10시 공개 이후 증가분 확인용 수집,34.7만,347000.0,https://series.naver.com/comic/detail.series?productNo=13752355,20260820_165209,thu,목,2026-08-20 16:52:09,2026-08-20,16:52:09,2026-08-20 17:05:46,2026-08-20 17:05:49,2.67,2026-08-20 17:05:49,2026-08-20,17:05:49,2026-08-20 17:08:23,973.6
thu,97,땅의 기록,WINSTON,849030,https://comic.naver.com/webtoon/list?titleId=849030&tab=thu,13889934,땅의 기록,땅의 기록 (총 19화/미완결),총 19화/미완결,19.0,미완결,,,https://series.naver.com/comic/detail.series?productNo=13889934,matched,ok,"땅의 기록 (총 19화/미완결)
평점
10.0 | WINSTON WINSTON | 2026.06.03. | 총19화/미완결 | 14화 무료
야매로 요괴를 퇴치하며 살아가는 반가이.그러던 어느날 실도깨비가 나타나 대뜸 의뢰를 한다.""내 동생인 숲지기를 찾아줄 이를 구하고 있어""소원을 들어주는 조건으로 의뢰를 받아들이지만,숲지기를 찾는 과정에서 벌어지는 ..",thu,1,thu,1,wed,thu,True,thu,목,wed,thu,13889934_thu,post_24h,어제 밤 10시 공개 이후 증가분 확인용 수집,4.8만,48000.0,https://series.naver.com/comic/detail.series?productNo=13889934,20260820_165209,thu,목,2026-08-20 16:52:09,2026-08-20,16:52:09,2026-08-20 17:05:50,2026-08-20 17:05:53,2.59,2026-08-20 17:05:53,2026-08-20,17:05:53,2026-08-20 17:08:23,973.6
thu,84,슬라임 증후군,시카,849089,https://comic.naver.com/webtoon/list?titleId=849089&tab=thu,13934855,슬라임 증후군,슬라임 증후군 (총 15화/미완결),총 15화/미완결,15.0,미완결,,,https://series.naver.com/comic/detail.series?productNo=13934855,matched,ok,"슬라임 증후군 (총 15화/미완결)
평점
9.9 | 시카 시카 | 2026.06.03. | 총15화/미완결 | 10화 무료
사람들이 슬라임으로 변해버리는 기묘한 재앙이 닥친 세상. 민하는 슬라임이 된 언니를 몰래 데리고 나와 길을 떠난다. 목적지는 언니가 그토록 가고 싶어 했던 단 한 곳. 그 여정 위에서 언니의 흔적을 간직한 사람들을 마주하..",thu,1,thu,1,wed,thu,True,thu,목,wed,thu,13934855_thu,post_24h,어제 밤 10시 공개 이후 증가분 확인용 수집,6.5만,65000.0,https://series.naver.com/comic/detail.series?productNo=13934855,20260820_165209,thu,목,2026-08-20 16:52:09,2026-08-20,16:52:09,2026-08-20 17:05:54,2026-08-20 17:05:56,2.36,2026-08-20 17:05:56,2026-08-20,17:05:56,2026-08-20 17:08:23,973.6
thu,41,스캔들 메이커가 돌아왔다,동쪽,849277,https://comic.naver.com/webtoon/list?titleId=849277&tab=thu,13935626,스캔들 메이커가 돌아왔다,스캔들 메이커가 돌아왔다 (총 17화/미완결),총 17화/미완결,17.0,미완결,,,https://series.naver.com/comic/detail.series?productNo=13935626,matched,ok,"스캔들 메이커가 돌아왔다 (총 17화/미완결)
평점
9.9 | 당근, 동쪽, 레몬개구리 죽선 | 2026.06.03. | 총17화/미완결 | 11화 무료
""숙부님은 알고계시잖아요. 제가 '스캔들 메이커'가 아니라는 걸""사촌 벨라의 죄를 뒤집어쓴 ‘스캔들 메이커’, 공작의 물건을 탐낸 ‘도둑’.해리엇 리스터웰에게 남은 건 오직 오명뿐이었다.하지만 그 모든 비극의 뒤편에 ..",thu,1,thu,1,wed,thu,True,thu,목,wed,thu,13935626_thu,post_24h,어제 밤 10시 공개 이후 증가분 확인용 수집,128.9만,1289000.0,https://series.naver.com/comic/detail.series?productNo=13935626,20260820_165209,thu,목,2026-08-20 16:52:09,2026-08-20,16:52:09,2026-08-20 17:05:58,2026-08-20 17:06:00,2.17,2026-08-20 17:06:00,2026-08-20,17:06:00,2026-08-20 17:08:23,973.6
thu,80,그아비에 그아들,송,849537,https://comic.naver.com/webtoon/list?titleId=849537&tab=thu,13990047,그아비에 그아들,그아비에 그아들 (총 9화/미완결),총 9화/미완결,9.0,미완결,,,https://series.naver.com/comic/detail.series?productNo=13990047,matched,ok,"그아비에 그아들 (총 9화/미완결)
평점
9.2 | 송작가 송작가 | 2026.06.03. | 총9화/미완결 | 4화 무료
""이게 다 아빠 때문이야!!""2026년. 아빠를 닮아 159cm에 51kg의 왜소한 체격의 소유자 '강권'매일같이 학교에서 괴롭힘을 당하다 옥상에서 떨어진다1996년 아빠의 베프인 188cm 71kg의 '최강권' 삼촌의 몸으로 깨어난 강..",thu,1,thu,1,wed,thu,True,thu,목,wed,thu,13990047_thu,post_24h,어제 밤 10시 공개 이후 증가분 확인용 수집,6.6만,66000.0,https://series.naver.com/comic/detail.series?productNo=13990047,20260820_165209,thu,목,2026-08-20 16:52:09,2026-08-20,16:52:09,2026-08-20 17:06:02,2026-08-20 17:06:04,2.09,2026-08-20 17:06:04,2026-08-20,17:06:04,2026-08-20 17:08:23,973.6
thu,65,대타용사,밭,849541,https://comic.naver.com/webtoon/list?titleId=849541&tab=thu,13991460,대타용사,대타용사 (총 6화/미완결),총 6화/미완결,6.0,미완결,밭 밭,평점 10.0 | 밭 밭 | 2026.07.01. | 총6화/미완결 | 1화 무료,https://series.naver.com/comic/detail.series?productNo=13991460,matched,ok,"대타용사 (총 6화/미완결)
평점
10.0 | 밭 밭 | 2026.07.01. | 총6화/미완결 | 1화 무료
마왕의 위협에서 벗어나고자 이세계 주민들은 다른 세계에서 강한 사람들을 소환하기 시작했다.한편 대한민국 최강의 무투가와 이름이 같다는 이유로 소환된 평범한 회사원 송이석, 그런데 이세계 사람들은 그를 최강의 ..",thu,1,thu,1,wed,thu,True,thu,목,wed,thu,13991460_thu,post_24h,어제 밤 10시 공개 이후 증가분 확인용 수집,5.6만,56000.0,https://series.naver.com/comic/detail.series?productNo=13991460,20260820_165209,thu,목,2026-08-20 16:52:09,2026-08-20,16:52:09,2026-08-20 17:06:05,2026-08-20 17:06:08,2.34,2026-08-20 17:06:08,2026-08-20,17:06:08,2026-08-20 17:08:23,973.6
thu,78,우리를 안아줘,아니영,849721,https://comic.naver.com/webtoon/list?titleId=849721&tab=thu,14019192,우리를 안아줘,우리를 안아줘 (총 14화/미완결),총 14화/미완결,14.0,미완결,,,https://series.naver.com/comic/detail.series?productNo=14019192,matched,ok,"우리를 안아줘 (총 14화/미완결)
평점
10.0 | 아니영 | 2026.06.03. | 총14화/미완결 | 9화 무료
먼 과거를 돌아보면 “그래!”밖에 못하는 Yes Girl 안 우리가 있다. 담임으로부터 우리 반 문제아 전지헌의 대입까지 떠맡게 되었던 그 시절. “어쩌면 그게 내 인생의 가장 찬란한 때였는지도 몰라.”",thu,1,thu,1,wed,thu,True,thu,목,wed,thu,14019192_thu,post_24h,어제 밤 10시 공개 이후 증가분 확인용 수집,16.8만,168000.0,https://series.naver.com/comic/detail.series?productNo=14019192,20260820_165209,thu,목,2026-08-20 16:52:09,2026-08-20,16:52:09,2026-08-20 17:06:09,2026-08-20 17:06:12,2.6,2026-08-20 17:06:12,2026-08-20,17:06:12,2026-08-20 17:08:23,973.6
thu,56,괴이호텔,안은평,849851,https://comic.naver.com/webtoon/list?titleId=849851&tab=thu,14035548,괴이호텔,괴이호텔 (총 14화/미완결),총 14화/미완결,14.0,미완결,,,https://series.naver.com/comic/detail.series?productNo=14035548,matched,ok,"괴이호텔 (총 14화/미완결)
평점
10.0 | 안은평 안은평 | 2026.06.03. | 총14화/미완결 | 8화 무료
손목이 잘리고 친구가 살해당했다.이곳에서 살아남기 위해선 퀘스트를 해결해야 한다.",thu,1,thu,1,wed,thu,True,thu,목,wed,thu,14035548_thu,post_24h,어제 밤 10시 공개 이후 증가분 확인용 수집,25.9만,259000.0,https://series.naver.com/comic/detail.series?productNo=14035548,20260820_165209,thu,목,2026-08-20 16:52:09,2026-08-20,16:52:09,2026-08-20 17:06:13,2026-08-20 17:06:16,2.47,2026-08-20 17:06:16,2026-08-20,17:06:16,2026-08-20 17:08:23,973.6
thu,72,사랑이 끝나면 네가 끝난다,류길삼,849864,https://comic.naver.com/webtoon/list?titleId=849864&tab=thu,14038959,사랑이 끝나면 네가 끝난다,사랑이 끝나면 네가 끝난다 (총 12화/미완결),총 12화/미완결,12.0,미완결,,,https://series.naver.com/comic/detail.series?productNo=14038959,matched,ok,"사랑이 끝나면 네가 끝난다 (총 12화/미완결)
평점
9.9 | 류길삼 류길삼 | 2026.06.03. | 총12화/미완결 | 7화 무료
귀신을 볼 수 있는 소녀.그녀 앞에 나타난 과거의 인연을 쫓아온 귀신 ‘백적’은 사랑을 말하지만, 그 시선은 다른 누군가를 향한다.사랑을 위한 사냥감이 되고, 나는 점점 ‘나’를 잃어간다.애정과 집착 사이, 자아의 경계가 ..",thu,1,thu,1,wed,thu,True,thu,목,wed,thu,14038959_thu,post_24h,어제 밤 10시 공개 이후 증가분 확인용 수집,22.4만,224000.0,https://series.naver.com/comic/detail.series?productNo=14038959,20260820_165209,thu,목,2026-08-20 16:52:09,2026-08-20,16:52:09,2026-08-20 17:06:17,2026-08-20 17:06:19,2.3,2026-08-20 17:06:19,2026-08-20,17:06:19,2026-08-20 17:08:23,973.6
thu,58,당신에게 얽힌 채,,849879,https://comic.naver.com/webtoon/list?titleId=849879&tab=thu,14041685,당신에게 얽힌 채,당신에게 얽힌 채 (총 10화/미완결),총 10화/미완결,10.0,미완결,"Nicole Knight, 유다 danah789","평점 10.0 | Nicole Knight, 유다 danah789 | 2026.06.17. | 총10화/미완결 | 5화 무료",https://series.naver.com/comic/detail.series?productNo=14041685,review_needed,not_found,"당신에게 얽힌 채 (총 10화/미완결)
평점
10.0 | Nicole Knight, 유다 danah789 | 2026.06.17. | 총10화/미완결 | 5화 무료
상속자가 아닌 복종하는 존재로 길러진 에이바 모레티. 뉴욕에서 가장 강력한 마피아 가문의 막내딸인 그녀는 ‘집안의 사고뭉치’라는 오명을 벗고 자신의 자리를 찾기 위해 분투한다.그러던 어느 날 밤, 낯선 남자와 보낸 뜨..",thu,1,thu,1,wed,thu,True,thu,목,wed,thu,14041685_thu,post_24h,어제 밤 10시 공개 이후 증가분 확인용 수집,,,https://nid.naver.com/nidlogin.login?svctype=128&a_version=2&viewtype=1&url=http%3A%2F%2Fseries.naver.com%2Fcomic%2Fdetail.series%3FproductNo%3D14041685&surl=https%3A%2F%2Fseries.naver.com,20260820_165209,thu,목,2026-08-20 16:52:09,2026-08-20,16:52:09,2026-08-20 17:06:21,2026-08-20 17:06:36,14.93,2026-08-20 17:06:36,2026-08-20,17:06:36,2026-08-20 17:08:23,973.6
thu,44,영혼을 보는 변호사,이노안,850022,https://comic.naver.com/webtoon/list?titleId=850022&tab=thu,14065762,영혼을 보는 변호사,영혼을 보는 변호사 (총 17화/미완결),총 17화/미완결,17.0,미완결,,,https://series.naver.com/comic/detail.series?productNo=14065762,matched,ok,"영혼을 보는 변호사 (총 17화/미완결)
평점
9.6 | 이노안, 글쓰는문어 선 | 2026.06.03. | 총17화/미완결 | 8화 무료
아버지의 죽음을 목격한 날부터 고등학생 유현재는 귀신을 보게 되고, 또한 퇴마력도 가지게 된다.그리고, 수상한 존재 등장- 생전에 전교 1등이었던 ‘빨간눈’의 귀신과 유현재의 만남.""변호사가 되고 싶어. 도와줘""",thu,1,thu,1,wed,thu,True,thu,목,wed,thu,14065762_thu,post_24h,어제 밤 10시 공개 이후 증가분 확인용 수집,25.2만,252000.0,https://series.naver.com/comic/detail.series?productNo=14065762,20260820_165209,thu,목,2026-08-20 16:52:09,2026-08-20,16:52:09,2026-08-20 17:06:37,2026-08-20 17:06:40,3.24,2026-08-20 17:06:40,2026-08-20,17:06:40,2026-08-20 17:08:23,973.6
thu,67,붉은 야차,돼지토끼,850110,https://comic.naver.com/webtoon/list?titleId=850110&tab=thu,14092507,붉은 야차,붉은 야차 (총 6화/미완결),총 6화/미완결,6.0,미완결,돼지토끼 새벽선,평점 8.1 | 돼지토끼 새벽선 | 2026.06.17. | 총6화/미완결 | 1화 무료,https://series.naver.com/comic/detail.series?productNo=14092507,matched,ok,"붉은 야차 (총 6화/미완결)
평점
8.1 | 돼지토끼 새벽선 | 2026.06.17. | 총6화/미완결 | 1화 무료
죽은 여동생의 복수를 하기도 전에 죽어버린 학폭 가해자들. 쓰레기들이 죽어서 갈 곳은 지옥밖에 없고, 주인공인 이성율은 그 지옥 끝까지 쫓아가 복수하기 위해 스스로 목숨을 끊는다.",thu,1,thu,1,wed,thu,True,thu,목,wed,thu,14092507_thu,post_24h,어제 밤 10시 공개 이후 증가분 확인용 수집,12.3만,123000.0,https://series.naver.com/comic/detail.series?productNo=14092507,20260820_165209,thu,목,2026-08-20 16:52:09,2026-08-20,16:52:09,2026-08-20 17:06:41,2026-08-20 17:06:43,2.13,2026-08-20 17:06:43,2026-08-20,17:06:43,2026-08-20 17:08:23,973.6
thu,86,우리 아이는 외계인에게 납치됐어요,PiT,850212,https://comic.naver.com/webtoon/list?titleId=850212&tab=thu,14190803,우리 아이는 외계인에게 납치됐어요,우리 아이는 외계인에게 납치됐어요 (총 7화/미완결),총 7화/미완결,7.0,미완결,,,https://series.naver.com/comic/detail.series?productNo=14190803,matched,ok,"우리 아이는 외계인에게 납치됐어요 (총 7화/미완결)
평점
10.0 | PiT | 2026.06.03. | 총7화/미완결 | 2화 무료
늦은 밤 야산에서 발견된 여학생의 교복, 현장을 확인한 경찰은 강력 사건을 의심하며 실종자를 찾는다. 실종자는 천광중 2학년 천지윤, 그녀는 4년 전 실종 된 학교 선배, 인유진에 대해 조사하다 사라졌다. 형사들은 당시 인..",thu,1,thu,1,wed,thu,True,thu,목,wed,thu,14190803_thu,post_24h,어제 밤 10시 공개 이후 증가분 확인용 수집,2.1만,21000.0,https://series.naver.com/comic/detail.series?productNo=14190803,20260820_165209,thu,목,2026-08-20 16:52:09,2026-08-20,16:52:09,2026-08-20 17:06:44,2026-08-20 17:06:46,2.07,2026-08-20 17:06:46,2026-08-20,17:06:46,2026-08-20 17:08:23,973.6
thu,88,오버워치: 하나된 마음,Sam King,850218,https://comic.naver.com/webtoon/list?titleId=850218&tab=thu,14104419,오버워치: 하나된 마음,오버워치: 하나된 마음 (총 19화/미완결),총 19화/미완결,19.0,미완결,,,https://series.naver.com/comic/detail.series?productNo=14104419,matched,ok,"오버워치: 하나된 마음 (총 19화/미완결)
평점
4.5 | Sam King Studio Hive | 2026.06.03. | 총19화/미완결 | 14화 무료
탈론이 워치포인트: 지브롤터를 습격한 이후, 오버워치의 영웅들은 처참한 패배의 쓴맛을 삼킵니다. 하지만 벤데타는 여기서 멈추지 않고 전 세계의 연구 시설, 군사 기지, 그리고 주요 도시들을 겨냥해 공격을 퍼붓습니다.소전..",thu,1,thu,1,wed,thu,True,thu,목,wed,thu,14104419_thu,post_24h,어제 밤 10시 공개 이후 증가분 확인용 수집,4.8만,48000.0,https://series.naver.com/comic/detail.series?productNo=14104419,20260820_165209,thu,목,2026-08-20 16:52:09,2026-08-20,16:52:09,2026-08-20 17:06:47,2026-08-20 17:06:50,2.44,2026-08-20 17:06:50,2026-08-20,17:06:50,2026-08-20 17:08:23,973.6
thu,54,사회초년캣,잇선,850237,https://comic.naver.com/webtoon/list?titleId=850237&tab=thu,14110481,사회초년캣,사회초년캣 (총 15화/미완결),총 15화/미완결,15.0,미완결,,,https://series.naver.com/comic/detail.series?productNo=14110481,matched,ok,"사회초년캣 (총 15화/미완결)
평점
10.0 | 잇선 잇선 | 2026.06.05. | 총15화/미완결 | 10화 무료
냐냐냐냥 냐냐냐냐냥냐냐냥냐냐냥 냐냐냥 냐냐냥냐냐냥(인간 사회에 적응해 볼게요)","thu,sat",2,"thu,sat",2,"wed,fri","thu,sat",True,thu,목,wed,thu,14110481_thu,post_24h,어제 밤 10시 공개 이후 증가분 확인용 수집,6.7만,67000.0,https://series.naver.com/comic/detail.series?productNo=14110481,20260820_165209,thu,목,2026-08-20 16:52:09,2026-08-20,16:52:09,2026-08-20 17:06:51,2026-08-20 17:06:54,2.17,2026-08-20 17:06:54,2026-08-20,17:06:54,2026-08-20 17:08:23,973.6
thu,98,이기적 동맹,구직신사,850248,https://comic.naver.com/webtoon/list?titleId=850248&tab=thu,14112225,이기적 동맹,이기적 동맹 (총 11화/미완결),총 11화/미완결,11.0,미완결,,,https://series.naver.com/comic/detail.series?productNo=14112225,matched,ok,"이기적 동맹 (총 11화/미완결)
평점
10.0 | 구직신사 구직신사 | 2026.06.03. | 총11화/미완결 | 7화 무료
수많은 '문'을 통해 서로 다른 이세계와 이어져 있는 특별한 세계 중심계.대천사의 명령으로 천계에서 파견된 천사 디즈는 불운한 직장 생활을 보내고 있다.그런 디즈에게 어느 날 운석처럼 떨어진 사고뭉치 마족 파상!이기적인..",thu,1,thu,1,wed,thu,True,thu,목,wed,thu,14112225_thu,post_24h,어제 밤 10시 공개 이후 증가분 확인용 수집,1.5만,15000.0,https://series.naver.com/comic/detail.series?productNo=14112225,20260820_165209,thu,목,2026-08-20 16:52:09,2026-08-20,16:52:09,2026-08-20 17:06:55,2026-08-20 17:06:57,2.52,2026-08-20 17:06:57,2026-08-20,17:06:57,2026-08-20 17:08:23,973.6
thu,68,숨이 차도 괜찮아,황주영,850521,https://comic.naver.com/webtoon/list?titleId=850521&tab=thu,14138353,숨이 차도 괜찮아,숨이 차도 괜찮아 (총 6화/미완결),총 6화/미완결,6.0,미완결,황주영 황주영,평점 10.0 | 황주영 황주영 | 2026.06.24. | 총6화/미완결 | 1화 무료,https://series.naver.com/comic/detail.series?productNo=14138353,matched,ok,"숨이 차도 괜찮아 (총 6화/미완결)
평점
10.0 | 황주영 황주영 | 2026.06.24. | 총6화/미완결 | 1화 무료
취업에 실패한 29살 선우는 러닝을 통해 무너진 자신과 마주하고, 좌절과 부상을 넘어 마라톤과 인생 재도전에 나선다.",thu,1,thu,1,wed,thu,True,thu,목,wed,thu,14138353_thu,post_24h,어제 밤 10시 공개 이후 증가분 확인용 수집,2.7만,27000.0,https://series.naver.com/comic/detail.series?productNo=14138353,20260820_165209,thu,목,2026-08-20 16:52:09,2026-08-20,16:52:09,2026-08-20 17:06:59,2026-08-20 17:07:01,2.12,2026-08-20 17:07:01,2026-08-20,17:07:01,2026-08-20 17:08:23,973.6
thu,51,애무지구,박지독,850666,https://comic.naver.com/webtoon/list?titleId=850666&tab=thu,14152360,애무지구,애무지구 (총 9화/미완결),총 9화/미완결,9.0,미완결,,,https://series.naver.com/comic/detail.series?productNo=14152360,matched,ok,"애무지구 (총 9화/미완결)
평점
7.6 | 박지독 | 2026.06.03. | 총9화/미완결 | 4화 무료
넓고 넓은 우주 어딘가 우리가 살고 있는 지구와 똑같은 모습을 한 또 다른 지구가 존재한다.그곳은 바로 애무지구. 애무지구의 인간들은 사랑을 하지 않는다. 이곳에서 사랑은 질병이며 사랑을 유발하는 모든 행위는 불법이다...",thu,1,thu,1,wed,thu,True,thu,목,wed,thu,14152360_thu,post_24h,어제 밤 10시 공개 이후 증가분 확인용 수집,4.5만,45000.0,https://series.naver.com/comic/detail.series?productNo=14152360,20260820_165209,thu,목,2026-08-20 16:52:09,2026-08-20,16:52:09,2026-08-20 17:07:02,2026-08-20 17:07:05,2.47,2026-08-20 17:07:05,2026-08-20,17:07:05,2026-08-20 17:08:23,973.6
thu,29,같이 장볼래?,집손이,850928,https://comic.naver.com/webtoon/list?titleId=850928&tab=thu,14185733,같이 장볼래?,같이 장볼래? (총 10화/미완결),총 10화/미완결,10.0,미완결,,,https://series.naver.com/comic/detail.series?productNo=14185733,matched,ok,"같이 장볼래? (총 10화/미완결)
평점
10.0 | 집손이/이개 집손이/이개 | 2026.06.06. | 총10화/미완결 | 5화 무료
유통기한 임박 상품만 노리는 생활력 만렙 자취러 ‘양은’과, 모든 삶을 효율로 계산하는 미니멀리스트 ‘우석’. 1+1 딸기를 나눠산 그 날부터, 두 사람의 썸… 아니, 장보기가 시작된다!","thu,sun",2,"thu,sun",2,"wed,sat","thu,sun",True,thu,목,wed,thu,14185733_thu,post_24h,어제 밤 10시 공개 이후 증가분 확인용 수집,28.5만,285000.0,https://series.naver.com/comic/detail.series?productNo=14185733,20260820_165209,thu,목,2026-08-20 16:52:09,2026-08-20,16:52:09,2026-08-20 17:07:07,2026-08-20 17:07:10,2.94,2026-08-20 17:07:10,2026-08-20,17:07:10,2026-08-20 17:08:23,973.6
thu,36,이레즈미 소개팅남,토깽이,850952,https://comic.naver.com/webtoon/list?titleId=850952&tab=thu,14190985,이레즈미 소개팅남,이레즈미 소개팅남 (총 10화/미완결),총 10화/미완결,10.0,미완결,,,https://series.naver.com/comic/detail.series?productNo=14190985,matched,ok,"이레즈미 소개팅남 (총 10화/미완결)
평점
10.0 | 토깽이 토깽이 | 2026.06.06. | 총10화/미완결 | 5화 무료
등장부터 심상치 않은 소개팅남이 나타났다!몸 이곳저곳에 보이는 문신이며 예상과 상식을 뛰어넘는 기상천외한 행동까지!소개팅으로 시작되는 두 남녀의 예측불가 유쾌발랄 로맨스","thu,sun",2,"thu,sun",2,"wed,sat","thu,sun",True,thu,목,wed,thu,14190985_thu,post_24h,어제 밤 10시 공개 이후 증가분 확인용 수집,17.8만,178000.0,https://series.naver.com/comic/detail.series?productNo=14190985,20260820_165209,thu,목,2026-08-20 16:52:09,2026-08-20,16:52:09,2026-08-20 17:07:11,2026-08-20 17:07:13,2.11,2026-08-20 17:07:13,2026-08-20,17:07:13,2026-08-20 17:08:23,973.6
thu,62,간병동맹,안수민,850962,https://comic.naver.com/webtoon/list?titleId=850962&tab=thu,14193877,간병동맹,간병동맹 (총 6화/미완결),총 6화/미완결,6.0,미완결,,,https://series.naver.com/comic/detail.series?productNo=14193877,matched,ok,"간병동맹 (총 6화/미완결)
평점
10.0 | 안수민 안수민 | 2026.06.03. | 총6화/미완결 | 1화 무료
화려한 인싸 주원과 무뚝뚝한 아싸 한결. 남모를 아픔을 숨긴 채 이중생활을 하던 두 사람은 병원에서 뜻밖의 모습으로 마주치며 서로에게 유일한 위로가 되어간다. 서로의 비밀을 들킨 동시에 간병 동맹이 된 두 사람의 아슬아..",thu,1,thu,1,wed,thu,True,thu,목,wed,thu,14193877_thu,post_24h,어제 밤 10시 공개 이후 증가분 확인용 수집,16.3만,163000.0,https://series.naver.com/comic/detail.series?productNo=14193877,20260820_165209,thu,목,2026-08-20 16:52:09,2026-08-20,16:52:09,2026-08-20 17:07:15,2026-08-20 17:07:17,2.83,2026-08-20 17:07:17,2026-08-20,17:07:17,2026-08-20 17:08:23,973.6
thu,18,무림사채왕,홍실,851610,https://comic.naver.com/webtoon/list?titleId=851610&tab=thu,14270649,무림사채왕,무림사채왕 (총 6화/미완결),총 6화/미완결,6.0,미완결,"살려주세요, 홍실 후란","평점 9.5 | 살려주세요, 홍실 후란 | 2026.06.17. | 총6화/미완결 | 2화 무료",https://series.naver.com/comic/detail.series?productNo=14270649,matched,ok,"무림사채왕 (총 6화/미완결)
평점
9.5 | 살려주세요, 홍실 후란 | 2026.06.17. | 총6화/미완결 | 2화 무료
검 한자루를 벼르는데도, 제자들을 먹이고 입히는데도 아니, 숨만쉬는데도 돈이 필요한 곳. 무림.돈이 필요한가? 신용등급이 떨어졌나? 그럼 대륙전장으로 오세요. 무담보 당일 대출 승인.갚을 돈이 없다고? 아. 걱정하지 마세요..",thu,1,thu,1,wed,thu,True,thu,목,wed,thu,14270649_thu,post_24h,어제 밤 10시 공개 이후 증가분 확인용 수집,42.7만,427000.0,https://series.naver.com/comic/detail.series?productNo=14270649,20260820_165209,thu,목,2026-08-20 16:52:09,2026-08-20,16:52:09,2026-08-20 17:07:19,2026-08-20 17:07:22,2.9,2026-08-20 17:07:22,2026-08-20,17:07:22,2026-08-20 17:08:23,973.6
thu,69,이런 게 사랑일리 없어,강환영,851709,https://comic.naver.com/webtoon/list?titleId=851709&tab=thu,14304363,이런 게 사랑일리 없어,이런 게 사랑일리 없어 (총 6화/미완결),총 6화/미완결,6.0,미완결,0.0,0.0 | 강환영 강환영 | 2026.06.17. | 총6화/미완결 | 1화 무료,https://series.naver.com/comic/detail.series?productNo=14304363,matched,ok,"이런 게 사랑일리 없어 (총 6화/미완결)
0.0 | 강환영 강환영 | 2026.06.17. | 총6화/미완결 | 1화 무료
연애가 뻔하고 지루하다 느끼던 민하리는 어느 날 우연히 만난 서도하에게 순식간에 빠져든다. 다시는 연애하지 않겠다고 다짐했지만, 그 다짐마저 무너뜨릴 만큼 그는 완벽한 남자친구가 되어준다.하지만 함께하는 시간이 늘..",thu,1,thu,1,wed,thu,True,thu,목,wed,thu,14304363_thu,post_24h,어제 밤 10시 공개 이후 증가분 확인용 수집,12만,120000.0,https://series.naver.com/comic/detail.series?productNo=14304363,20260820_165209,thu,목,2026-08-20 16:52:09,2026-08-20,16:52:09,2026-08-20 17:07:23,2026-08-20 17:07:26,2.29,2026-08-20 17:07:26,2026-08-20,17:07:26,2026-08-20 17:08:23,973.6
thu,49,호수의 백조,과일차,851866,https://comic.naver.com/webtoon/list?titleId=851866&tab=thu,14333001,호수의 백조,호수의 백조 (총 6화/미완결),총 6화/미완결,6.0,미완결,과일차 두긍,평점 9.3 | 과일차 두긍 | 2026.06.24. | 총6화/미완결 | 1화 무료,https://series.naver.com/comic/detail.series?productNo=14333001,matched,ok,"호수의 백조 (총 6화/미완결)
평점
9.3 | 과일차 두긍 | 2026.06.24. | 총6화/미완결 | 1화 무료
단언컨대, 제일 추악한 감정은 열등이다. 할머니는 평생 딸을 가지고 싶어했지만 딸도 손녀도 보지 못했다.손자이자, 현재 발레 학원의 원장인 호수원은 할머니의 이름을 팔아 살아왔다.할머니의 장례식장 유산을 위해 모인 가..",thu,1,thu,1,wed,thu,True,thu,목,wed,thu,14333001_thu,post_24h,어제 밤 10시 공개 이후 증가분 확인용 수집,7.2만,72000.0,https://series.naver.com/comic/detail.series?productNo=14333001,20260820_165209,thu,목,2026-08-20 16:52:09,2026-08-20,16:52:09,2026-08-20 17:07:27,2026-08-20 17:07:29,2.38,2026-08-20 17:07:29,2026-08-20,17:07:29,2026-08-20 17:08:23,973.6
thu,75,좋은 하루 보내,한구,852274,https://comic.naver.com/webtoon/list?titleId=852274&tab=thu,14435188,좋은 하루 보내,좋은 하루 보내 (총 6화/미완결),총 6화/미완결,6.0,미완결,한구 한구,평점 10.0 | 한구 한구 | 2026.07.15. | 총6화/미완결 | 1화 무료,https://series.naver.com/comic/detail.series?productNo=14435188,matched,ok,"좋은 하루 보내 (총 6화/미완결)
평점
10.0 | 한구 한구 | 2026.07.15. | 총6화/미완결 | 1화 무료
전생의 죄로 인해 평생을 외롭게 살아갈 운명을 갖게 된 고등학생 '하루'. 가족도 친구도 없이 홀로 살아가던 하루에게 수상한 전학생이 찾아온다.친구가 없던 둘, 조금씩 가까워지려던 찰나 전학생은 자신의 비밀을 들켜버리고..",thu,1,thu,1,wed,thu,True,thu,목,wed,thu,14435188_thu,post_24h,어제 밤 10시 공개 이후 증가분 확인용 수집,1.3만,13000.0,https://series.naver.com/comic/detail.series?productNo=14435188,20260820_165209,thu,목,2026-08-20 16:52:09,2026-08-20,16:52:09,2026-08-20 17:07:30,2026-08-20 17:07:32,2.38,2026-08-20 17:07:32,2026-08-20,17:07:32,2026-08-20 17:08:23,973.6
thu,6,럭키비치,,852498,https://comic.naver.com/webtoon/list?titleId=852498&tab=thu,14424733,럭키비치,럭키비치 (총 8화/미완결),총 8화/미완결,8.0,미완결,"MAJOR, 약수 약수","평점 10.0 | MAJOR, 약수 약수 | 2026.07.18. | 총8화/미완결 | 3화 무료",https://series.naver.com/comic/detail.series?productNo=14424733,review_needed,not_found,"럭키비치 (총 8화/미완결)
평점
10.0 | MAJOR, 약수 약수 | 2026.07.18. | 총8화/미완결 | 3화 무료
“그거 알아? 기는 놈 위에 나는 썅X 있는 거?”불우한 환경과 폐쇄적인 바닷가 촌에서 자라온 소녀 '정임'은,그칠줄 모르는 주변의 부조리와 권태 속에서 결국 폭발,퇴폐업을 하는 고모의 불경한 쌈짓돈을 훔쳐 서울로 상경한..","thu,sun",2,"thu,sun",2,"wed,sat","thu,sun",True,thu,목,wed,thu,14424733_thu,post_24h,어제 밤 10시 공개 이후 증가분 확인용 수집,,,https://nid.naver.com/nidlogin.login?svctype=128&a_version=2&viewtype=1&url=http%3A%2F%2Fseries.naver.com%2Fcomic%2Fdetail.series%3FproductNo%3D14424733&surl=https%3A%2F%2Fseries.naver.com,20260820_165209,thu,목,2026-08-20 16:52:09,2026-08-20,16:52:09,2026-08-20 17:07:34,2026-08-20 17:07:50,16.17,2026-08-20 17:07:50,2026-08-20,17:07:50,2026-08-20 17:08:23,973.6
thu,38,화림신필,레다판다,852506,https://comic.naver.com/webtoon/list?titleId=852506&tab=thu,14425783,화림신필,화림신필 (총 6화/미완결),총 6화/미완결,6.0,미완결,레다판다 레다판다,평점 9.4 | 레다판다 레다판다 | 2026.08.05. | 총6화/미완결 | 1화 무료,https://series.naver.com/comic/detail.series?productNo=14425783,matched,ok,"화림신필 (총 6화/미완결)
평점
9.4 | 레다판다 레다판다 | 2026.08.05. | 총6화/미완결 | 1화 무료
노비 출신 ‘무영’은 일평생을 쌓아온 자신의 독창적인 그림을 소가주 ‘황휘’에게 빼앗긴 뒤 소가주의 그림을 훔쳤다는 누명까지 쓰게 된다. 무영은빼앗긴 자신의 정체성을 되찾기 위해 정파 기득권을 향한 복수를 다짐한..",thu,1,thu,1,wed,thu,True,thu,목,wed,thu,14425783_thu,post_24h,어제 밤 10시 공개 이후 증가분 확인용 수집,8.1만,81000.0,https://series.naver.com/comic/detail.series?productNo=14425783,20260820_165209,thu,목,2026-08-20 16:52:09,2026-08-20,16:52:09,2026-08-20 17:07:51,2026-08-20 17:07:54,2.73,2026-08-20 17:07:54,2026-08-20,17:07:54,2026-08-20 17:08:23,973.6
thu,16,전직지존,KHJ,852845,https://comic.naver.com/webtoon/list?titleId=852845&tab=thu,14476102,전직지존,전직지존 (총 8화/미완결),총 8화/미완결,8.0,미완결,"KHJ, 장영훈 손민","평점 9.5 | KHJ, 장영훈 손민 | 2026.07.29. | 총8화/미완결 | 2화 무료",https://series.naver.com/comic/detail.series?productNo=14476102,matched,ok,"전직지존 (총 8화/미완결)
평점
9.5 | KHJ, 장영훈 손민 | 2026.07.29. | 총8화/미완결 | 2화 무료
천하제일인에서 이름뿐인 한직 관리로 추락한 백소천.무공도, 명예도 모두 잃었지만 그의 심지는 아직 꺾이지 않았으니...바닥에서부터 다시 시작한 전직지존이잃어버린 힘과 잊고 있던 시간을 되찾는다.가장 강했던 사내의 두 ..",thu,1,thu,1,wed,thu,True,thu,목,wed,thu,14476102_thu,post_24h,어제 밤 10시 공개 이후 증가분 확인용 수집,45.6만,456000.0,https://series.naver.com/comic/detail.series?productNo=14476102,20260820_165209,thu,목,2026-08-20 16:52:09,2026-08-20,16:52:09,2026-08-20 17:07:55,2026-08-20 17:07:57,2.33,2026-08-20 17:07:57,2026-08-20,17:07:57,2026-08-20 17:08:23,973.6
thu,30,강남싱크,필원,852904,https://comic.naver.com/webtoon/list?titleId=852904&tab=thu,14484934,강남싱크,강남싱크 (총 6화/미완결),총 6화/미완결,6.0,미완결,필원 솔리,평점 9.3 | 필원 솔리 | 2026.07.22. | 총6화/미완결 | 2화 무료,https://series.naver.com/comic/detail.series?productNo=14484934,matched,ok,"강남싱크 (총 6화/미완결)
평점
9.3 | 필원 솔리 | 2026.07.22. | 총6화/미완결 | 2화 무료
대한민국 중심이 거대한 싱크홀로 변했다.무너지고 가라앉는 강남 한복판, 살아남기 위한 평범한 이들의 사투.",thu,1,thu,1,wed,thu,True,thu,목,wed,thu,14484934_thu,post_24h,어제 밤 10시 공개 이후 증가분 확인용 수집,10.2만,102000.0,https://series.naver.com/comic/detail.series?productNo=14484934,20260820_165209,thu,목,2026-08-20 16:52:09,2026-08-20,16:52:09,2026-08-20 17:07:58,2026-08-20 17:08:01,2.86,2026-08-20 17:08:01,2026-08-20,17:08:01,2026-08-20 17:08:23,973.6
thu,11,홍은영의 이집트 신화,조수현,853034,https://comic.naver.com/webtoon/list?titleId=853034&tab=thu,14491201,홍은영의 이집트 신화,홍은영의 이집트 신화 (총 6화/미완결),총 6화/미완결,6.0,미완결,조수현 홍은영,평점 10.0 | 조수현 홍은영 | 2026.07.22. | 총6화/미완결 | 1화 무료,https://series.naver.com/comic/detail.series?productNo=14491201,matched,ok,"홍은영의 이집트 신화 (총 6화/미완결)
평점
10.0 | 조수현 홍은영 | 2026.07.22. | 총6화/미완결 | 1화 무료
살을 태우며 생명을 주는 태양과땅을 삼키고 생명을 실어 나르는 나일강 아래,이집트인들은 세상을 혼돈과 질서로 나누어 보았다.태양의 신 라는 혼돈을 죽여혼돈의 피 위에 질서를 세우지만피 위에 세워진 질서는라 스스로를..",thu,1,thu,1,wed,thu,True,thu,목,wed,thu,14491201_thu,post_24h,어제 밤 10시 공개 이후 증가분 확인용 수집,7.9만,79000.0,https://series.naver.com/comic/detail.series?productNo=14491201,20260820_165209,thu,목,2026-08-20 16:52:09,2026-08-20,16:52:09,2026-08-20 17:08:02,2026-08-20 17:08:05,2.23,2026-08-20 17:08:05,2026-08-20,17:08:05,2026-08-20 17:08:23,973.6
thu,34,나의 경험,,853278,https://comic.naver.com/webtoon/list?titleId=853278&tab=thu,14532341,나의 경험,나의 경험 (총 6화/미완결),총 6화/미완결,6.0,미완결,윤박 윤박,평점 7.0 | 윤박 윤박 | 2026.08.12. | 총6화/미완결 | 1화 무료,https://series.naver.com/comic/detail.series?productNo=14532341,review_needed,not_found,"나의 경험 (총 6화/미완결)
평점
7.0 | 윤박 윤박 | 2026.08.12. | 총6화/미완결 | 1화 무료
살다 보면 한 번쯤 인연이 물밀듯 밀려 들어오는 순간들이 있다.별다를 것 없던 평범한 스무 살 재우의 일상에도예상치 못한 만남이 하나둘 찾아오기 시작한다.서툴지만 사랑만큼은 누구보다 진심인 재우는 믿는다.이번만큼은 ..",thu,1,thu,1,wed,thu,True,thu,목,wed,thu,14532341_thu,post_24h,어제 밤 10시 공개 이후 증가분 확인용 수집,,,https://nid.naver.com/nidlogin.login?svctype=128&a_version=2&viewtype=1&url=http%3A%2F%2Fseries.naver.com%2Fcomic%2Fdetail.series%3FproductNo%3D14532341&surl=https%3A%2F%2Fseries.naver.com,20260820_165209,thu,목,2026-08-20 16:52:09,2026-08-20,16:52:09,2026-08-20 17:08:06,2026-08-20 17:08:21,14.78,2026-08-20 17:08:21,2026-08-20,17:08:21,2026-08-20 17:08:23,973.6
