weekday,rank,webtoon_title,webtoon_author,webtoon_title_id,webtoon_url,series_product_no,series_title,series_title_raw,series_episode_info,series_total_episode_count,series_completion_status,series_author,series_author_raw,series_url,match_status,download_status,series_result_text,weekday_list,weekday_row_count,serial_weekdays,serial_weekday_count,pre_collect_weekdays,post_24h_collect_weekdays,is_download_collectable,release_weekday,release_weekday_ko,pre_collect_weekday,post_24h_collect_weekday,release_event_key,collection_context,target_reason,series_download_text,series_download_count,current_url,snapshot_id,snapshot_weekday,snapshot_weekday_ko,snapshot_started_at_kst,snapshot_date_kst,snapshot_time_kst,item_collect_started_at_kst,item_collect_finished_at_kst,item_collect_elapsed_seconds,collected_at_kst,collected_date_kst,collected_time_kst,snapshot_finished_at_kst,snapshot_elapsed_seconds,baseline_found,baseline_snapshot_id,baseline_collected_at_kst,baseline_download_text,baseline_download_count,download_increase,download_increase_rate,dt
mon,46,히어로메이커,빤쓰,21815,https://comic.naver.com/webtoon/list?titleId=21815&tab=mon,8029706,역대급 히어로 메이커,역대급 히어로 메이커 (총 248화/완결),총 248화/완결,248.0,완결,,,https://series.naver.com/novel/detail.series?productNo=8029706,matched,ok,"역대급 히어로 메이커 (총 248화/완결)
평점
7.3 | FL.R | 2022.01.03. | 총248화/완결 | 25화 무료
히어로 덕후는 다른 세상에 환생해도 덕질을 포기하지 못하는 법.그래서 만들었습니다. 히어로.작은 덕질의 날갯짓이 뒤로 갈수록 인류의 희망으로 커졌지만.뭐, 좋은 게 좋은 거다.짬뽕물 히어로들 빌런을 향해 돌격!난 뒤에서 ..",mon,1,mon,1,sun,mon,True,mon,월,sun,mon,8029706_mon,post_24h,어제 밤 10시 공개 이후 증가분 확인용 수집,7.6천,7600.0,https://series.naver.com/novel/detail.series?productNo=8029706,20260817_165834,mon,월,2026-08-17 16:58:34,2026-08-17,16:58:34,2026-08-17 17:07:09,2026-08-17 17:07:11,2.3,2026-08-17 17:07:11,2026-08-17,17:07:11,2026-08-17 17:15:09,995.3,True,20260816_163946,2026-08-16 16:40:07,7.6천,7600.0,0.0,0.0,2026-08-17 17:07:11
mon,9,소녀의 세계,모랑지,654774,https://comic.naver.com/webtoon/list?titleId=654774&tab=mon,2225134,소녀의 세계,소녀의 세계 (총 502화/미완결),총 502화/미완결,502.0,미완결,모랑지 모랑지,평점 9.9 | 모랑지 모랑지 | 2026.07.19. | 총502화/미완결 | 499화 무료,https://series.naver.com/comic/detail.series?productNo=2225134,matched,ok,"소녀의 세계 (총 502화/미완결)
평점
9.9 | 모랑지 모랑지 | 2026.07.19. | 총502화/미완결 | 499화 무료
완벽해 보이지만 사실 외로웠던 백조들과 맘씨 착한 오리가 만나 여러 갈등을 함께 겪으며 진짜 친구가 되어가는 이야기",mon,1,mon,1,sun,mon,True,mon,월,sun,mon,2225134_mon,post_24h,어제 밤 10시 공개 이후 증가분 확인용 수집,"5,880만",58800000.0,https://series.naver.com/comic/detail.series?productNo=2225134,20260817_165834,mon,월,2026-08-17 16:58:34,2026-08-17,16:58:34,2026-08-17 17:07:12,2026-08-17 17:07:15,2.56,2026-08-17 17:07:15,2026-08-17,17:07:15,2026-08-17 17:15:09,995.3,True,20260816_163946,2026-08-16 16:40:11,"5,877만",58770000.0,30000.0,0.0005104645227156713,2026-08-17 17:07:15
mon,7,백수세끼,치즈,733074,https://comic.naver.com/webtoon/list?titleId=733074&tab=mon,4440934,백수세끼,백수세끼 (총 290화/미완결),총 290화/미완결,290.0,미완결,치즈 치즈,평점 9.9 | 치즈 치즈 | 2026.07.19. | 총290화/미완결 | 285화 무료,https://series.naver.com/comic/detail.series?productNo=4440934,matched,ok,"백수세끼 (총 290화/미완결)
평점
9.9 | 치즈 치즈 | 2026.07.19. | 총290화/미완결 | 285화 무료
가슴 아픈 시련 뒤에도 밥은 넘어간다.백수 재호가 먹는 세끼",mon,1,mon,1,sun,mon,True,mon,월,sun,mon,4440934_mon,post_24h,어제 밤 10시 공개 이후 증가분 확인용 수집,"2,030만",20300000.0,https://series.naver.com/comic/detail.series?productNo=4440934,20260817_165834,mon,월,2026-08-17 16:58:34,2026-08-17,16:58:34,2026-08-17 17:07:16,2026-08-17 17:07:18,2.01,2026-08-17 17:07:18,2026-08-17,17:07:18,2026-08-17 17:15:09,995.3,True,20260816_163946,2026-08-16 16:40:15,"2,030만",20300000.0,0.0,0.0,2026-08-17 17:07:18
mon,52,라서드,감람,756140,https://comic.naver.com/webtoon/list?titleId=756140&tab=mon,5788657,라서드,라서드 (총 176화/미완결),총 176화/미완결,176.0,미완결,,,https://series.naver.com/comic/detail.series?productNo=5788657,matched,ok,"라서드 (총 176화/미완결)
평점
10.0 | 감람 감람 | 2026.06.07. | 총176화/미완결 | 171화 무료
절대적 권능을 지닌 11인의 왕과, 왕을 수호하기 위한 기사단이 존재하는 세계.수습기사 힌타는 파트너 캐넛과 함께 정식 기사가 되기 위한 모험을 떠나는데...정식기사가 되기 위한 소년들의 고군분투 정통판타지액션!",mon,1,mon,1,sun,mon,True,mon,월,sun,mon,5788657_mon,post_24h,어제 밤 10시 공개 이후 증가분 확인용 수집,267.2만,2672000.0,https://series.naver.com/comic/detail.series?productNo=5788657,20260817_165834,mon,월,2026-08-17 16:58:34,2026-08-17,16:58:34,2026-08-17 17:07:20,2026-08-17 17:07:22,2.72,2026-08-17 17:07:22,2026-08-17,17:07:22,2026-08-17 17:15:09,995.3,True,20260816_163946,2026-08-16 16:40:18,267만,2670000.0,2000.0,0.000749063670411985,2026-08-17 17:07:22
mon,2,참교육,채용택,758037,https://comic.naver.com/webtoon/list?titleId=758037&tab=mon,5620215,참교육,참교육 (총 258화/미완결),총 258화/미완결,258.0,미완결,채용택 한가람,평점 9.8 | 채용택 한가람 | 2026.07.26. | 총258화/미완결 | 253화 무료,https://series.naver.com/comic/detail.series?productNo=5620215,matched,ok,"참교육 (총 258화/미완결)
평점
9.8 | 채용택 한가람 | 2026.07.26. | 총258화/미완결 | 253화 무료
지금부터 참교육이 시작된다!",mon,1,mon,1,sun,mon,True,mon,월,sun,mon,5620215_mon,post_24h,어제 밤 10시 공개 이후 증가분 확인용 수집,"5,812만",58120000.0,https://series.naver.com/comic/detail.series?productNo=5620215,20260817_165834,mon,월,2026-08-17 16:58:34,2026-08-17,16:58:34,2026-08-17 17:07:24,2026-08-17 17:07:26,1.93,2026-08-17 17:07:26,2026-08-17,17:07:26,2026-08-17 17:15:09,995.3,True,20260816_163946,2026-08-16 16:40:22,"5,811만",58110000.0,10000.0,0.00017208742040956807,2026-08-17 17:07:26
mon,50,더블클릭,박수봉,769663,https://comic.naver.com/webtoon/list?titleId=769663&tab=mon,6503332,더블클릭,더블클릭 (총 256화/미완결),총 256화/미완결,256.0,미완결,,,https://series.naver.com/comic/detail.series?productNo=6503332,matched,ok,"더블클릭 (총 256화/미완결)
평점
9.9 | 김장훈,박수봉 박수봉 | 2026.06.07. | 총256화/미완결 | 252화 무료
악명 높은 난이도를 가진 게임의 세계 랭킹 1위였던 지호.서비스 종료된 줄만 알았던 그 게임이 새롭게 돌아왔다!지호는 다시 한번 랭킹 1위를 꿈꾸며 게임 동아리에 입부한다.오랜만에 게임을 해도 살아있는 감각. 하지만 게임..",mon,1,mon,1,sun,mon,True,mon,월,sun,mon,6503332_mon,post_24h,어제 밤 10시 공개 이후 증가분 확인용 수집,"1,419만",14190000.0,https://series.naver.com/comic/detail.series?productNo=6503332,20260817_165834,mon,월,2026-08-17 16:58:34,2026-08-17,16:58:34,2026-08-17 17:07:27,2026-08-17 17:07:30,2.77,2026-08-17 17:07:30,2026-08-17,17:07:30,2026-08-17 17:15:09,995.3,True,20260816_163946,2026-08-16 16:40:25,"1,418만",14180000.0,10000.0,0.0007052186177715092,2026-08-17 17:07:30
mon,10,똑 닮은 딸,이담,774866,https://comic.naver.com/webtoon/list?titleId=774866&tab=mon,6546523,똑 닮은 딸,똑 닮은 딸 (총 218화/미완결),총 218화/미완결,218.0,미완결,이담 이담,평점 9.8 | 이담 이담 | 2026.07.19. | 총218화/미완결 | 214화 무료,https://series.naver.com/comic/detail.series?productNo=6546523,matched,ok,"똑 닮은 딸 (총 218화/미완결)
평점
9.8 | 이담 이담 | 2026.07.19. | 총218화/미완결 | 214화 무료
'우리 엄마가 살인마인 것 같다.' 성적 우수, 품행 단정, 모범적인 자식인 길소명은 엄마가 요구하는 기준에 맞춰 완벽한 딸로 살아왔다. 그러나 남동생이 강물에서 시체로 떠오른 그 날, 소명의 머릿속엔 섬뜩한 의혹이 피어오..",mon,1,mon,1,sun,mon,True,mon,월,sun,mon,6546523_mon,post_24h,어제 밤 10시 공개 이후 증가분 확인용 수집,"2,424만",24240000.0,https://series.naver.com/comic/detail.series?productNo=6546523,20260817_165834,mon,월,2026-08-17 16:58:34,2026-08-17,16:58:34,2026-08-17 17:07:31,2026-08-17 17:07:34,2.71,2026-08-17 17:07:34,2026-08-17,17:07:34,2026-08-17 17:15:09,995.3,True,20260816_163946,2026-08-16 16:40:29,"2,422만",24220000.0,20000.0,0.0008257638315441783,2026-08-17 17:07:34
mon,104,달로 만든 아이,온윤,784107,https://comic.naver.com/webtoon/list?titleId=784107&tab=mon,6754812,달로 만든 아이,달로 만든 아이 (총 160화/미완결),총 160화/미완결,160.0,미완결,온윤 온윤,평점 10.0 | 온윤 온윤 | 2026.08.16. | 총160화/미완결 | 156화 무료,https://series.naver.com/comic/detail.series?productNo=6754812,matched,ok,"달로 만든 아이 (총 160화/미완결)
평점
10.0 | 온윤 온윤 | 2026.08.16. | 총160화/미완결 | 156화 무료
어린 시절부터 남들이 보지 못하는 존재들을 볼 수 있던 '박하'.평생을 외롭게 살아온 박하는 18살이 되던 해, 처음으로 자신과 같은 것을 볼 수 있는 '진도'와 그의 친구들을 만나게 된다. 어느 날, 진도를 통해 박하가 과거에 ..",mon,1,mon,1,sun,mon,True,mon,월,sun,mon,6754812_mon,post_24h,어제 밤 10시 공개 이후 증가분 확인용 수집,88.2만,882000.0,https://series.naver.com/comic/detail.series?productNo=6754812,20260817_165834,mon,월,2026-08-17 16:58:34,2026-08-17,16:58:34,2026-08-17 17:07:36,2026-08-17 17:07:37,1.86,2026-08-17 17:07:37,2026-08-17,17:07:37,2026-08-17 17:15:09,995.3,True,20260809_165750,2026-08-09 16:58:31,87.9만,879000.0,3000.0,0.0034129692832764505,2026-08-17 17:07:37
mon,24,신화급 귀속 아이템을 손에 넣었다,판테라,795297,https://comic.naver.com/webtoon/list?titleId=795297&tab=mon,8563145,신화급 귀속 아이템을 손에 넣었다,신화급 귀속 아이템을 손에 넣었다 (총 185화/미완결),총 185화/미완결,185.0,미완결,,,https://series.naver.com/comic/detail.series?productNo=8563145,matched,ok,"신화급 귀속 아이템을 손에 넣었다 (총 185화/미완결)
평점
9.7 | 판테라,정선율 헤스 | 2026.06.07. | 총185화/미완결 | 182화 무료
D급 무투계 레이더,최강의 귀속 아이템으로세계를 구할 신의 대적자가 되다!",mon,1,mon,1,sun,mon,True,mon,월,sun,mon,8563145_mon,post_24h,어제 밤 10시 공개 이후 증가분 확인용 수집,"2,284만",22840000.0,https://series.naver.com/comic/detail.series?productNo=8563145,20260817_165834,mon,월,2026-08-17 16:58:34,2026-08-17,16:58:34,2026-08-17 17:07:39,2026-08-17 17:07:41,1.87,2026-08-17 17:07:41,2026-08-17,17:07:41,2026-08-17 17:15:09,995.3,True,20260816_163946,2026-08-16 16:40:33,"2,284만",22840000.0,0.0,0.0,2026-08-17 17:07:41
mon,6,절대검감,김두루미,796075,https://comic.naver.com/webtoon/list?titleId=796075&tab=mon,8555655,절대검감[독점],절대검감[독점] (총 193화/미완결),총 193화/미완결,193.0,미완결,"한중월야, 김두루미 티아이","평점 9.8 | 한중월야, 김두루미 티아이 | 2026.07.19. | 총193화/미완결 | 188화 무료",https://series.naver.com/comic/detail.series?productNo=8555655,matched,ok,"절대검감[독점] (총 193화/미완결)
평점
9.8 | 한중월야, 김두루미 티아이 | 2026.07.19. | 총193화/미완결 | 188화 무료
단전이 부숴졌다는 이유로 집에서는 내놓은 자식 취급을 받던 소운휘는 혈교에 납치되어서도 삼류 첩자로 살아왔다.어느 날, 전설로만 알려진 검선비록을 찾는데 이용당하다 죽은 운휘는 10년 전, 혈교에 납치되던 그 날로 돌..",mon,1,mon,1,sun,mon,True,mon,월,sun,mon,8555655_mon,post_24h,어제 밤 10시 공개 이후 증가분 확인용 수집,"1,932만",19320000.0,https://series.naver.com/comic/detail.series?productNo=8555655,20260817_165834,mon,월,2026-08-17 16:58:34,2026-08-17,16:58:34,2026-08-17 17:07:42,2026-08-17 17:07:44,2.1,2026-08-17 17:07:44,2026-08-17,17:07:44,2026-08-17 17:15:09,995.3,True,20260816_163946,2026-08-16 16:40:37,"1,930만",19300000.0,20000.0,0.0010362694300518134,2026-08-17 17:07:44
mon,16,천재 타자가 강속구를 숨김,황지성,807775,https://comic.naver.com/webtoon/list?titleId=807775&tab=mon,9545261,천재 타자가 강속구를 숨김 [독점],천재 타자가 강속구를 숨김 [독점] (총 123화/미완결),총 123화/미완결,123.0,미완결,,,https://series.naver.com/comic/detail.series?productNo=9545261,matched,ok,"천재 타자가 강속구를 숨김 [독점] (총 123화/미완결)
평점
9.8 | 황지성, 이블라인 김성은, 스튜디오MW | 2026.06.07. | 총123화/미완결 | 119화 무료
사랑 빼고 모든 걸 얻은 천재 메이저리거 강건우.그가 놓쳐버린 사랑을 위해 과거로 돌아왔다!",mon,1,mon,1,sun,mon,True,mon,월,sun,mon,9545261_mon,post_24h,어제 밤 10시 공개 이후 증가분 확인용 수집,774.8만,7748000.0,https://series.naver.com/comic/detail.series?productNo=9545261,20260817_165834,mon,월,2026-08-17 16:58:34,2026-08-17,16:58:34,2026-08-17 17:07:45,2026-08-17 17:07:48,2.38,2026-08-17 17:07:48,2026-08-17,17:07:48,2026-08-17 17:15:09,995.3,True,20260816_163946,2026-08-16 16:40:40,773.9만,7739000.0,9000.0,0.0011629409484429512,2026-08-17 17:07:48
mon,54,개같이 탈출,갬쟈,814594,https://comic.naver.com/webtoon/list?titleId=814594&tab=mon,10111737,개같이 탈출,개같이 탈출 (총 130화/미완결),총 130화/미완결,130.0,미완결,,,https://series.naver.com/comic/detail.series?productNo=10111737,matched,ok,"개같이 탈출 (총 130화/미완결)
평점
9.9 | 갬쟈 갬쟈 | 2026.06.07. | 총130화/미완결 | 125화 무료
""살아남으라고? 나는 자그만 말티즈란 말이야!""세상 따뜻하고 포근한 가정집에서 살아온 삐용이. 언니 품에서 그저 귀엽기만 하면 되는 견생이었는데... 갑자기 가족들과 모든 인간이 사라져버렸다.혼자서는 아무것도 할 줄 모르..",mon,1,mon,1,sun,mon,True,mon,월,sun,mon,10111737_mon,post_24h,어제 밤 10시 공개 이후 증가분 확인용 수집,262.6만,2626000.0,https://series.naver.com/comic/detail.series?productNo=10111737,20260817_165834,mon,월,2026-08-17 16:58:34,2026-08-17,16:58:34,2026-08-17 17:07:49,2026-08-17 17:07:52,2.33,2026-08-17 17:07:52,2026-08-17,17:07:52,2026-08-17 17:15:09,995.3,True,20260816_163946,2026-08-16 16:40:44,262.4만,2624000.0,2000.0,0.0007621951219512195,2026-08-17 17:07:52
mon,34,좀비묵시록 82-08,달아,814742,https://comic.naver.com/webtoon/list?titleId=814742&tab=mon,10100875,좀비묵시록 82-08,좀비묵시록 82-08 (총 134화/미완결),총 134화/미완결,134.0,미완결,,,https://series.naver.com/comic/detail.series?productNo=10100875,matched,ok,"좀비묵시록 82-08 (총 134화/미완결)
평점
9.5 | 달아, 박스오피스 경우,아쿠아콘 | 2026.06.07. | 총134화/미완결 | 129화 무료
탕-!의문의 선박 속'그것'으로부터 시작된 괴이한 전염병은서울을 죽음의 도시로 만들어버린다.예고 없이 닥쳐온 심판의 그날부터세상의 모든 질서는 완전히 리셋되었다.처절한 생존 경쟁 속에서프로젝트명 [좀비묵시록 82-0..",mon,1,mon,1,sun,mon,True,mon,월,sun,mon,10100875_mon,post_24h,어제 밤 10시 공개 이후 증가분 확인용 수집,262.2만,2622000.0,https://series.naver.com/comic/detail.series?productNo=10100875,20260817_165834,mon,월,2026-08-17 16:58:34,2026-08-17,16:58:34,2026-08-17 17:07:53,2026-08-17 17:07:56,2.47,2026-08-17 17:07:56,2026-08-17,17:07:56,2026-08-17 17:15:09,995.3,True,20260816_163946,2026-08-16 16:40:47,262만,2620000.0,2000.0,0.0007633587786259542,2026-08-17 17:07:56
mon,30,어린이집 다니는 구나,구나,817945,https://comic.naver.com/webtoon/list?titleId=817945&tab=mon,10301137,어린이집 다니는 구나,어린이집 다니는 구나 (총 187화/미완결),총 187화/미완결,187.0,미완결,,,https://series.naver.com/comic/detail.series?productNo=10301137,matched,ok,"어린이집 다니는 구나 (총 187화/미완결)
평점
10.0 | 구나 구나 | 2026.06.07. | 총187화/미완결 | 181화 무료
""노는 게 제일 좋아!"" 라고 했더니 정말 노는 게 직업이 됐다?! 매일 동심의 세계로 출퇴근한지 어쩌다 10년째!아이들이라면 알 만큼 안다고 생각했는데... 예측불가한 말과 행동들은 여전히 새롭기만 하다. 그런 아이들에게 언제..","mon,wed",2,"mon,wed",2,"sun,tue","mon,wed",True,mon,월,sun,mon,10301137_mon,post_24h,어제 밤 10시 공개 이후 증가분 확인용 수집,205.3만,2053000.0,https://series.naver.com/comic/detail.series?productNo=10301137,20260817_165834,mon,월,2026-08-17 16:58:34,2026-08-17,16:58:34,2026-08-17 17:07:56,2026-08-17 17:07:59,2.8,2026-08-17 17:07:59,2026-08-17,17:07:59,2026-08-17 17:15:09,995.3,True,20260816_163946,2026-08-16 16:40:51,205.1만,2051000.0,2000.0,0.0009751340809361287,2026-08-17 17:07:59
mon,20,영업 천재가 되었다,혜림,818780,https://comic.naver.com/webtoon/list?titleId=818780&tab=mon,10402415,영업 천재가 되었다 [독점],영업 천재가 되었다 [독점] (총 106화/미완결),총 106화/미완결,106.0,미완결,,,https://series.naver.com/comic/detail.series?productNo=10402415,matched,ok,"영업 천재가 되었다 [독점] (총 106화/미완결)
평점
9.9 | 혜림,댄킴 혜림 | 2026.06.07. | 총106화/미완결 | 101화 무료
나는 빚을 갚기 위해 당장 할 수 있는 일을 선택했고, 그게 내겐 영업이었다.그리고 내게 다시 한 번의 기회가 주어졌다.ⓒ혜림(원작:댄킴)/학산문화사",mon,1,mon,1,sun,mon,True,mon,월,sun,mon,10402415_mon,post_24h,어제 밤 10시 공개 이후 증가분 확인용 수집,522.2만,5222000.0,https://series.naver.com/comic/detail.series?productNo=10402415,20260817_165834,mon,월,2026-08-17 16:58:34,2026-08-17,16:58:34,2026-08-17 17:08:01,2026-08-17 17:08:03,2.54,2026-08-17 17:08:03,2026-08-17,17:08:03,2026-08-17 17:15:09,995.3,True,20260816_163946,2026-08-16 16:40:54,521.1만,5211000.0,11000.0,0.002110919209364805,2026-08-17 17:08:03
mon,98,나의 보이소프렌드,망공이,819698,https://comic.naver.com/webtoon/list?titleId=819698&tab=mon,10584440,나의 보이소프렌드,나의 보이소프렌드 (총 97화/미완결),총 97화/미완결,97.0,미완결,망공이 망공이,평점 10.0 | 망공이 망공이 | 2026.08.16. | 총97화/미완결 | 93화 무료,https://series.naver.com/comic/detail.series?productNo=10584440,matched,ok,"나의 보이소프렌드 (총 97화/미완결)
평점
10.0 | 망공이 망공이 | 2026.08.16. | 총97화/미완결 | 93화 무료
피아노 천재인 신비는 한 때 천재 보이소프라노인 태의와 오랫동안 합을 맞춰왔다. 어느 날 돌연 유학을 떠나버린 태의, 피아노 천재에서 평범한 학생으로 돌아온 신비. 5년 후 극적으로 재회한 두 고등학생들의 콩쿠르 도전이 ..",mon,1,mon,1,sun,mon,True,mon,월,sun,mon,10584440_mon,post_24h,어제 밤 10시 공개 이후 증가분 확인용 수집,58.9만,589000.0,https://series.naver.com/comic/detail.series?productNo=10584440,20260817_165834,mon,월,2026-08-17 16:58:34,2026-08-17,16:58:34,2026-08-17 17:08:04,2026-08-17 17:08:07,2.86,2026-08-17 17:08:07,2026-08-17,17:08:07,2026-08-17 17:15:09,995.3,True,20260809_165750,2026-08-09 16:59:04,58.1만,581000.0,8000.0,0.013769363166953529,2026-08-17 17:08:07
mon,71,함부로 친절하지 말라,아린,821095,https://comic.naver.com/webtoon/list?titleId=821095&tab=mon,10691291,함부로 친절하지 말라,함부로 친절하지 말라 (총 85화/미완결),총 85화/미완결,85.0,미완결,아린 류화,평점 9.9 | 아린 류화 | 2026.08.10. | 총85화/미완결 | 전화 무료,https://series.naver.com/comic/detail.series?productNo=10691291,matched,ok,"함부로 친절하지 말라 (총 85화/미완결)
평점
9.9 | 아린 류화 | 2026.08.10. | 총85화/미완결 | 전화 무료
[연재 요일 : 매주 월요일]수백 년간 '장벽'과 끊임없는 전쟁을 치루는 칼레타 제국의천재 기사로 칭송 받던 '루스티카 제너스'는거짓말처럼 하루아침에 모든 힘이 증발했다.그 후, 4년 간 폐인처럼 칩거하던 그녀 앞에 나타나..",mon,1,mon,1,sun,mon,True,mon,월,sun,mon,10691291_mon,post_24h,어제 밤 10시 공개 이후 증가분 확인용 수집,99.5만,995000.0,https://series.naver.com/comic/detail.series?productNo=10691291,20260817_165834,mon,월,2026-08-17 16:58:34,2026-08-17,16:58:34,2026-08-17 17:08:08,2026-08-17 17:08:10,2.04,2026-08-17 17:08:10,2026-08-17,17:08:10,2026-08-17 17:15:09,995.3,True,20260809_165750,2026-08-09 16:59:14,98.5만,985000.0,10000.0,0.01015228426395939,2026-08-17 17:08:10
mon,15,회귀한 공작가의 막내도련님은 암살자,스윙뱃,821195,https://comic.naver.com/webtoon/list?titleId=821195&tab=mon,10719212,회귀한 공작가의 막내도련님은 암살자,회귀한 공작가의 막내도련님은 암살자 (총 136화/미완결),총 136화/미완결,136.0,미완결,"스윙뱃, 커피라임 스윙뱃","평점 9.8 | 스윙뱃, 커피라임 스윙뱃 | 2026.07.19. | 총136화/미완결 | 126화 무료",https://series.naver.com/comic/detail.series?productNo=10719212,matched,ok,"회귀한 공작가의 막내도련님은 암살자 (총 136화/미완결)
평점
9.8 | 스윙뱃, 커피라임 스윙뱃 | 2026.07.19. | 총136화/미완결 | 126화 무료
대륙 제일의 암살자 시안 베르트평생을 믿고 따랐던 형에게 배신당한 뒤, 비참한 최후를 맞이한다.만약 내게 한 번 더 생이 주어진다면 그때는 다른 삶을 살 것이다.오로지 나 하나만을 바라보면서, 내 스스로 모든 것을 이룰 수..",mon,1,mon,1,sun,mon,True,mon,월,sun,mon,10719212_mon,post_24h,어제 밤 10시 공개 이후 증가분 확인용 수집,"1,103만",11030000.0,https://series.naver.com/comic/detail.series?productNo=10719212,20260817_165834,mon,월,2026-08-17 16:58:34,2026-08-17,16:58:34,2026-08-17 17:08:11,2026-08-17 17:08:13,2.23,2026-08-17 17:08:13,2026-08-17,17:08:13,2026-08-17 17:15:09,995.3,True,20260816_163946,2026-08-16 16:40:59,"1,103만",11030000.0,0.0,0.0,2026-08-17 17:08:13
mon,25,수상한 다이어트 클럽,스프링,821626,https://comic.naver.com/webtoon/list?titleId=821626&tab=mon,10877028,수상한 다이어트 클럽,수상한 다이어트 클럽 (총 60화/미완결),총 60화/미완결,60.0,미완결,스프링 스프링,평점 9.8 | 스프링 스프링 | 2026.07.26. | 총60화/미완결 | 55화 무료,https://series.naver.com/comic/detail.series?productNo=10877028,matched,ok,"수상한 다이어트 클럽 (총 60화/미완결)
평점
9.8 | 스프링 스프링 | 2026.07.26. | 총60화/미완결 | 55화 무료
모태 통통 ‘고양순’은 부모님의 등쌀에 못이겨 박박사 다이어트 클럽에 입소한다. 어딘가 수상해 보이는 박박사지만, 그녀의 이력 만큼은 누구보다 확실하다. 성공률 100%를 자랑하는 이곳의 퇴소 조건은 단 하나, ‘목표 ..",mon,1,mon,1,sun,mon,True,mon,월,sun,mon,10877028_mon,post_24h,어제 밤 10시 공개 이후 증가분 확인용 수집,195.2만,1952000.0,https://series.naver.com/comic/detail.series?productNo=10877028,20260817_165834,mon,월,2026-08-17 16:58:34,2026-08-17,16:58:34,2026-08-17 17:08:15,2026-08-17 17:08:18,2.69,2026-08-17 17:08:18,2026-08-17,17:08:18,2026-08-17 17:15:09,995.3,True,20260816_163946,2026-08-16 16:41:03,195만,1950000.0,2000.0,0.0010256410256410256,2026-08-17 17:08:18
mon,8,귀촌리,황양,822573,https://comic.naver.com/webtoon/list?titleId=822573&tab=mon,10845772,귀촌리,귀촌리 (총 106화/미완결),총 106화/미완결,106.0,미완결,황양 이대한,평점 9.8 | 황양 이대한 | 2026.07.19. | 총106화/미완결 | 101화 무료,https://series.naver.com/comic/detail.series?productNo=10845772,matched,ok,"귀촌리 (총 106화/미완결)
평점
9.8 | 황양 이대한 | 2026.07.19. | 총106화/미완결 | 101화 무료
평범한 시골 마을 '귀촌리'를 찾은 '허무명'. 그는 돌아가신 할머니의 빈 집에 조용히 숨어든다. 그런데 집이 이상하리만큼 깔끔하다. 할머니가 돌아가신 건 3년 전인데? 어쩐지 마을 사람들은 이방인 무명의 방문을 달가워 하는..",mon,1,mon,1,sun,mon,True,mon,월,sun,mon,10845772_mon,post_24h,어제 밤 10시 공개 이후 증가분 확인용 수집,595.9만,5959000.0,https://series.naver.com/comic/detail.series?productNo=10845772,20260817_165834,mon,월,2026-08-17 16:58:34,2026-08-17,16:58:34,2026-08-17 17:08:19,2026-08-17 17:08:21,2.81,2026-08-17 17:08:21,2026-08-17,17:08:21,2026-08-17 17:15:09,995.3,True,20260816_163946,2026-08-16 16:41:09,595.2만,5952000.0,7000.0,0.0011760752688172043,2026-08-17 17:08:21
mon,3,환생천마,JP,822657,https://comic.naver.com/webtoon/list?titleId=822657&tab=mon,10856132,환생천마,환생천마 (총 131화/미완결),총 131화/미완결,131.0,미완결,"장영훈, JP 부겸","평점 9.9 | 장영훈, JP 부겸 | 2026.07.19. | 총131화/미완결 | 124화 무료",https://series.naver.com/comic/detail.series?productNo=10856132,matched,ok,"환생천마 (총 131화/미완결)
평점
9.9 | 장영훈, JP 부겸 | 2026.07.19. | 총131화/미완결 | 124화 무료
철혈의 맹주, 강호의 절대자 '천하진'. 가문의 수치라 불리는 망나니 '벽리단'의 몸으로 깨어나다! 취미는 사기도박, 검은 창고에 박아둔지 오래. 하루아침에 천하제일인에서 천하의 쓰레기가 된 그는 다시 검을 잡고, 전생에서 ..",mon,1,mon,1,sun,mon,True,mon,월,sun,mon,10856132_mon,post_24h,어제 밤 10시 공개 이후 증가분 확인용 수집,"1,187만",11870000.0,https://series.naver.com/comic/detail.series?productNo=10856132,20260817_165834,mon,월,2026-08-17 16:58:34,2026-08-17,16:58:34,2026-08-17 17:08:23,2026-08-17 17:08:26,2.77,2026-08-17 17:08:26,2026-08-17,17:08:26,2026-08-17 17:15:09,995.3,True,20260816_163946,2026-08-16 16:41:12,"1,185만",11850000.0,20000.0,0.0016877637130801688,2026-08-17 17:08:26
mon,56,K학원 생존기,양아최,823190,https://comic.naver.com/webtoon/list?titleId=823190&tab=mon,10921535,K학원 생존기,K학원 생존기 (총 228화/미완결),총 228화/미완결,228.0,미완결,,,https://series.naver.com/comic/detail.series?productNo=10921535,matched,ok,"K학원 생존기 (총 228화/미완결)
평점
9.9 | 양아최 양아최 | 2026.06.07. | 총228화/미완결 | 223화 무료
K학원 지옥에 빠져있던 내가선생이 되어 다시 학원으로 돌아왔다?!본격 학원고인물이 되어버린선생님의 학원공감툰!","mon,sat",2,"mon,sat",2,"sun,fri","mon,sat",True,mon,월,sun,mon,10921535_mon,post_24h,어제 밤 10시 공개 이후 증가분 확인용 수집,54.2만,542000.0,https://series.naver.com/comic/detail.series?productNo=10921535,20260817_165834,mon,월,2026-08-17 16:58:34,2026-08-17,16:58:34,2026-08-17 17:08:27,2026-08-17 17:08:30,2.74,2026-08-17 17:08:30,2026-08-17,17:08:30,2026-08-17 17:15:09,995.3,True,20260816_163946,2026-08-16 16:41:17,54.2만,542000.0,0.0,0.0,2026-08-17 17:08:30
mon,72,요리사가 되고 싶은 천마님,턍,823536,https://comic.naver.com/webtoon/list?titleId=823536&tab=mon,10959285,요리사가 되고 싶은 천마님 [독점],요리사가 되고 싶은 천마님 [독점] (총 83화/미완결),총 83화/미완결,83.0,미완결,"턍, 점도리 춘삼","평점 9.7 | 턍, 점도리 춘삼 | 2026.07.12. | 총83화/미완결 | 전화 무료",https://series.naver.com/comic/detail.series?productNo=10959285,matched,ok,"요리사가 되고 싶은 천마님 [독점] (총 83화/미완결)
평점
9.7 | 턍, 점도리 춘삼 | 2026.07.12. | 총83화/미완결 | 전화 무료
[천마인데 요리를 좋아해? 근데.. 요리를 못한다고!?]몬스터 게이트 사건으로 자신의 전생을 깨달은 우진.그는.. 중원을 재패한 천마였다! 천마였던 당시에도 이루지 못한 꿈이 있었으니..이번에는 반드시 이루고 말리라.요리사라..",mon,1,mon,1,sun,mon,True,mon,월,sun,mon,10959285_mon,post_24h,어제 밤 10시 공개 이후 증가분 확인용 수집,70만,700000.0,https://series.naver.com/comic/detail.series?productNo=10959285,20260817_165834,mon,월,2026-08-17 16:58:34,2026-08-17,16:58:34,2026-08-17 17:08:31,2026-08-17 17:08:32,1.99,2026-08-17 17:08:32,2026-08-17,17:08:32,2026-08-17 17:15:09,995.3,True,20260809_165750,2026-08-09 16:59:35,69.8만,698000.0,2000.0,0.0028653295128939827,2026-08-17 17:08:32
mon,102,솔로스쿨,랑쓰,824208,https://comic.naver.com/webtoon/list?titleId=824208&tab=mon,11049776,솔로스쿨,솔로스쿨 (총 93화/미완결),총 93화/미완결,93.0,미완결,랑쓰 승9,평점 9.9 | 랑쓰 승9 | 2026.08.16. | 총93화/미완결 | 88화 무료,https://series.naver.com/comic/detail.series?productNo=11049776,matched,ok,"솔로스쿨 (총 93화/미완결)
평점
9.9 | 랑쓰 승9 | 2026.08.16. | 총93화/미완결 | 88화 무료
여름방학 한달동안 제주도에 위치한 가상의 학교에서 이루어지는 10대들의 연애 예능 프로그램 '솔로스쿨'평소와 같은 일상을 보내던 평범한 고등학생 '채우리'는 8년째 남몰래 짝사랑해온 남사친을 따라 충동적으로 '솔로스..",mon,1,mon,1,sun,mon,True,mon,월,sun,mon,11049776_mon,post_24h,어제 밤 10시 공개 이후 증가분 확인용 수집,47.7만,477000.0,https://series.naver.com/comic/detail.series?productNo=11049776,20260817_165834,mon,월,2026-08-17 16:58:34,2026-08-17,16:58:34,2026-08-17 17:08:34,2026-08-17 17:08:36,2.58,2026-08-17 17:08:36,2026-08-17,17:08:36,2026-08-17 17:15:09,995.3,True,20260809_165750,2026-08-09 16:59:38,47.4만,474000.0,3000.0,0.006329113924050633,2026-08-17 17:08:36
mon,18,아포칼립스에 집을 숨김,DD,825332,https://comic.naver.com/webtoon/list?titleId=825332&tab=mon,11138966,아포칼립스에 집을 숨김,아포칼립스에 집을 숨김 (총 107화/미완결),총 107화/미완결,107.0,미완결,,,https://series.naver.com/comic/detail.series?productNo=11138966,matched,ok,"아포칼립스에 집을 숨김 (총 107화/미완결)
평점
9.6 | DD, 로드워리어 송지형 | 2026.06.07. | 총107화/미완결 | 104화 무료
3년 뒤, 이 세상이 멸망하리라 예측하고 온갖 대비를 해온 '멸망주의자' 박규. 그리고 그의 예상대로, 어느 날 서울 핵 공습을 시작으로 전 세계는 핵 전쟁에 돌입. 미증유의 아포칼립스가 펼쳐진다.모두의 비웃음에도 불구하고 ..",mon,1,mon,1,sun,mon,True,mon,월,sun,mon,11138966_mon,post_24h,어제 밤 10시 공개 이후 증가분 확인용 수집,337.4만,3374000.0,https://series.naver.com/comic/detail.series?productNo=11138966,20260817_165834,mon,월,2026-08-17 16:58:34,2026-08-17,16:58:34,2026-08-17 17:08:37,2026-08-17 17:08:40,2.18,2026-08-17 17:08:40,2026-08-17,17:08:40,2026-08-17 17:15:09,995.3,True,20260816_163946,2026-08-16 16:41:20,336.8만,3368000.0,6000.0,0.0017814726840855108,2026-08-17 17:08:40
mon,45,피폐물을 힐링물로 만드는 방법,,826381,https://comic.naver.com/webtoon/list?titleId=826381&tab=mon,11152272,피폐물을 힐링물로 만드는 방법,피폐물을 힐링물로 만드는 방법 (총 84화/미완결),총 84화/미완결,84.0,미완결,"류호, 황도톨 양담","평점 9.9 | 류호, 황도톨 양담 | 2026.06.14. | 총84화/미완결 | 78화 무료",https://series.naver.com/comic/detail.series?productNo=11152272,matched,ok,"피폐물을 힐링물로 만드는 방법 (총 84화/미완결)
평점
9.9 | 류호, 황도톨 양담 | 2026.06.14. | 총84화/미완결 | 78화 무료
[살아생전 즐겨보던 소설에 환생했다.] 너무 진부하다구요? 아닐 걸요!왜냐면 그 소설이... 19금 피폐물이거든요...! ̗̀(ꀬ⏖ꀬ∴)예쁘고 상냥한 여주인공의 동생으로 환생했지만, 언니의 새드엔딩을 지켜볼 수 없었던 레나티..",mon,1,mon,1,sun,mon,True,mon,월,sun,mon,11152272_mon,post_24h,어제 밤 10시 공개 이후 증가분 확인용 수집,229.8만,2298000.0,https://series.naver.com/comic/detail.series?productNo=11152272,20260817_165834,mon,월,2026-08-17 16:58:34,2026-08-17,16:58:34,2026-08-17 17:08:40,2026-08-17 17:08:43,2.15,2026-08-17 17:08:43,2026-08-17,17:08:43,2026-08-17 17:15:09,995.3,True,20260816_163946,2026-08-16 16:41:23,229.6만,2296000.0,2000.0,0.0008710801393728223,2026-08-17 17:08:43
mon,43,구야는 신입,구야,828167,https://comic.naver.com/webtoon/list?titleId=828167&tab=mon,11367370,구야는 신입,구야는 신입 (총 182화/미완결),총 182화/미완결,182.0,미완결,,,https://series.naver.com/comic/detail.series?productNo=11367370,matched,ok,"구야는 신입 (총 182화/미완결)
평점
9.9 | 구야 구야 | 2026.06.07. | 총182화/미완결 | 178화 무료
평생 학생일 줄 알았던 내가 어느새 직장인이 되어버렸다.직장인이 된 기쁨도 잠시... 이제는 일하다가 몰래 잡코리x만 뒤져보는 직장인이 되어버렸다는데...사회초년생 구야의 웃픈(?) 홀로서기","mon,fri",2,"mon,fri",2,"sun,thu","mon,fri",True,mon,월,sun,mon,11367370_mon,post_24h,어제 밤 10시 공개 이후 증가분 확인용 수집,55만,550000.0,https://series.naver.com/comic/detail.series?productNo=11367370,20260817_165834,mon,월,2026-08-17 16:58:34,2026-08-17,16:58:34,2026-08-17 17:08:43,2026-08-17 17:08:46,2.34,2026-08-17 17:08:46,2026-08-17,17:08:46,2026-08-17 17:15:09,995.3,True,20260816_163946,2026-08-16 16:41:27,55만,550000.0,0.0,0.0,2026-08-17 17:08:46
mon,73,위험하지 않아요 NPC씨,미라주,828365,https://comic.naver.com/webtoon/list?titleId=828365&tab=mon,11388540,위험하지 않아요 NPC씨,위험하지 않아요 NPC씨 (총 52화/미완결),총 52화/미완결,52.0,미완결,,,https://series.naver.com/comic/detail.series?productNo=11388540,matched,ok,"위험하지 않아요 NPC씨 (총 52화/미완결)
평점
10.0 | 미라주 미라주 | 2026.06.07. | 총52화/미완결 | 50화 무료
게임을 즐기는 법엔 여러가지가 있다.레벨을 올려 강해지거나, 강화를 해서 더 좋은 아이템을 얻거나, PvP를 통해 다른 플레이어들과 경쟁하거나.혹은, 게임의 세계관에 푹 빠져 몰입하거나.주인공 '모험가'와 길드 안내원 NP..",mon,1,mon,1,sun,mon,True,mon,월,sun,mon,11388540_mon,post_24h,어제 밤 10시 공개 이후 증가분 확인용 수집,51.8만,518000.0,https://series.naver.com/comic/detail.series?productNo=11388540,20260817_165834,mon,월,2026-08-17 16:58:34,2026-08-17,16:58:34,2026-08-17 17:08:47,2026-08-17 17:08:49,2.76,2026-08-17 17:08:49,2026-08-17,17:08:49,2026-08-17 17:15:09,995.3,True,20260816_163946,2026-08-16 16:41:30,51.8만,518000.0,0.0,0.0,2026-08-17 17:08:49
mon,31,우주천마 3077,산하,829195,https://comic.naver.com/webtoon/list?titleId=829195&tab=mon,11474896,우주천마 3077,우주천마 3077 (총 94화/미완결),총 94화/미완결,94.0,미완결,,,https://series.naver.com/comic/detail.series?productNo=11474896,matched,ok,"우주천마 3077 (총 94화/미완결)
평점
9.0 | 산하, 녹색여우 김대영 | 2026.06.07. | 총94화/미완결 | 92화 무료
오랜 세월이 흘러 태산에 봉인된 천마가 눈을 떴을 때,이미 인류는 방사능에 절여진 지구를 떠나 은하를 누비고 있었다.",mon,1,mon,1,sun,mon,True,mon,월,sun,mon,11474896_mon,post_24h,어제 밤 10시 공개 이후 증가분 확인용 수집,270만,2700000.0,https://series.naver.com/comic/detail.series?productNo=11474896,20260817_165834,mon,월,2026-08-17 16:58:34,2026-08-17,16:58:34,2026-08-17 17:08:51,2026-08-17 17:08:53,2.09,2026-08-17 17:08:53,2026-08-17,17:08:53,2026-08-17 17:15:09,995.3,True,20260816_163946,2026-08-16 16:41:34,269.6만,2696000.0,4000.0,0.001483679525222552,2026-08-17 17:08:53
mon,97,한국에서 히어로 하기 힘들더라,이해력,829666,https://comic.naver.com/webtoon/list?titleId=829666&tab=mon,11510999,한국에서 히어로 하기 힘들더라,한국에서 히어로 하기 힘들더라 (총 97화/미완결),총 97화/미완결,97.0,미완결,이해력 이해력,평점 10.0 | 이해력 이해력 | 2026.08.16. | 총97화/미완결 | 91화 무료,https://series.naver.com/comic/detail.series?productNo=11510999,matched,ok,"한국에서 히어로 하기 힘들더라 (총 97화/미완결)
평점
10.0 | 이해력 이해력 | 2026.08.16. | 총97화/미완결 | 91화 무료
누명으로 히어로의 꿈을 접은 마범태에게 찾아온 두 번째 기회.서바이벌 프로그램으로 데뷔해 히어로가 되어야만 한다.하지만 생각보다 쉽지 않은 요즘 K-히어로.주 7회 근무, 기부 필수, 가만히 있어도 생기는 억까와 미쳐가..",mon,1,mon,1,sun,mon,True,mon,월,sun,mon,11510999_mon,post_24h,어제 밤 10시 공개 이후 증가분 확인용 수집,36.6만,366000.0,https://series.naver.com/comic/detail.series?productNo=11510999,20260817_165834,mon,월,2026-08-17 16:58:34,2026-08-17,16:58:34,2026-08-17 17:08:54,2026-08-17 17:08:56,1.94,2026-08-17 17:08:56,2026-08-17,17:08:56,2026-08-17 17:15:09,995.3,True,20260809_165750,2026-08-09 17:00:04,36.1만,361000.0,5000.0,0.013850415512465374,2026-08-17 17:08:56
mon,32,중세 판타지 속 망나니 경비조장,스튜디오MW,831416,https://comic.naver.com/webtoon/list?titleId=831416&tab=mon,11583362,중세 판타지 속 망나니 경비조장,중세 판타지 속 망나니 경비조장 (총 36화/미완결),총 36화/미완결,36.0,미완결,,,https://series.naver.com/comic/detail.series?productNo=11583362,matched,ok,"중세 판타지 속 망나니 경비조장 (총 36화/미완결)
평점
9.8 | 스튜디오MW, 곰돌이는 김가든 | 2026.06.07. | 총36화/미완결 | 31화 무료
노동법도 없는 무식한 중세.전쟁과 빈곤, 마법과 비상식이 지배하는 이곳에서경비조장은 오늘도 뺑이를 친다.",mon,1,mon,1,sun,mon,True,mon,월,sun,mon,11583362_mon,post_24h,어제 밤 10시 공개 이후 증가분 확인용 수집,106.1만,1061000.0,https://series.naver.com/comic/detail.series?productNo=11583362,20260817_165834,mon,월,2026-08-17 16:58:34,2026-08-17,16:58:34,2026-08-17 17:08:57,2026-08-17 17:09:00,2.17,2026-08-17 17:09:00,2026-08-17,17:09:00,2026-08-17 17:15:09,995.3,True,20260816_163946,2026-08-16 16:41:38,105.8만,1058000.0,3000.0,0.002835538752362949,2026-08-17 17:09:00
mon,101,아직 제목 없음,주영현,831547,https://comic.naver.com/webtoon/list?titleId=831547&tab=mon,11597802,아직 제목 없음,아직 제목 없음 (총 104화/미완결),총 104화/미완결,104.0,미완결,주영현 주영현,평점 10.0 | 주영현 주영현 | 2026.08.16. | 총104화/미완결 | 99화 무료,https://series.naver.com/comic/detail.series?productNo=11597802,matched,ok,"아직 제목 없음 (총 104화/미완결)
평점
10.0 | 주영현 주영현 | 2026.08.16. | 총104화/미완결 | 99화 무료
친구 없음, 의욕 없음, 특기 없음.상처 있음, 불만 있음, 결핍 있음.학교 대표 아싸 천희와 준휘가 의기투합하여 동아리를 만든다.하지만 이 동아리.""인싸는 출입금지입니다.""",mon,1,mon,1,sun,mon,True,mon,월,sun,mon,11597802_mon,post_24h,어제 밤 10시 공개 이후 증가분 확인용 수집,34.8만,348000.0,https://series.naver.com/comic/detail.series?productNo=11597802,20260817_165834,mon,월,2026-08-17 16:58:34,2026-08-17,16:58:34,2026-08-17 17:09:01,2026-08-17 17:09:03,2.73,2026-08-17 17:09:03,2026-08-17,17:09:03,2026-08-17 17:15:09,995.3,True,20260809_165750,2026-08-09 17:00:12,33.8만,338000.0,10000.0,0.029585798816568046,2026-08-17 17:09:03
mon,89,게임마스터,둥치,832104,https://comic.naver.com/webtoon/list?titleId=832104&tab=mon,11578219,게임마스터,게임마스터 (총 77화/미완결),총 77화/미완결,77.0,미완결,"둥치, ogura KZMS","평점 9.4 | 둥치, ogura KZMS | 2026.08.16. | 총77화/미완결 | 72화 무료",https://series.naver.com/comic/detail.series?productNo=11578219,matched,ok,"게임마스터 (총 77화/미완결)
평점
9.4 | 둥치, ogura KZMS | 2026.08.16. | 총77화/미완결 | 72화 무료
반복되는 무료한 일상 속에서 운명처럼 찾아온 게임.[히어로즈 데스티니]게임을 공략하기 위해 자그마치 10년이나 파고드는 주인공.마침내 클리어를 하자, 새롭게 떠오른 메시지와 함께 낯선 장소에서 눈을 떴다?!약하디 약한..",mon,1,mon,1,sun,mon,True,mon,월,sun,mon,11578219_mon,post_24h,어제 밤 10시 공개 이후 증가분 확인용 수집,48.5만,485000.0,https://series.naver.com/comic/detail.series?productNo=11578219,20260817_165834,mon,월,2026-08-17 16:58:34,2026-08-17,16:58:34,2026-08-17 17:09:04,2026-08-17 17:09:07,2.65,2026-08-17 17:09:07,2026-08-17,17:09:07,2026-08-17 17:15:09,995.3,True,20260809_165750,2026-08-09 17:00:15,48만,480000.0,5000.0,0.010416666666666666,2026-08-17 17:09:07
mon,40,"정신 차려, 전승연",제민,832243,https://comic.naver.com/webtoon/list?titleId=832243&tab=mon,11589552,"정신 차려, 전승연 [독점]","정신 차려, 전승연 [독점] (총 94화/미완결)",총 94화/미완결,94.0,미완결,,,https://series.naver.com/comic/detail.series?productNo=11589552,matched,ok,"정신 차려, 전승연 [독점] (총 94화/미완결)
평점
9.5 | 제민 | 2026.06.07. | 총94화/미완결 | 89화 무료
PC방 여신의 대학 생활. 4학년은 제대로 해내고 싶은데!예쁜 얼굴, 큰 키, 특유의 분위기 덕에 인기가 많은 승연은 PC방에서 알바하며, 자신에게 호의를 보이는 남자 손님들에게 값싼 자존감을 얻곤 한다.4학년이 된 지금은 학..",mon,1,mon,1,sun,mon,True,mon,월,sun,mon,11589552_mon,post_24h,어제 밤 10시 공개 이후 증가분 확인용 수집,254.3만,2543000.0,https://series.naver.com/comic/detail.series?productNo=11589552,20260817_165834,mon,월,2026-08-17 16:58:34,2026-08-17,16:58:34,2026-08-17 17:09:09,2026-08-17 17:09:11,2.02,2026-08-17 17:09:11,2026-08-17,17:09:11,2026-08-17 17:15:09,995.3,True,20260816_163946,2026-08-16 16:41:41,254만,2540000.0,3000.0,0.0011811023622047244,2026-08-17 17:09:11
mon,5,시한부 천재가 살아남는 법,JP,832703,https://comic.naver.com/webtoon/list?titleId=832703&tab=mon,11659054,시한부 천재가 살아남는 법,시한부 천재가 살아남는 법 (총 86화/미완결),총 86화/미완결,86.0,미완결,"JP, 청시소 윤승기","평점 9.9 | JP, 청시소 윤승기 | 2026.07.19. | 총86화/미완결 | 81화 무료",https://series.naver.com/comic/detail.series?productNo=11659054,matched,ok,"시한부 천재가 살아남는 법 (총 86화/미완결)
평점
9.9 | JP, 청시소 윤승기 | 2026.07.19. | 총86화/미완결 | 81화 무료
'스물을 넘기지 못하고 단명할 운명'을 타고난 정연신.집안사람들 모두 연신을 홀대하지만,직접 무공을 만들 정도로 그의 실력은 대단했다.그러던 어느 날, 연신은 자신의 수명이 얼마 남지 않았음을 알게 되는데...시한부 천재 ..",mon,1,mon,1,sun,mon,True,mon,월,sun,mon,11659054_mon,post_24h,어제 밤 10시 공개 이후 증가분 확인용 수집,856.8만,8568000.0,https://series.naver.com/comic/detail.series?productNo=11659054,20260817_165834,mon,월,2026-08-17 16:58:34,2026-08-17,16:58:34,2026-08-17 17:09:11,2026-08-17 17:09:14,2.39,2026-08-17 17:09:14,2026-08-17,17:09:14,2026-08-17 17:15:09,995.3,True,20260816_163946,2026-08-16 16:41:45,856만,8560000.0,8000.0,0.0009345794392523365,2026-08-17 17:09:14
mon,112,연애복붙,석한,833414,https://comic.naver.com/webtoon/list?titleId=833414&tab=mon,11740859,연애복붙,연애복붙 (총 92화/미완결),총 92화/미완결,92.0,미완결,석한 석한,평점 10.0 | 석한 석한 | 2026.07.19. | 총92화/미완결 | 전화 무료,https://series.naver.com/comic/detail.series?productNo=11740859,matched,ok,"연애복붙 (총 92화/미완결)
평점
10.0 | 석한 석한 | 2026.07.19. | 총92화/미완결 | 전화 무료
얼굴도 두뇌도 잘생긴 천재 개발자가 제 것 입니다만 로봇청소기 입니다.연애는 싫지만 잘생긴 얼굴은 누구보다 좋아하는 로맨스 웹소설 작가 원영. 어느 날 그에게 배달된 로봇청소기가 말한다. 네가 그렇게 얼굴 좋아하던 친..",mon,1,mon,1,sun,mon,True,mon,월,sun,mon,11740859_mon,post_24h,어제 밤 10시 공개 이후 증가분 확인용 수집,12만,120000.0,https://series.naver.com/comic/detail.series?productNo=11740859,20260817_165834,mon,월,2026-08-17 16:58:34,2026-08-17,16:58:34,2026-08-17 17:09:15,2026-08-17 17:09:18,2.55,2026-08-17 17:09:18,2026-08-17,17:09:18,2026-08-17 17:15:09,995.3,True,20260809_165750,2026-08-09 17:00:25,11.9만,119000.0,1000.0,0.008403361344537815,2026-08-17 17:09:18
mon,63,모솔대첩,진자,833596,https://comic.naver.com/webtoon/list?titleId=833596&tab=mon,11762378,모솔대첩,모솔대첩 (총 76화/미완결),총 76화/미완결,76.0,미완결,,,https://series.naver.com/comic/detail.series?productNo=11762378,matched,ok,"모솔대첩 (총 76화/미완결)
평점
10.0 | 진자 정생 | 2026.06.07. | 총76화/미완결 | 71화 무료
사랑도 얻고! 5억도 얻고! 만 30세 여자 3명의 5억을 건 모솔탈출내기가 시작된다. 왕자 없는 공주림 , 쓰레기 수집가 강선아 , 혼전순결 김채율 과연 모솔대첩의 우승자는 누가 될 것인가?",mon,1,mon,1,sun,mon,True,mon,월,sun,mon,11762378_mon,post_24h,어제 밤 10시 공개 이후 증가분 확인용 수집,86.2만,862000.0,https://series.naver.com/comic/detail.series?productNo=11762378,20260817_165834,mon,월,2026-08-17 16:58:34,2026-08-17,16:58:34,2026-08-17 17:09:19,2026-08-17 17:09:21,1.9,2026-08-17 17:09:21,2026-08-17,17:09:21,2026-08-17 17:15:09,995.3,True,20260816_163946,2026-08-16 16:41:49,86만,860000.0,2000.0,0.002325581395348837,2026-08-17 17:09:21
mon,11,파브르 in 사천당가,지대공마법소년,833702,https://comic.naver.com/webtoon/list?titleId=833702&tab=mon,11779376,파브르 in 사천당가,파브르 in 사천당가 (총 97화/미완결),총 97화/미완결,97.0,미완결,에르훗 크라켄,평점 9.9 | 에르훗 크라켄 | 2026.07.19. | 총97화/미완결 | 92화 무료,https://series.naver.com/comic/detail.series?productNo=11779376,matched,ok,"파브르 in 사천당가 (총 97화/미완결)
평점
9.9 | 에르훗 크라켄 | 2026.07.19. | 총97화/미완결 | 92화 무료
독물과 독충을 다루던 백만 스트리머 매운 파브르.아프리카 현지촬영중 블랙맘바에 물려 무림에 전생하게 된다.정글에서 자신이 좋아하는 독물들을 키우며 자연인 생활을 하던 주인공은독공을 사용하는 사천당가의 눈에 띄게 ..",mon,1,mon,1,sun,mon,True,mon,월,sun,mon,11779376_mon,post_24h,어제 밤 10시 공개 이후 증가분 확인용 수집,735.7만,7357000.0,https://series.naver.com/comic/detail.series?productNo=11779376,20260817_165834,mon,월,2026-08-17 16:58:34,2026-08-17,16:58:34,2026-08-17 17:09:23,2026-08-17 17:09:25,1.95,2026-08-17 17:09:25,2026-08-17,17:09:25,2026-08-17 17:15:09,995.3,True,20260816_163946,2026-08-16 16:41:52,734.4만,7344000.0,13000.0,0.001770152505446623,2026-08-17 17:09:25
mon,61,제국 최고의 악녀를 사랑하게 되었습니다,아지,833908,https://comic.naver.com/webtoon/list?titleId=833908&tab=mon,11846155,제국 최고의 악녀를 사랑하게 되었습니다,제국 최고의 악녀를 사랑하게 되었습니다 (총 88화/미완결),총 88화/미완결,88.0,미완결,,,https://series.naver.com/comic/detail.series?productNo=11846155,matched,ok,"제국 최고의 악녀를 사랑하게 되었습니다 (총 88화/미완결)
평점
10.0 | 아지 아츠시, Perlacot | 2026.06.07. | 총88화/미완결 | 83화 무료
여러 여인들을 농락하며 독신 생활을 고수하는 걸로 유명한 공작, 레이븐.어느날 그런 그 앞에 남자를 싫어하는 것으로 이름높은 제국 최고의 악녀, 에스테렐라 공녀가 나타나 구혼한다.수많은 염문을 뿌리고 다니는 레이븐과 ..",mon,1,mon,1,sun,mon,True,mon,월,sun,mon,11846155_mon,post_24h,어제 밤 10시 공개 이후 증가분 확인용 수집,155.5만,1555000.0,https://series.naver.com/comic/detail.series?productNo=11846155,20260817_165834,mon,월,2026-08-17 16:58:34,2026-08-17,16:58:34,2026-08-17 17:09:27,2026-08-17 17:09:29,2.09,2026-08-17 17:09:29,2026-08-17,17:09:29,2026-08-17 17:15:09,995.3,True,20260816_163946,2026-08-16 16:41:56,155.1만,1551000.0,4000.0,0.0025789813023855577,2026-08-17 17:09:29
mon,42,시간을 돌아온 황후의 납치 결혼,그리온,834548,https://comic.naver.com/webtoon/list?titleId=834548&tab=mon,11916111,시간을 돌아온 황후의 납치 결혼,시간을 돌아온 황후의 납치 결혼 (총 65화/미완결),총 65화/미완결,65.0,미완결,신은예 그리온,평점 10.0 | 신은예 그리온 | 2026.07.19. | 총65화/미완결 | 59화 무료,https://series.naver.com/comic/detail.series?productNo=11916111,matched,ok,"시간을 돌아온 황후의 납치 결혼 (총 65화/미완결)
평점
10.0 | 신은예 그리온 | 2026.07.19. | 총65화/미완결 | 59화 무료
“아이라도 낳든가. 씨를 뿌리면 무엇 하나.”절벽 위의 고고한 꽃으로 불리는 공녀, 엘리아노 로사나.적국으로 강제로 시집가 고귀한 황후가 되었지만,가문에게도 남편에게도 버림받아 비참하게 죽는다.모든 것이 잘못되었다...",mon,1,mon,1,sun,mon,True,mon,월,sun,mon,11916111_mon,post_24h,어제 밤 10시 공개 이후 증가분 확인용 수집,167.9만,1679000.0,https://series.naver.com/comic/detail.series?productNo=11916111,20260817_165834,mon,월,2026-08-17 16:58:34,2026-08-17,16:58:34,2026-08-17 17:09:30,2026-08-17 17:09:33,2.75,2026-08-17 17:09:33,2026-08-17,17:09:33,2026-08-17 17:15:09,995.3,True,20260816_163946,2026-08-16 16:42:00,167.4만,1674000.0,5000.0,0.002986857825567503,2026-08-17 17:09:33
mon,14,시리도록 불꽃처럼,김인호,834686,https://comic.naver.com/webtoon/list?titleId=834686&tab=mon,11932919,시리도록 불꽃처럼,시리도록 불꽃처럼 (총 87화/미완결),총 87화/미완결,87.0,미완결,,,https://series.naver.com/comic/detail.series?productNo=11932919,matched,ok,"시리도록 불꽃처럼 (총 87화/미완결)
평점
9.8 | 유진성 김인호 | 2026.06.07. | 총87화/미완결 | 79화 무료
""강호로 내려가면 세상이 너의 적이 될 것이야..."" 쇠락한 가문의 젊은 가주 '백무진'은 가세를 바로 잡기 위해 세상 밖으로의 여정을 준비한다. 세상은 그의 적이 될 것이라는 예견된 미래에도 불구하고, 무진은 외로운 싸움을 시..",mon,1,mon,1,sun,mon,True,mon,월,sun,mon,11932919_mon,post_24h,어제 밤 10시 공개 이후 증가분 확인용 수집,274.1만,2741000.0,https://series.naver.com/comic/detail.series?productNo=11932919,20260817_165834,mon,월,2026-08-17 16:58:34,2026-08-17,16:58:34,2026-08-17 17:09:34,2026-08-17 17:09:36,1.95,2026-08-17 17:09:36,2026-08-17,17:09:36,2026-08-17 17:15:09,995.3,True,20260816_163946,2026-08-16 16:42:04,273.4만,2734000.0,7000.0,0.002560351133869788,2026-08-17 17:09:36
mon,39,연애리뷰,송채윤,835082,https://comic.naver.com/webtoon/list?titleId=835082&tab=mon,12012518,연애리뷰,연애리뷰 (총 75화/미완결),총 75화/미완결,75.0,미완결,"송채윤, 평강 라희","평점 9.9 | 송채윤, 평강 라희 | 2026.06.14. | 총75화/미완결 | 70화 무료",https://series.naver.com/comic/detail.series?productNo=12012518,matched,ok,"연애리뷰 (총 75화/미완결)
평점
9.9 | 송채윤, 평강 라희 | 2026.06.14. | 총75화/미완결 | 70화 무료
평소엔 누구보다 이성적! 그러나 연애만 하면 상호구가 되는 기주. 이번엔 다를 거라 믿었던 남자친구와의 다툼 중 계단에서 굴러 떨어지게 되는데.. 병원에서 깨어난 기주의 눈 앞에 수상한 리뷰창이 보인다! '이게 뭐지? 남..",mon,1,mon,1,sun,mon,True,mon,월,sun,mon,12012518_mon,post_24h,어제 밤 10시 공개 이후 증가분 확인용 수집,277.7만,2777000.0,https://series.naver.com/comic/detail.series?productNo=12012518,20260817_165834,mon,월,2026-08-17 16:58:34,2026-08-17,16:58:34,2026-08-17 17:09:38,2026-08-17 17:09:40,2.58,2026-08-17 17:09:40,2026-08-17,17:09:40,2026-08-17 17:15:09,995.3,True,20260816_163946,2026-08-16 16:42:08,277.3만,2773000.0,4000.0,0.00144248106743599,2026-08-17 17:09:40
mon,90,프로젝트 마르스,영주,837999,https://comic.naver.com/webtoon/list?titleId=837999&tab=mon,12423971,프로젝트 마르스,프로젝트 마르스 (총 72화/미완결),총 72화/미완결,72.0,미완결,영주 영주,평점 10.0 | 영주 영주 | 2026.08.16. | 총72화/미완결 | 68화 무료,https://series.naver.com/comic/detail.series?productNo=12423971,matched,ok,"프로젝트 마르스 (총 72화/미완결)
평점
10.0 | 영주 영주 | 2026.08.16. | 총72화/미완결 | 68화 무료
어릴 적 외계인들에게 가족을 잃은 떠살이.'블랙홀'을 다루는 특별한 인간이지만 이를 숨기고 지낸다.어느 날 외계인들에게 도시가 테러 당하는 사건이 발생하고,다시 마주한 그들은 떠살이의 목숨을 위협하는데...""미안하지만 ..",mon,1,mon,1,sun,mon,True,mon,월,sun,mon,12423971_mon,post_24h,어제 밤 10시 공개 이후 증가분 확인용 수집,31.7만,317000.0,https://series.naver.com/comic/detail.series?productNo=12423971,20260817_165834,mon,월,2026-08-17 16:58:34,2026-08-17,16:58:34,2026-08-17 17:09:42,2026-08-17 17:09:44,2.32,2026-08-17 17:09:44,2026-08-17,17:09:44,2026-08-17 17:15:09,995.3,True,20260809_165750,2026-08-09 17:00:49,31만,310000.0,7000.0,0.02258064516129032,2026-08-17 17:09:44
mon,86,Lv.99 흑염의 프린세스,YDR,838075,https://comic.naver.com/webtoon/list?titleId=838075&tab=mon,12424823,Lv.99 흑염의 프린세스,Lv.99 흑염의 프린세스 (총 53화/미완결),총 53화/미완결,53.0,미완결,"YDR,린지 먼주","평점 10.0 | YDR,린지 먼주 | 2026.08.16. | 총53화/미완결 | 47화 무료",https://series.naver.com/comic/detail.series?productNo=12424823,matched,ok,"Lv.99 흑염의 프린세스 (총 53화/미완결)
평점
10.0 | YDR,린지 먼주 | 2026.08.16. | 총53화/미완결 | 47화 무료
비밀에 싸인 언노운 게이트에서 실종됐던 1세대 헌터 차은하가 돌아온다. 새까만 드레스와 양산을 든 그녀는 동료를 구하고 게이트 안에 남아야만 했다. 몬스터를 해치우며 생존해온 차은하 앞에 우연히 나타난 인간. 그리고 ..",mon,1,mon,1,sun,mon,True,mon,월,sun,mon,12424823_mon,post_24h,어제 밤 10시 공개 이후 증가분 확인용 수집,71.2만,712000.0,https://series.naver.com/comic/detail.series?productNo=12424823,20260817_165834,mon,월,2026-08-17 16:58:34,2026-08-17,16:58:34,2026-08-17 17:09:45,2026-08-17 17:09:47,2.4,2026-08-17 17:09:47,2026-08-17,17:09:47,2026-08-17 17:15:09,995.3,True,20260809_165750,2026-08-09 17:00:53,69.3만,693000.0,19000.0,0.027417027417027416,2026-08-17 17:09:47
mon,92,지유지요,용현동,838532,https://comic.naver.com/webtoon/list?titleId=838532&tab=mon,12517955,지유지요,지유지요 (총 70화/미완결),총 70화/미완결,70.0,미완결,용현동,평점 9.7 | 용현동 | 2026.08.16. | 총70화/미완결 | 67화 무료,https://series.naver.com/comic/detail.series?productNo=12517955,matched,ok,"지유지요 (총 70화/미완결)
평점
9.7 | 용현동 | 2026.08.16. | 총70화/미완결 | 67화 무료
평범하게 살고 싶은 소심한 여고생 지유는 이사 첫 날, 옥상에서 뛰어내리려는 소꿉친구 도경을 구하게 된다.학폭 피해자였던 도경과 함께, 뜻밖의 고등학교 생존기를 시작한다.",mon,1,mon,1,sun,mon,True,mon,월,sun,mon,12517955_mon,post_24h,어제 밤 10시 공개 이후 증가분 확인용 수집,31.5만,315000.0,https://series.naver.com/comic/detail.series?productNo=12517955,20260817_165834,mon,월,2026-08-17 16:58:34,2026-08-17,16:58:34,2026-08-17 17:09:49,2026-08-17 17:09:51,2.45,2026-08-17 17:09:51,2026-08-17,17:09:51,2026-08-17 17:15:09,995.3,True,20260809_165750,2026-08-09 17:00:56,31.3만,313000.0,2000.0,0.006389776357827476,2026-08-17 17:09:51
mon,88,불완전한 이혼의 결말,진원,838556,https://comic.naver.com/webtoon/list?titleId=838556&tab=mon,12520604,불완전한 이혼의 결말,불완전한 이혼의 결말 (총 75화/미완결),총 75화/미완결,75.0,미완결,"라솔레, 진원 가은","평점 9.9 | 라솔레, 진원 가은 | 2026.08.16. | 총75화/미완결 | 70화 무료",https://series.naver.com/comic/detail.series?productNo=12520604,matched,ok,"불완전한 이혼의 결말 (총 75화/미완결)
평점
9.9 | 라솔레, 진원 가은 | 2026.08.16. | 총75화/미완결 | 70화 무료
언제나 자신의 사랑만을 갈구하던 여자,올리비아 블란쳇이 이혼을 입에 올릴 때 요한은 조소했다. 이 무슨 고리타분한 수법이신지. “지금… 뭐라고 했지?”“이혼이요. 이혼해요, 우리.” 아내가 그레이트힐을 떠나갈 때까지..",mon,1,mon,1,sun,mon,True,mon,월,sun,mon,12520604_mon,post_24h,어제 밤 10시 공개 이후 증가분 확인용 수집,88.2만,882000.0,https://series.naver.com/comic/detail.series?productNo=12520604,20260817_165834,mon,월,2026-08-17 16:58:34,2026-08-17,16:58:34,2026-08-17 17:09:53,2026-08-17 17:09:55,2.03,2026-08-17 17:09:55,2026-08-17,17:09:55,2026-08-17 17:15:09,995.3,True,20260809_165750,2026-08-09 17:01:01,86.8만,868000.0,14000.0,0.016129032258064516,2026-08-17 17:09:55
mon,51,해피 페이스,이저녁,838569,https://comic.naver.com/webtoon/list?titleId=838569&tab=mon,12529878,해피 페이스,해피 페이스 (총 63화/미완결),총 63화/미완결,63.0,미완결,,,https://series.naver.com/comic/detail.series?productNo=12529878,matched,ok,"해피 페이스 (총 63화/미완결)
평점
9.9 | 이저녁 이저녁 | 2026.06.07. | 총63화/미완결 | 58화 무료
투기장에서 노예로 자란 해피는 괴물 같은 실력으로 생존해왔다.투기장 주인이 사형되는 사건이 생기며 해방된 해피는새로운 가족과 친구들을 만나며 조금씩 사회를 배워간다.하지만 세상은 해피에게 싸움을 멈출 기회를 주지..",mon,1,mon,1,sun,mon,True,mon,월,sun,mon,12529878_mon,post_24h,어제 밤 10시 공개 이후 증가분 확인용 수집,161.1만,1611000.0,https://series.naver.com/comic/detail.series?productNo=12529878,20260817_165834,mon,월,2026-08-17 16:58:34,2026-08-17,16:58:34,2026-08-17 17:09:56,2026-08-17 17:09:59,2.44,2026-08-17 17:09:59,2026-08-17,17:09:59,2026-08-17 17:15:09,995.3,True,20260816_163946,2026-08-16 16:42:12,160.6만,1606000.0,5000.0,0.00311332503113325,2026-08-17 17:09:59
mon,96,너의 완두콩을 먹고 싶어!,니소라스,839082,https://comic.naver.com/webtoon/list?titleId=839082&tab=mon,12585823,너의 완두콩을 먹고 싶어!,너의 완두콩을 먹고 싶어! (총 67화/미완결),총 67화/미완결,67.0,미완결,니소라스 박건영,평점 9.9 | 니소라스 박건영 | 2026.08.09. | 총67화/미완결 | 64화 무료,https://series.naver.com/comic/detail.series?productNo=12585823,matched,ok,"너의 완두콩을 먹고 싶어! (총 67화/미완결)
평점
9.9 | 니소라스 박건영 | 2026.08.09. | 총67화/미완결 | 64화 무료
평범한 여학생 ‘옥수연’은 정수리 머리카락이 위로 솟아있는 게 콤플렉스다.어느 날 전학생이 왔는데...완두콩 혼혈이라고?!근데 뭐? 나도 채소인간이라고?!",mon,1,mon,1,sun,mon,True,mon,월,sun,mon,12585823_mon,post_24h,어제 밤 10시 공개 이후 증가분 확인용 수집,21.7만,217000.0,https://series.naver.com/comic/detail.series?productNo=12585823,20260817_165834,mon,월,2026-08-17 16:58:34,2026-08-17,16:58:34,2026-08-17 17:10:00,2026-08-17 17:10:02,2.34,2026-08-17 17:10:02,2026-08-17,17:10:02,2026-08-17 17:15:09,995.3,True,20260809_165750,2026-08-09 17:01:07,21.4만,214000.0,3000.0,0.014018691588785047,2026-08-17 17:10:02
mon,110,슬로우 다이브,고다,839087,https://comic.naver.com/webtoon/list?titleId=839087&tab=mon,12587134,슬로우 다이브,슬로우 다이브 (총 70화/미완결),총 70화/미완결,70.0,미완결,고다 고다,평점 10.0 | 고다 고다 | 2026.08.16. | 총70화/미완결 | 65화 무료,https://series.naver.com/comic/detail.series?productNo=12587134,matched,ok,"슬로우 다이브 (총 70화/미완결)
평점
10.0 | 고다 고다 | 2026.08.16. | 총70화/미완결 | 65화 무료
“걘 나 없으면 안 돼.”언제나 내 뒤에만 서던 녀석이, 지금은 당당히 내 앞에 서서 모두의 갈채를 받는 다이빙 선수가 되었다.이게 다 누구 때문인데?그놈의 다이빙, 점프 한 번에 울고 웃고.애환 가득 친구들의 핑그르르 청춘..",mon,1,mon,1,sun,mon,True,mon,월,sun,mon,12587134_mon,post_24h,어제 밤 10시 공개 이후 증가분 확인용 수집,6.6만,66000.0,https://series.naver.com/comic/detail.series?productNo=12587134,20260817_165834,mon,월,2026-08-17 16:58:34,2026-08-17,16:58:34,2026-08-17 17:10:03,2026-08-17 17:10:06,2.62,2026-08-17 17:10:06,2026-08-17,17:10:06,2026-08-17 17:15:09,995.3,True,20260809_165750,2026-08-09 17:01:11,6.5만,65000.0,1000.0,0.015384615384615385,2026-08-17 17:10:06
mon,60,돌아온 여름에게,청푸,839539,https://comic.naver.com/webtoon/list?titleId=839539&tab=mon,12662763,돌아온 여름에게,돌아온 여름에게 (총 57화/미완결),총 57화/미완결,57.0,미완결,,,https://series.naver.com/comic/detail.series?productNo=12662763,matched,ok,"돌아온 여름에게 (총 57화/미완결)
평점
9.9 | 청푸 9주영 | 2026.06.07. | 총57화/미완결 | 52화 무료
제자였던 전남친이 신입사원이 되어 나타났다.뜨겁게 사랑하고 차갑게 헤어졌던 전남친이자 첫 제자 한여름.떠올리고 싶지조차 않았던 그 남자를 회사에서 마주쳤다.""이전처럼 다정하게 대해 주시면 더 좋을 것 같은데."" 그저 ..",mon,1,mon,1,sun,mon,True,mon,월,sun,mon,12662763_mon,post_24h,어제 밤 10시 공개 이후 증가분 확인용 수집,86.1만,861000.0,https://series.naver.com/comic/detail.series?productNo=12662763,20260817_165834,mon,월,2026-08-17 16:58:34,2026-08-17,16:58:34,2026-08-17 17:10:08,2026-08-17 17:10:10,2.34,2026-08-17 17:10:10,2026-08-17,17:10:10,2026-08-17 17:15:09,995.3,True,20260816_163946,2026-08-16 16:42:15,85.9만,859000.0,2000.0,0.002328288707799767,2026-08-17 17:10:10
mon,4,샤MONEY즘,나락,840014,https://comic.naver.com/webtoon/list?titleId=840014&tab=mon,12731193,샤MONEY즘,샤MONEY즘 (총 59화/미완결),총 59화/미완결,59.0,미완결,나락 영기,평점 10.0 | 나락 영기 | 2026.07.19. | 총59화/미완결 | 55화 무료,https://series.naver.com/comic/detail.series?productNo=12731193,matched,ok,"샤MONEY즘 (총 59화/미완결)
평점
10.0 | 나락 영기 | 2026.07.19. | 총59화/미완결 | 55화 무료
“진짜 일류 무당은 여의도에서 논다.” 주가의 오르내림을 예측하는 것만으로 수십, 수백 억을 벌 수 있는 여의도의 투자사들은 신통력이 있는 무당들을 고용했고, 그것은 여의도를 일류 무당들의 무대로 만들었다. 가난한 소..",mon,1,mon,1,sun,mon,True,mon,월,sun,mon,12731193_mon,post_24h,어제 밤 10시 공개 이후 증가분 확인용 수집,"1,046만",10460000.0,https://series.naver.com/comic/detail.series?productNo=12731193,20260817_165834,mon,월,2026-08-17 16:58:34,2026-08-17,16:58:34,2026-08-17 17:10:12,2026-08-17 17:10:14,2.23,2026-08-17 17:10:14,2026-08-17,17:10:14,2026-08-17 17:15:09,995.3,True,20260816_163946,2026-08-16 16:42:19,"1,041만",10410000.0,50000.0,0.004803073967339097,2026-08-17 17:10:14
mon,23,다정한 침입자,이니,840839,https://comic.naver.com/webtoon/list?titleId=840839&tab=mon,12891387,다정한 침입자,다정한 침입자 (총 52화/미완결),총 52화/미완결,52.0,미완결,,,https://series.naver.com/comic/detail.series?productNo=12891387,matched,ok,"다정한 침입자 (총 52화/미완결)
평점
9.9 | 이니 정유한 | 2026.06.07. | 총52화/미완결 | 47화 무료
""우리가 이성으로 보일 확률? 절대 없지.""어린 시절 사고로 가족을 잃고 한치오 가족의 보살핌 속에 자란 정이한.커갈수록 어색함만 쌓여갔던 옆집 오빠와의 동거가 시작되는데...꼭꼭 숨겨둔 마음에 자꾸만 침입하는 서로의 관..",mon,1,mon,1,sun,mon,True,mon,월,sun,mon,12891387_mon,post_24h,어제 밤 10시 공개 이후 증가분 확인용 수집,473.8만,4738000.0,https://series.naver.com/comic/detail.series?productNo=12891387,20260817_165834,mon,월,2026-08-17 16:58:34,2026-08-17,16:58:34,2026-08-17 17:10:15,2026-08-17 17:10:17,2.06,2026-08-17 17:10:17,2026-08-17,17:10:17,2026-08-17 17:15:09,995.3,True,20260816_163946,2026-08-16 16:42:23,472.6만,4726000.0,12000.0,0.0025391451544646637,2026-08-17 17:10:17
mon,62,남4친,올챙구리,841069,https://comic.naver.com/webtoon/list?titleId=841069&tab=mon,12922538,남4친,남4친 (총 49화/미완결),총 49화/미완결,49.0,미완결,,,https://series.naver.com/comic/detail.series?productNo=12922538,matched,ok,"남4친 (총 49화/미완결)
평점
10.0 | 올챙구리 올챙구리 | 2026.06.07. | 총49화/미완결 | 44화 무료
내성적인 오타쿠 소녀 양지인.혼자 있는 건 익숙하지만… 외롭지 않은 건 아니다.그런 그녀의 곁에 네 명의 '남사친'이 나타나고,지인의 평온했던 일상은 흔들리기 시작한다.남사친도… 진짜 친구가 될 수 있을까?",mon,1,mon,1,sun,mon,True,mon,월,sun,mon,12922538_mon,post_24h,어제 밤 10시 공개 이후 증가분 확인용 수집,55.9만,559000.0,https://series.naver.com/comic/detail.series?productNo=12922538,20260817_165834,mon,월,2026-08-17 16:58:34,2026-08-17,16:58:34,2026-08-17 17:10:19,2026-08-17 17:10:21,2.53,2026-08-17 17:10:21,2026-08-17,17:10:21,2026-08-17 17:15:09,995.3,True,20260816_163946,2026-08-16 16:42:30,55.8만,558000.0,1000.0,0.0017921146953405018,2026-08-17 17:10:21
mon,28,대공비가 체질입니다,LICO,841126,https://comic.naver.com/webtoon/list?titleId=841126&tab=mon,12938361,대공비가 체질입니다,대공비가 체질입니다 (총 51화/미완결),총 51화/미완결,51.0,미완결,,,https://series.naver.com/comic/detail.series?productNo=12938361,matched,ok,"대공비가 체질입니다 (총 51화/미완결)
평점
10.0 | LICO, 레치모나 챰이 | 2026.06.07. | 총51화/미완결 | 46화 무료
1년 후, 처형당할 소설 속 악녀에 빙의한 아네트.어떻게든 살기 위해 저주받은 북부 대공과 계약 결혼을 한다.그런데...“오늘 밤도 안아주시면 안 됩니까?”손만 닿아도 질색하던 남편이 요망해졌다!게다가!“북부, 제국 최고의..",mon,1,mon,1,sun,mon,True,mon,월,sun,mon,12938361_mon,post_24h,어제 밤 10시 공개 이후 증가분 확인용 수집,244.9만,2449000.0,https://series.naver.com/comic/detail.series?productNo=12938361,20260817_165834,mon,월,2026-08-17 16:58:34,2026-08-17,16:58:34,2026-08-17 17:10:23,2026-08-17 17:10:25,1.96,2026-08-17 17:10:25,2026-08-17,17:10:25,2026-08-17 17:15:09,995.3,True,20260816_163946,2026-08-16 16:42:35,244.2만,2442000.0,7000.0,0.0028665028665028664,2026-08-17 17:10:25
mon,105,비터사이드 크렌베리스,챠콜,841755,https://comic.naver.com/webtoon/list?titleId=841755&tab=mon,13006704,비터사이드 크렌베리스,비터사이드 크렌베리스 (총 56화/미완결),총 56화/미완결,56.0,미완결,챠콜 챠콜,평점 10.0 | 챠콜 챠콜 | 2026.08.16. | 총56화/미완결 | 51화 무료,https://series.naver.com/comic/detail.series?productNo=13006704,matched,ok,"비터사이드 크렌베리스 (총 56화/미완결)
평점
10.0 | 챠콜 챠콜 | 2026.08.16. | 총56화/미완결 | 51화 무료
너는 내가 사랑했던 모든 것이었다.붉고, 씁쓸하고, 때로는 달콤한. 비터사이드 크렌베리스.",mon,1,mon,1,sun,mon,True,mon,월,sun,mon,13006704_mon,post_24h,어제 밤 10시 공개 이후 증가분 확인용 수집,11.1만,111000.0,https://series.naver.com/comic/detail.series?productNo=13006704,20260817_165834,mon,월,2026-08-17 16:58:34,2026-08-17,16:58:34,2026-08-17 17:10:26,2026-08-17 17:10:28,1.91,2026-08-17 17:10:28,2026-08-17,17:10:28,2026-08-17 17:15:09,995.3,True,20260809_165750,2026-08-09 17:01:35,10.9만,109000.0,2000.0,0.01834862385321101,2026-08-17 17:10:28
mon,69,오늘은 뭐하고 놀까?,햄김밥,842116,https://comic.naver.com/webtoon/list?titleId=842116&tab=mon,13041640,오늘은 뭐하고 놀까?,오늘은 뭐하고 놀까? (총 89화/미완결),총 89화/미완결,89.0,미완결,,,https://series.naver.com/comic/detail.series?productNo=13041640,matched,ok,"오늘은 뭐하고 놀까? (총 89화/미완결)
평점
10.0 | 햄김밥 | 2026.06.07. | 총89화/미완결 | 84화 무료
게임을 좋아하는 원숭이 ‘햄김밥’의 징글 귀염 게이머 공감 일상 개그툰! 오늘은 뭐하고 놀까?","mon,wed",2,"mon,wed",2,"sun,tue","mon,wed",True,mon,월,sun,mon,13041640_mon,post_24h,어제 밤 10시 공개 이후 증가분 확인용 수집,3.6만,36000.0,https://series.naver.com/comic/detail.series?productNo=13041640,20260817_165834,mon,월,2026-08-17 16:58:34,2026-08-17,16:58:34,2026-08-17 17:10:30,2026-08-17 17:10:33,2.64,2026-08-17 17:10:33,2026-08-17,17:10:33,2026-08-17 17:15:09,995.3,True,20260816_163946,2026-08-16 16:42:38,3.6만,36000.0,0.0,0.0,2026-08-17 17:10:33
mon,111,좋아하면 닮는댔어,문주,842184,https://comic.naver.com/webtoon/list?titleId=842184&tab=mon,13050153,좋아하면 닮는댔어,좋아하면 닮는댔어 (총 55화/미완결),총 55화/미완결,55.0,미완결,문주 문주,평점 10.0 | 문주 문주 | 2026.08.16. | 총55화/미완결 | 50화 무료,https://series.naver.com/comic/detail.series?productNo=13050153,matched,ok,"좋아하면 닮는댔어 (총 55화/미완결)
평점
10.0 | 문주 문주 | 2026.08.16. | 총55화/미완결 | 50화 무료
sns에 중독된 채 편한 인생만을 추구하며 살아오던 인플루언서 방모아.어느 날 고독한 힙스터(?) 수석 미대생 이 단에게 마음을 빼앗긴다.'네 예술 세계를 감당하기엔 내가 너무 평범해? 그럼 나도 평범에서 벗어나면 되지!'짝..",mon,1,mon,1,sun,mon,True,mon,월,sun,mon,13050153_mon,post_24h,어제 밤 10시 공개 이후 증가분 확인용 수집,5.2만,52000.0,https://series.naver.com/comic/detail.series?productNo=13050153,20260817_165834,mon,월,2026-08-17 16:58:34,2026-08-17,16:58:34,2026-08-17 17:10:34,2026-08-17 17:10:37,2.71,2026-08-17 17:10:37,2026-08-17,17:10:37,2026-08-17 17:15:09,995.3,True,20260809_165750,2026-08-09 17:01:42,5.1만,51000.0,1000.0,0.0196078431372549,2026-08-17 17:10:37
mon,107,웅녀님이 보우하사,영파카,842322,https://comic.naver.com/webtoon/list?titleId=842322&tab=mon,13065184,웅녀님이 보우하사,웅녀님이 보우하사 (총 56화/미완결),총 56화/미완결,56.0,미완결,영파카 영파카,평점 6.7 | 영파카 영파카 | 2026.08.16. | 총56화/미완결 | 51화 무료,https://series.naver.com/comic/detail.series?productNo=13065184,matched,ok,"웅녀님이 보우하사 (총 56화/미완결)
평점
6.7 | 영파카 영파카 | 2026.08.16. | 총56화/미완결 | 51화 무료
좋아하는 거라곤 곰밖에 없고 할 줄 아는 거라곤 귀신 보는 것 밖에 없던 무직 백수 다보영(24세)은 하여간 먹을 수 있는 거라곤 입에 넣고 보는 게 문제였다. 아무리 그래도 그 작은게 웅녀님의 정령일 줄이야..! 어라? 근데 이..",mon,1,mon,1,sun,mon,True,mon,월,sun,mon,13065184_mon,post_24h,어제 밤 10시 공개 이후 증가분 확인용 수집,2.6만,26000.0,https://series.naver.com/comic/detail.series?productNo=13065184,20260817_165834,mon,월,2026-08-17 16:58:34,2026-08-17,16:58:34,2026-08-17 17:10:39,2026-08-17 17:10:41,2.43,2026-08-17 17:10:41,2026-08-17,17:10:41,2026-08-17 17:15:09,995.3,True,20260809_165750,2026-08-09 17:01:46,2.6만,26000.0,0.0,0.0,2026-08-17 17:10:41
mon,79,어떻게 용사 이름이 아아아아,알그,842370,https://comic.naver.com/webtoon/list?titleId=842370&tab=mon,13070789,어떻게 용사 이름이 아아아아,어떻게 용사 이름이 아아아아 (총 56화/미완결),총 56화/미완결,56.0,미완결,알그 알그,평점 10.0 | 알그 알그 | 2026.08.16. | 총56화/미완결 | 48화 무료,https://series.naver.com/comic/detail.series?productNo=13070789,matched,ok,"어떻게 용사 이름이 아아아아 (총 56화/미완결)
평점
10.0 | 알그 알그 | 2026.08.16. | 총56화/미완결 | 48화 무료
상자와 항아리만 보면 부수고, 남의 집 서랍을 뒤지는 용사에게 평범한 마을주민이 동료로 선택받았다! 과연 이딴 용사가 마왕을 무찌르고 세상을 구할 수 있을까?",mon,1,mon,1,sun,mon,True,mon,월,sun,mon,13070789_mon,post_24h,어제 밤 10시 공개 이후 증가분 확인용 수집,21.7만,217000.0,https://series.naver.com/comic/detail.series?productNo=13070789,20260817_165834,mon,월,2026-08-17 16:58:34,2026-08-17,16:58:34,2026-08-17 17:10:43,2026-08-17 17:10:46,2.88,2026-08-17 17:10:46,2026-08-17,17:10:46,2026-08-17 17:15:09,995.3,True,20260809_165750,2026-08-09 17:01:49,21.3만,213000.0,4000.0,0.018779342723004695,2026-08-17 17:10:46
mon,41,포도가 익기 전에,삼태,843017,https://comic.naver.com/webtoon/list?titleId=843017&tab=mon,13155192,포도가 익기 전에,포도가 익기 전에 (총 44화/미완결),총 44화/미완결,44.0,미완결,삼태 삼태,평점 10.0 | 삼태 삼태 | 2026.06.14. | 총44화/미완결 | 39화 무료,https://series.naver.com/comic/detail.series?productNo=13155192,matched,ok,"포도가 익기 전에 (총 44화/미완결)
평점
10.0 | 삼태 삼태 | 2026.06.14. | 총44화/미완결 | 39화 무료
어릴적 사건으로 수영의 집에 빚을 진 태은의 아버지는 매달 100만원을 수영의 집에 보낸다. 시간이 흘러 성인이 된 두사람은 새로 부임한 팀장과 팀의 막내로 만나게 되고 아슬아슬한 회사 생활을 이어간다.. “팀장님, 저한테..",mon,1,mon,1,sun,mon,True,mon,월,sun,mon,13155192_mon,post_24h,어제 밤 10시 공개 이후 증가분 확인용 수집,230.5만,2305000.0,https://series.naver.com/comic/detail.series?productNo=13155192,20260817_165834,mon,월,2026-08-17 16:58:34,2026-08-17,16:58:34,2026-08-17 17:10:47,2026-08-17 17:10:50,2.48,2026-08-17 17:10:50,2026-08-17,17:10:50,2026-08-17 17:15:09,995.3,True,20260816_163946,2026-08-16 16:42:42,229.5만,2295000.0,10000.0,0.004357298474945534,2026-08-17 17:10:50
mon,76,마왕의 빛나는 별,이잉간,843072,https://comic.naver.com/webtoon/list?titleId=843072&tab=mon,13165762,마왕의 빛나는 별,마왕의 빛나는 별 (총 51화/미완결),총 51화/미완결,51.0,미완결,이잉간,평점 10.0 | 이잉간 | 2026.08.16. | 총51화/미완결 | 47화 무료,https://series.naver.com/comic/detail.series?productNo=13165762,matched,ok,"마왕의 빛나는 별 (총 51화/미완결)
평점
10.0 | 이잉간 | 2026.08.16. | 총51화/미완결 | 47화 무료
성적 중위권의 평범한 마법부 학생 '스텔라' 어느 날 그녀 앞에 악의 군주인 마왕 '고브'가 나타난다. 그런데... ""소원이 있다면 말하라!"" 어째서인지 이 마왕 그녀에게 호의적인 것 같다. 뭔지는 모르겠지만 뭐 말하라니까. ""전교 1..",mon,1,mon,1,sun,mon,True,mon,월,sun,mon,13165762_mon,post_24h,어제 밤 10시 공개 이후 증가분 확인용 수집,26.3만,263000.0,https://series.naver.com/comic/detail.series?productNo=13165762,20260817_165834,mon,월,2026-08-17 16:58:34,2026-08-17,16:58:34,2026-08-17 17:10:51,2026-08-17 17:10:53,1.69,2026-08-17 17:10:53,2026-08-17,17:10:53,2026-08-17 17:15:09,995.3,True,20260809_165750,2026-08-09 17:02:00,25.5만,255000.0,8000.0,0.03137254901960784,2026-08-17 17:10:53
mon,47,강아지별,아음,843129,https://comic.naver.com/webtoon/list?titleId=843129&tab=mon,13177885,강아지별,강아지별 (총 24화/미완결),총 24화/미완결,24.0,미완결,,,https://series.naver.com/comic/detail.series?productNo=13177885,matched,ok,"강아지별 (총 24화/미완결)
평점
10.0 | 아음 | 2026.06.07. | 총24화/미완결 | 19화 무료
사람보다 먼저 떠나게 된 반려견들이 가는 곳, 강아지별. 이곳에선 일 년이 하루와 같다고 한다.그런 강아지 별에 오게 된 아홉 살 토리. 가족들이 없는 낯선 곳에서 토리를 반겨주는 선생님과 친구들.선생님 말씀으로는 백 밤만..",mon,1,mon,1,sun,mon,True,mon,월,sun,mon,13177885_mon,post_24h,어제 밤 10시 공개 이후 증가분 확인용 수집,29.1만,291000.0,https://series.naver.com/comic/detail.series?productNo=13177885,20260817_165834,mon,월,2026-08-17 16:58:34,2026-08-17,16:58:34,2026-08-17 17:10:55,2026-08-17 17:10:57,2.03,2026-08-17 17:10:57,2026-08-17,17:10:57,2026-08-17 17:15:09,995.3,True,20260816_163946,2026-08-16 16:42:46,29만,290000.0,1000.0,0.0034482758620689655,2026-08-17 17:10:57
mon,38,장편단편선,기주주,843310,https://comic.naver.com/webtoon/list?titleId=843310&tab=mon,13223209,장편단편선,장편단편선 (총 39화/미완결),총 39화/미완결,39.0,미완결,,,https://series.naver.com/comic/detail.series?productNo=13223209,matched,ok,"장편단편선 (총 39화/미완결)
평점
10.0 | 기주주 기주주 | 2026.06.07. | 총39화/미완결 | 35화 무료
장편의 감상이 느껴지는 다양한 장르의 단편 모음집.스릴러와 개그, 드라마와 로맨스 등 장르를 넘나드는 다양한 단편을 한 번에 즐겨보세요.",mon,1,mon,1,sun,mon,True,mon,월,sun,mon,13223209_mon,post_24h,어제 밤 10시 공개 이후 증가분 확인용 수집,130.4만,1304000.0,https://series.naver.com/comic/detail.series?productNo=13223209,20260817_165834,mon,월,2026-08-17 16:58:34,2026-08-17,16:58:34,2026-08-17 17:10:58,2026-08-17 17:11:01,2.56,2026-08-17 17:11:01,2026-08-17,17:11:01,2026-08-17 17:15:09,995.3,True,20260816_163946,2026-08-16 16:42:49,129.9만,1299000.0,5000.0,0.003849114703618168,2026-08-17 17:11:01
mon,57,첩보원 악어새,배가봉,843425,https://comic.naver.com/webtoon/list?titleId=843425&tab=mon,13230589,첩보원 악어새,첩보원 악어새 (총 39화/미완결),총 39화/미완결,39.0,미완결,,,https://series.naver.com/comic/detail.series?productNo=13230589,matched,ok,"첩보원 악어새 (총 39화/미완결)
평점
9.9 | 배가봉 배가봉 | 2026.06.07. | 총39화/미완결 | 34화 무료
베일에 싸인 조직,국정원 산하 민간 첩보기관 ‘악어’.그곳에서 활동하는 프리랜서 첩보원, ‘코드네임 악어새’.아버지를 죽이고 조직을 집어삼키려는 국정원에 맞서 싸워라!",mon,1,mon,1,sun,mon,True,mon,월,sun,mon,13230589_mon,post_24h,어제 밤 10시 공개 이후 증가분 확인용 수집,25.6만,256000.0,https://series.naver.com/comic/detail.series?productNo=13230589,20260817_165834,mon,월,2026-08-17 16:58:34,2026-08-17,16:58:34,2026-08-17 17:11:02,2026-08-17 17:11:04,2.35,2026-08-17 17:11:04,2026-08-17,17:11:04,2026-08-17 17:15:09,995.3,True,20260816_163946,2026-08-16 16:42:53,25.5만,255000.0,1000.0,0.00392156862745098,2026-08-17 17:11:04
mon,84,아가씨는 못말려,김연우,843869,https://comic.naver.com/webtoon/list?titleId=843869&tab=mon,13262427,아가씨는 못말려,아가씨는 못말려 (총 70화/미완결),총 70화/미완결,70.0,미완결,,,https://series.naver.com/comic/detail.series?productNo=13262427,matched,ok,"아가씨는 못말려 (총 70화/미완결)
평점
10.0 | 김연우 김연우 | 2026.06.07. | 총70화/미완결 | 65화 무료
짝사랑 중인 같은 반 남학생이 알고 보니 집사 카페 집사?!그의 마음을 얻기 위한 방고운의 당도 999%의 디저트와 고군분투! 달콤한 디저트와 풋풋한 사랑이 어우러진 로맨틱 코미디","mon,wed",2,"mon,wed",2,"sun,tue","mon,wed",True,mon,월,sun,mon,13262427_mon,post_24h,어제 밤 10시 공개 이후 증가분 확인용 수집,17.5만,175000.0,https://series.naver.com/comic/detail.series?productNo=13262427,20260817_165834,mon,월,2026-08-17 16:58:34,2026-08-17,16:58:34,2026-08-17 17:11:05,2026-08-17 17:11:08,2.59,2026-08-17 17:11:08,2026-08-17,17:11:08,2026-08-17 17:15:09,995.3,True,20260816_163946,2026-08-16 16:42:56,17.5만,175000.0,0.0,0.0,2026-08-17 17:11:08
mon,1,신체,,844058,https://comic.naver.com/webtoon/list?titleId=844058&tab=mon,13285897,19금 신체,19금 신체 (총 44화/미완결),총 44화/미완결,44.0,미완결,엄세윤 정썸머,평점 9.8 | 엄세윤 정썸머 | 2026.07.26. | 총44화/미완결 | 39화 무료,https://series.naver.com/comic/detail.series?productNo=13285897,review_needed,not_found,"19금 신체 (총 44화/미완결)
평점
9.8 | 엄세윤 정썸머 | 2026.07.26. | 총44화/미완결 | 39화 무료",mon,1,mon,1,sun,mon,True,mon,월,sun,mon,13285897_mon,post_24h,어제 밤 10시 공개 이후 증가분 확인용 수집,,,https://nid.naver.com/nidlogin.login?svctype=128&a_version=2&viewtype=1&url=http%3A%2F%2Fseries.naver.com%2Fcomic%2Fdetail.series%3FproductNo%3D13285897&surl=https%3A%2F%2Fseries.naver.com,20260817_165834,mon,월,2026-08-17 16:58:34,2026-08-17,16:58:34,2026-08-17 17:11:09,2026-08-17 17:11:24,15.51,2026-08-17 17:11:24,2026-08-17,17:11:24,2026-08-17 17:15:09,995.3,True,20260816_163946,2026-08-16 16:43:15,,,,,2026-08-17 17:11:24
mon,93,코너트 성 집사로 살아남기,LICO,844064,https://comic.naver.com/webtoon/list?titleId=844064&tab=mon,13285923,코너트 성 집사로 살아남기,코너트 성 집사로 살아남기 (총 48화/미완결),총 48화/미완결,48.0,미완결,"LICO, 호라담 롱토피아","평점 10.0 | LICO, 호라담 롱토피아 | 2026.08.16. | 총48화/미완결 | 43화 무료",https://series.naver.com/comic/detail.series?productNo=13285923,matched,ok,"코너트 성 집사로 살아남기 (총 48화/미완결)
평점
10.0 | LICO, 호라담 롱토피아 | 2026.08.16. | 총48화/미완결 | 43화 무료
사촌에게 작위를 빼앗기고,못생긴 중년의 벼락귀족에게 팔릴 위기에 처한 브리엔느.남장까지 하고 도망쳤는데, 하필 취업난이 심각하다.겨우 찾은 일자리라곤 흉악하기로 소문난 코너트 공작저의 집사 자리뿐!“주급이 무려 2..",mon,1,mon,1,sun,mon,True,mon,월,sun,mon,13285923_mon,post_24h,어제 밤 10시 공개 이후 증가분 확인용 수집,27.7만,277000.0,https://series.naver.com/comic/detail.series?productNo=13285923,20260817_165834,mon,월,2026-08-17 16:58:34,2026-08-17,16:58:34,2026-08-17 17:11:25,2026-08-17 17:11:28,3.03,2026-08-17 17:11:28,2026-08-17,17:11:28,2026-08-17 17:15:09,995.3,True,20260809_165750,2026-08-09 17:02:39,27만,270000.0,7000.0,0.025925925925925925,2026-08-17 17:11:28
mon,65,나의 다정에게,쏘림,844388,https://comic.naver.com/webtoon/list?titleId=844388&tab=mon,13337769,나의 다정에게,나의 다정에게 (총 35화/미완결),총 35화/미완결,35.0,미완결,,,https://series.naver.com/comic/detail.series?productNo=13337769,matched,ok,"나의 다정에게 (총 35화/미완결)
평점
9.9 | 쏘림 | 2026.06.07. | 총35화/미완결 | 30화 무료
1년 만에 다시 돌아오게 된 학교. 즐거운 일만 있을 거라 생각한 복학 첫날, 친동생과 같은 반이 되는 기적의 상황이 펼쳐지더니 급기야 창피한 모습을 외간 남자에게 들키고 마는데..!근데 그 남자가 하필 서진영이라고?! ..",mon,1,mon,1,sun,mon,True,mon,월,sun,mon,13337769_mon,post_24h,어제 밤 10시 공개 이후 증가분 확인용 수집,77.2만,772000.0,https://series.naver.com/comic/detail.series?productNo=13337769,20260817_165834,mon,월,2026-08-17 16:58:34,2026-08-17,16:58:34,2026-08-17 17:11:29,2026-08-17 17:11:31,1.95,2026-08-17 17:11:31,2026-08-17,17:11:31,2026-08-17 17:15:09,995.3,True,20260816_163946,2026-08-16 16:43:20,76.9만,769000.0,3000.0,0.0039011703511053317,2026-08-17 17:11:31
mon,53,나의 연애 참견자,꿀삼,844840,https://comic.naver.com/webtoon/list?titleId=844840&tab=mon,13389458,나의 연애 참견자,나의 연애 참견자 (총 34화/미완결),총 34화/미완결,34.0,미완결,,,https://series.naver.com/comic/detail.series?productNo=13389458,matched,ok,"나의 연애 참견자 (총 34화/미완결)
평점
10.0 | 꿀삼 꿀삼 | 2026.06.07. | 총34화/미완결 | 29화 무료
행복함만이 가득할 것 같았던 첫 연애.그러나 내 남자친구는 ""여자사람친구""를 좋아하는 것 같다..답답한 마음에 사용해 본 AI연애상담어플 '참견이'근데 나보고 호구라고? 이거 AI 맞아?",mon,1,mon,1,sun,mon,True,mon,월,sun,mon,13389458_mon,post_24h,어제 밤 10시 공개 이후 증가분 확인용 수집,118.3만,1183000.0,https://series.naver.com/comic/detail.series?productNo=13389458,20260817_165834,mon,월,2026-08-17 16:58:34,2026-08-17,16:58:34,2026-08-17 17:11:33,2026-08-17 17:11:35,2.33,2026-08-17 17:11:35,2026-08-17,17:11:35,2026-08-17 17:15:09,995.3,True,20260816_163946,2026-08-16 16:43:23,117.8만,1178000.0,5000.0,0.004244482173174873,2026-08-17 17:11:35
mon,94,머저리 M수생,규정,845214,https://comic.naver.com/webtoon/list?titleId=845214&tab=mon,13445257,머저리 M수생,머저리 M수생 (총 44화/미완결),총 44화/미완결,44.0,미완결,규정 규정,평점 9.5 | 규정 규정 | 2026.08.16. | 총44화/미완결 | 37화 무료,https://series.naver.com/comic/detail.series?productNo=13445257,matched,ok,"머저리 M수생 (총 44화/미완결)
평점
9.5 | 규정 규정 | 2026.08.16. | 총44화/미완결 | 37화 무료
사교육비 월 400, 여친 있음, 친구 많음.성적도 곧이곧대로 '남들보다'는 높은 편.그렇기에 꿈도 높게 가지는 천재범은 현세 의대를 꿈꾸며 입시를 준비 중이었다.하지만 예상과 달리 수능을 망쳐 여자 친구와 재수하게 되었다...",mon,1,mon,1,sun,mon,True,mon,월,sun,mon,13445257_mon,post_24h,어제 밤 10시 공개 이후 증가분 확인용 수집,43.9만,439000.0,https://series.naver.com/comic/detail.series?productNo=13445257,20260817_165834,mon,월,2026-08-17 16:58:34,2026-08-17,16:58:34,2026-08-17 17:11:36,2026-08-17 17:11:38,1.98,2026-08-17 17:11:38,2026-08-17,17:11:38,2026-08-17 17:15:09,995.3,True,20260809_165750,2026-08-09 17:02:50,40.8만,408000.0,31000.0,0.07598039215686274,2026-08-17 17:11:38
mon,12,먹는 인생2,홍끼,845271,https://comic.naver.com/webtoon/list?titleId=845271&tab=mon,13455875,먹는 인생2,먹는 인생2 (총 58화/미완결),총 58화/미완결,58.0,미완결,,,https://series.naver.com/comic/detail.series?productNo=13455875,matched,ok,"먹는 인생2 (총 58화/미완결)
평점
9.8 | 홍끼 홍끼 | 2026.06.07. | 총58화/미완결 | 53화 무료
행복한 일상에는 맛있는 음식이 빠질 수 없지!맛있는 음식을 탐험하며 이어지는 일상 이야기","mon,thu",2,"mon,thu",2,"sun,wed","mon,thu",True,mon,월,sun,mon,13455875_mon,post_24h,어제 밤 10시 공개 이후 증가분 확인용 수집,27.1만,271000.0,https://series.naver.com/comic/detail.series?productNo=13455875,20260817_165834,mon,월,2026-08-17 16:58:34,2026-08-17,16:58:34,2026-08-17 17:11:40,2026-08-17 17:11:42,2.56,2026-08-17 17:11:42,2026-08-17,17:11:42,2026-08-17 17:15:09,995.3,True,20260816_163946,2026-08-16 16:43:26,27만,270000.0,1000.0,0.003703703703703704,2026-08-17 17:11:42
mon,91,네 앞에서만 부끄러운 나는,김현아,845496,https://comic.naver.com/webtoon/list?titleId=845496&tab=mon,13485614,네 앞에서만 부끄러운 나는,네 앞에서만 부끄러운 나는 (총 42화/미완결),총 42화/미완결,42.0,미완결,김현아 김현아,평점 10.0 | 김현아 김현아 | 2026.08.16. | 총42화/미완결 | 37화 무료,https://series.naver.com/comic/detail.series?productNo=13485614,matched,ok,"네 앞에서만 부끄러운 나는 (총 42화/미완결)
평점
10.0 | 김현아 김현아 | 2026.08.16. | 총42화/미완결 | 37화 무료
섬에서 자란 소녀 은단아, 처음으로 보낼 학교 생활을 기대하며 써온 버킷리스트를 잃어버린다.그 수첩을 찾아준 건 천세화라는 어쩐지 비밀스러운 같은반 남자아이.단아는 그런 세화에게 호감을 표하며 다가가지만 세화는 그..",mon,1,mon,1,sun,mon,True,mon,월,sun,mon,13485614_mon,post_24h,어제 밤 10시 공개 이후 증가분 확인용 수집,29.9만,299000.0,https://series.naver.com/comic/detail.series?productNo=13485614,20260817_165834,mon,월,2026-08-17 16:58:34,2026-08-17,16:58:34,2026-08-17 17:11:44,2026-08-17 17:11:46,2.33,2026-08-17 17:11:46,2026-08-17,17:11:46,2026-08-17 17:15:09,995.3,True,20260809_165750,2026-08-09 17:02:57,29.1만,291000.0,8000.0,0.027491408934707903,2026-08-17 17:11:46
mon,35,빌런의 순정,수민,845531,https://comic.naver.com/webtoon/list?titleId=845531&tab=mon,13483817,빌런의 순정,빌런의 순정 (총 31화/미완결),총 31화/미완결,31.0,미완결,,,https://series.naver.com/comic/detail.series?productNo=13483817,matched,ok,"빌런의 순정 (총 31화/미완결)
평점
10.0 | 수민, 로즈빈 수민 | 2026.06.07. | 총31화/미완결 | 25화 무료
비서인 연우는 부사장 윤석의 가스라이팅과 괴롭힘에고향인 목산군으로 도망간다.그곳에서 설양 건설의 전무 성헌을 만나게 되고,얼음장 같던 성헌의 마음은따스한 봄과 닮은 연우에게 녹아 스며든다.한편 윤석은 연우를 찾으..",mon,1,mon,1,sun,mon,True,mon,월,sun,mon,13483817_mon,post_24h,어제 밤 10시 공개 이후 증가분 확인용 수집,258.5만,2585000.0,https://series.naver.com/comic/detail.series?productNo=13483817,20260817_165834,mon,월,2026-08-17 16:58:34,2026-08-17,16:58:34,2026-08-17 17:11:47,2026-08-17 17:11:49,2.43,2026-08-17 17:11:49,2026-08-17,17:11:49,2026-08-17 17:15:09,995.3,True,20260816_163946,2026-08-16 16:43:30,257.5만,2575000.0,10000.0,0.003883495145631068,2026-08-17 17:11:49
mon,49,세상도 구해본 놈이 잘 구한다,오정훈,845832,https://comic.naver.com/webtoon/list?titleId=845832&tab=mon,13522357,세상도 구해본 놈이 잘 구한다,세상도 구해본 놈이 잘 구한다 (총 30화/미완결),총 30화/미완결,30.0,미완결,,,https://series.naver.com/comic/detail.series?productNo=13522357,matched,ok,"세상도 구해본 놈이 잘 구한다 (총 30화/미완결)
평점
9.7 | rororo, 아낙필 영38 | 2026.06.07. | 총30화/미완결 | 25화 무료
이세계를 구했더니, 지구가 더 막장이었다.하지만 걱정 마라. 세상 구해본 놈이, 한 번 더 구한다.",mon,1,mon,1,sun,mon,True,mon,월,sun,mon,13522357_mon,post_24h,어제 밤 10시 공개 이후 증가분 확인용 수집,77.3만,773000.0,https://series.naver.com/comic/detail.series?productNo=13522357,20260817_165834,mon,월,2026-08-17 16:58:34,2026-08-17,16:58:34,2026-08-17 17:11:51,2026-08-17 17:11:53,1.86,2026-08-17 17:11:53,2026-08-17,17:11:53,2026-08-17 17:15:09,995.3,True,20260816_163946,2026-08-16 16:43:33,77.2만,772000.0,1000.0,0.0012953367875647669,2026-08-17 17:11:53
mon,99,최강고,공이,845837,https://comic.naver.com/webtoon/list?titleId=845837&tab=mon,13524964,최강고,최강고 (총 33화/미완결),총 33화/미완결,33.0,미완결,공이 공이,평점 9.9 | 공이 공이 | 2026.07.12. | 총33화/미완결 | 전화 무료,https://series.naver.com/comic/detail.series?productNo=13524964,matched,ok,"최강고 (총 33화/미완결)
평점
9.9 | 공이 공이 | 2026.07.12. | 총33화/미완결 | 전화 무료
뚱뚱하고 작은 키 때문에 중학생 때부터 괴롭힘만 당해온 양덕우.고등학생이 되면서 새로운 삶을 꿈꾼다. 하지만 첫날부터 강자들의 싸움에 휩싸이며, 끌려다니게 되고, 급기야 강현호의 협박에 의해 강제로 짱까지 된다.",mon,1,mon,1,sun,mon,True,mon,월,sun,mon,13524964_mon,post_24h,어제 밤 10시 공개 이후 증가분 확인용 수집,15.9만,159000.0,https://series.naver.com/comic/detail.series?productNo=13524964,20260817_165834,mon,월,2026-08-17 16:58:34,2026-08-17,16:58:34,2026-08-17 17:11:54,2026-08-17 17:11:57,2.6,2026-08-17 17:11:57,2026-08-17,17:11:57,2026-08-17 17:15:09,995.3,True,20260809_165750,2026-08-09 17:03:07,15.9만,159000.0,0.0,0.0,2026-08-17 17:11:57
mon,75,기생번식,바쉬,845885,https://comic.naver.com/webtoon/list?titleId=845885&tab=mon,13536894,기생번식,기생번식 (총 39화/미완결),총 39화/미완결,39.0,미완결,바쉬 바쉬,평점 9.9 | 바쉬 바쉬 | 2026.08.16. | 총39화/미완결 | 34화 무료,https://series.naver.com/comic/detail.series?productNo=13536894,matched,ok,"기생번식 (총 39화/미완결)
평점
9.9 | 바쉬 바쉬 | 2026.08.16. | 총39화/미완결 | 34화 무료
스릴러 대가 <꼬리잡기> 바쉬 작가 신작. 근원을 알 수 없는 기이한 현상을 겪게 된 세 사람. 덕분에 세 사람은 원하던 모든 것을 얻게 되지만… 처음엔 즐거움만 선사하던 그것이 점점 그들의 일상, 그들의 생사까지 좌우하려 ..",mon,1,mon,1,sun,mon,True,mon,월,sun,mon,13536894_mon,post_24h,어제 밤 10시 공개 이후 증가분 확인용 수집,43.4만,434000.0,https://series.naver.com/comic/detail.series?productNo=13536894,20260817_165834,mon,월,2026-08-17 16:58:34,2026-08-17,16:58:34,2026-08-17 17:11:58,2026-08-17 17:12:00,2.27,2026-08-17 17:12:00,2026-08-17,17:12:00,2026-08-17 17:15:09,995.3,True,20260809_165750,2026-08-09 17:03:11,42만,420000.0,14000.0,0.03333333333333333,2026-08-17 17:12:00
mon,27,검 먹는 소드마스터,양명,845918,https://comic.naver.com/webtoon/list?titleId=845918&tab=mon,13493972,검 먹는 소드마스터,검 먹는 소드마스터 (총 32화/미완결),총 32화/미완결,32.0,미완결,,,https://series.naver.com/comic/detail.series?productNo=13493972,matched,ok,"검 먹는 소드마스터 (총 32화/미완결)
평점
9.7 | 진범 양명 | 2026.06.07. | 총32화/미완결 | 26화 무료
영문조차 모른 채 소드마스터에게 모든 것을 잃은 아르한.죽음 같은 절망 속에서, 전설로만 전해지던 선조 리암 카라반이 모습을 드러낸다.리암이 제시한 아르한의 유일한 복수 방법은 바로-“검을 먹고, 그 안에 깃든 힘을 자..",mon,1,mon,1,sun,mon,True,mon,월,sun,mon,13493972_mon,post_24h,어제 밤 10시 공개 이후 증가분 확인용 수집,160.9만,1609000.0,https://series.naver.com/comic/detail.series?productNo=13493972,20260817_165834,mon,월,2026-08-17 16:58:34,2026-08-17,16:58:34,2026-08-17 17:12:02,2026-08-17 17:12:05,2.67,2026-08-17 17:12:05,2026-08-17,17:12:05,2026-08-17 17:15:09,995.3,True,20260816_163946,2026-08-16 16:43:36,159.9만,1599000.0,10000.0,0.006253908692933083,2026-08-17 17:12:05
mon,80,언스탯,쏜,846057,https://comic.naver.com/webtoon/list?titleId=846057&tab=mon,13543561,언스탯,언스탯 (총 35화/미완결),총 35화/미완결,35.0,미완결,쏜 구펜,평점 9.2 | 쏜 구펜 | 2026.08.16. | 총35화/미완결 | 32화 무료,https://series.naver.com/comic/detail.series?productNo=13543561,matched,ok,"언스탯 (총 35화/미완결)
평점
9.2 | 쏜 구펜 | 2026.08.16. | 총35화/미완결 | 32화 무료
이세계로 전송된 무협 최강의 남자 ‘아수라’오직 무력만으로 정점에 선 그는 오직 자신의 손만으로스탯창과 탑을 부수며 플레이어로서의 참가를 거절한다.",mon,1,mon,1,sun,mon,True,mon,월,sun,mon,13543561_mon,post_24h,어제 밤 10시 공개 이후 증가분 확인용 수집,5만,50000.0,https://series.naver.com/comic/detail.series?productNo=13543561,20260817_165834,mon,월,2026-08-17 16:58:34,2026-08-17,16:58:34,2026-08-17 17:12:06,2026-08-17 17:12:08,2.1,2026-08-17 17:12:08,2026-08-17,17:12:08,2026-08-17 17:15:09,995.3,True,20260809_165750,2026-08-09 17:03:19,4.9만,49000.0,1000.0,0.02040816326530612,2026-08-17 17:12:08
mon,83,NPC를 죽였다,무공,846079,https://comic.naver.com/webtoon/list?titleId=846079&tab=mon,13560056,NPC를 죽였다,NPC를 죽였다 (총 36화/미완결),총 36화/미완결,36.0,미완결,무공 무공,평점 10.0 | 무공 무공 | 2026.08.16. | 총36화/미완결 | 31화 무료,https://series.naver.com/comic/detail.series?productNo=13560056,matched,ok,"NPC를 죽였다 (총 36화/미완결)
평점
10.0 | 무공 무공 | 2026.08.16. | 총36화/미완결 | 31화 무료
너무나도 현실적인 가상현실 게임 '아발론'.그 속에서 상범은 비현실적인 마법을 어떻게 현실적으로 구현했는지가 궁금하다.세 친구의 게임 라이프.",mon,1,mon,1,sun,mon,True,mon,월,sun,mon,13560056_mon,post_24h,어제 밤 10시 공개 이후 증가분 확인용 수집,12.8만,128000.0,https://series.naver.com/comic/detail.series?productNo=13560056,20260817_165834,mon,월,2026-08-17 16:58:34,2026-08-17,16:58:34,2026-08-17 17:12:09,2026-08-17 17:12:11,1.88,2026-08-17 17:12:11,2026-08-17,17:12:11,2026-08-17 17:15:09,995.3,True,20260809_165750,2026-08-09 17:03:22,12.3만,123000.0,5000.0,0.04065040650406504,2026-08-17 17:12:11
mon,33,이혼자녀,051,846616,https://comic.naver.com/webtoon/list?titleId=846616&tab=mon,13617466,이혼자녀,이혼자녀 (총 25화/미완결),총 25화/미완결,25.0,미완결,,,https://series.naver.com/comic/detail.series?productNo=13617466,matched,ok,"이혼자녀 (총 25화/미완결)
평점
10.0 | 051 051 | 2026.06.07. | 총25화/미완결 | 20화 무료
오랫동안 연을 끊었던 아버지의 죽음.장례식장에서 마주한 건 눈물이 아닌, 파도처럼 밀려 드는 기억과 상처였다.그 끝에서 '제훈'은 삶과 용서에 대해 다시 고민하게 된다.",mon,1,mon,1,sun,mon,True,mon,월,sun,mon,13617466_mon,post_24h,어제 밤 10시 공개 이후 증가분 확인용 수집,64.6만,646000.0,https://series.naver.com/comic/detail.series?productNo=13617466,20260817_165834,mon,월,2026-08-17 16:58:34,2026-08-17,16:58:34,2026-08-17 17:12:12,2026-08-17 17:12:14,1.93,2026-08-17 17:12:14,2026-08-17,17:12:14,2026-08-17 17:15:09,995.3,True,20260816_163946,2026-08-16 16:43:40,64.4만,644000.0,2000.0,0.003105590062111801,2026-08-17 17:12:14
mon,81,누가 죄인인가,,846782,https://comic.naver.com/webtoon/list?titleId=846782&tab=mon,13634954,누가 죄인인가,누가 죄인인가 (총 34화/미완결),총 34화/미완결,34.0,미완결,이승우 이승우,평점 10.0 | 이승우 이승우 | 2026.08.16. | 총34화/미완결 | 27화 무료,https://series.naver.com/comic/detail.series?productNo=13634954,review_needed,not_found,"누가 죄인인가 (총 34화/미완결)
평점
10.0 | 이승우 이승우 | 2026.08.16. | 총34화/미완결 | 27화 무료
""나의 아버지는 악마로 만들어졌다.""연쇄살인마 '허욱열'의 딸로서 30년간 지옥 같은 삶을 살아온 일류 청부업자 '허예주' 오늘날 허욱열의 무고가 밝혀지게 되지만 이들은 여전히 지옥 속에 살고 있고 예주는자신과 같이 지옥 ..",mon,1,mon,1,sun,mon,True,mon,월,sun,mon,13634954_mon,post_24h,어제 밤 10시 공개 이후 증가분 확인용 수집,,,https://nid.naver.com/nidlogin.login?svctype=128&a_version=2&viewtype=1&url=http%3A%2F%2Fseries.naver.com%2Fcomic%2Fdetail.series%3FproductNo%3D13634954&surl=https%3A%2F%2Fseries.naver.com,20260817_165834,mon,월,2026-08-17 16:58:34,2026-08-17,16:58:34,2026-08-17 17:12:15,2026-08-17 17:12:32,16.34,2026-08-17 17:12:32,2026-08-17,17:12:32,2026-08-17 17:15:09,995.3,True,20260809_165750,2026-08-09 17:03:44,,,,,2026-08-17 17:12:32
mon,106,데빌 캐피탈,정민용,846866,https://comic.naver.com/webtoon/list?titleId=846866&tab=mon,13645805,데빌 캐피탈,데빌 캐피탈 (총 35화/미완결),총 35화/미완결,35.0,미완결,정민용 정민용,평점 9.0 | 정민용 정민용 | 2026.08.16. | 총35화/미완결 | 30화 무료,https://series.naver.com/comic/detail.series?productNo=13645805,matched,ok,"데빌 캐피탈 (총 35화/미완결)
평점
9.0 | 정민용 정민용 | 2026.08.16. | 총35화/미완결 | 30화 무료
가난한 대학생 태구는 빚에서 벗어나기 위해 <데빌 캐피탈>에서 감각 일부를 바치고 악마와 계약한다.태구는 빚을 갚고 평범한 삶으로 돌아가려 하지만 악마는 모든 걸 가져가기 위해서 태구 주변을 압박한다 그 과정에서 옆..",mon,1,mon,1,sun,mon,True,mon,월,sun,mon,13645805_mon,post_24h,어제 밤 10시 공개 이후 증가분 확인용 수집,6.3만,63000.0,https://series.naver.com/comic/detail.series?productNo=13645805,20260817_165834,mon,월,2026-08-17 16:58:34,2026-08-17,16:58:34,2026-08-17 17:12:33,2026-08-17 17:12:35,2.43,2026-08-17 17:12:35,2026-08-17,17:12:35,2026-08-17 17:15:09,995.3,True,20260809_165750,2026-08-09 17:03:49,6.1만,61000.0,2000.0,0.03278688524590164,2026-08-17 17:12:35
mon,108,철이 없어서 그래,심도수,847435,https://comic.naver.com/webtoon/list?titleId=847435&tab=mon,13712095,철이 없어서 그래,철이 없어서 그래 (총 33화/미완결),총 33화/미완결,33.0,미완결,심도수 심도수,평점 9.8 | 심도수 심도수 | 2026.08.16. | 총33화/미완결 | 28화 무료,https://series.naver.com/comic/detail.series?productNo=13712095,matched,ok,"철이 없어서 그래 (총 33화/미완결)
평점
9.8 | 심도수 심도수 | 2026.08.16. | 총33화/미완결 | 28화 무료
부업으로 과외를 하던 '하지'는 부잣집 재수생 '일도'의 과외를 맡게 된다. 그러던 어느 날, 하지의 동생으로부터 충격적인 소식을 듣게 된다.""언니, 일도는... 내 대학교 후배라니까?""재수생인 줄 알았던 일도가 사실은 이미 합격..",mon,1,mon,1,sun,mon,True,mon,월,sun,mon,13712095_mon,post_24h,어제 밤 10시 공개 이후 증가분 확인용 수집,7.8만,78000.0,https://series.naver.com/comic/detail.series?productNo=13712095,20260817_165834,mon,월,2026-08-17 16:58:34,2026-08-17,16:58:34,2026-08-17 17:12:37,2026-08-17 17:12:39,2.12,2026-08-17 17:12:39,2026-08-17,17:12:39,2026-08-17 17:15:09,995.3,True,20260809_165750,2026-08-09 17:03:53,7.6만,76000.0,2000.0,0.02631578947368421,2026-08-17 17:12:39
mon,78,양심과외,리나,847903,https://comic.naver.com/webtoon/list?titleId=847903&tab=mon,13750068,양심과외,양심과외 (총 29화/미완결),총 29화/미완결,29.0,미완결,리나 리나,평점 10.0 | 리나 리나 | 2026.08.16. | 총29화/미완결 | 26화 무료,https://series.naver.com/comic/detail.series?productNo=13750068,matched,ok,"양심과외 (총 29화/미완결)
평점
10.0 | 리나 리나 | 2026.08.16. | 총29화/미완결 | 26화 무료
시험을 망친 고3 수험생 '사라'는 친오빠의 친구인 '서원'에게 과외를 받게 된다.사라는 명문대생에 인싸력 넘치는 서원을 동경하게 되지만, 서원의 눈에 그저 어린 애로 보일 자신의 처지에 좌절하는데...동경하는 과외쌤에게 ..",mon,1,mon,1,sun,mon,True,mon,월,sun,mon,13750068_mon,post_24h,어제 밤 10시 공개 이후 증가분 확인용 수집,27.1만,271000.0,https://series.naver.com/comic/detail.series?productNo=13750068,20260817_165834,mon,월,2026-08-17 16:58:34,2026-08-17,16:58:34,2026-08-17 17:12:40,2026-08-17 17:12:43,2.61,2026-08-17 17:12:43,2026-08-17,17:12:43,2026-08-17 17:15:09,995.3,True,20260809_165750,2026-08-09 17:03:57,25.6만,256000.0,15000.0,0.05859375,2026-08-17 17:12:43
mon,59,애드립의 신,GO,848578,https://comic.naver.com/webtoon/list?titleId=848578&tab=mon,13844696,애드립의 신,애드립의 신 (총 22화/미완결),총 22화/미완결,22.0,미완결,,,https://series.naver.com/comic/detail.series?productNo=13844696,matched,ok,"애드립의 신 (총 22화/미완결)
평점
9.8 | 전명, GO 남장현 | 2026.06.07. | 총22화/미완결 | 15화 무료
서른 살 백수 이태규.어느 순간부터 감정의 진폭을 느끼지 못한 채 무기력한 삶을 이어가고 있다.의미 없는 일상에서 벗어나기 위해 발버둥치던 그는,우연히 만난 신비한 노인을 통해 타인의 감정을 ‘복사’할 수 있는 도깨비..",mon,1,mon,1,sun,mon,True,mon,월,sun,mon,13844696_mon,post_24h,어제 밤 10시 공개 이후 증가분 확인용 수집,121만,1210000.0,https://series.naver.com/comic/detail.series?productNo=13844696,20260817_165834,mon,월,2026-08-17 16:58:34,2026-08-17,16:58:34,2026-08-17 17:12:44,2026-08-17 17:12:46,2.57,2026-08-17 17:12:46,2026-08-17,17:12:46,2026-08-17 17:15:09,995.3,True,20260816_163946,2026-08-16 16:43:43,120.4만,1204000.0,6000.0,0.0049833887043189366,2026-08-17 17:12:46
mon,95,꽃과 재,우루,848711,https://comic.naver.com/webtoon/list?titleId=848711&tab=mon,13853369,꽃과 재,꽃과 재 (총 28화/미완결),총 28화/미완결,28.0,미완결,우루 우루,평점 9.9 | 우루 우루 | 2026.08.16. | 총28화/미완결 | 23화 무료,https://series.naver.com/comic/detail.series?productNo=13853369,matched,ok,"꽃과 재 (총 28화/미완결)
평점
9.9 | 우루 우루 | 2026.08.16. | 총28화/미완결 | 23화 무료
언니의 시신이 살아나는 믿기지 않는 광경 속에서 마주한 귀신이라 불리는 남자 '태랑'.그는 동주에게 완벽한 ‘위장 죽음’을 설계하는 비즈니스 파트너가 될 것을 제안한다.서늘한 비밀을 공유하며 동주는 점점 귀신이 아..",mon,1,mon,1,sun,mon,True,mon,월,sun,mon,13853369_mon,post_24h,어제 밤 10시 공개 이후 증가분 확인용 수집,11.3만,113000.0,https://series.naver.com/comic/detail.series?productNo=13853369,20260817_165834,mon,월,2026-08-17 16:58:34,2026-08-17,16:58:34,2026-08-17 17:12:47,2026-08-17 17:12:50,2.69,2026-08-17 17:12:50,2026-08-17,17:12:50,2026-08-17 17:15:09,995.3,True,20260809_165750,2026-08-09 17:04:05,9.9만,99000.0,14000.0,0.1414141414141414,2026-08-17 17:12:50
mon,44,프레스턴 경의 비밀 가정교사,오로라 스튜디오,848884,https://comic.naver.com/webtoon/list?titleId=848884&tab=mon,13883541,프레스턴 경의 비밀 가정교사,프레스턴 경의 비밀 가정교사 (총 17화/미완결),총 17화/미완결,17.0,미완결,,,https://series.naver.com/comic/detail.series?productNo=13883541,matched,ok,"프레스턴 경의 비밀 가정교사 (총 17화/미완결)
평점
9.9 | 오로라 스튜디오, 성하 오로라 스튜디오 | 2026.06.07. | 총17화/미완결 | 11화 무료
부친의 죽음과 파산으로 하루아침에 빈털터리가 된 재클린 서머셋.그녀는 프레스턴 저택의 열세 번째 가정교사로 채용된다.까다롭기로 소문난 후작과 살얼음판 같은 관계 속에서, 그녀는 단순한 생존을 넘어 후작의 숨겨진 비..",mon,1,mon,1,sun,mon,True,mon,월,sun,mon,13883541_mon,post_24h,어제 밤 10시 공개 이후 증가분 확인용 수집,54.5만,545000.0,https://series.naver.com/comic/detail.series?productNo=13883541,20260817_165834,mon,월,2026-08-17 16:58:34,2026-08-17,16:58:34,2026-08-17 17:12:51,2026-08-17 17:12:53,2.38,2026-08-17 17:12:53,2026-08-17,17:12:53,2026-08-17 17:15:09,995.3,True,20260816_163946,2026-08-16 16:43:46,54.3만,543000.0,2000.0,0.003683241252302026,2026-08-17 17:12:53
mon,100,주희의 주위,G5,849058,https://comic.naver.com/webtoon/list?titleId=849058&tab=mon,13911584,주희의 주위,주희의 주위 (총 25화/미완결),총 25화/미완결,25.0,미완결,G5 G5,평점 10.0 | G5 G5 | 2026.08.09. | 총25화/미완결 | 20화 무료,https://series.naver.com/comic/detail.series?productNo=13911584,matched,ok,"주희의 주위 (총 25화/미완결)
평점
10.0 | G5 G5 | 2026.08.09. | 총25화/미완결 | 20화 무료
유령을 볼 수 있는 민이. 그리고 민이와 어릴 적 둘도 없는 친구 사이였던 주희. 민이는 주희와 있을 때면 유령을 보지 않았고 덕분에 평범하게 성장했지만, 원인 모를 사고로 주희는 어린 나이에 세상을 떠났다.분명 그런 줄 알..",mon,1,mon,1,sun,mon,True,mon,월,sun,mon,13911584_mon,post_24h,어제 밤 10시 공개 이후 증가분 확인용 수집,7.3만,73000.0,https://series.naver.com/comic/detail.series?productNo=13911584,20260817_165834,mon,월,2026-08-17 16:58:34,2026-08-17,16:58:34,2026-08-17 17:12:55,2026-08-17 17:12:57,2.44,2026-08-17 17:12:57,2026-08-17,17:12:57,2026-08-17 17:15:09,995.3,True,20260809_165750,2026-08-09 17:04:12,7만,70000.0,3000.0,0.04285714285714286,2026-08-17 17:12:57
mon,37,상사폭행,레블스튜디오,849297,https://comic.naver.com/webtoon/list?titleId=849297&tab=mon,13962690,상사폭행,상사폭행 (총 17화/미완결),총 17화/미완결,17.0,미완결,,,https://series.naver.com/comic/detail.series?productNo=13962690,matched,ok,"상사폭행 (총 17화/미완결)
평점
9.4 | 레블스튜디오 이도엽 | 2026.06.07. | 총17화/미완결 | 11화 무료
18살, 서울 전역 고등학교를 평정하며 폭력의 정점에 오른 '레전드' 권승호. 하지만, 정점에 오른 뒤 권승호는 소리 소문 없이 사라졌는데.. 그로부터 10년이 지난 지금, 사람들은 권승호가 적어도 전국구 조폭 두목이 되었을 거..",mon,1,mon,1,sun,mon,True,mon,월,sun,mon,13962690_mon,post_24h,어제 밤 10시 공개 이후 증가분 확인용 수집,73.8만,738000.0,https://series.naver.com/comic/detail.series?productNo=13962690,20260817_165834,mon,월,2026-08-17 16:58:34,2026-08-17,16:58:34,2026-08-17 17:12:59,2026-08-17 17:13:01,2.29,2026-08-17 17:13:01,2026-08-17,17:13:01,2026-08-17 17:15:09,995.3,True,20260816_163946,2026-08-16 16:43:50,73.6만,736000.0,2000.0,0.002717391304347826,2026-08-17 17:13:01
mon,103,귀신이 곡할 노릇,배아령,849480,https://comic.naver.com/webtoon/list?titleId=849480&tab=mon,13971442,귀신이 곡할 노릇,귀신이 곡할 노릇 (총 25화/미완결),총 25화/미완결,25.0,미완결,배아령 배아령,평점 10.0 | 배아령 배아령 | 2026.08.16. | 총25화/미완결 | 20화 무료,https://series.naver.com/comic/detail.series?productNo=13971442,matched,ok,"귀신이 곡할 노릇 (총 25화/미완결)
평점
10.0 | 배아령 배아령 | 2026.08.16. | 총25화/미완결 | 20화 무료
결혼정보회사를 통해 만난 완벽한 남자 권실원.모두가 그를 좋아하지만, 정작 결혼을 약속한 이인해는 권실원을 두려워한다.그의 완벽한 집착이 말 그대로 선을 넘었기 때문이다.",mon,1,mon,1,sun,mon,True,mon,월,sun,mon,13971442_mon,post_24h,어제 밤 10시 공개 이후 증가분 확인용 수집,8.1만,81000.0,https://series.naver.com/comic/detail.series?productNo=13971442,20260817_165834,mon,월,2026-08-17 16:58:34,2026-08-17,16:58:34,2026-08-17 17:13:02,2026-08-17 17:13:04,1.88,2026-08-17 17:13:04,2026-08-17,17:13:04,2026-08-17 17:15:09,995.3,True,20260809_165750,2026-08-09 17:04:19,7.8만,78000.0,3000.0,0.038461538461538464,2026-08-17 17:13:04
mon,82,오매불망,2L,849508,https://comic.naver.com/webtoon/list?titleId=849508&tab=mon,13975756,오매불망,오매불망 (총 23화/미완결),총 23화/미완결,23.0,미완결,2L 2L,평점 9.9 | 2L 2L | 2026.08.16. | 총23화/미완결 | 18화 무료,https://series.naver.com/comic/detail.series?productNo=13975756,matched,ok,"오매불망 (총 23화/미완결)
평점
9.9 | 2L 2L | 2026.08.16. | 총23화/미완결 | 18화 무료
""어릴 적부터 TV 속 서기현을 동경해온 채도영.고등학교에서 재회한 기현은 상냥한 미소 뒤에 날 선 본성을 감추고 있었다.그가 사랑하는 건 소꿉친구 김가온이었고, 기현은 그 마음을 이루기 위해 도영을 이용했다.이용당하고..",mon,1,mon,1,sun,mon,True,mon,월,sun,mon,13975756_mon,post_24h,어제 밤 10시 공개 이후 증가분 확인용 수집,39.4만,394000.0,https://series.naver.com/comic/detail.series?productNo=13975756,20260817_165834,mon,월,2026-08-17 16:58:34,2026-08-17,16:58:34,2026-08-17 17:13:06,2026-08-17 17:13:09,2.85,2026-08-17 17:13:09,2026-08-17,17:13:09,2026-08-17 17:15:09,995.3,True,20260809_165750,2026-08-09 17:04:22,36.1만,361000.0,33000.0,0.09141274238227147,2026-08-17 17:13:09
mon,19,변경백의 10클래스 망나니,양평,849510,https://comic.naver.com/webtoon/list?titleId=849510&tab=mon,13977185,변경백의 10클래스 망나니,변경백의 10클래스 망나니 (총 14화/미완결),총 14화/미완결,14.0,미완결,,,https://series.naver.com/comic/detail.series?productNo=13977185,matched,ok,"변경백의 10클래스 망나니 (총 14화/미완결)
평점
9.4 | 양평 시연 | 2026.06.07. | 총14화/미완결 | 8화 무료
칠십대의 늙고 추레한 마법사는 육십 년 전으로 돌아온다.아주 오래된그리워하던어떤 날로…….",mon,1,mon,1,sun,mon,True,mon,월,sun,mon,13977185_mon,post_24h,어제 밤 10시 공개 이후 증가분 확인용 수집,147.3만,1473000.0,https://series.naver.com/comic/detail.series?productNo=13977185,20260817_165834,mon,월,2026-08-17 16:58:34,2026-08-17,16:58:34,2026-08-17 17:13:10,2026-08-17 17:13:13,2.6,2026-08-17 17:13:13,2026-08-17,17:13:13,2026-08-17 17:15:09,995.3,True,20260816_163946,2026-08-16 16:43:53,146.8만,1468000.0,5000.0,0.0034059945504087193,2026-08-17 17:13:13
mon,55,페일 블루 아이즈,,849898,https://comic.naver.com/webtoon/list?titleId=849898&tab=mon,14051143,페일 블루 아이즈,페일 블루 아이즈 (총 13화/미완결),총 13화/미완결,13.0,미완결,"LICO, 피숙혜 당도삼십","평점 9.9 | LICO, 피숙혜 당도삼십 | 2026.06.14. | 총13화/미완결 | 9화 무료",https://series.naver.com/comic/detail.series?productNo=14051143,review_needed,not_found,"페일 블루 아이즈 (총 13화/미완결)
평점
9.9 | LICO, 피숙혜 당도삼십 | 2026.06.14. | 총13화/미완결 | 9화 무료
주은은 자신을 늘 외롭게 만드는 가족을 떠나 홀연히 영국으로 향한다. 그곳에서 만난 창백한 푸른눈의 남자, 에덴. 조악한 문신으로 온몸을 뒤덮은, 쓰레기 같은 펑크를 노래하는, 주변의 모든 여자를 열병에 들끓게 만드는, 하..",mon,1,mon,1,sun,mon,True,mon,월,sun,mon,14051143_mon,post_24h,어제 밤 10시 공개 이후 증가분 확인용 수집,,,https://nid.naver.com/nidlogin.login?svctype=128&a_version=2&viewtype=1&url=http%3A%2F%2Fseries.naver.com%2Fcomic%2Fdetail.series%3FproductNo%3D14051143&surl=https%3A%2F%2Fseries.naver.com,20260817_165834,mon,월,2026-08-17 16:58:34,2026-08-17,16:58:34,2026-08-17 17:13:14,2026-08-17 17:13:29,15.36,2026-08-17 17:13:29,2026-08-17,17:13:29,2026-08-17 17:15:09,995.3,True,20260816_163946,2026-08-16 16:44:10,,,,,2026-08-17 17:13:29
mon,26,조선야차,두엽,850109,https://comic.naver.com/webtoon/list?titleId=850109&tab=mon,14092291,조선야차,조선야차 (총 11화/미완결),총 11화/미완결,11.0,미완결,,,https://series.naver.com/comic/detail.series?productNo=14092291,matched,ok,"조선야차 (총 11화/미완결)
평점
9.2 | 두엽,지존세호 미노 | 2026.06.07. | 총11화/미완결 | 7화 무료
""조선의 개가 되어라, 어명이다.""한순간에 깨진 평화. 왕의 부름에 야차가 된 두 사람, 얘네한테 조선의 운명을 맡겨도 되는걸까...?",mon,1,mon,1,sun,mon,True,mon,월,sun,mon,14092291_mon,post_24h,어제 밤 10시 공개 이후 증가분 확인용 수집,34.7만,347000.0,https://series.naver.com/comic/detail.series?productNo=14092291,20260817_165834,mon,월,2026-08-17 16:58:34,2026-08-17,16:58:34,2026-08-17 17:13:31,2026-08-17 17:13:33,2.72,2026-08-17 17:13:33,2026-08-17,17:13:33,2026-08-17 17:15:09,995.3,True,20260816_163946,2026-08-16 16:44:15,34.5만,345000.0,2000.0,0.005797101449275362,2026-08-17 17:13:33
mon,58,1인칭 혈육시점,모카빵,850236,https://comic.naver.com/webtoon/list?titleId=850236&tab=mon,14110451,1인칭 혈육시점,1인칭 혈육시점 (총 10화/미완결),총 10화/미완결,10.0,미완결,,,https://series.naver.com/comic/detail.series?productNo=14110451,matched,ok,"1인칭 혈육시점 (총 10화/미완결)
평점
9.4 | 모카빵 모카빵 | 2026.06.07. | 총10화/미완결 | 6화 무료
어릴 적부터 가영의 연애를 방해하는 혈육이자 웬수, 차강현.왜인지 이번 짝사랑도 차강현 때문에 망할 것 같은 불길한 예감에용하다는 타로집에서 수상한 팔찌를 사 오게 되는데…왜 내가 차강현이 된 거지?",mon,1,mon,1,sun,mon,True,mon,월,sun,mon,14110451_mon,post_24h,어제 밤 10시 공개 이후 증가분 확인용 수집,25.8만,258000.0,https://series.naver.com/comic/detail.series?productNo=14110451,20260817_165834,mon,월,2026-08-17 16:58:34,2026-08-17,16:58:34,2026-08-17 17:13:35,2026-08-17 17:13:37,2.24,2026-08-17 17:13:37,2026-08-17,17:13:37,2026-08-17 17:15:09,995.3,True,20260816_163946,2026-08-16 16:44:18,25.6만,256000.0,2000.0,0.0078125,2026-08-17 17:13:37
mon,29,망플루언서,,850526,https://comic.naver.com/webtoon/list?titleId=850526&tab=mon,14140191,망플루언서,망플루언서 (총 12화/미완결),총 12화/미완결,12.0,미완결,망순 망순,평점 10.0 | 망순 망순 | 2026.06.14. | 총12화/미완결 | 6화 무료,https://series.naver.com/comic/detail.series?productNo=14140191,review_needed,not_found,"망플루언서 (총 12화/미완결)
평점
10.0 | 망순 망순 | 2026.06.14. | 총12화/미완결 | 6화 무료
대중의 관심을 먹고 사는 빛나는 직업 '인플루언서!'보여지는 모습과 달리 그들의 숨겨진 추악한 비밀들을 폭로하는 유명 렉카 너튜브 채널 '셀럽 쓰레기통'그 채널을 운영하는 두 여자, 선미와 주원의 이야기.""거짓으로 돈을 ..",mon,1,mon,1,sun,mon,True,mon,월,sun,mon,14140191_mon,post_24h,어제 밤 10시 공개 이후 증가분 확인용 수집,,,https://nid.naver.com/nidlogin.login?svctype=128&a_version=2&viewtype=1&url=http%3A%2F%2Fseries.naver.com%2Fcomic%2Fdetail.series%3FproductNo%3D14140191&surl=https%3A%2F%2Fseries.naver.com,20260817_165834,mon,월,2026-08-17 16:58:34,2026-08-17,16:58:34,2026-08-17 17:13:38,2026-08-17 17:13:53,15.02,2026-08-17 17:13:53,2026-08-17,17:13:53,2026-08-17 17:15:09,995.3,True,20260816_163946,2026-08-16 16:44:34,,,,,2026-08-17 17:13:53
mon,85,뻐꾸기는 운다,진요,850661,https://comic.naver.com/webtoon/list?titleId=850661&tab=mon,14152453,뻐꾸기는 운다,뻐꾸기는 운다 (총 18화/미완결),총 18화/미완결,18.0,미완결,진요,평점 10.0 | 진요 | 2026.08.16. | 총18화/미완결 | 13화 무료,https://series.naver.com/comic/detail.series?productNo=14152453,matched,ok,"뻐꾸기는 운다 (총 18화/미완결)
평점
10.0 | 진요 | 2026.08.16. | 총18화/미완결 | 13화 무료
대륙을 덮친 거대한 해일과 연이은 독기의 발생으로 멸망 위기에 몰린 인류.살아남은 사람들은 해수면 가득한 독기를 피해 거인의 몸 위에 도시를 짓고 살아간다.독기에 찬 바닥에 남겨진 하층민 소년은주인의 아들이 자신과 ..",mon,1,mon,1,sun,mon,True,mon,월,sun,mon,14152453_mon,post_24h,어제 밤 10시 공개 이후 증가분 확인용 수집,2.4만,24000.0,https://series.naver.com/comic/detail.series?productNo=14152453,20260817_165834,mon,월,2026-08-17 16:58:34,2026-08-17,16:58:34,2026-08-17 17:13:54,2026-08-17 17:13:57,2.79,2026-08-17 17:13:57,2026-08-17,17:13:57,2026-08-17 17:15:09,995.3,True,20260809_165750,2026-08-09 17:05:08,2.3만,23000.0,1000.0,0.043478260869565216,2026-08-17 17:13:57
mon,67,헤어져서 팝니다,헛둘,850709,https://comic.naver.com/webtoon/list?titleId=850709&tab=mon,14159069,헤어져서 팝니다,헤어져서 팝니다 (총 11화/미완결),총 11화/미완결,11.0,미완결,,,https://series.naver.com/comic/detail.series?productNo=14159069,matched,ok,"헤어져서 팝니다 (총 11화/미완결)
평점
10.0 | 헛둘 정동생 | 2026.06.07. | 총11화/미완결 | 4화 무료
대학교 4학년, ‘서정하’. 그녀는 과거 사귀었던 전남친이 준 스피커를 중고판매하기로 한다.이유는 간단하다. 잘생기고 다정한 썸남, ‘박민준’이 생긴 그녀에게 그 스피커는 골칫덩이니까.후련한 마음으로 중고 거래를 하..",mon,1,mon,1,sun,mon,True,mon,월,sun,mon,14159069_mon,post_24h,어제 밤 10시 공개 이후 증가분 확인용 수집,10.1만,101000.0,https://series.naver.com/comic/detail.series?productNo=14159069,20260817_165834,mon,월,2026-08-17 16:58:34,2026-08-17,16:58:34,2026-08-17 17:13:59,2026-08-17 17:14:01,2.25,2026-08-17 17:14:01,2026-08-17,17:14:01,2026-08-17 17:15:09,995.3,True,20260816_163946,2026-08-16 16:44:39,10.1만,101000.0,0.0,0.0,2026-08-17 17:14:01
mon,22,그린스킨,,851187,https://comic.naver.com/webtoon/list?titleId=851187&tab=mon,14212275,그린스킨,그린스킨 (총 12화/미완결),총 12화/미완결,12.0,미완결,"승기사, 흙수저 파김치","평점 8.8 | 승기사, 흙수저 파김치 | 2026.07.19. | 총12화/미완결 | 8화 무료",https://series.naver.com/comic/detail.series?productNo=14212275,review_needed,not_found,"그린스킨 (총 12화/미완결)
평점
8.8 | 승기사, 흙수저 파김치 | 2026.07.19. | 총12화/미완결 | 8화 무료
이세계에서 10년을 버텼다. 하지만 돌아온 건 배신과 죽음. 다시눈을 뜬 순간, 나는 인간이 아닌 고블린이 되어 있었다",mon,1,mon,1,sun,mon,True,mon,월,sun,mon,14212275_mon,post_24h,어제 밤 10시 공개 이후 증가분 확인용 수집,,,https://nid.naver.com/nidlogin.login?svctype=128&a_version=2&viewtype=1&url=http%3A%2F%2Fseries.naver.com%2Fcomic%2Fdetail.series%3FproductNo%3D14212275&surl=https%3A%2F%2Fseries.naver.com,20260817_165834,mon,월,2026-08-17 16:58:34,2026-08-17,16:58:34,2026-08-17 17:14:02,2026-08-17 17:14:17,14.41,2026-08-17 17:14:17,2026-08-17,17:14:17,2026-08-17 17:15:09,995.3,True,20260816_163946,2026-08-16 16:44:55,,,,,2026-08-17 17:14:17
mon,48,비공식 CC,백유안,851431,https://comic.naver.com/webtoon/list?titleId=851431&tab=mon,14253469,비공식 CC,비공식 CC (총 6화/미완결),총 6화/미완결,6.0,미완결,,,https://series.naver.com/comic/detail.series?productNo=14253469,matched,ok,"비공식 CC (총 6화/미완결)
평점
10.0 | 백유안 백유안 | 2026.06.07. | 총6화/미완결 | 1화 무료
캠퍼스 인기남 성우와 비밀 연애 중인 도아.하지만 성우에겐 숨겨진 비밀이 있다.그 사실을 아는 은호와 얽히며 도아의 연애는 흔들리기 시작한다.엇갈린 욕망이 뒤얽힌 캠퍼스 치정 로맨스!",mon,1,mon,1,sun,mon,True,mon,월,sun,mon,14253469_mon,post_24h,어제 밤 10시 공개 이후 증가분 확인용 수집,34.4만,344000.0,https://series.naver.com/comic/detail.series?productNo=14253469,20260817_165834,mon,월,2026-08-17 16:58:34,2026-08-17,16:58:34,2026-08-17 17:14:18,2026-08-17 17:14:21,2.64,2026-08-17 17:14:21,2026-08-17,17:14:21,2026-08-17 17:15:09,995.3,True,20260816_163946,2026-08-16 16:44:59,33.6만,336000.0,8000.0,0.023809523809523808,2026-08-17 17:14:21
mon,13,계속 써도 돈이 쌓임,나들이,851687,https://comic.naver.com/webtoon/list?titleId=851687&tab=mon,14292289,계속 써도 돈이 쌓임,계속 써도 돈이 쌓임 (총 5화/미완결),총 5화/미완결,5.0,미완결,"나들이, 운좋은놈 포스스튜디오","평점 9.0 | 나들이, 운좋은놈 포스스튜디오 | 2026.06.14. | 총5화/미완결 | 1화 무료",https://series.naver.com/comic/detail.series?productNo=14292289,matched,ok,"계속 써도 돈이 쌓임 (총 5화/미완결)
평점
9.0 | 나들이, 운좋은놈 포스스튜디오 | 2026.06.14. | 총5화/미완결 | 1화 무료
청년 실업 100만 시대, 스펙 제로 백수 정진호. ""너, 내 회사로 와라."" 같은 게임의 길드 마스터였던 증권사 대표의 제안으로얼떨결에 사회로 뛰어들게 된다!그리고 그곳에서 발현된 정진호의 특별한 능력. 마우스 '딸깍' 한 번에..",mon,1,mon,1,sun,mon,True,mon,월,sun,mon,14292289_mon,post_24h,어제 밤 10시 공개 이후 증가분 확인용 수집,141.8만,1418000.0,https://series.naver.com/comic/detail.series?productNo=14292289,20260817_165834,mon,월,2026-08-17 16:58:34,2026-08-17,16:58:34,2026-08-17 17:14:22,2026-08-17 17:14:24,2.43,2026-08-17 17:14:24,2026-08-17,17:14:24,2026-08-17 17:15:09,995.3,True,20260816_163946,2026-08-16 16:45:04,139.6만,1396000.0,22000.0,0.015759312320916905,2026-08-17 17:14:24
mon,17,청부입학,강필,851688,https://comic.naver.com/webtoon/list?titleId=851688&tab=mon,14297993,청부입학,청부입학 (총 6화/미완결),총 6화/미완결,6.0,미완결,강필 지뚱,평점 10.0 | 강필 지뚱 | 2026.06.21. | 총6화/미완결 | 1화 무료,https://series.naver.com/comic/detail.series?productNo=14297993,matched,ok,"청부입학 (총 6화/미완결)
평점
10.0 | 강필 지뚱 | 2026.06.21. | 총6화/미완결 | 1화 무료
거대한 킬러조직 ‘바탈라’의 일원인 ‘류강민’.이 곳은 한 번 들어오면 나갈 수 없는 곳이다.그러던 어느날, 그는 ‘자유’를 대가로 한 특별한 의뢰를 받게 된다.의뢰의 내용은 ‘한국에 있는 타겟’을 죽이는 것. ‘류강민..",mon,1,mon,1,sun,mon,True,mon,월,sun,mon,14297993_mon,post_24h,어제 밤 10시 공개 이후 증가분 확인용 수집,65.5만,655000.0,https://series.naver.com/comic/detail.series?productNo=14297993,20260817_165834,mon,월,2026-08-17 16:58:34,2026-08-17,16:58:34,2026-08-17 17:14:25,2026-08-17 17:14:27,2.17,2026-08-17 17:14:27,2026-08-17,17:14:27,2026-08-17 17:15:09,995.3,True,20260816_163946,2026-08-16 16:45:07,64.1만,641000.0,14000.0,0.0218408736349454,2026-08-17 17:14:27
mon,109,유체를 이탈하였습니다,이슬,851839,https://comic.naver.com/webtoon/list?titleId=851839&tab=mon,14330958,유체를 이탈하였습니다,유체를 이탈하였습니다 (총 14화/미완결),총 14화/미완결,14.0,미완결,이슬 이슬,평점 10.0 | 이슬 이슬 | 2026.08.16. | 총14화/미완결 | 9화 무료,https://series.naver.com/comic/detail.series?productNo=14330958,matched,ok,"유체를 이탈하였습니다 (총 14화/미완결)
평점
10.0 | 이슬 이슬 | 2026.08.16. | 총14화/미완결 | 9화 무료
소심한 아싸 오조미, 장난처럼 시작한 유체이탈에 성공한다.이곳저곳 떠돌다 도착한 학교에서 짝사랑 상대인 도윤의 은밀한 비밀을 관람(?)하게 되는데...!그 충격이 가시기도 전에 학교에 갇혀 버렸다는 것을 깨닫는다.누군가..",mon,1,mon,1,sun,mon,True,mon,월,sun,mon,14330958_mon,post_24h,어제 밤 10시 공개 이후 증가분 확인용 수집,6.9천,6900.0,https://series.naver.com/comic/detail.series?productNo=14330958,20260817_165834,mon,월,2026-08-17 16:58:34,2026-08-17,16:58:34,2026-08-17 17:14:29,2026-08-17 17:14:31,2.59,2026-08-17 17:14:31,2026-08-17,17:14:31,2026-08-17 17:15:09,995.3,True,20260809_165750,2026-08-09 17:05:41,6.5천,6500.0,400.0,0.06153846153846154,2026-08-17 17:14:31
mon,87,반도대탈출,카시모프,851869,https://comic.naver.com/webtoon/list?titleId=851869&tab=mon,14333336,반도대탈출,반도대탈출 (총 16화/미완결),총 16화/미완결,16.0,미완결,"MAJOR, 카시모프 카시모프","평점 7.9 | MAJOR, 카시모프 카시모프 | 2026.08.16. | 총16화/미완결 | 11화 무료",https://series.naver.com/comic/detail.series?productNo=14333336,matched,ok,"반도대탈출 (총 16화/미완결)
평점
7.9 | MAJOR, 카시모프 카시모프 | 2026.08.16. | 총16화/미완결 | 11화 무료
주식, 부동산, 코인까지... '한방'만이 성공의 답이 되어버린 시대.그러나 여느 개미들처럼 수많은 실패 끝에 청춘을 날리고 어느덧 40대가 되어버린막장인생 '한반도' 앞에 정체불명의 로브 노인이 나타나 '회귀'를 제안한다.""잊..",mon,1,mon,1,sun,mon,True,mon,월,sun,mon,14333336_mon,post_24h,어제 밤 10시 공개 이후 증가분 확인용 수집,1.7만,17000.0,https://series.naver.com/comic/detail.series?productNo=14333336,20260817_165834,mon,월,2026-08-17 16:58:34,2026-08-17,16:58:34,2026-08-17 17:14:33,2026-08-17 17:14:35,2.31,2026-08-17 17:14:35,2026-08-17,17:14:35,2026-08-17 17:15:09,995.3,True,20260809_165750,2026-08-09 17:05:44,1.5만,15000.0,2000.0,0.13333333333333333,2026-08-17 17:14:35
mon,68,마귀공주,햄스터빵디,852115,https://comic.naver.com/webtoon/list?titleId=852115&tab=mon,14374145,마귀공주,마귀공주 (총 7화/미완결),총 7화/미완결,7.0,미완결,햄스터빵디,평점 10.0 | 햄스터빵디 | 2026.07.12. | 총7화/미완결 | 3화 무료,https://series.naver.com/comic/detail.series?productNo=14374145,matched,ok,"마귀공주 (총 7화/미완결)
평점
10.0 | 햄스터빵디 | 2026.07.12. | 총7화/미완결 | 3화 무료
마귀공주라며 멸시받는 공주가 있었다. 그녀의 소원은 거창한 것이 아니었다.단 한 사람만이라도, 나의 편이 되어주기를. 자신을 사랑해 주는 존재가 있었으면 했다.그런 공주에게 나타난 이형의 귀신. 그 '귀신'은 마귀공주에게..",mon,1,mon,1,sun,mon,True,mon,월,sun,mon,14374145_mon,post_24h,어제 밤 10시 공개 이후 증가분 확인용 수집,9.8만,98000.0,https://series.naver.com/comic/detail.series?productNo=14374145,20260817_165834,mon,월,2026-08-17 16:58:34,2026-08-17,16:58:34,2026-08-17 17:14:36,2026-08-17 17:14:39,2.61,2026-08-17 17:14:39,2026-08-17,17:14:39,2026-08-17 17:15:09,995.3,True,20260816_163946,2026-08-16 16:45:11,9.6만,96000.0,2000.0,0.020833333333333332,2026-08-17 17:14:39
mon,70,공주는 헬스장에 간다,콕,852173,https://comic.naver.com/webtoon/list?titleId=852173&tab=mon,14385744,공주는 헬스장에 간다 [독점],공주는 헬스장에 간다 [독점] (총 9화/미완결),총 9화/미완결,9.0,미완결,콕 콕,평점 9.9 | 콕 콕 | 2026.07.19. | 총9화/미완결 | 3화 무료,https://series.naver.com/comic/detail.series?productNo=14385744,matched,ok,"공주는 헬스장에 간다 [독점] (총 9화/미완결)
평점
9.9 | 콕 콕 | 2026.07.19. | 총9화/미완결 | 3화 무료
첫사랑에게 대차게 차이고 히키코모리가 된 혜진.26살이 된 지금,이제 그만 '남들보다 뒤쳐진 삶'에서 벗어나고 싶다!평범한 일상을 꿈꾸며, 시작한 헬스장 아르바이트.알고 보니 첫발을 내디딘 그녀의 도전에 '조력자'가 있었..",mon,1,mon,1,sun,mon,True,mon,월,sun,mon,14385744_mon,post_24h,어제 밤 10시 공개 이후 증가분 확인용 수집,7.3만,73000.0,https://series.naver.com/comic/detail.series?productNo=14385744,20260817_165834,mon,월,2026-08-17 16:58:34,2026-08-17,16:58:34,2026-08-17 17:14:40,2026-08-17 17:14:42,2.06,2026-08-17 17:14:42,2026-08-17,17:14:42,2026-08-17 17:15:09,995.3,True,20260816_163946,2026-08-16 16:45:15,7.2만,72000.0,1000.0,0.013888888888888888,2026-08-17 17:14:42
mon,21,세림의 철칙,세윤,852516,https://comic.naver.com/webtoon/list?titleId=852516&tab=mon,14431553,세림의 철칙,세림의 철칙 (총 7화/미완결),총 7화/미완결,7.0,미완결,세윤 써나,평점 9.9 | 세윤 써나 | 2026.07.19. | 총7화/미완결 | 2화 무료,https://series.naver.com/comic/detail.series?productNo=14431553,matched,ok,"세림의 철칙 (총 7화/미완결)
평점
9.9 | 세윤 써나 | 2026.07.19. | 총7화/미완결 | 2화 무료
조폭이라는 소문으로 모두가 두려워하는 한세림.'엄친아' 강승우는 한세림과 멘토멘티 프로그램을 하게 되고, 늘 그렇듯 완벽하게 해내기 위해 한세림과 친해지려 한다.그런데 얘... 뭐하는 애지? 내일이 없는 듯 구는 한세림과 ..",mon,1,mon,1,sun,mon,True,mon,월,sun,mon,14431553_mon,post_24h,어제 밤 10시 공개 이후 증가분 확인용 수집,31.1만,311000.0,https://series.naver.com/comic/detail.series?productNo=14431553,20260817_165834,mon,월,2026-08-17 16:58:34,2026-08-17,16:58:34,2026-08-17 17:14:44,2026-08-17 17:14:46,2.53,2026-08-17 17:14:46,2026-08-17,17:14:46,2026-08-17 17:15:09,995.3,True,20260816_163946,2026-08-16 16:45:19,29.6만,296000.0,15000.0,0.05067567567567568,2026-08-17 17:14:46
mon,36,고블린 주식회사,살려주세요,852571,https://comic.naver.com/webtoon/list?titleId=852571&tab=mon,14440638,고블린 주식회사,고블린 주식회사 (총 6화/미완결),총 6화/미완결,6.0,미완결,"살려주세요, 몬 번인","평점 9.8 | 살려주세요, 몬 번인 | 2026.07.26. | 총6화/미완결 | 2화 무료",https://series.naver.com/comic/detail.series?productNo=14440638,matched,ok,"고블린 주식회사 (총 6화/미완결)
평점
9.8 | 살려주세요, 몬 번인 | 2026.07.26. | 총6화/미완결 | 2화 무료
출근길 대신 마계에 떨어진 평범한 회사원 오 과장. 눈뜨니 멸망 직전 고블린 영주가 되었다. 살려면 빼앗고, 살아남으려면 정복해야 한다. 샐러리맨의 근성으로 마계의 판도를 뒤엎는다",mon,1,mon,1,sun,mon,True,mon,월,sun,mon,14440638_mon,post_24h,어제 밤 10시 공개 이후 증가분 확인용 수집,18.3만,183000.0,https://series.naver.com/comic/detail.series?productNo=14440638,20260817_165834,mon,월,2026-08-17 16:58:34,2026-08-17,16:58:34,2026-08-17 17:14:47,2026-08-17 17:14:50,2.29,2026-08-17 17:14:50,2026-08-17,17:14:50,2026-08-17 17:15:09,995.3,True,20260816_163946,2026-08-16 16:45:22,18만,180000.0,3000.0,0.016666666666666666,2026-08-17 17:14:50
mon,64,부활성녀,사리앵,853115,https://comic.naver.com/webtoon/list?titleId=853115&tab=mon,14509567,부활성녀,부활성녀 (총 7화/미완결),총 7화/미완결,7.0,미완결,0.0,0.0 | 사리앵 미르 | 2026.07.26. | 총7화/미완결 | 1화 무료,https://series.naver.com/comic/detail.series?productNo=14509567,matched,ok,"부활성녀 (총 7화/미완결)
0.0 | 사리앵 미르 | 2026.07.26. | 총7화/미완결 | 1화 무료
수십 년간 이어진 전쟁으로 황폐해진 프랑셀라 왕국. 시골 마을 동레미에 사는 잔 다르크는 어느 날, 정체불명의 약탈자들에 의해 마을이 습격을 당해 그 혼란 속에서 목숨을 잃는다. 정신을 차려보니 사건이 일어나기 전 아침..",mon,1,mon,1,sun,mon,True,mon,월,sun,mon,14509567_mon,post_24h,어제 밤 10시 공개 이후 증가분 확인용 수집,9.8천,9800.0,https://series.naver.com/comic/detail.series?productNo=14509567,20260817_165834,mon,월,2026-08-17 16:58:34,2026-08-17,16:58:34,2026-08-17 17:14:51,2026-08-17 17:14:53,2.25,2026-08-17 17:14:53,2026-08-17,17:14:53,2026-08-17 17:15:09,995.3,True,20260816_163946,2026-08-16 16:45:27,9.7천,9700.0,100.0,0.010309278350515464,2026-08-17 17:14:53
mon,74,킬링가드,이제환,853116,https://comic.naver.com/webtoon/list?titleId=853116&tab=mon,14509571,킬링가드,킬링가드 (총 9화/미완결),총 9화/미완결,9.0,미완결,이제환 도림,평점 7.9 | 이제환 도림 | 2026.08.16. | 총9화/미완결 | 4화 무료,https://series.naver.com/comic/detail.series?productNo=14509571,matched,ok,"킬링가드 (총 9화/미완결)
평점
7.9 | 이제환 도림 | 2026.08.16. | 총9화/미완결 | 4화 무료
‘위험이 닥치기 전에 위험을 제거한다’는 철학을 가진 보디가드 류신. 그러나 ‘위험이 없으면 경호도 없다’는 이유로 회사로부터 제거당할 위기에 처하는데… 최강의 보디가드 류신은 세상의 모든 위험으로부터 스스로를..",mon,1,mon,1,sun,mon,True,mon,월,sun,mon,14509571_mon,post_24h,어제 밤 10시 공개 이후 증가분 확인용 수집,1.5만,15000.0,https://series.naver.com/comic/detail.series?productNo=14509571,20260817_165834,mon,월,2026-08-17 16:58:34,2026-08-17,16:58:34,2026-08-17 17:14:54,2026-08-17 17:14:57,2.58,2026-08-17 17:14:57,2026-08-17,17:14:57,2026-08-17 17:15:09,995.3,True,20260809_165750,2026-08-09 17:06:05,1.1만,11000.0,4000.0,0.36363636363636365,2026-08-17 17:14:57
mon,66,기로의 밤,DOCI,853687,https://comic.naver.com/webtoon/list?titleId=853687&tab=mon,14569639,기로의 밤,기로의 밤 (총 9화/미완결),총 9화/미완결,9.0,미완결,DOCI DOCI,평점 10.0 | DOCI DOCI | 2026.08.16. | 총9화/미완결 | 4화 무료,https://series.naver.com/comic/detail.series?productNo=14569639,matched,ok,"기로의 밤 (총 9화/미완결)
평점
10.0 | DOCI DOCI | 2026.08.16. | 총9화/미완결 | 4화 무료
불운으로부터 시작된 삶이었다. 스무 살, 모든 기억을 잃은 채 병실에서 눈을 뜨고 퇴원길에는 보지 말아야 할 것을 봤을 때부터 서이연은 매사에 필사적이었다.괜찮아지기 위해, 평범해지기 위해, 외로움에 죽지 않기 위해. 몇 ..",mon,1,mon,1,sun,mon,True,mon,월,sun,mon,14569639_mon,post_24h,어제 밤 10시 공개 이후 증가분 확인용 수집,1.7만,17000.0,https://series.naver.com/comic/detail.series?productNo=14569639,20260817_165834,mon,월,2026-08-17 16:58:34,2026-08-17,16:58:34,2026-08-17 17:14:58,2026-08-17 17:15:00,2.45,2026-08-17 17:15:00,2026-08-17,17:15:00,2026-08-17 17:15:09,995.3,False,,,,,,,2026-08-17 17:15:00
mon,113,생존지상주의,토이,853709,https://comic.naver.com/webtoon/list?titleId=853709&tab=mon,14574320,생존지상주의,생존지상주의 (총 6화/미완결),총 6화/미완결,6.0,미완결,토이 싱싱,평점 10.0 | 토이 싱싱 | 2026.08.16. | 총6화/미완결 | 1화 무료,https://series.naver.com/comic/detail.series?productNo=14574320,matched,ok,"생존지상주의 (총 6화/미완결)
평점
10.0 | 토이 싱싱 | 2026.08.16. | 총6화/미완결 | 1화 무료
괴수가 들끓는 이세계에 떨어진 하교 버스. 절망적인 상황 속, 오직 주인공의 Chat AI만이 작동하기 시작한다.",mon,1,mon,1,sun,mon,True,mon,월,sun,mon,14574320_mon,post_24h,어제 밤 10시 공개 이후 증가분 확인용 수집,3.7천,3700.0,https://series.naver.com/comic/detail.series?productNo=14574320,20260817_165834,mon,월,2026-08-17 16:58:34,2026-08-17,16:58:34,2026-08-17 17:15:02,2026-08-17 17:15:05,2.46,2026-08-17 17:15:05,2026-08-17,17:15:05,2026-08-17 17:15:09,995.3,False,,,,,,,2026-08-17 17:15:05
mon,114,"28, 청춘!",이나라,853838,https://comic.naver.com/webtoon/list?titleId=853838&tab=mon,14591093,"28, 청춘!","28, 청춘! (총 6화/미완결)",총 6화/미완결,6.0,미완결,0.0,0.0 | 이나라 이나라 | 2026.08.16. | 총6화/미완결 | 1화 무료,https://series.naver.com/comic/detail.series?productNo=14591093,matched,ok,"28, 청춘! (총 6화/미완결)
0.0 | 이나라 이나라 | 2026.08.16. | 총6화/미완결 | 1화 무료
사연 있는 긴 휴학을 마치고 28살에 대학교 4학년으로 복학하게 된 '나라’.인생에 대한 고민이 많은 이 시기에 학창시절 첫사랑 '도현’과 전남친의 남동생 '한주’가 인생에 난입해 자꾸만 머리를 복잡하게 만드는데..",mon,1,mon,1,sun,mon,True,mon,월,sun,mon,14591093_mon,post_24h,어제 밤 10시 공개 이후 증가분 확인용 수집,0,0.0,https://series.naver.com/comic/detail.series?productNo=14591093,20260817_165834,mon,월,2026-08-17 16:58:34,2026-08-17,16:58:34,2026-08-17 17:15:06,2026-08-17 17:15:08,1.87,2026-08-17 17:15:08,2026-08-17,17:15:08,2026-08-17 17:15:09,995.3,False,,,,,,,2026-08-17 17:15:08
