weekday,rank,webtoon_title,webtoon_author,webtoon_title_id,webtoon_url,series_product_no,series_title,series_title_raw,series_episode_info,series_total_episode_count,series_completion_status,series_author,series_author_raw,series_url,match_status,download_status,series_result_text,weekday_list,weekday_row_count,serial_weekdays,serial_weekday_count,pre_collect_weekdays,post_24h_collect_weekdays,is_download_collectable,release_weekday,release_weekday_ko,pre_collect_weekday,post_24h_collect_weekday,release_event_key,collection_context,target_reason,series_download_text,series_download_count,current_url,snapshot_id,snapshot_weekday,snapshot_weekday_ko,snapshot_started_at_kst,snapshot_date_kst,snapshot_time_kst,item_collect_started_at_kst,item_collect_finished_at_kst,item_collect_elapsed_seconds,collected_at_kst,collected_date_kst,collected_time_kst,snapshot_finished_at_kst,snapshot_elapsed_seconds
tue,77,에이머,구동인,400739,https://comic.naver.com/webtoon/list?titleId=400739&tab=tue,8458661,에이머,에이머 (총 593화/미완결),총 593화/미완결,593.0,미완결,구동인,평점 10.0 | 구동인 | 2026.06.12. | 총593화/미완결 | 591화 무료,https://series.naver.com/comic/detail.series?productNo=8458661,matched,ok,"에이머 (총 593화/미완결)
평점
10.0 | 구동인 | 2026.06.12. | 총593화/미완결 | 591화 무료
작은 우연은 역사를 만든다. 지구를 침공한 이성인 팜킨 일당과, 그들을 막아선 초월자 에이머와 지구인의 이야기!",tue,1,tue,1,mon,tue,True,tue,화,mon,tue,8458661_tue,pre_release,오늘 밤 10시 새 회차 공개 전 기준값 수집,260.7만,2607000.0,https://series.naver.com/comic/detail.series?productNo=8458661,20260810_174819,mon,월,2026-08-10 17:48:19,2026-08-10,17:48:19,2026-08-10 17:48:26,2026-08-10 17:48:31,5.14,2026-08-10 17:48:31,2026-08-10,17:48:31,2026-08-10 18:02:09,829.93
tue,60,윌유메리미,마인드C,616239,https://comic.naver.com/webtoon/list?titleId=616239&tab=tue,2505304,윌유메리미,윌유메리미 (총 1262화/미완결),총 1262화/미완결,1262.0,미완결,,,https://series.naver.com/comic/detail.series?productNo=2505304,matched,ok,"윌유메리미 (총 1262화/미완결)
평점
9.8 | 마인드C 마인드C | 2026.06.08. | 총1262화/미완결 | 1256화 무료
마인드C 작가의 실제 연애경험담을 일상툰으로 풀어낸 작품 <윌유메리미>서울과 부산이라는 지역차, 12살이라는 나이 차, 그리고 정 반대의 성격차까지!서울 남자 '윌(마인드C 본인)'과 부산 여자 '메리' 서로 다른 두 사람..","tue,sat",2,"tue,sat",2,"mon,fri","tue,sat",True,tue,화,mon,tue,2505304_tue,pre_release,오늘 밤 10시 새 회차 공개 전 기준값 수집,562.7만,5627000.0,https://series.naver.com/comic/detail.series?productNo=2505304,20260810_174819,mon,월,2026-08-10 17:48:19,2026-08-10,17:48:19,2026-08-10 17:48:32,2026-08-10 17:48:35,2.29,2026-08-10 17:48:35,2026-08-10,17:48:35,2026-08-10 18:02:09,829.93
tue,45,원주민 공포만화,원주민,698918,https://comic.naver.com/webtoon/list?titleId=698918&tab=tue,3014520,원주민 공포만화,원주민 공포만화 (총 463화/미완결),총 463화/미완결,463.0,미완결,,,https://series.naver.com/comic/detail.series?productNo=3014520,matched,ok,"원주민 공포만화 (총 463화/미완결)
평점
9.7 | 원주민 원주민 | 2026.06.08. | 총463화/미완결 | 460화 무료
끝까지 방심하지 말 것!당신의 상상을 뛰어넘는 본격 반전 공포 스릴러가 온다!",tue,1,tue,1,mon,tue,True,tue,화,mon,tue,3014520_tue,pre_release,오늘 밤 10시 새 회차 공개 전 기준값 수집,909.8만,9098000.0,https://series.naver.com/comic/detail.series?productNo=3014520,20260810_174819,mon,월,2026-08-10 17:48:19,2026-08-10,17:48:19,2026-08-10 17:48:36,2026-08-10 17:48:38,2.58,2026-08-10 17:48:38,2026-08-10,17:48:38,2026-08-10 18:02:09,829.93
tue,14,사신소년,류,730656,https://comic.naver.com/webtoon/list?titleId=730656&tab=tue,4312666,사신소년,사신소년 (총 335화/미완결),총 335화/미완결,335.0,미완결,,,https://series.naver.com/comic/detail.series?productNo=4312666,matched,ok,"사신소년 (총 335화/미완결)
평점
9.5 | 류 류 | 2026.06.08. | 총335화/미완결 | 330화 무료
수명을 대가로 죽은 자의 능력을 빌리는 소년",tue,1,tue,1,mon,tue,True,tue,화,mon,tue,4312666_tue,pre_release,오늘 밤 10시 새 회차 공개 전 기준값 수집,"5,586만",55860000.0,https://series.naver.com/comic/detail.series?productNo=4312666,20260810_174819,mon,월,2026-08-10 17:48:19,2026-08-10,17:48:19,2026-08-10 17:48:40,2026-08-10 17:48:42,2.24,2026-08-10 17:48:42,2026-08-10,17:48:42,2026-08-10 18:02:09,829.93
tue,34,하루만 네가 되고 싶어,삼,738487,https://comic.naver.com/webtoon/list?titleId=738487&tab=tue,4724672,하루만 네가 되고 싶어,하루만 네가 되고 싶어 (총 258화/미완결),총 258화/미완결,258.0,미완결,,,https://series.naver.com/comic/detail.series?productNo=4724672,matched,ok,"하루만 네가 되고 싶어 (총 258화/미완결)
평점
9.9 | 삼 삼 | 2026.06.08. | 총258화/미완결 | 255화 무료
'완벽한 인생이었다, 그 애가 나타나기 전까지는'제국의 악명 높은 공녀 메데이아와 그녀가 바라는 모든 것을 가져간 프시케.반전에 반전을 거듭하는 치밀한 궁중 서스펜스",tue,1,tue,1,mon,tue,True,tue,화,mon,tue,4724672_tue,pre_release,오늘 밤 10시 새 회차 공개 전 기준값 수집,"3,447만",34470000.0,https://series.naver.com/comic/detail.series?productNo=4724672,20260810_174819,mon,월,2026-08-10 17:48:19,2026-08-10,17:48:19,2026-08-10 17:48:43,2026-08-10 17:48:46,2.74,2026-08-10 17:48:46,2026-08-10,17:48:46,2026-08-10 18:02:09,829.93
tue,71,빌런투킬,퓨핀,765156,https://comic.naver.com/webtoon/list?titleId=765156&tab=tue,5923894,빌런투킬[독점],빌런투킬[독점] (총 242화/미완결),총 242화/미완결,242.0,미완결,,,https://series.naver.com/comic/detail.series?productNo=5923894,matched,ok,"빌런투킬[독점] (총 242화/미완결)
평점
9.9 | 퓨핀 은지 | 2026.06.08. | 총242화/미완결 | 237화 무료
동료를 살해했다는 억울한 누명을 쓰고 사망한 카시안. 모든 게 끝이라고 생각한 순간.그의 영혼은 어느 소년의 몸에 빙의되어 빌런으로 각성한다.선망의 대상이자 대중의 지지를 받던 탑클래스 싸이커였던 그가 하루아침에 빌..",tue,1,tue,1,mon,tue,True,tue,화,mon,tue,5923894_tue,pre_release,오늘 밤 10시 새 회차 공개 전 기준값 수집,948.3만,9483000.0,https://series.naver.com/comic/detail.series?productNo=5923894,20260810_174819,mon,월,2026-08-10 17:48:19,2026-08-10,17:48:19,2026-08-10 17:48:47,2026-08-10 17:48:50,2.7,2026-08-10 17:48:50,2026-08-10,17:48:50,2026-08-10 18:02:09,829.93
tue,18,천마는 평범하게 살 수 없다,철범,774358,https://comic.naver.com/webtoon/list?titleId=774358&tab=tue,6278549,천마는 평범하게 살 수 없다 [독점],천마는 평범하게 살 수 없다 [독점] (총 205화/미완결),총 205화/미완결,205.0,미완결,,,https://series.naver.com/comic/detail.series?productNo=6278549,matched,ok,"천마는 평범하게 살 수 없다 [독점] (총 205화/미완결)
평점
9.4 | 철범, 산천 모구 | 2026.06.08. | 총205화/미완결 | 200화 무료
천마 백중혁, 드미트리 가문의 장남으로 눈을 뜨다. 드미트리의 얼간이, 차남에게 밀린 장남. 세간의 평판은 중요하지 않다. 천마, 아니, 로만 드미트리는 앞으로 평범하게 살 수 없다. ⓒJC미디어",tue,1,tue,1,mon,tue,True,tue,화,mon,tue,6278549_tue,pre_release,오늘 밤 10시 새 회차 공개 전 기준값 수집,"1,981만",19810000.0,https://series.naver.com/comic/detail.series?productNo=6278549,20260810_174819,mon,월,2026-08-10 17:48:19,2026-08-10,17:48:19,2026-08-10 17:48:51,2026-08-10 17:48:54,2.68,2026-08-10 17:48:54,2026-08-10,17:48:54,2026-08-10 18:02:09,829.93
tue,1,김부장,박만사,783053,https://comic.naver.com/webtoon/list?titleId=783053&tab=tue,6732898,김부장,김부장 (총 246화/미완결),총 246화/미완결,246.0,미완결,,,https://series.naver.com/comic/detail.series?productNo=6732898,matched,ok,"김부장 (총 246화/미완결)
평점
9.3 | 박만사, 남자의 이야기 정종택 | 2026.06.08. | 총246화/미완결 | 241화 무료
제발 안경 쓴 아저씨는 건들지 말자.오직 자신의 딸 '민지'를 위해 특수요원직을 관두고 평범함을 선택한 가장 김부장.그러던 어느 날 민지가 소리소문 없이 사라지고, 김부장은 자신을 감시하는 국가를 적으로 돌리면서까지 딸..",tue,1,tue,1,mon,tue,True,tue,화,mon,tue,6732898_tue,pre_release,오늘 밤 10시 새 회차 공개 전 기준값 수집,"6,632만",66320000.0,https://series.naver.com/comic/detail.series?productNo=6732898,20260810_174819,mon,월,2026-08-10 17:48:19,2026-08-10,17:48:19,2026-08-10 17:48:55,2026-08-10 17:48:57,2.63,2026-08-10 17:48:57,2026-08-10,17:48:57,2026-08-10 18:02:09,829.93
tue,7,내가 키운 S급들,seri,784248,https://comic.naver.com/webtoon/list?titleId=784248&tab=tue,6763216,내가 키운 S급들 [독점],내가 키운 S급들 [독점] (총 171화/미완결),총 171화/미완결,171.0,미완결,,,https://series.naver.com/comic/detail.series?productNo=6763216,matched,ok,"내가 키운 S급들 [독점] (총 171화/미완결)
평점
9.7 | 근서, seri 비완 | 2026.06.08. | 총171화/미완결 | 164화 무료
F급 헌터.그것도 잘나가는 S급 동생 발목이나 잡는 쓸모없고 찌질한 F급 형.개판된 인생 대충 살다가 결국 동생 목숨까지 잡아먹고 회귀한 내게 주어진 칭호,'완벽한 양육자'.그래, 이번에는 나대지 말고 얌전히 잘난놈들 뒷바..",tue,1,tue,1,mon,tue,True,tue,화,mon,tue,6763216_tue,pre_release,오늘 밤 10시 새 회차 공개 전 기준값 수집,"3,081만",30810000.0,https://series.naver.com/comic/detail.series?productNo=6763216,20260810_174819,mon,월,2026-08-10 17:48:19,2026-08-10,17:48:19,2026-08-10 17:48:59,2026-08-10 17:49:01,2.41,2026-08-10 17:49:01,2026-08-10,17:49:01,2026-08-10 18:02:09,829.93
tue,12,멸망 이후의 세계,언데드딸기,789979,https://comic.naver.com/webtoon/list?titleId=789979&tab=tue,8144546,멸망 이후의 세계 [독점],멸망 이후의 세계 [독점] (총 239화/미완결),총 239화/미완결,239.0,미완결,,,https://series.naver.com/comic/detail.series?productNo=8144546,matched,ok,"멸망 이후의 세계 [독점] (총 239화/미완결)
평점
9.9 | 언데드딸기, 싱숑 언데드감자 | 2026.06.08. | 총239화/미완결 | 228화 무료
<전지적 독자 시점> 싱숑 작가 원작.이것은 모두가 과거로 돌아갈 때 마지막까지 회귀하지 않았던 한 사나이의 이야기다.",tue,1,tue,1,mon,tue,True,tue,화,mon,tue,8144546_tue,pre_release,오늘 밤 10시 새 회차 공개 전 기준값 수집,"2,209만",22090000.0,https://series.naver.com/comic/detail.series?productNo=8144546,20260810_174819,mon,월,2026-08-10 17:48:19,2026-08-10,17:48:19,2026-08-10 17:49:03,2026-08-10 17:49:05,2.23,2026-08-10 17:49:05,2026-08-10,17:49:05,2026-08-10 18:02:09,829.93
tue,95,붉은 이정표,달뜬,790776,https://comic.naver.com/webtoon/list?titleId=790776&tab=tue,8290637,붉은 이정표,붉은 이정표 (총 174화/미완결),총 174화/미완결,174.0,미완결,,,https://series.naver.com/comic/detail.series?productNo=8290637,matched,ok,"붉은 이정표 (총 174화/미완결)
평점
9.9 | 달뜬 달뜬 | 2026.06.08. | 총174화/미완결 | 171화 무료
세상의 평화를 유지하던 최강의 도깨비 집단 '홍혜.' 그러던 어느 날 동료의 배신으로 도깨비 '린'은 홍혜와 친구들 모두를 잃게 된다.분노로 가득 찬 그는 홍혜의 최강전력 '검은 귀신' 으로서 복수를 향해 길을 떠난다.",tue,1,tue,1,mon,tue,True,tue,화,mon,tue,8290637_tue,pre_release,오늘 밤 10시 새 회차 공개 전 기준값 수집,135.9만,1359000.0,https://series.naver.com/comic/detail.series?productNo=8290637,20260810_174819,mon,월,2026-08-10 17:48:19,2026-08-10,17:48:19,2026-08-10 17:49:06,2026-08-10 17:49:09,2.49,2026-08-10 17:49:09,2026-08-10,17:49:09,2026-08-10 18:02:09,829.93
tue,93,내남친 킹카만들기,랑쓰,791126,https://comic.naver.com/webtoon/list?titleId=791126&tab=tue,8212775,내남친 킹카만들기,내남친 킹카만들기 (총 185화/미완결),총 185화/미완결,185.0,미완결,,,https://series.naver.com/comic/detail.series?productNo=8212775,matched,ok,"내남친 킹카만들기 (총 185화/미완결)
평점
9.9 | 랑쓰 섯끼 | 2026.06.08. | 총185화/미완결 | 182화 무료
사랑스러운 외모의 SNS 스타 윤시아는 관리라고는 한번도 해본 적 없는 방구석 아싸 김민호를 킹카로 만드는 콘텐츠를 시작한다.과연.. 그는 긁지 않은 복권이 맞을까? 두근두근 k-하이틴 로맨스!",tue,1,tue,1,mon,tue,True,tue,화,mon,tue,8212775_tue,pre_release,오늘 밤 10시 새 회차 공개 전 기준값 수집,284.4만,2844000.0,https://series.naver.com/comic/detail.series?productNo=8212775,20260810_174819,mon,월,2026-08-10 17:48:19,2026-08-10,17:48:19,2026-08-10 17:49:10,2026-08-10 17:49:12,2.61,2026-08-10 17:49:12,2026-08-10,17:49:12,2026-08-10 18:02:09,829.93
tue,86,저 그런 인재 아닙니다,에몽,802840,https://comic.naver.com/webtoon/list?titleId=802840&tab=tue,9099632,저 그런 인재 아닙니다 [독점],저 그런 인재 아닙니다 [독점] (총 118화/미완결),총 118화/미완결,118.0,미완결,"에몽, 덴피 머나","평점 10.0 | 에몽, 덴피 머나 | 2026.02.16. | 총118화/미완결 | 전화 무료",https://series.naver.com/comic/detail.series?productNo=9099632,matched,ok,"저 그런 인재 아닙니다 [독점] (총 118화/미완결)
평점
10.0 | 에몽, 덴피 머나 | 2026.02.16. | 총118화/미완결 | 전화 무료
스트레스만 받으면 피를 토하는 병약하기 짝이 없는 나, 데온 하르트.하지만 어쩐지 강하다는 오해를 받고 제국에서는 모두의 두려움을 받는 하르트 명예 백작인 동시에, 마계에서는 마왕이 가장 신임하는 0군단장이 되었는데..",tue,1,tue,1,mon,tue,True,tue,화,mon,tue,9099632_tue,pre_release,오늘 밤 10시 새 회차 공개 전 기준값 수집,618.4만,6184000.0,https://series.naver.com/comic/detail.series?productNo=9099632,20260810_174819,mon,월,2026-08-10 17:48:19,2026-08-10,17:48:19,2026-08-10 17:49:14,2026-08-10 17:49:17,2.53,2026-08-10 17:49:17,2026-08-10,17:49:17,2026-08-10 18:02:09,829.93
tue,84,그냥 선생님,연일,804333,https://comic.naver.com/webtoon/list?titleId=804333&tab=tue,9238232,그냥 선생님,그냥 선생님 (총 363화/미완결),총 363화/미완결,363.0,미완결,,,https://series.naver.com/comic/detail.series?productNo=9238232,matched,ok,"그냥 선생님 (총 363화/미완결)
평점
10.0 | 연일 연일 | 2026.06.08. | 총363화/미완결 | 354화 무료
선생님 집은 학교 아니에요? 선생님도 집이 있어요?우리들 모두의 학창 시절, 언제나 그 자리에 있을 거만 같은 선생님들.수업이 끝난 교실, 학교 바깥. 그냥 선생님들의 평범하고 사랑스러운 일상,일상 로맨스 <그냥 선생님>","tue,fri",2,"tue,fri",2,"mon,thu","tue,fri",True,tue,화,mon,tue,9238232_tue,pre_release,오늘 밤 10시 새 회차 공개 전 기준값 수집,251.9만,2519000.0,https://series.naver.com/comic/detail.series?productNo=9238232,20260810_174819,mon,월,2026-08-10 17:48:19,2026-08-10,17:48:19,2026-08-10 17:49:18,2026-08-10 17:49:20,2.14,2026-08-10 17:49:20,2026-08-10,17:49:20,2026-08-10 18:02:09,829.93
tue,33,신과함께 돌아온 기사왕님,지대공마법소년,809618,https://comic.naver.com/webtoon/list?titleId=809618&tab=tue,9763831,신과함께 돌아온 기사왕님[독점],신과함께 돌아온 기사왕님[독점] (총 168화/미완결),총 168화/미완결,168.0,미완결,,,https://series.naver.com/comic/detail.series?productNo=9763831,matched,ok,"신과함께 돌아온 기사왕님[독점] (총 168화/미완결)
평점
9.7 | 사람살려. 전천후마검사 | 2026.06.08. | 총168화/미완결 | 160화 무료
이세계에서 300년동안 악마사냥을 하다 지구로 귀환했다.하지만 나 혼자 오진 않았다.",tue,1,tue,1,mon,tue,True,tue,화,mon,tue,9763831_tue,pre_release,오늘 밤 10시 새 회차 공개 전 기준값 수집,745.7만,7457000.0,https://series.naver.com/comic/detail.series?productNo=9763831,20260810_174819,mon,월,2026-08-10 17:48:19,2026-08-10,17:48:19,2026-08-10 17:49:21,2026-08-10 17:49:23,2.21,2026-08-10 17:49:23,2026-08-10,17:49:23,2026-08-10 18:02:09,829.93
tue,83,포 더 퀸덤,,812414,https://comic.naver.com/webtoon/list?titleId=812414&tab=tue,9895056,포 더 퀸덤,포 더 퀸덤 (총 128화/미완결),총 128화/미완결,128.0,미완결,로즈옹 로즈옹,평점 9.0 | 로즈옹 로즈옹 | 2026.06.15. | 총128화/미완결 | 123화 무료,https://series.naver.com/comic/detail.series?productNo=9895056,review_needed,not_found,"포 더 퀸덤 (총 128화/미완결)
평점
9.0 | 로즈옹 로즈옹 | 2026.06.15. | 총128화/미완결 | 123화 무료
악마 아벨은 인간 여자 연리에게 사랑하는 형, 카인을 잃고 만다.분노에 가득 차 연리를 찾아간 아벨은 사랑에 빠지는 금총알을 맞게 되면서, 연리에게 끓어오르는 사랑을 느끼게 되는데…그는 과연 형제의 복수를 택할 것인가..",tue,1,tue,1,mon,tue,True,tue,화,mon,tue,9895056_tue,pre_release,오늘 밤 10시 새 회차 공개 전 기준값 수집,,,https://nid.naver.com/nidlogin.login?svctype=128&a_version=2&viewtype=1&url=http%3A%2F%2Fseries.naver.com%2Fcomic%2Fdetail.series%3FproductNo%3D9895056&surl=https%3A%2F%2Fseries.naver.com,20260810_174819,mon,월,2026-08-10 17:48:19,2026-08-10,17:48:19,2026-08-10 17:49:24,2026-08-10 17:49:41,17.11,2026-08-10 17:49:41,2026-08-10,17:49:41,2026-08-10 18:02:09,829.93
tue,66,착한 여자 안선해,선우,812576,https://comic.naver.com/webtoon/list?titleId=812576&tab=tue,9908340,착한 여자 안선해,착한 여자 안선해 (총 115화/미완결),총 115화/미완결,115.0,미완결,,,https://series.naver.com/comic/detail.series?productNo=9908340,matched,ok,"착한 여자 안선해 (총 115화/미완결)
평점
10.0 | 선우 선우 | 2026.06.08. | 총115화/미완결 | 113화 무료
사람들이 생각하는 ‘착하다’는 무슨 뜻일까? 선해는 착하다는 말을 싫어한다. 어린 시절부터 사람들이 이유 없이 선해가 착하다고 말해왔기 때문이다. 착한 일을 한 적도 없는데 왜 그렇게 말하는 건지. 사람들의 세뇌 덕분에..",tue,1,tue,1,mon,tue,True,tue,화,mon,tue,9908340_tue,pre_release,오늘 밤 10시 새 회차 공개 전 기준값 수집,104.5만,1045000.0,https://series.naver.com/comic/detail.series?productNo=9908340,20260810_174819,mon,월,2026-08-10 17:48:19,2026-08-10,17:48:19,2026-08-10 17:49:43,2026-08-10 17:49:46,3.6,2026-08-10 17:49:46,2026-08-10,17:49:46,2026-08-10 18:02:09,829.93
tue,5,신입사원 김철수,스튜디오MW,812594,https://comic.naver.com/webtoon/list?titleId=812594&tab=tue,9910932,신입사원 김철수 [독점],신입사원 김철수 [독점] (총 156화/미완결),총 156화/미완결,156.0,미완결,,,https://series.naver.com/comic/detail.series?productNo=9910932,matched,ok,"신입사원 김철수 [독점] (총 156화/미완결)
평점
9.3 | 스튜디오MW, 오정 스튜디오MW | 2026.06.08. | 총156화/미완결 | 153화 무료
평생을 바친 회사로부터 버림받은 그날,입사 첫 날의 그 순간으로 돌아와 버렸다?국내 굴지의 대기업 한영통산에 입사한 무스펙 신입사원 김철수.과연 이번 생에는 그토록 염원하던 '사장'의 자리에 오를 수 있을까?현대판 입..",tue,1,tue,1,mon,tue,True,tue,화,mon,tue,9910932_tue,pre_release,오늘 밤 10시 새 회차 공개 전 기준값 수집,881.7만,8817000.0,https://series.naver.com/comic/detail.series?productNo=9910932,20260810_174819,mon,월,2026-08-10 17:48:19,2026-08-10,17:48:19,2026-08-10 17:49:48,2026-08-10 17:49:50,2.73,2026-08-10 17:49:50,2026-08-10,17:49:50,2026-08-10 18:02:09,829.93
tue,17,이섭의 연애,248,813454,https://comic.naver.com/webtoon/list?titleId=813454&tab=tue,10002065,이섭의 연애,이섭의 연애 (총 106화/미완결),총 106화/미완결,106.0,미완결,,,https://series.naver.com/comic/detail.series?productNo=10002065,matched,ok,"이섭의 연애 (총 106화/미완결)
평점
9.9 | 김언희 248 | 2026.06.01. | 총106화/미완결 | 104화 무료
10년 연속 업무달성률 1위! 최단기 최연소 승진 코스를 밟고 있는 최우수 사원!1등만 해 온 나에게 첫 2등의 경험을 안겨준 입사동기, 강민경.내 자존심을 짓밟은 그녀가 나, 태이섭 전무의 비서가 됐다.그 뛰어난 업무처리 능..",tue,1,tue,1,mon,tue,True,tue,화,mon,tue,10002065_tue,pre_release,오늘 밤 10시 새 회차 공개 전 기준값 수집,"1,343만",13430000.0,https://series.naver.com/comic/detail.series?productNo=10002065,20260810_174819,mon,월,2026-08-10 17:48:19,2026-08-10,17:48:19,2026-08-10 17:49:51,2026-08-10 17:49:53,2.11,2026-08-10 17:49:53,2026-08-10,17:49:53,2026-08-10 18:02:09,829.93
tue,50,내 남편의 정부에게,에리카,817366,https://comic.naver.com/webtoon/list?titleId=817366&tab=tue,10253512,내 남편의 정부에게 [독점],내 남편의 정부에게 [독점] (총 117화/미완결),총 117화/미완결,117.0,미완결,,,https://series.naver.com/comic/detail.series?productNo=10253512,matched,ok,"내 남편의 정부에게 [독점] (총 117화/미완결)
평점
9.7 | 에리카 댄싱브레인 | 2026.06.08. | 총117화/미완결 | 113화 무료
나, 레티시아 비올렛은 남편에게 헌신했지만, 모든 것을 잃었다.그대로 목숨까지 잃을 뻔하던 찰나, 한 남자가 나타난다.그 남자는 완벽한 복수를 이루도록 도와준다는데…""제 복수를 이루어 주겠다는 말… 꼭 지켜 주세요.""날 ..",tue,1,tue,1,mon,tue,True,tue,화,mon,tue,10253512_tue,pre_release,오늘 밤 10시 새 회차 공개 전 기준값 수집,488.2만,4882000.0,https://series.naver.com/comic/detail.series?productNo=10253512,20260810_174819,mon,월,2026-08-10 17:48:19,2026-08-10,17:48:19,2026-08-10 17:49:55,2026-08-10 17:49:58,2.8,2026-08-10 17:49:58,2026-08-10,17:49:58,2026-08-10 18:02:09,829.93
tue,9,염라강림,바른꽃,818192,https://comic.naver.com/webtoon/list?titleId=818192&tab=tue,10337552,염라강림 [독점],염라강림 [독점] (총 140화/미완결),총 140화/미완결,140.0,미완결,,,https://series.naver.com/comic/detail.series?productNo=10337552,matched,ok,"염라강림 [독점] (총 140화/미완결)
평점
9.8 | 바른꽃 바른꽃 | 2026.06.01. | 총140화/미완결 | 135화 무료
""그 어떤 자도, 내 앞에 설 때는 한낱 죄인이야.""지옥이 망했다.피가 흘러야 할 황천에는 맑은 물이 흐르고 망자들을 끓이던 솥은 차갑게 식은지 오래다. 은퇴한 '염라대왕'은 자신의 행복을 위해 윤회의 길을 택하고자 하지만,혼..",tue,1,tue,1,mon,tue,True,tue,화,mon,tue,10337552_tue,pre_release,오늘 밤 10시 새 회차 공개 전 기준값 수집,731.2만,7312000.0,https://series.naver.com/comic/detail.series?productNo=10337552,20260810_174819,mon,월,2026-08-10 17:48:19,2026-08-10,17:48:19,2026-08-10 17:49:59,2026-08-10 17:50:02,2.46,2026-08-10 17:50:02,2026-08-10,17:50:02,2026-08-10 18:02:09,829.93
tue,16,아카데미 플레이어를 죽였다,기린그린,818434,https://comic.naver.com/webtoon/list?titleId=818434&tab=tue,10378077,아카데미 플레이어를 죽였다,아카데미 플레이어를 죽였다 (총 128화/미완결),총 128화/미완결,128.0,미완결,,,https://series.naver.com/comic/detail.series?productNo=10378077,matched,ok,"아카데미 플레이어를 죽였다 (총 128화/미완결)
평점
9.6 | 사람살려. 기린그린 | 2026.06.08. | 총128화/미완결 | 120화 무료
플레이어를 죽였다.죽일 만한 놈이었다. 아주 X새끼였거든.",tue,1,tue,1,mon,tue,True,tue,화,mon,tue,10378077_tue,pre_release,오늘 밤 10시 새 회차 공개 전 기준값 수집,756.5만,7565000.0,https://series.naver.com/comic/detail.series?productNo=10378077,20260810_174819,mon,월,2026-08-10 17:48:19,2026-08-10,17:48:19,2026-08-10 17:50:03,2026-08-10 17:50:05,1.82,2026-08-10 17:50:05,2026-08-10,17:50:05,2026-08-10 18:02:09,829.93
tue,38,약 파는 황태자,하강호,818969,https://comic.naver.com/webtoon/list?titleId=818969&tab=tue,10402051,약 파는 황태자,약 파는 황태자 (총 118화/미완결),총 118화/미완결,118.0,미완결,,,https://series.naver.com/comic/detail.series?productNo=10402051,matched,ok,"약 파는 황태자 (총 118화/미완결)
평점
9.7 | 문백경, 하강호 히스 | 2026.06.08. | 총118화/미완결 | 113화 무료
내가 황태자라고? 소설 속 병약요절한 그 황태자?그런데 나, 한의사인데?어쩔 수 없다.체질개선, 원기회복, 자양강장, 활력증진까지.이제부터 내 몸은 내가 챙긴다.",tue,1,tue,1,mon,tue,True,tue,화,mon,tue,10402051_tue,pre_release,오늘 밤 10시 새 회차 공개 전 기준값 수집,305.6만,3056000.0,https://series.naver.com/comic/detail.series?productNo=10402051,20260810_174819,mon,월,2026-08-10 17:48:19,2026-08-10,17:48:19,2026-08-10 17:50:06,2026-08-10 17:50:09,2.7,2026-08-10 17:50:09,2026-08-10,17:50:09,2026-08-10 18:02:09,829.93
tue,104,시한부 황후의 나쁜 짓,굄,819054,https://comic.naver.com/webtoon/list?titleId=819054&tab=tue,10468112,시한부 황후의 나쁜 짓,시한부 황후의 나쁜 짓 (총 104화/미완결),총 104화/미완결,104.0,미완결,,,https://series.naver.com/comic/detail.series?productNo=10468112,matched,ok,"시한부 황후의 나쁜 짓 (총 104화/미완결)
평점
9.8 | 굄, 정무늬 이준 | 2026.06.08. | 총104화/미완결 | 99화 무료
정략결혼이었지만 첫사랑이었다. 황제여서가 아니라 당신이어서 사랑했다.휠체어를 탄 몸으로 스텔라는 제국과 남편을 위해 헌신했다.그러나 돌아온 것은 처절한 죽음.여신은 사지가 마비되어 죽은 스텔라를 회귀시켰다.이번 ..",tue,1,tue,1,mon,tue,True,tue,화,mon,tue,10468112_tue,pre_release,오늘 밤 10시 새 회차 공개 전 기준값 수집,35만,350000.0,https://series.naver.com/comic/detail.series?productNo=10468112,20260810_174819,mon,월,2026-08-10 17:48:19,2026-08-10,17:48:19,2026-08-10 17:50:11,2026-08-10 17:50:13,2.82,2026-08-10 17:50:13,2026-08-10,17:50:13,2026-08-10 18:02:09,829.93
tue,97,뜻밖의 청혼,이건,821855,https://comic.naver.com/webtoon/list?titleId=821855&tab=tue,10770620,뜻밖의 청혼,뜻밖의 청혼 (총 84화/미완결),총 84화/미완결,84.0,미완결,,,https://series.naver.com/comic/detail.series?productNo=10770620,matched,ok,"뜻밖의 청혼 (총 84화/미완결)
평점
9.9 | 이건 홍홍 | 2026.06.08. | 총84화/미완결 | 80화 무료
노이슈타인의 공주 알리시아가 칼을 든 순간 슈바르한의 늑대 카벨레누스와 조우한 것은 운명이었다. '포기하는 법을 알고 있을 뿐이에요.' 오래 전 체념한 알리시아의 손을 놓지 않는 카벨레누스. 두 사람은 휘몰아치는 운명의..",tue,1,tue,1,mon,tue,True,tue,화,mon,tue,10770620_tue,pre_release,오늘 밤 10시 새 회차 공개 전 기준값 수집,95.4만,954000.0,https://series.naver.com/comic/detail.series?productNo=10770620,20260810_174819,mon,월,2026-08-10 17:48:19,2026-08-10,17:48:19,2026-08-10 17:50:15,2026-08-10 17:50:18,2.7,2026-08-10 17:50:18,2026-08-10,17:50:18,2026-08-10 18:02:09,829.93
tue,37,사람의 탈,우주돌,822198,https://comic.naver.com/webtoon/list?titleId=822198&tab=tue,10809677,사람의 탈,사람의 탈 (총 97화/미완결),총 97화/미완결,97.0,미완결,,,https://series.naver.com/comic/detail.series?productNo=10809677,matched,ok,"사람의 탈 (총 97화/미완결)
평점
10.0 | 우주돌 우주돌 | 2026.06.08. | 총97화/미완결 | 92화 무료
탈은 예술, 춤은 무술!천대받는 탈춤광대 ‘봉산’은 스승이 남긴 지도를 따라왕이 되려는 괴물 호랑이 ‘사풍흑호’를 막기 위해전설 속의 '사람의 탈'을 찾아 모험을 떠나게 되는데 …",tue,1,tue,1,mon,tue,True,tue,화,mon,tue,10809677_tue,pre_release,오늘 밤 10시 새 회차 공개 전 기준값 수집,321만,3210000.0,https://series.naver.com/comic/detail.series?productNo=10809677,20260810_174819,mon,월,2026-08-10 17:48:19,2026-08-10,17:48:19,2026-08-10 17:50:19,2026-08-10 17:50:21,2.58,2026-08-10 17:50:21,2026-08-10,17:50:21,2026-08-10 18:02:09,829.93
tue,72,사리네 보석함,쪼,822833,https://comic.naver.com/webtoon/list?titleId=822833&tab=tue,10861286,사리네 보석함 [독점],사리네 보석함 [독점] (총 96화/미완결),총 96화/미완결,96.0,미완결,,,https://series.naver.com/comic/detail.series?productNo=10861286,matched,ok,"사리네 보석함 [독점] (총 96화/미완결)
평점
9.9 | 쪼 쪼 | 2026.06.08. | 총96화/미완결 | 92화 무료
사리가 만나는 사람들은 하나같이 어딘가 좀 이상하다.늘 완벽하고 멋진 누군가를 동경하며 그렇지 못한 자신을 질책하는 평범한 21살의 여대생 송사리. 사리는 1년 동안 다양한 사람을 만나지만 그들은 하나같이 어딘가 좀 ..",tue,1,tue,1,mon,tue,True,tue,화,mon,tue,10861286_tue,pre_release,오늘 밤 10시 새 회차 공개 전 기준값 수집,101.5만,1015000.0,https://series.naver.com/comic/detail.series?productNo=10861286,20260810_174819,mon,월,2026-08-10 17:48:19,2026-08-10,17:48:19,2026-08-10 17:50:22,2026-08-10 17:50:25,2.79,2026-08-10 17:50:25,2026-08-10,17:50:25,2026-08-10 18:02:09,829.93
tue,40,불 빌려드릴까요?,호진,822931,https://comic.naver.com/webtoon/list?titleId=822931&tab=tue,10887174,불 빌려드릴까요?,불 빌려드릴까요? (총 95화/미완결),총 95화/미완결,95.0,미완결,,,https://series.naver.com/comic/detail.series?productNo=10887174,matched,ok,"불 빌려드릴까요? (총 95화/미완결)
평점
9.9 | 호진 호진 | 2026.06.01. | 총95화/미완결 | 92화 무료
실은 선생님이 되고 싶지 않았다. 꿈을 접고 선택한 길에 나름의 책임을 다하려는 찰나, ""불 빌려드릴까요?"" 건방진 남학생이 건넨 말.천재적인 재능, 넘쳐나는 재력, 유명세는 덤인 이 건방진 애와 얽히면서 선생으로서의 인생..",tue,1,tue,1,mon,tue,True,tue,화,mon,tue,10887174_tue,pre_release,오늘 밤 10시 새 회차 공개 전 기준값 수집,407.8만,4078000.0,https://series.naver.com/comic/detail.series?productNo=10887174,20260810_174819,mon,월,2026-08-10 17:48:19,2026-08-10,17:48:19,2026-08-10 17:50:26,2026-08-10 17:50:29,2.62,2026-08-10 17:50:29,2026-08-10,17:50:29,2026-08-10 18:02:09,829.93
tue,43,나만 보는 탑 공략집,사도,823434,https://comic.naver.com/webtoon/list?titleId=823434&tab=tue,10963734,나만 보는 탑 공략집,나만 보는 탑 공략집 (총 123화/미완결),총 123화/미완결,123.0,미완결,,,https://series.naver.com/comic/detail.series?productNo=10963734,matched,ok,"나만 보는 탑 공략집 (총 123화/미완결)
평점
9.5 | 사도, 쾌조 X-NAME | 2026.06.08. | 총123화/미완결 | 114화 무료
[당신은 공략집을 사용 하시겠습니까?] 어느 날 찾아온 의문의 메시지, 지구의 종말과 함께 생존 게임이 시작되었다. 서로를 '불신' 하게 하며, '다툼'을 일으키고, '파멸'에 이르기를 유도하는 탑 ···. 나는 결코 흔들리지 ..",tue,1,tue,1,mon,tue,True,tue,화,mon,tue,10963734_tue,pre_release,오늘 밤 10시 새 회차 공개 전 기준값 수집,301.7만,3017000.0,https://series.naver.com/comic/detail.series?productNo=10963734,20260810_174819,mon,월,2026-08-10 17:48:19,2026-08-10,17:48:19,2026-08-10 17:50:30,2026-08-10 17:50:32,2.21,2026-08-10 17:50:32,2026-08-10,17:50:32,2026-08-10 18:02:09,829.93
tue,74,죽어 천국에 가다,수사반장,826887,https://comic.naver.com/webtoon/list?titleId=826887&tab=tue,11225187,죽어 천국에 가다,죽어 천국에 가다 (총 106화/미완결),총 106화/미완결,106.0,미완결,,,https://series.naver.com/comic/detail.series?productNo=11225187,matched,ok,"죽어 천국에 가다 (총 106화/미완결)
평점
9.8 | 수사반장 수사반장 | 2026.06.08. | 총106화/미완결 | 101화 무료
고철수는 삶에 미련이 없다.저승의 삶도 환생도 싫었다.고철수는 완전한 죽음을 꿈꾼다.자신의 존재가 완전히 사라지길 원했다.하지만 그런 철수를 세상은 놓아주지 않는다.",tue,1,tue,1,mon,tue,True,tue,화,mon,tue,11225187_tue,pre_release,오늘 밤 10시 새 회차 공개 전 기준값 수집,89.9만,899000.0,https://series.naver.com/comic/detail.series?productNo=11225187,20260810_174819,mon,월,2026-08-10 17:48:19,2026-08-10,17:48:19,2026-08-10 17:50:34,2026-08-10 17:50:36,2.55,2026-08-10 17:50:36,2026-08-10,17:50:36,2026-08-10 18:02:09,829.93
tue,82,재난은 늘 곁에 있다,이혜,827333,https://comic.naver.com/webtoon/list?titleId=827333&tab=tue,11269302,재난은 늘 곁에 있다,재난은 늘 곁에 있다 (총 84화/미완결),총 84화/미완결,84.0,미완결,이혜 이혜,평점 10.0 | 이혜 이혜 | 2026.01.12. | 총84화/미완결 | 전화 무료,https://series.naver.com/comic/detail.series?productNo=11269302,matched,ok,"재난은 늘 곁에 있다 (총 84화/미완결)
평점
10.0 | 이혜 이혜 | 2026.01.12. | 총84화/미완결 | 전화 무료
하루 아침에 10년의 세월이 사라져버린 여자 윤다미, 그 모든 게 신이라는 남자와 엮이면서 시작되었다.하지만 신은 본인과는 무관한 일이라며 다미를 무시한다.그러던 중 다미의 집안에 오랫동안 찾아 헤매던 ‘물건’의 존..",tue,1,tue,1,mon,tue,True,tue,화,mon,tue,11269302_tue,pre_release,오늘 밤 10시 새 회차 공개 전 기준값 수집,106.8만,1068000.0,https://series.naver.com/comic/detail.series?productNo=11269302,20260810_174819,mon,월,2026-08-10 17:48:19,2026-08-10,17:48:19,2026-08-10 17:50:38,2026-08-10 17:50:40,2.07,2026-08-10 17:50:40,2026-08-10,17:50:40,2026-08-10 18:02:09,829.93
tue,78,아카데미가 망했다,BIN,828077,https://comic.naver.com/webtoon/list?titleId=828077&tab=tue,11346229,아카데미가 망했다 [독점],아카데미가 망했다 [독점] (총 104화/미완결),총 104화/미완결,104.0,미완결,,,https://series.naver.com/comic/detail.series?productNo=11346229,matched,ok,"아카데미가 망했다 [독점] (총 104화/미완결)
평점
9.9 | ROHRAN, BIN GG | 2026.06.01. | 총104화/미완결 | 99화 무료
[매주 화요일 연재]신입 교사로 부임한 아카데미가 망해버렸다?!도박에 빠진 학장과 나태 교사, 무기력한 학생들까지!탈출과 출세의 갈림길에 선 욕망 가득 신입 교사 '아몬 드레이크'가 선택한 다음 걸음은?뒷골이 알싸해지..",tue,1,tue,1,mon,tue,True,tue,화,mon,tue,11346229_tue,pre_release,오늘 밤 10시 새 회차 공개 전 기준값 수집,113.5만,1135000.0,https://series.naver.com/comic/detail.series?productNo=11346229,20260810_174819,mon,월,2026-08-10 17:48:19,2026-08-10,17:48:19,2026-08-10 17:50:41,2026-08-10 17:50:43,1.99,2026-08-10 17:50:43,2026-08-10,17:50:43,2026-08-10 18:02:09,829.93
tue,62,개집사,고추참치,828292,https://comic.naver.com/webtoon/list?titleId=828292&tab=tue,11371316,개집사,개집사 (총 203화/미완결),총 203화/미완결,203.0,미완결,,,https://series.naver.com/comic/detail.series?productNo=11371316,matched,ok,"개집사 (총 203화/미완결)
평점
10.0 | 고추참치 고추참치 | 2026.06.08. | 총203화/미완결 | 198화 무료
출근도 퇴근도 없는 똑같은 일상의 작가…눈치채지 못한 사이 작가의 삶에 다이나믹한 소재를 주는 두 존재가 있었는데…! 작지만 자존감 만큼은 하늘 같은 말티즈, 덩칫값못하는 진도 믹스 아가씨들을 모시는 집사&작가의 삶","tue,fri",2,"tue,fri",2,"mon,thu","tue,fri",True,tue,화,mon,tue,11371316_tue,pre_release,오늘 밤 10시 새 회차 공개 전 기준값 수집,62.9만,629000.0,https://series.naver.com/comic/detail.series?productNo=11371316,20260810_174819,mon,월,2026-08-10 17:48:19,2026-08-10,17:48:19,2026-08-10 17:50:44,2026-08-10 17:50:47,2.58,2026-08-10 17:50:47,2026-08-10,17:50:47,2026-08-10 18:02:09,829.93
tue,49,천만청춘,유월,828402,https://comic.naver.com/webtoon/list?titleId=828402&tab=tue,11389531,천만청춘,천만청춘 (총 81화/미완결),총 81화/미완결,81.0,미완결,,,https://series.naver.com/comic/detail.series?productNo=11389531,matched,ok,"천만청춘 (총 81화/미완결)
평점
10.0 | 유월 | 2026.06.08. | 총81화/미완결 | 78화 무료
중학교 때 나가는 대회마다 수상해 상금을 쓸어와 '대회의 신'이라는 별명이 붙은 영이.수치스러운 별명이 싫어 고등학교에서는 죽은듯이 공부만 하려고 했으나… 고등학교에 거액의 상금이 걸린 '청춘' 공모전이 등장한다.'청..",tue,1,tue,1,mon,tue,True,tue,화,mon,tue,11389531_tue,pre_release,오늘 밤 10시 새 회차 공개 전 기준값 수집,247.4만,2474000.0,https://series.naver.com/comic/detail.series?productNo=11389531,20260810_174819,mon,월,2026-08-10 17:48:19,2026-08-10,17:48:19,2026-08-10 17:50:48,2026-08-10 17:50:50,2.35,2026-08-10 17:50:50,2026-08-10,17:50:50,2026-08-10 18:02:09,829.93
tue,2,절대회귀,JP,828715,https://comic.naver.com/webtoon/list?titleId=828715&tab=tue,11418449,절대회귀,절대회귀 (총 105화/미완결),총 105화/미완결,105.0,미완결,,,https://series.naver.com/comic/detail.series?productNo=11418449,matched,ok,"절대회귀 (총 105화/미완결)
평점
10.0 | JP, 장영훈 박진환 | 2026.06.08. | 총105화/미완결 | 98화 무료
""나를 과거로 보내주시오.""이 시대에서 그를 죽일 수 없다면, 과거로 돌아가면 되리라. 시간을 거스를 수 있는 '회귀대법(回歸大法)'으로 그토록 원하던 과거로 회귀한 한 남자. 가족도, 친구도, 삶도, 모두 잃었던 '검무극(劍無..",tue,1,tue,1,mon,tue,True,tue,화,mon,tue,11418449_tue,pre_release,오늘 밤 10시 새 회차 공개 전 기준값 수집,"1,943만",19430000.0,https://series.naver.com/comic/detail.series?productNo=11418449,20260810_174819,mon,월,2026-08-10 17:48:19,2026-08-10,17:48:19,2026-08-10 17:50:51,2026-08-10 17:50:53,2.24,2026-08-10 17:50:53,2026-08-10,17:50:53,2026-08-10 18:02:09,829.93
tue,64,가공낙원,삼촌,830053,https://comic.naver.com/webtoon/list?titleId=830053&tab=tue,11555264,가공낙원,가공낙원 (총 97화/미완결),총 97화/미완결,97.0,미완결,,,https://series.naver.com/comic/detail.series?productNo=11555264,matched,ok,"가공낙원 (총 97화/미완결)
평점
10.0 | 삼촌 삼촌 | 2026.06.08. | 총97화/미완결 | 92화 무료
남다른 직감을 가진 고등학생 산호는, 어느 날 자신에게만 보이는 괴물들의 싸움에 휘말려 죽을 위기에 처한다.죽다 살아나 눈을 뜬 장소는 인간을 애완동물로 키우는 괴물들의 세상.졸지에 괴물의 애완인간이 된 산호는 어떻..",tue,1,tue,1,mon,tue,True,tue,화,mon,tue,11555264_tue,pre_release,오늘 밤 10시 새 회차 공개 전 기준값 수집,200.6만,2006000.0,https://series.naver.com/comic/detail.series?productNo=11555264,20260810_174819,mon,월,2026-08-10 17:48:19,2026-08-10,17:48:19,2026-08-10 17:50:55,2026-08-10 17:50:57,1.96,2026-08-10 17:50:57,2026-08-10,17:50:57,2026-08-10 18:02:09,829.93
tue,13,백작가의 비밀스런 시녀님,MIDNIGHT STUDIO,830106,https://comic.naver.com/webtoon/list?titleId=830106&tab=tue,11544667,백작가의 비밀스런 시녀님 [독점],백작가의 비밀스런 시녀님 [독점] (총 93화/미완결),총 93화/미완결,93.0,미완결,,,https://series.naver.com/comic/detail.series?productNo=11544667,matched,ok,"백작가의 비밀스런 시녀님 [독점] (총 93화/미완결)
평점
10.0 | 백주아 MIDNIGHT STUDIO | 2026.06.08. | 총93화/미완결 | 88화 무료
가난한 집에서 태어난, 끔찍하게 못생긴 계집아이 '폴라'.우연한 계기로 명망 높은 벨루니타 백작가의 사용인으로 고용된다.그런데, 모셔야 할 주인님 '빈센트 벨루니타'는시력을 잃은 후 공포에 떨며 방에 틀어박혀 있기만 한..",tue,1,tue,1,mon,tue,True,tue,화,mon,tue,11544667_tue,pre_release,오늘 밤 10시 새 회차 공개 전 기준값 수집,653.3만,6533000.0,https://series.naver.com/comic/detail.series?productNo=11544667,20260810_174819,mon,월,2026-08-10 17:48:19,2026-08-10,17:48:19,2026-08-10 17:50:58,2026-08-10 17:51:00,2.54,2026-08-10 17:51:00,2026-08-10,17:51:00,2026-08-10 18:02:09,829.93
tue,52,귀공자,한동우,831168,https://comic.naver.com/webtoon/list?titleId=831168&tab=tue,11582551,귀공자,귀공자 (총 91화/미완결),총 91화/미완결,91.0,미완결,,,https://series.naver.com/comic/detail.series?productNo=11582551,matched,ok,"귀공자 (총 91화/미완결)
평점
9.7 | 한동우 이도희 | 2026.06.04. | 총91화/미완결 | 89화 무료
한국 굴지의 대기업 '천구'의 후계자인 '진태하'. 가족들과의 요트 여행 중 테러범의 습격으로 인해 홀로 살아남는다.'진태하'는 사고가 아닌, 친척들의 권력 암투로 인해 가족들이 살해당한 것임을 알게 되고, 이탈리아 마피아 '..",tue,1,tue,1,mon,tue,True,tue,화,mon,tue,11582551_tue,pre_release,오늘 밤 10시 새 회차 공개 전 기준값 수집,239.2만,2392000.0,https://series.naver.com/comic/detail.series?productNo=11582551,20260810_174819,mon,월,2026-08-10 17:48:19,2026-08-10,17:48:19,2026-08-10 17:51:02,2026-08-10 17:51:04,2.27,2026-08-10 17:51:04,2026-08-10,17:51:04,2026-08-10 18:02:09,829.93
tue,4,회귀한 용병은 다 계획이 있다,골드행,832557,https://comic.naver.com/webtoon/list?titleId=832557&tab=tue,11634583,회귀한 용병은 다 계획이 있다,회귀한 용병은 다 계획이 있다 (총 92화/미완결),총 92화/미완결,92.0,미완결,,,https://series.naver.com/comic/detail.series?productNo=11634583,matched,ok,"회귀한 용병은 다 계획이 있다 (총 92화/미완결)
평점
9.9 | 골드행 박진석 | 2026.06.08. | 총92화/미완결 | 87화 무료
몰락한 페르디움 가문의 복수를 위해 대전쟁을 일으킨대륙 7강 용병왕 지셀 페르디움.모든 복수가 순조롭게 마무리되던 와중,예상치 못한 인물 아이던이 등장해 지셀의 계획을 무마시키고그의 목을 벤다.그렇게 지셀은 죽을 ..",tue,1,tue,1,mon,tue,True,tue,화,mon,tue,11634583_tue,pre_release,오늘 밤 10시 새 회차 공개 전 기준값 수집,990.6만,9906000.0,https://series.naver.com/comic/detail.series?productNo=11634583,20260810_174819,mon,월,2026-08-10 17:48:19,2026-08-10,17:48:19,2026-08-10 17:51:06,2026-08-10 17:51:08,2.55,2026-08-10 17:51:08,2026-08-10,17:51:08,2026-08-10 18:02:09,829.93
tue,27,전리품 공작부인,새들,833243,https://comic.naver.com/webtoon/list?titleId=833243&tab=tue,11709980,전리품 공작부인 [독점],전리품 공작부인 [독점] (총 69화/미완결),총 69화/미완결,69.0,미완결,,,https://series.naver.com/comic/detail.series?productNo=11709980,matched,ok,"전리품 공작부인 [독점] (총 69화/미완결)
평점
10.0 | 레몬개구리, 새들 초밤비 | 2026.06.08. | 총69화/미완결 | 68화 무료
제국에서 독립하고자 반란을 일으킨 랭카스터 공작가,황제의 충실한 기사였던 라슬로 크리서스의 손에 무너지고,비참하게 잡혀 온 것은 젊고 아름다운 랭카스터 공작 부인, 이델 랭카스터였다.‘전리품’으로서 귀족들 앞에 ..",tue,1,tue,1,mon,tue,True,tue,화,mon,tue,11709980_tue,pre_release,오늘 밤 10시 새 회차 공개 전 기준값 수집,323.7만,3237000.0,https://series.naver.com/comic/detail.series?productNo=11709980,20260810_174819,mon,월,2026-08-10 17:48:19,2026-08-10,17:48:19,2026-08-10 17:51:10,2026-08-10 17:51:12,2.19,2026-08-10 17:51:12,2026-08-10,17:51:12,2026-08-10 18:02:09,829.93
tue,70,야만의 청혼,team IRUKA,833873,https://comic.naver.com/webtoon/list?titleId=833873&tab=tue,11806728,야만의 청혼,야만의 청혼 (총 92화/미완결),총 92화/미완결,92.0,미완결,,,https://series.naver.com/comic/detail.series?productNo=11806728,matched,ok,"야만의 청혼 (총 92화/미완결)
평점
9.7 | 이윤아, team IRUKA team IRUKA | 2026.06.08. | 총92화/미완결 | 84화 무료
“아이를 가졌어요. 다른 남자의. 그래도 혼인하겠습니까?” 대륙에서 가장 잔인한 용병대 수장의 청혼을 거절하기 위해서, 나라를 지키기 위해서 한 거짓말이었다. 그런데 대답은…… “누구 애든 상관없으니 낳아요. 대신 나..",tue,1,tue,1,mon,tue,True,tue,화,mon,tue,11806728_tue,pre_release,오늘 밤 10시 새 회차 공개 전 기준값 수집,174.1만,1741000.0,https://series.naver.com/comic/detail.series?productNo=11806728,20260810_174819,mon,월,2026-08-10 17:48:19,2026-08-10,17:48:19,2026-08-10 17:51:14,2026-08-10 17:51:16,2.45,2026-08-10 17:51:16,2026-08-10,17:51:16,2026-08-10 18:02:09,829.93
tue,98,연애 못하면 사망,홍치,834175,https://comic.naver.com/webtoon/list?titleId=834175&tab=tue,11845281,연애 못하면 사망,연애 못하면 사망 (총 85화/미완결),총 85화/미완결,85.0,미완결,홍치 홍치,평점 10.0 | 홍치 홍치 | 2026.06.15. | 총85화/미완결 | 80화 무료,https://series.naver.com/comic/detail.series?productNo=11845281,matched,ok,"연애 못하면 사망 (총 85화/미완결)
평점
10.0 | 홍치 홍치 | 2026.06.15. | 총85화/미완결 | 80화 무료
111세 덕순 F&B의 회장 김덕순은 죽기 직전 마지막 소원으로 첫사랑 왕종열과의 불꽃 같은 사랑을 하게 해달라 빌고 25세 김도희라는 여자의 몸에서 깨어난다. 그러나 마지막 소원을 이루기 위해 종열을 향해 달려가던 덕순..",tue,1,tue,1,mon,tue,True,tue,화,mon,tue,11845281_tue,pre_release,오늘 밤 10시 새 회차 공개 전 기준값 수집,39.7만,397000.0,https://series.naver.com/comic/detail.series?productNo=11845281,20260810_174819,mon,월,2026-08-10 17:48:19,2026-08-10,17:48:19,2026-08-10 17:51:17,2026-08-10 17:51:20,2.87,2026-08-10 17:51:20,2026-08-10,17:51:20,2026-08-10 18:02:09,829.93
tue,94,인생내꺼,미티,835582,https://comic.naver.com/webtoon/list?titleId=835582&tab=tue,12088874,인생내꺼,인생내꺼 (총 59화/미완결),총 59화/미완결,59.0,미완결,,,https://series.naver.com/comic/detail.series?productNo=12088874,matched,ok,"인생내꺼 (총 59화/미완결)
평점
9.4 | 미티 구구 | 2026.06.08. | 총59화/미완결 | 54화 무료
""힘든 인생, 편해지고 싶다""우울증에 걸린 가난한 고등학생, 전주인과 주도권은 천재들의 영혼에게 자신의 몸을 팔아버린다. 그로부터 13년이 흐른 어느 날 눈을 뜨니 그들은 대기업 의장과 조폭 보스가 되어있는데...갑자기 엄..",tue,1,tue,1,mon,tue,True,tue,화,mon,tue,12088874_tue,pre_release,오늘 밤 10시 새 회차 공개 전 기준값 수집,19.4만,194000.0,https://series.naver.com/comic/detail.series?productNo=12088874,20260810_174819,mon,월,2026-08-10 17:48:19,2026-08-10,17:48:19,2026-08-10 17:51:22,2026-08-10 17:51:24,2.84,2026-08-10 17:51:24,2026-08-10,17:51:24,2026-08-10 18:02:09,829.93
tue,10,중증외상센터 : 외과의사 백강혁,홍비치라,835736,https://comic.naver.com/webtoon/list?titleId=835736&tab=tue,12109054,중증외상센터 : 외과의사 백강혁,중증외상센터 : 외과의사 백강혁 (총 44화/미완결),총 44화/미완결,44.0,미완결,,,https://series.naver.com/comic/detail.series?productNo=12109054,matched,ok,"중증외상센터 : 외과의사 백강혁 (총 44화/미완결)
평점
9.8 | 한산이가 홍비치라 | 2026.06.08. | 총44화/미완결 | 39화 무료
초감각을 지닌 남자, 백강혁.아버지를 잃은 후로 사상 최고의 외상 외과 의사를 목표로 사정 없이 달리기 시작한다.그런데 이제 광기를 곁들인……185cm의 모델 같은 외모로 병원을 휩쓸고 다니는 그는 외상 외과 의사가 되기..",tue,1,tue,1,mon,tue,True,tue,화,mon,tue,12109054_tue,pre_release,오늘 밤 10시 새 회차 공개 전 기준값 수집,221.2만,2212000.0,https://series.naver.com/comic/detail.series?productNo=12109054,20260810_174819,mon,월,2026-08-10 17:48:19,2026-08-10,17:48:19,2026-08-10 17:51:25,2026-08-10 17:51:28,2.52,2026-08-10 17:51:28,2026-08-10,17:51:28,2026-08-10 18:02:09,829.93
tue,19,44교시 생존수업,상C,836848,https://comic.naver.com/webtoon/list?titleId=836848&tab=tue,12252419,44교시 생존수업,44교시 생존수업 (총 35화/미완결),총 35화/미완결,35.0,미완결,상C 상C,평점 9.8 | 상C 상C | 2025.10.27. | 총35화/미완결 | 전화 무료,https://series.naver.com/comic/detail.series?productNo=12252419,matched,ok,"44교시 생존수업 (총 35화/미완결)
평점
9.8 | 상C 상C | 2025.10.27. | 총35화/미완결 | 전화 무료
.",tue,1,tue,1,mon,tue,True,tue,화,mon,tue,12252419_tue,pre_release,오늘 밤 10시 새 회차 공개 전 기준값 수집,308.4만,3084000.0,https://series.naver.com/comic/detail.series?productNo=12252419,20260810_174819,mon,월,2026-08-10 17:48:19,2026-08-10,17:48:19,2026-08-10 17:51:29,2026-08-10 17:51:32,2.65,2026-08-10 17:51:32,2026-08-10,17:51:32,2026-08-10 18:02:09,829.93
tue,23,우렉 마지노,SIU,838432,https://comic.naver.com/webtoon/list?titleId=838432&tab=tue,12540035,우렉 마지노,우렉 마지노 (총 68화/미완결),총 68화/미완결,68.0,미완결,,,https://series.naver.com/comic/detail.series?productNo=12540035,matched,ok,"우렉 마지노 (총 68화/미완결)
평점
6.1 | SIU SIU | 2026.06.08. | 총68화/미완결 | 62화 무료
<신의 탑> 최초의 외전. 펜타미넘을 쫓아 탑에 들어온 '우렉 마지노' 그의 선별인원 시절 이야기.",tue,1,tue,1,mon,tue,True,tue,화,mon,tue,12540035_tue,pre_release,오늘 밤 10시 새 회차 공개 전 기준값 수집,607.8만,6078000.0,https://series.naver.com/comic/detail.series?productNo=12540035,20260810_174819,mon,월,2026-08-10 17:48:19,2026-08-10,17:48:19,2026-08-10 17:51:34,2026-08-10 17:51:36,2.55,2026-08-10 17:51:36,2026-08-10,17:51:36,2026-08-10 18:02:09,829.93
tue,57,한계 찢는 천재마법사,플랑K톤,839353,https://comic.naver.com/webtoon/list?titleId=839353&tab=tue,12633084,한계 찢는 천재마법사,한계 찢는 천재마법사 (총 64화/미완결),총 64화/미완결,64.0,미완결,,,https://series.naver.com/comic/detail.series?productNo=12633084,matched,ok,"한계 찢는 천재마법사 (총 64화/미완결)
평점
9.6 | 플랑K톤, 얼음초코 김현준 | 2026.06.01. | 총64화/미완결 | 56화 무료
성장한계 1위계. 마법사로서의 재능은 바닥이지만 천재적인 두뇌로 마탑의 빛을 보려고 했던 연구원, 베르덴.하지만 마탑주의 눈에 든 그는 마탑의 실험체가 된다.7년이란 모욕과 절망의 시간을 버텨낸 베르덴은그간 만들어낸 ..",tue,1,tue,1,mon,tue,True,tue,화,mon,tue,12633084_tue,pre_release,오늘 밤 10시 새 회차 공개 전 기준값 수집,103.3만,1033000.0,https://series.naver.com/comic/detail.series?productNo=12633084,20260810_174819,mon,월,2026-08-10 17:48:19,2026-08-10,17:48:19,2026-08-10 17:51:38,2026-08-10 17:51:40,2.34,2026-08-10 17:51:40,2026-08-10,17:51:40,2026-08-10 18:02:09,829.93
tue,107,비기닝즈,박정운,840344,https://comic.naver.com/webtoon/list?titleId=840344&tab=tue,12790299,비기닝즈,비기닝즈 (총 47화/미완결),총 47화/미완결,47.0,미완결,,,https://series.naver.com/comic/detail.series?productNo=12790299,matched,ok,"비기닝즈 (총 47화/미완결)
평점
9.8 | 박정운 박정운 | 2026.06.01. | 총47화/미완결 | 45화 무료
투수를 꿈꾸는 태양은 깊은 슬럼프를 겪는다. 아무리 연습해도 이놈의 방망이는 공을 거부하기만 하고, 학교생활 또한 꼬여만 간다. 더도 말고 덜도 말고 그라운드에 설 수만 있다면!",tue,1,tue,1,mon,tue,True,tue,화,mon,tue,12790299_tue,pre_release,오늘 밤 10시 새 회차 공개 전 기준값 수집,10.4만,104000.0,https://series.naver.com/comic/detail.series?productNo=12790299,20260810_174819,mon,월,2026-08-10 17:48:19,2026-08-10,17:48:19,2026-08-10 17:51:42,2026-08-10 17:51:44,2.11,2026-08-10 17:51:44,2026-08-10,17:51:44,2026-08-10 18:02:09,829.93
tue,90,디펜스 브레이커,주신,840348,https://comic.naver.com/webtoon/list?titleId=840348&tab=tue,12790300,디펜스 브레이커,디펜스 브레이커 (총 53화/미완결),총 53화/미완결,53.0,미완결,,,https://series.naver.com/comic/detail.series?productNo=12790300,matched,ok,"디펜스 브레이커 (총 53화/미완결)
평점
9.0 | 주신 이노 | 2026.06.08. | 총53화/미완결 | 47화 무료
디펜스 게임 안으로 들어간 지훈.기사단장이 되어 몬스터들로부터 왕국을 지켜줄 것을 강요받는다.하지만 사람들에게 받은 상처가 아직 아물지 않았던 지훈은왕국을 지키길 거부한다.그러자 갑자기 새로운 루트가 열리게 되는..",tue,1,tue,1,mon,tue,True,tue,화,mon,tue,12790300_tue,pre_release,오늘 밤 10시 새 회차 공개 전 기준값 수집,61만,610000.0,https://series.naver.com/comic/detail.series?productNo=12790300,20260810_174819,mon,월,2026-08-10 17:48:19,2026-08-10,17:48:19,2026-08-10 17:51:46,2026-08-10 17:51:48,2.61,2026-08-10 17:51:48,2026-08-10,17:51:48,2026-08-10 18:02:09,829.93
tue,106,멀리서 온 에일리,아마도지,840874,https://comic.naver.com/webtoon/list?titleId=840874&tab=tue,12891537,멀리서 온 에일리,멀리서 온 에일리 (총 53화/미완결),총 53화/미완결,53.0,미완결,,,https://series.naver.com/comic/detail.series?productNo=12891537,matched,ok,"멀리서 온 에일리 (총 53화/미완결)
평점
10.0 | 아마도지 사삭 | 2026.06.08. | 총53화/미완결 | 48화 무료
사랑을 경험하기 위해 지구에 온 외계인 ‘에일리’와 연애상담 뉴튜버 ‘고순도’의 엉망진창 동거가 시작된다!정체를 숨긴 채 인간 사회에 스며들려는 에일리...사랑이 존재하지 않는 세계에서 온 그녀는 과연 사랑이란 감정..",tue,1,tue,1,mon,tue,True,tue,화,mon,tue,12891537_tue,pre_release,오늘 밤 10시 새 회차 공개 전 기준값 수집,8.9만,89000.0,https://series.naver.com/comic/detail.series?productNo=12891537,20260810_174819,mon,월,2026-08-10 17:48:19,2026-08-10,17:48:19,2026-08-10 17:51:50,2026-08-10 17:51:52,2.07,2026-08-10 17:51:52,2026-08-10,17:51:52,2026-08-10 18:02:09,829.93
tue,111,썸머문: 더 큐프리즈,HYBE,840900,https://comic.naver.com/webtoon/list?titleId=840900&tab=tue,12880500,썸머문: 더 큐프리즈,썸머문: 더 큐프리즈 (총 43화/미완결),총 43화/미완결,43.0,미완결,,,https://series.naver.com/comic/detail.series?productNo=12880500,matched,ok,"썸머문: 더 큐프리즈 (총 43화/미완결)
평점
10.0 | HYBE HYBE | 2026.04.20. | 총43화/미완결 | 전화 무료
""핑크빛으로 물든 여름 달 아래,여고생의 '마법 소녀 이중생활' 이 시작된다!""운명의 반쪽과의 사랑을 이루어주는 신비로운 숲이 있기로 유명한 월하고교. 일생일대의 사랑을 찾아내는 교내 최대 여름 페스티벌 '썸머문 축제'를..",tue,1,tue,1,mon,tue,True,tue,화,mon,tue,12880500_tue,pre_release,오늘 밤 10시 새 회차 공개 전 기준값 수집,2.6만,26000.0,https://series.naver.com/comic/detail.series?productNo=12880500,20260810_174819,mon,월,2026-08-10 17:48:19,2026-08-10,17:48:19,2026-08-10 17:51:53,2026-08-10 17:51:55,2.02,2026-08-10 17:51:55,2026-08-10,17:51:55,2026-08-10 18:02:09,829.93
tue,76,스마일 복서,상상어,841320,https://comic.naver.com/webtoon/list?titleId=841320&tab=tue,12963127,스마일 복서,스마일 복서 (총 50화/미완결),총 50화/미완결,50.0,미완결,,,https://series.naver.com/comic/detail.series?productNo=12963127,matched,ok,"스마일 복서 (총 50화/미완결)
평점
9.8 | 상상어 상상어 | 2026.06.08. | 총50화/미완결 | 44화 무료
시골 마을에서 복싱 선수를 꿈꾸는 강찬! 키워주신 어르신들께 보답하기 위해 하루도 빠짐없이 훈련에 임한다.그러던 어느 날, 지역 재개발을 위해 마을에 들이닥친 검은 옷의 남자들. 사람들을 위협해 강찬이 나서지만 그 많은..",tue,1,tue,1,mon,tue,True,tue,화,mon,tue,12963127_tue,pre_release,오늘 밤 10시 새 회차 공개 전 기준값 수집,85.6만,856000.0,https://series.naver.com/comic/detail.series?productNo=12963127,20260810_174819,mon,월,2026-08-10 17:48:19,2026-08-10,17:48:19,2026-08-10 17:51:57,2026-08-10 17:51:59,2.67,2026-08-10 17:51:59,2026-08-10,17:51:59,2026-08-10 18:02:09,829.93
tue,110,불완전X스타,성목,841333,https://comic.naver.com/webtoon/list?titleId=841333&tab=tue,13008901,불완전X스타,불완전X스타 (총 27화/미완결),총 27화/미완결,27.0,미완결,,,https://series.naver.com/comic/detail.series?productNo=13008901,matched,ok,"불완전X스타 (총 27화/미완결)
평점
10.0 | 성목 성목 | 2026.06.08. | 총27화/미완결 | 24화 무료
부모님을 일찍 여의고 동생과 삼촌 밑에서 자란 '신시아'어느 날 그녀의 유일한 삶의 이유였던 동생이 '성희린'무리에게 괴롭힘을 당한 후 교통사고로 죽게 된다.'신시아'는 '배강토'를 만나고 자신과 동생을 괴롭혔던 '성희린'..",tue,1,tue,1,mon,tue,True,tue,화,mon,tue,13008901_tue,pre_release,오늘 밤 10시 새 회차 공개 전 기준값 수집,4.7만,47000.0,https://series.naver.com/comic/detail.series?productNo=13008901,20260810_174819,mon,월,2026-08-10 17:48:19,2026-08-10,17:48:19,2026-08-10 17:52:01,2026-08-10 17:52:03,2.64,2026-08-10 17:52:03,2026-08-10,17:52:03,2026-08-10 18:02:09,829.93
tue,3,오! 나의 교주님,,841624,https://comic.naver.com/webtoon/list?titleId=841624&tab=tue,12998643,오! 나의 교주님,오! 나의 교주님 (총 94화/미완결),총 94화/미완결,94.0,미완결,"김꿀빨, 김완두 김꿀빨, 김완두","평점 9.4 | 김꿀빨, 김완두 김꿀빨, 김완두 | 2026.06.18. | 총94화/미완결 | 89화 무료",https://series.naver.com/comic/detail.series?productNo=12998643,review_needed,not_found,"오! 나의 교주님 (총 94화/미완결)
평점
9.4 | 김꿀빨, 김완두 김꿀빨, 김완두 | 2026.06.18. | 총94화/미완결 | 89화 무료
사이비 종교 ‘진천교’에서 태어나 평생을 그곳에서 살아온 한성민. 그는 결국 모든 것을 잃고 홀로 탈출한다.수년 후, 성인이 된 그는 다시 진천교에 잠입해 처절한 복수를 시작하려 한다.“오, 나의 교주님. 제가 보내드릴게..","tue,fri",2,"tue,fri",2,"mon,thu","tue,fri",True,tue,화,mon,tue,12998643_tue,pre_release,오늘 밤 10시 새 회차 공개 전 기준값 수집,,,https://nid.naver.com/nidlogin.login?svctype=128&a_version=2&viewtype=1&url=http%3A%2F%2Fseries.naver.com%2Fcomic%2Fdetail.series%3FproductNo%3D12998643&surl=https%3A%2F%2Fseries.naver.com,20260810_174819,mon,월,2026-08-10 17:48:19,2026-08-10,17:48:19,2026-08-10 17:52:04,2026-08-10 17:52:20,15.6,2026-08-10 17:52:20,2026-08-10,17:52:20,2026-08-10 18:02:09,829.93
tue,63,브레이커즈,JDL,841810,https://comic.naver.com/webtoon/list?titleId=841810&tab=tue,13011302,브레이커즈,브레이커즈 (총 88화/미완결),총 88화/미완결,88.0,미완결,,,https://series.naver.com/comic/detail.series?productNo=13011302,matched,ok,"브레이커즈 (총 88화/미완결)
평점
9.7 | JDL, 취룡 뚱또 | 2026.06.01. | 총88화/미완결 | 84화 무료
'주인공'은 즐겨하던 게임의 리메이크판인 <나이트 사가:re>를 플레이하던 중,게임 속으로 끌려들어 간다.그런데 무언가 이상하다.<나이트 사가:re>에서 플레이어블 캐릭터는 인간 편의 로크, 마계 편의 제피르뿐.그러나 정신..","tue,fri",2,"tue,fri",2,"mon,thu","tue,fri",True,tue,화,mon,tue,13011302_tue,pre_release,오늘 밤 10시 새 회차 공개 전 기준값 수집,54.2만,542000.0,https://series.naver.com/comic/detail.series?productNo=13011302,20260810_174819,mon,월,2026-08-10 17:48:19,2026-08-10,17:48:19,2026-08-10 17:52:21,2026-08-10 17:52:23,2.43,2026-08-10 17:52:23,2026-08-10,17:52:23,2026-08-10 18:02:09,829.93
tue,73,고고밍밍고,밍밍고,841824,https://comic.naver.com/webtoon/list?titleId=841824&tab=tue,13013561,고고밍밍고,고고밍밍고 (총 87화/미완결),총 87화/미완결,87.0,미완결,,,https://series.naver.com/comic/detail.series?productNo=13013561,matched,ok,"고고밍밍고 (총 87화/미완결)
평점
10.0 | 밍밍고 밍밍고 | 2026.06.08. | 총87화/미완결 | 81화 무료
살다 보면 끝도 없이 샘솟는 다채로운 충동들!결코 그냥은 지나치지 못하고 꼭 한 번 찍어먹고야 마는맑눈광 밍밍고의 도전정신 가득한 일상","tue,thu",2,"tue,thu",2,"mon,wed","tue,thu",True,tue,화,mon,tue,13013561_tue,pre_release,오늘 밤 10시 새 회차 공개 전 기준값 수집,11.7만,117000.0,https://series.naver.com/comic/detail.series?productNo=13013561,20260810_174819,mon,월,2026-08-10 17:48:19,2026-08-10,17:48:19,2026-08-10 17:52:25,2026-08-10 17:52:27,2.56,2026-08-10 17:52:27,2026-08-10,17:52:27,2026-08-10 18:02:09,829.93
tue,102,존X킬러,메론뽀이,841930,https://comic.naver.com/webtoon/list?titleId=841930&tab=tue,13027917,존X킬러,존X킬러 (총 47화/미완결),총 47화/미완결,47.0,미완결,,,https://series.naver.com/comic/detail.series?productNo=13027917,matched,ok,"존X킬러 (총 47화/미완결)
평점
9.9 | 메론뽀이 메론뽀이 | 2026.06.08. | 총47화/미완결 | 42화 무료
임무 성공률 100%, 세상에서 가장 완벽한 킬러, 진!하지만 단 하나의 치명적 약점이 있었으니,그것은 바로... 역사에 남을 수준의 못생긴 얼굴!!!",tue,1,tue,1,mon,tue,True,tue,화,mon,tue,13027917_tue,pre_release,오늘 밤 10시 새 회차 공개 전 기준값 수집,24.4만,244000.0,https://series.naver.com/comic/detail.series?productNo=13027917,20260810_174819,mon,월,2026-08-10 17:48:19,2026-08-10,17:48:19,2026-08-10 17:52:29,2026-08-10 17:52:30,1.97,2026-08-10 17:52:30,2026-08-10,17:52:30,2026-08-10 18:02:09,829.93
tue,68,클래스메이트,수리부,842086,https://comic.naver.com/webtoon/list?titleId=842086&tab=tue,13034629,클래스메이트,클래스메이트 (총 48화/미완결),총 48화/미완결,48.0,미완결,,,https://series.naver.com/comic/detail.series?productNo=13034629,matched,ok,"클래스메이트 (총 48화/미완결)
평점
10.0 | 수리부 수리부 | 2026.06.08. | 총48화/미완결 | 42화 무료
""내가 친구가 되어줄게.""왕따 소녀 주은하에게 찾아온, 섬뜩한 귀신 소년 이해수.위험한 우정을 받아들인 순간 은하 주위에 예기치 못한 사건들이 벌어지는데...정체불명의 친구가 내민 이 손은 과연 구원일까, 아니면 저주일까?",tue,1,tue,1,mon,tue,True,tue,화,mon,tue,13034629_tue,pre_release,오늘 밤 10시 새 회차 공개 전 기준값 수집,113.4만,1134000.0,https://series.naver.com/comic/detail.series?productNo=13034629,20260810_174819,mon,월,2026-08-10 17:48:19,2026-08-10,17:48:19,2026-08-10 17:52:31,2026-08-10 17:52:34,2.44,2026-08-10 17:52:34,2026-08-10,17:52:34,2026-08-10 18:02:09,829.93
tue,85,불순물 연애,우짜,842335,https://comic.naver.com/webtoon/list?titleId=842335&tab=tue,13066393,불순물 연애,불순물 연애 (총 45화/미완결),총 45화/미완결,45.0,미완결,,,https://series.naver.com/comic/detail.series?productNo=13066393,matched,ok,"불순물 연애 (총 45화/미완결)
평점
9.9 | 우짜 | 2026.06.08. | 총45화/미완결 | 40화 무료
첫사랑의 아픔이 있는 대학생 '여름'. 어느 날, 여름의 첫사랑인 '수영'이 그녀에게 갑작스레 고백을 한다. 약혼까지 깨며 열렬히 구애 하는 수영의 모습에 흔들리는 여름. 고민 끝에 여름은 딱 1년만 갑질 연애를 하면서 수영에..",tue,1,tue,1,mon,tue,True,tue,화,mon,tue,13066393_tue,pre_release,오늘 밤 10시 새 회차 공개 전 기준값 수집,72.1만,721000.0,https://series.naver.com/comic/detail.series?productNo=13066393,20260810_174819,mon,월,2026-08-10 17:48:19,2026-08-10,17:48:19,2026-08-10 17:52:36,2026-08-10 17:52:38,2.65,2026-08-10 17:52:38,2026-08-10,17:52:38,2026-08-10 18:02:09,829.93
tue,53,풍요의 여신과 천재 망나니 사도님,성구,842346,https://comic.naver.com/webtoon/list?titleId=842346&tab=tue,13068004,풍요의 여신과 천재 망나니 사도님,풍요의 여신과 천재 망나니 사도님 (총 47화/미완결),총 47화/미완결,47.0,미완결,,,https://series.naver.com/comic/detail.series?productNo=13068004,matched,ok,"풍요의 여신과 천재 망나니 사도님 (총 47화/미완결)
평점
9.8 | 곰산타, 성구 성구 | 2026.06.08. | 총47화/미완결 | 40화 무료
0.0000001%를 뚫고 [풍요의 신]을 섬기는 사도가 됐다.농업 관련 신이 분명한데...기본 스킬이 참수다.목을 베면 농사가 딸깍. 농작물 가공도 딸깍.-참 좋은데 뭐라고 설명할 방법이 없는 건강기능식품 팝니다.",tue,1,tue,1,mon,tue,True,tue,화,mon,tue,13068004_tue,pre_release,오늘 밤 10시 새 회차 공개 전 기준값 수집,142.2만,1422000.0,https://series.naver.com/comic/detail.series?productNo=13068004,20260810_174819,mon,월,2026-08-10 17:48:19,2026-08-10,17:48:19,2026-08-10 17:52:40,2026-08-10 17:52:42,2.24,2026-08-10 17:52:42,2026-08-10,17:52:42,2026-08-10 18:02:09,829.93
tue,28,오늘도 퇴근,백초,842815,https://comic.naver.com/webtoon/list?titleId=842815&tab=tue,13124042,오늘도 퇴근,오늘도 퇴근 (총 46화/미완결),총 46화/미완결,46.0,미완결,,,https://series.naver.com/comic/detail.series?productNo=13124042,matched,ok,"오늘도 퇴근 (총 46화/미완결)
평점
9.9 | 파셔, 백초 물속 | 2026.06.08. | 총46화/미완결 | 40화 무료
한국 굴지의 대기업 소야그룹 ESG팀의 팀장 이민수.그는 오늘도 칼퇴근을 목표로 묵묵히 일을 한다.어느 날, 회장의 막내딸 강채은이 팀원으로 들어오게 되면서회사 정치에 엮여 사내 빌런들과 부딪치며 다양한 사건을 겪게 ..",tue,1,tue,1,mon,tue,True,tue,화,mon,tue,13124042_tue,pre_release,오늘 밤 10시 새 회차 공개 전 기준값 수집,203.5만,2035000.0,https://series.naver.com/comic/detail.series?productNo=13124042,20260810_174819,mon,월,2026-08-10 17:48:19,2026-08-10,17:48:19,2026-08-10 17:52:43,2026-08-10 17:52:46,2.48,2026-08-10 17:52:46,2026-08-10,17:52:46,2026-08-10 18:02:09,829.93
tue,100,아폴론 저축은행,차무진,842845,https://comic.naver.com/webtoon/list?titleId=842845&tab=tue,13125480,아폴론 저축은행,아폴론 저축은행 (총 39화/미완결),총 39화/미완결,39.0,미완결,차무진 혁씨,평점 9.5 | 차무진 혁씨 | 2026.05.04. | 총39화/미완결 | 전화 무료,https://series.naver.com/comic/detail.series?productNo=13125480,matched,ok,"아폴론 저축은행 (총 39화/미완결)
평점
9.5 | 차무진 혁씨 | 2026.05.04. | 총39화/미완결 | 전화 무료
“10억, 대출이 승인되었습니다.”동반 자살까지 결심한 가장의 계좌에, 미래의 통장에 입금 될 돈이라며 거액의 대출금이 입금된다. 언제 들어올 돈인지, 어디서 발생할 돈인지는 알 수 없다.단 하나 분명한 건, 입금과 동시에 ..",tue,1,tue,1,mon,tue,True,tue,화,mon,tue,13125480_tue,pre_release,오늘 밤 10시 새 회차 공개 전 기준값 수집,12.7만,127000.0,https://series.naver.com/comic/detail.series?productNo=13125480,20260810_174819,mon,월,2026-08-10 17:48:19,2026-08-10,17:48:19,2026-08-10 17:52:47,2026-08-10 17:52:49,2.19,2026-08-10 17:52:49,2026-08-10,17:52:49,2026-08-10 18:02:09,829.93
tue,8,포그랜드,,843116,https://comic.naver.com/webtoon/list?titleId=843116&tab=tue,13177080,포그랜드,포그랜드 (총 44화/미완결),총 44화/미완결,44.0,미완결,POGO POGO,평점 10.0 | POGO POGO | 2026.06.15. | 총44화/미완결 | 38화 무료,https://series.naver.com/comic/detail.series?productNo=13177080,review_needed,not_found,"포그랜드 (총 44화/미완결)
평점
10.0 | POGO POGO | 2026.06.15. | 총44화/미완결 | 38화 무료
존재만으로도 미스터리한 국제 교도소 포그랜드.죄수 교화 목적으로 파견된 과학교사 단테 강은 한순간의 폭동 속에 포그랜드에 갇히게 된다.탈출하는 방법은 영도자가 되는 길 뿐.무너진 이성과 신성을 목도하라!단테의 아홉 ..",tue,1,tue,1,mon,tue,True,tue,화,mon,tue,13177080_tue,pre_release,오늘 밤 10시 새 회차 공개 전 기준값 수집,,,https://nid.naver.com/nidlogin.login?svctype=128&a_version=2&viewtype=1&url=http%3A%2F%2Fseries.naver.com%2Fcomic%2Fdetail.series%3FproductNo%3D13177080&surl=https%3A%2F%2Fseries.naver.com,20260810_174819,mon,월,2026-08-10 17:48:19,2026-08-10,17:48:19,2026-08-10 17:52:51,2026-08-10 17:53:06,14.6,2026-08-10 17:53:06,2026-08-10,17:53:06,2026-08-10 18:02:09,829.93
tue,92,콩에서 새싹이!,숙희,843325,https://comic.naver.com/webtoon/list?titleId=843325&tab=tue,13225837,콩에서 새싹이!,콩에서 새싹이! (총 42화/미완결),총 42화/미완결,42.0,미완결,,,https://series.naver.com/comic/detail.series?productNo=13225837,matched,ok,"콩에서 새싹이! (총 42화/미완결)
평점
9.9 | 숙희 | 2026.06.08. | 총42화/미완결 | 37화 무료
태어나자마자 검사의 연속.생후 며칠 만에 소아암과 심장질환 진단.태어나자마자 병원에서 삶을 시작한 콩이와그 곁을 지키는 가족의 이야기",tue,1,tue,1,mon,tue,True,tue,화,mon,tue,13225837_tue,pre_release,오늘 밤 10시 새 회차 공개 전 기준값 수집,32.9만,329000.0,https://series.naver.com/comic/detail.series?productNo=13225837,20260810_174819,mon,월,2026-08-10 17:48:19,2026-08-10,17:48:19,2026-08-10 17:53:07,2026-08-10 17:53:09,2.73,2026-08-10 17:53:09,2026-08-10,17:53:09,2026-08-10 18:02:09,829.93
tue,87,터닝포인트,숭어,843450,https://comic.naver.com/webtoon/list?titleId=843450&tab=tue,13234976,터닝포인트,터닝포인트 (총 38화/미완결),총 38화/미완결,38.0,미완결,,,https://series.naver.com/comic/detail.series?productNo=13234976,matched,ok,"터닝포인트 (총 38화/미완결)
평점
10.0 | 숭어 숭어 | 2026.06.08. | 총38화/미완결 | 34화 무료
혼밥, 혼영, 혼술 모든 것이 혼자가 편했던 백사랑.손해를 보면서까지 타인과 어울리길 원하는 유평화.상반되는 삶을 살아온 사랑과 평화는 서로를 만나 새로운 삶의 방식을 알게 된다. 생각보다 어른스럽고, 생각보다 유치한 ..",tue,1,tue,1,mon,tue,True,tue,화,mon,tue,13234976_tue,pre_release,오늘 밤 10시 새 회차 공개 전 기준값 수집,49.6만,496000.0,https://series.naver.com/comic/detail.series?productNo=13234976,20260810_174819,mon,월,2026-08-10 17:48:19,2026-08-10,17:48:19,2026-08-10 17:53:11,2026-08-10 17:53:13,2.49,2026-08-10 17:53:13,2026-08-10,17:53:13,2026-08-10 18:02:09,829.93
tue,55,환생했더니 단종의 보모나인,비단가리비,843921,https://comic.naver.com/webtoon/list?titleId=843921&tab=tue,13274205,환생했더니 단종의 보모나인,환생했더니 단종의 보모나인 (총 39화/미완결),총 39화/미완결,39.0,미완결,,,https://series.naver.com/comic/detail.series?productNo=13274205,matched,ok,"환생했더니 단종의 보모나인 (총 39화/미완결)
평점
10.0 | 비단가리비, 비단살쮜, 윤인수 트루 | 2026.06.08. | 총39화/미완결 | 32화 무료
조선의 비극적 왕 단종 곁으로 환생한 여인, 뜻밖에 그의 보모가 되어버린다.역사의 비극을 바꿀 기회 앞에서 그녀는 어린 군주를 지키기 위해권력의 소용돌이에 맞서게 되는데…",tue,1,tue,1,mon,tue,True,tue,화,mon,tue,13274205_tue,pre_release,오늘 밤 10시 새 회차 공개 전 기준값 수집,121.8만,1218000.0,https://series.naver.com/comic/detail.series?productNo=13274205,20260810_174819,mon,월,2026-08-10 17:48:19,2026-08-10,17:48:19,2026-08-10 17:53:14,2026-08-10 17:53:17,2.59,2026-08-10 17:53:17,2026-08-10,17:53:17,2026-08-10 18:02:09,829.93
tue,6,예쁨 컬렉션,,844519,https://comic.naver.com/webtoon/list?titleId=844519&tab=tue,13365963,19금 예쁨 컬렉션,19금 예쁨 컬렉션 (총 35화/미완결),총 35화/미완결,35.0,미완결,김이연 김이연,평점 9.9 | 김이연 김이연 | 2026.06.15. | 총35화/미완결 | 30화 무료,https://series.naver.com/comic/detail.series?productNo=13365963,review_needed,not_found,"19금 예쁨 컬렉션 (총 35화/미완결)
평점
9.9 | 김이연 김이연 | 2026.06.15. | 총35화/미완결 | 30화 무료",tue,1,tue,1,mon,tue,True,tue,화,mon,tue,13365963_tue,pre_release,오늘 밤 10시 새 회차 공개 전 기준값 수집,,,https://nid.naver.com/nidlogin.login?svctype=128&a_version=2&viewtype=1&url=http%3A%2F%2Fseries.naver.com%2Fcomic%2Fdetail.series%3FproductNo%3D13365963&surl=https%3A%2F%2Fseries.naver.com,20260810_174819,mon,월,2026-08-10 17:48:19,2026-08-10,17:48:19,2026-08-10 17:53:18,2026-08-10 17:53:33,14.53,2026-08-10 17:53:33,2026-08-10,17:53:33,2026-08-10 18:02:09,829.93
tue,88,없는 사람,오리,844571,https://comic.naver.com/webtoon/list?titleId=844571&tab=tue,13355629,없는 사람,없는 사람 (총 34화/미완결),총 34화/미완결,34.0,미완결,,,https://series.naver.com/comic/detail.series?productNo=13355629,matched,ok,"없는 사람 (총 34화/미완결)
평점
10.0 | 오리 | 2026.06.01. | 총34화/미완결 | 30화 무료
어느 날 숲에서 길을 잃었던 ‘장미’는 숲에 사는 ‘귀신’을 만나게 된다.세상에 존재하지 않는 ‘없는 사람’을 증명하고 사랑하게 되었지만,‘마녀’가 두 사람의 사랑을 방해하는데….이제는 내가 ‘없는 사람’이 되어..",tue,1,tue,1,mon,tue,True,tue,화,mon,tue,13355629_tue,pre_release,오늘 밤 10시 새 회차 공개 전 기준값 수집,38.1만,381000.0,https://series.naver.com/comic/detail.series?productNo=13355629,20260810_174819,mon,월,2026-08-10 17:48:19,2026-08-10,17:48:19,2026-08-10 17:53:34,2026-08-10 17:53:36,2.5,2026-08-10 17:53:36,2026-08-10,17:53:36,2026-08-10 18:02:09,829.93
tue,39,방랑기사로 살아가는 법,박준호,844589,https://comic.naver.com/webtoon/list?titleId=844589&tab=tue,13360534,방랑기사로 살아가는 법,방랑기사로 살아가는 법 (총 45화/미완결),총 45화/미완결,45.0,미완결,,,https://series.naver.com/comic/detail.series?productNo=13360534,matched,ok,"방랑기사로 살아가는 법 (총 45화/미완결)
평점
8.7 | 박준호, 글쓰는기계 박준호, JCK, 이서형 | 2026.06.08. | 총45화/미완결 | 30화 무료
불의의 사고로 사망 후 에이츠 가문의 요한 에이츠로 환생한 김요한.귀족으로 태어났으나 요한 에이츠는 가문 내 서열 꼴찌.설상가상으로 이 세계는 무자비한 중세다.""믿을 수 있는 건 오직 자기 자신뿐.""약육강식인 이 세계에서..",tue,1,tue,1,mon,tue,True,tue,화,mon,tue,13360534_tue,pre_release,오늘 밤 10시 새 회차 공개 전 기준값 수집,167.2만,1672000.0,https://series.naver.com/comic/detail.series?productNo=13360534,20260810_174819,mon,월,2026-08-10 17:48:19,2026-08-10,17:48:19,2026-08-10 17:53:38,2026-08-10 17:53:40,1.77,2026-08-10 17:53:40,2026-08-10,17:53:40,2026-08-10 18:02:09,829.93
tue,80,비밀의 정원,쑤녕,844592,https://comic.naver.com/webtoon/list?titleId=844592&tab=tue,13351753,비밀의 정원,비밀의 정원 (총 33화/미완결),총 33화/미완결,33.0,미완결,,,https://series.naver.com/comic/detail.series?productNo=13351753,matched,ok,"비밀의 정원 (총 33화/미완결)
평점
10.0 | 쑤녕 쑤녕 | 2026.06.01. | 총33화/미완결 | 28화 무료
살인 누명을 쓰고 도망치던 용병 '레오.'그가 쓰러진 곳은 젊은 귀족 과부, '해나'가 지키는 조용한 정원이었다.정체를 숨긴 채, 해나를 이용하려던 레오는정원을 돌보며 마주한 평온한 일상과해나의 묵묵한 강인함에 점점 이끌..",tue,1,tue,1,mon,tue,True,tue,화,mon,tue,13351753_tue,pre_release,오늘 밤 10시 새 회차 공개 전 기준값 수집,58만,580000.0,https://series.naver.com/comic/detail.series?productNo=13351753,20260810_174819,mon,월,2026-08-10 17:48:19,2026-08-10,17:48:19,2026-08-10 17:53:41,2026-08-10 17:53:43,2.14,2026-08-10 17:53:43,2026-08-10,17:53:43,2026-08-10 18:02:09,829.93
tue,22,분신,,845407,https://comic.naver.com/webtoon/list?titleId=845407&tab=tue,8833786,분신으로 자동사냥 [독점],분신으로 자동사냥 [독점] (총 176화/완결),총 176화/완결,176.0,완결,차씨 오팔,평점 9.7 | 차씨 오팔 | 2025.12.27. | 총176화/완결 | 7화 무료,https://series.naver.com/comic/detail.series?productNo=8833786,matched,ok,"분신으로 자동사냥 [독점] (총 176화/완결)
평점
9.7 | 차씨 오팔 | 2025.12.27. | 총176화/완결 | 7화 무료
일해야 하고, 공부도 해야 하고, 밥도 먹어야 하고.‘왜 사람은 한 번에 한 가지 일밖에 못 하는 걸까.’상우는 항상 자신의 몸이 두 개였으면 좋겠다고 생각했다...그랬더니 몸이 두 개가 되었다.",tue,1,tue,1,mon,tue,True,tue,화,mon,tue,8833786_tue,pre_release,오늘 밤 10시 새 회차 공개 전 기준값 수집,"1,025만",10250000.0,https://series.naver.com/comic/detail.series?productNo=8833786,20260810_174819,mon,월,2026-08-10 17:48:19,2026-08-10,17:48:19,2026-08-10 17:53:45,2026-08-10 17:53:47,2.53,2026-08-10 17:53:47,2026-08-10,17:53:47,2026-08-10 18:02:09,829.93
tue,59,블러드레인 3,백두,845665,https://comic.naver.com/webtoon/list?titleId=845665&tab=tue,13503195,블러드레인 3,블러드레인 3 (총 32화/미완결),총 32화/미완결,32.0,미완결,,,https://series.naver.com/comic/detail.series?productNo=13503195,matched,ok,"블러드레인 3 (총 32화/미완결)
평점
8.8 | 백두 백두 | 2026.06.08. | 총32화/미완결 | 26화 무료
한국 느와르 액션의 전설, <블러드레인>의 최종장!대한민국 역대급 폭력 조직 서양의 대보스 '이정우'.긴 우여곡절 끝에 바라던 일상을 찾았지만 균열이 시작됨을 깨닫는다.한편, 마약 범죄 검거를 위하여 투입된 형사 '강혁'은..",tue,1,tue,1,mon,tue,True,tue,화,mon,tue,13503195_tue,pre_release,오늘 밤 10시 새 회차 공개 전 기준값 수집,125.2만,1252000.0,https://series.naver.com/comic/detail.series?productNo=13503195,20260810_174819,mon,월,2026-08-10 17:48:19,2026-08-10,17:48:19,2026-08-10 17:53:48,2026-08-10 17:53:51,2.72,2026-08-10 17:53:51,2026-08-10,17:53:51,2026-08-10 18:02:09,829.93
tue,99,살찐청부업자,다색,845883,https://comic.naver.com/webtoon/list?titleId=845883&tab=tue,13536198,살찐청부업자,살찐청부업자 (총 30화/미완결),총 30화/미완결,30.0,미완결,,,https://series.naver.com/comic/detail.series?productNo=13536198,matched,ok,"살찐청부업자 (총 30화/미완결)
평점
8.1 | 다색 다색 | 2026.06.08. | 총30화/미완결 | 25화 무료
피비린내와 화약냄새가 난무하는 킬러들의 세계에 발을 들인 신입킬러 ‘문오훈’. 하지만 기대했던 것과는 묘하게 다른 짠내 나는 생활 속에서 오훈은 최고의 킬러가 되려 한다. 뇌 빼고 보기 좋은 킬러들의 일상!",tue,1,tue,1,mon,tue,True,tue,화,mon,tue,13536198_tue,pre_release,오늘 밤 10시 새 회차 공개 전 기준값 수집,3.8만,38000.0,https://series.naver.com/comic/detail.series?productNo=13536198,20260810_174819,mon,월,2026-08-10 17:48:19,2026-08-10,17:48:19,2026-08-10 17:53:52,2026-08-10 17:53:55,2.78,2026-08-10 17:53:55,2026-08-10,17:53:55,2026-08-10 18:02:09,829.93
tue,51,원수의 아기를 가졌다,,846110,https://comic.naver.com/webtoon/list?titleId=846110&tab=tue,13567690,원수의 아기를 가졌다,원수의 아기를 가졌다 (총 30화/미완결),총 30화/미완결,30.0,미완결,"미니바라기, 안지 이삼","평점 9.7 | 미니바라기, 안지 이삼 | 2026.06.15. | 총30화/미완결 | 25화 무료",https://series.naver.com/comic/detail.series?productNo=13567690,review_needed,not_found,"원수의 아기를 가졌다 (총 30화/미완결)
평점
9.7 | 미니바라기, 안지 이삼 | 2026.06.15. | 총30화/미완결 | 25화 무료
서로를 끔찍하게 혐오하는 두 가문 버몬테와 템네스.클로델은 강제 화해를 위한 희생양이 되어 템네스 공작 카이안의 신부가 된다.“템네스의 환영을 받지 못하는 신부로군. 주제를 알고 제 발로 걸어들어오라지.”오랜 반목을 ..",tue,1,tue,1,mon,tue,True,tue,화,mon,tue,13567690_tue,pre_release,오늘 밤 10시 새 회차 공개 전 기준값 수집,,,https://nid.naver.com/nidlogin.login?svctype=128&a_version=2&viewtype=1&url=http%3A%2F%2Fseries.naver.com%2Fcomic%2Fdetail.series%3FproductNo%3D13567690&surl=https%3A%2F%2Fseries.naver.com,20260810_174819,mon,월,2026-08-10 17:48:19,2026-08-10,17:48:19,2026-08-10 17:53:57,2026-08-10 17:54:12,14.88,2026-08-10 17:54:12,2026-08-10,17:54:12,2026-08-10 18:02:09,829.93
tue,25,사채지간,흑백,846114,https://comic.naver.com/webtoon/list?titleId=846114&tab=tue,13570273,사채지간,사채지간 (총 29화/미완결),총 29화/미완결,29.0,미완결,,,https://series.naver.com/comic/detail.series?productNo=13570273,matched,ok,"사채지간 (총 29화/미완결)
평점
9.4 | 흑백 김동찬 | 2026.06.08. | 총29화/미완결 | 24화 무료
냉혈한 사채업자 김상안. 교사였던 여동생이 학생들의 괴롭힘으로 스스로 목숨을 끊자,그 목숨 값을 받기 위해 가해학생들의 담임이 된다. 지옥에 떨어져도 빚은 받아내는 사채업자와 악마 같은 학생들의 지독한 사제지간.",tue,1,tue,1,mon,tue,True,tue,화,mon,tue,13570273_tue,pre_release,오늘 밤 10시 새 회차 공개 전 기준값 수집,155.5만,1555000.0,https://series.naver.com/comic/detail.series?productNo=13570273,20260810_174819,mon,월,2026-08-10 17:48:19,2026-08-10,17:48:19,2026-08-10 17:54:13,2026-08-10 17:54:16,2.41,2026-08-10 17:54:16,2026-08-10,17:54:16,2026-08-10 18:02:09,829.93
tue,20,벙커의 낮,2면지,846643,https://comic.naver.com/webtoon/list?titleId=846643&tab=tue,13621636,벙커의 낮,벙커의 낮 (총 24화/미완결),총 24화/미완결,24.0,미완결,,,https://series.naver.com/comic/detail.series?productNo=13621636,matched,ok,"벙커의 낮 (총 24화/미완결)
평점
9.9 | 2면지 2면지 | 2026.06.01. | 총24화/미완결 | 21화 무료
어릴 적 벙커에 데려간 ‘원혁’을 내친 ‘서우’.이후 고등학생이 된 서우는 고립된 삶에 극단적인 시도를 하던 중, 또 다른 벙커를 발견하고 들어간다. 그러나 피 칠갑인 채 들어온 ‘원혁’에 의해 갇히게 되는데...",tue,1,tue,1,mon,tue,True,tue,화,mon,tue,13621636_tue,pre_release,오늘 밤 10시 새 회차 공개 전 기준값 수집,165.3만,1653000.0,https://series.naver.com/comic/detail.series?productNo=13621636,20260810_174819,mon,월,2026-08-10 17:48:19,2026-08-10,17:48:19,2026-08-10 17:54:17,2026-08-10 17:54:20,2.43,2026-08-10 17:54:20,2026-08-10,17:54:20,2026-08-10 18:02:09,829.93
tue,21,불꽃,오세형,847033,https://comic.naver.com/webtoon/list?titleId=847033&tab=tue,13658248,불꽃,불꽃 (총 24화/미완결),총 24화/미완결,24.0,미완결,,,https://series.naver.com/comic/detail.series?productNo=13658248,matched,ok,"불꽃 (총 24화/미완결)
평점
10.0 | 오세형 오세형 | 2026.06.08. | 총24화/미완결 | 19화 무료
카지노, 주류, 건설, 대부업까지 하나로 묶어놓은 (주)운중의 초대회장 이운일, 그리고 그의 후계자 이주화 회장.한 날 한 시에 떠나버린 두 부자의 갑작스러운 죽음으로 운중의 이권다툼이 시작된다.회사의 이권다툼에 정면으..",tue,1,tue,1,mon,tue,True,tue,화,mon,tue,13658248_tue,pre_release,오늘 밤 10시 새 회차 공개 전 기준값 수집,213만,2130000.0,https://series.naver.com/comic/detail.series?productNo=13658248,20260810_174819,mon,월,2026-08-10 17:48:19,2026-08-10,17:48:19,2026-08-10 17:54:22,2026-08-10 17:54:25,2.81,2026-08-10 17:54:25,2026-08-10,17:54:25,2026-08-10 18:02:09,829.93
tue,105,한계돌파,정우리,847436,https://comic.naver.com/webtoon/list?titleId=847436&tab=tue,13703787,한계돌파,한계돌파 (총 23화/미완결),총 23화/미완결,23.0,미완결,,,https://series.naver.com/comic/detail.series?productNo=13703787,matched,ok,"한계돌파 (총 23화/미완결)
평점
10.0 | 정우리 정우리 | 2026.06.08. | 총23화/미완결 | 18화 무료
생기는 족족 파트너를 잃는 불운한 민간형사 하루.마지막 기회로 파트너를 얻게 되지만... 꼬맹이?!",tue,1,tue,1,mon,tue,True,tue,화,mon,tue,13703787_tue,pre_release,오늘 밤 10시 새 회차 공개 전 기준값 수집,7.3만,73000.0,https://series.naver.com/comic/detail.series?productNo=13703787,20260810_174819,mon,월,2026-08-10 17:48:19,2026-08-10,17:48:19,2026-08-10 17:54:26,2026-08-10 17:54:28,2.27,2026-08-10 17:54:28,2026-08-10,17:54:28,2026-08-10 18:02:09,829.93
tue,29,나쁜남자가 돼라!,,847491,https://comic.naver.com/webtoon/list?titleId=847491&tab=tue,13704125,나쁜남자가 돼라!,나쁜남자가 돼라! (총 28화/미완결),총 28화/미완결,28.0,미완결,이연 자개,평점 9.9 | 이연 자개 | 2026.06.15. | 총28화/미완결 | 20화 무료,https://series.naver.com/comic/detail.series?productNo=13704125,review_needed,not_found,"나쁜남자가 돼라! (총 28화/미완결)
평점
9.9 | 이연 자개 | 2026.06.15. | 총28화/미완결 | 20화 무료
구남친에 대한 트라우마로 나쁜남자 취향을 가지게 된 수연은 현재의 남자친구에게 약간의 불만을 느끼지만 잘 지내고 있다.그러던 어느 날, 남자친구의 몸에 수연의 취향 그 자체인 '나쁜 남자'가 빙의하는데…이 저주. 풀어줘..",tue,1,tue,1,mon,tue,True,tue,화,mon,tue,13704125_tue,pre_release,오늘 밤 10시 새 회차 공개 전 기준값 수집,,,https://nid.naver.com/nidlogin.login?svctype=128&a_version=2&viewtype=1&url=http%3A%2F%2Fseries.naver.com%2Fcomic%2Fdetail.series%3FproductNo%3D13704125&surl=https%3A%2F%2Fseries.naver.com,20260810_174819,mon,월,2026-08-10 17:48:19,2026-08-10,17:48:19,2026-08-10 17:54:29,2026-08-10 17:54:45,16.14,2026-08-10 17:54:45,2026-08-10,17:54:45,2026-08-10 18:02:09,829.93
tue,58,육아부터 하는 연애,S,847997,https://comic.naver.com/webtoon/list?titleId=847997&tab=tue,13752317,육아부터 하는 연애 [독점],육아부터 하는 연애 [독점] (총 22화/미완결),총 22화/미완결,22.0,미완결,,,https://series.naver.com/comic/detail.series?productNo=13752317,matched,ok,"육아부터 하는 연애 [독점] (총 22화/미완결)
평점
10.0 | 최연 S | 2026.06.08. | 총22화/미완결 | 16화 무료
이제 막 대학교를 졸업한 어린 나이에덜컥 언니의 아이인 '지호'를 키우게 된 ‘나은’.그렇게 5년 후, 유치원 교사로 일하던 나은 앞에함묵증을 앓는 유치원 원생 ‘민호’의 삼촌 ‘강우’가 나타난다.강우는 민호가 나은 앞..",tue,1,tue,1,mon,tue,True,tue,화,mon,tue,13752317_tue,pre_release,오늘 밤 10시 새 회차 공개 전 기준값 수집,88.7만,887000.0,https://series.naver.com/comic/detail.series?productNo=13752317,20260810_174819,mon,월,2026-08-10 17:48:19,2026-08-10,17:48:19,2026-08-10 17:54:47,2026-08-10 17:54:50,2.77,2026-08-10 17:54:50,2026-08-10,17:54:50,2026-08-10 18:02:09,829.93
tue,75,대졸백수 400만 시대의 하여자들,최정아,848026,https://comic.naver.com/webtoon/list?titleId=848026&tab=tue,13757875,대졸백수 400만 시대의 하여자들,대졸백수 400만 시대의 하여자들 (총 23화/미완결),총 23화/미완결,23.0,미완결,,,https://series.naver.com/comic/detail.series?productNo=13757875,matched,ok,"대졸백수 400만 시대의 하여자들 (총 23화/미완결)
평점
10.0 | 최정아 최정아 | 2026.06.08. | 총23화/미완결 | 18화 무료
눈 깜빡하니 끝나버린 대학생활.20대 중반의 격변기를 지나며, 진로도 연애도 그 무엇 하나 순탄치 않다.다소 부족하고 찌질한 우리지만, 언젠간 스스로 밥벌이를 해내는 멋진 사회인이 될 수 있을까?불안감 속에서도 합격, 취..",tue,1,tue,1,mon,tue,True,tue,화,mon,tue,13757875_tue,pre_release,오늘 밤 10시 새 회차 공개 전 기준값 수집,17.1만,171000.0,https://series.naver.com/comic/detail.series?productNo=13757875,20260810_174819,mon,월,2026-08-10 17:48:19,2026-08-10,17:48:19,2026-08-10 17:54:50,2026-08-10 17:54:52,2.06,2026-08-10 17:54:52,2026-08-10,17:54:52,2026-08-10 18:02:09,829.93
tue,15,양치기 마법사,박만사,848349,https://comic.naver.com/webtoon/list?titleId=848349&tab=tue,13791323,양치기 마법사,양치기 마법사 (총 23화/미완결),총 23화/미완결,23.0,미완결,,,https://series.naver.com/comic/detail.series?productNo=13791323,matched,ok,"양치기 마법사 (총 23화/미완결)
평점
9.7 | 김꿀빨, 수박복숭아 YU | 2026.06.08. | 총23화/미완결 | 18화 무료
히사릴 언덕의 평범한 양치기 '투란'대마법사의 재능을 숨긴 채 살아온 그가 드디어 세상 밖으로 나오게 된다.",tue,1,tue,1,mon,tue,True,tue,화,mon,tue,13791323_tue,pre_release,오늘 밤 10시 새 회차 공개 전 기준값 수집,222.6만,2226000.0,https://series.naver.com/comic/detail.series?productNo=13791323,20260810_174819,mon,월,2026-08-10 17:48:19,2026-08-10,17:48:19,2026-08-10 17:54:53,2026-08-10 17:54:56,2.64,2026-08-10 17:54:56,2026-08-10,17:54:56,2026-08-10 18:02:09,829.93
tue,54,괴이현상 하나,머클,848549,https://comic.naver.com/webtoon/list?titleId=848549&tab=tue,13826718,괴이현상 하나,괴이현상 하나 (총 20화/미완결),총 20화/미완결,20.0,미완결,,,https://series.naver.com/comic/detail.series?productNo=13826718,matched,ok,"괴이현상 하나 (총 20화/미완결)
평점
9.8 | 머클 곰방 | 2026.06.08. | 총20화/미완결 | 14화 무료
괴이현상 규칙 하나,?̵̡͖̺̮͚̱͚̿͛̋͌̑͡?̢̨̲̤̞͙̟̌̏́̒̔̎̅͌͠͝?̴̰̭̭͉̬͙̲̄̀̐̿͐͋͛͡͠?̧͖͈̮̞̯̯̟̲̒̏̒͘͘͠을 잊지 마세요.괴이현상 규칙 둘,중심부 ?̭͗̒̒̋͒͠..",tue,1,tue,1,mon,tue,True,tue,화,mon,tue,13826718_tue,pre_release,오늘 밤 10시 새 회차 공개 전 기준값 수집,50.4만,504000.0,https://series.naver.com/comic/detail.series?productNo=13826718,20260810_174819,mon,월,2026-08-10 17:48:19,2026-08-10,17:48:19,2026-08-10 17:54:58,2026-08-10 17:55:00,2.55,2026-08-10 17:55:00,2026-08-10,17:55:00,2026-08-10 18:02:09,829.93
tue,103,써니서프,두한,848710,https://comic.naver.com/webtoon/list?titleId=848710&tab=tue,13850752,써니서프,써니서프 (총 18화/미완결),총 18화/미완결,18.0,미완결,,,https://series.naver.com/comic/detail.series?productNo=13850752,matched,ok,"써니서프 (총 18화/미완결)
평점
9.9 | 두한 두한 | 2026.06.08. | 총18화/미완결 | 13화 무료
회사에서 사고 치고 바다로 튄 소심녀, 서핑보드 위에서 진짜 자신을 마주한다.유쾌한 파도위에 펼쳐지는 인생 리셋 드라마.",tue,1,tue,1,mon,tue,True,tue,화,mon,tue,13850752_tue,pre_release,오늘 밤 10시 새 회차 공개 전 기준값 수집,2.3만,23000.0,https://series.naver.com/comic/detail.series?productNo=13850752,20260810_174819,mon,월,2026-08-10 17:48:19,2026-08-10,17:48:19,2026-08-10 17:55:01,2026-08-10 17:55:03,2.08,2026-08-10 17:55:03,2026-08-10,17:55:03,2026-08-10 18:02:09,829.93
tue,101,너의 세계,이에내,848902,https://comic.naver.com/webtoon/list?titleId=848902&tab=tue,13890979,너의 세계,너의 세계 (총 17화/미완결),총 17화/미완결,17.0,미완결,,,https://series.naver.com/comic/detail.series?productNo=13890979,matched,ok,"너의 세계 (총 17화/미완결)
평점
9.6 | 이에내 이에내 | 2026.06.08. | 총17화/미완결 | 12화 무료
다정하고 유능한 1학년 2반 반장 허윤아는 담임선생님으로부터 전학생 이도를 챙겨 달라는 부탁을 받는다. 그러나 너무나 다른 두 사람. 상냥하지만 위선적인 반장 허윤아와 고고하지만 솔직한 교포 전학생 이도는 서로를 이..",tue,1,tue,1,mon,tue,True,tue,화,mon,tue,13890979_tue,pre_release,오늘 밤 10시 새 회차 공개 전 기준값 수집,9만,90000.0,https://series.naver.com/comic/detail.series?productNo=13890979,20260810_174819,mon,월,2026-08-10 17:48:19,2026-08-10,17:48:19,2026-08-10 17:55:05,2026-08-10 17:55:07,1.98,2026-08-10 17:55:07,2026-08-10,17:55:07,2026-08-10 18:02:09,829.93
tue,96,힐링사무소,박태희,849149,https://comic.naver.com/webtoon/list?titleId=849149&tab=tue,13929385,힐링사무소,힐링사무소 (총 17화/미완결),총 17화/미완결,17.0,미완결,,,https://series.naver.com/comic/detail.series?productNo=13929385,matched,ok,"힐링사무소 (총 17화/미완결)
평점
10.0 | 박태희 박태희 | 2026.06.08. | 총17화/미완결 | 12화 무료
돈을 받고 맨주먹으로 악령을 때려잡아 부마자를 퇴마하는 ‘힐링사무소’의 직원 사현우. 의뢰를 수행하던 중, 그는 인위적으로 악령을 주입해 세상을 혼란에 빠뜨리는 악의 무리가 있음을 알게 된다. 소중한 관계를 파괴하는..",tue,1,tue,1,mon,tue,True,tue,화,mon,tue,13929385_tue,pre_release,오늘 밤 10시 새 회차 공개 전 기준값 수집,3.9만,39000.0,https://series.naver.com/comic/detail.series?productNo=13929385,20260810_174819,mon,월,2026-08-10 17:48:19,2026-08-10,17:48:19,2026-08-10 17:55:09,2026-08-10 17:55:12,2.7,2026-08-10 17:55:12,2026-08-10,17:55:12,2026-08-10 18:02:09,829.93
tue,89,불로불사로 산다는 것은,차원,849301,https://comic.naver.com/webtoon/list?titleId=849301&tab=tue,13944682,불로불사로 산다는 것은,불로불사로 산다는 것은 (총 17화/미완결),총 17화/미완결,17.0,미완결,,,https://series.naver.com/comic/detail.series?productNo=13944682,matched,ok,"불로불사로 산다는 것은 (총 17화/미완결)
평점
9.4 | 겨울에어컨, 차원 로비 | 2026.06.08. | 총17화/미완결 | 12화 무료
공교회의 사제 로베르타는 북쪽 끝에 있는 벽지,디트마르셴의 주임 사제로 발령받는다. 전임자가 실종된 사건이 벌어진 직후 주어진 자리이기에,로베르타는 경계를 품고 디트마르셴 공작 ‘울리히’에 관해 알아간다.소문에 ..",tue,1,tue,1,mon,tue,True,tue,화,mon,tue,13944682_tue,pre_release,오늘 밤 10시 새 회차 공개 전 기준값 수집,17.3만,173000.0,https://series.naver.com/comic/detail.series?productNo=13944682,20260810_174819,mon,월,2026-08-10 17:48:19,2026-08-10,17:48:19,2026-08-10 17:55:13,2026-08-10 17:55:16,2.78,2026-08-10 17:55:16,2026-08-10,17:55:16,2026-08-10 18:02:09,829.93
tue,69,색시한 내 우렁이,수오수,849507,https://comic.naver.com/webtoon/list?titleId=849507&tab=tue,13974498,색시한 내 우렁이,색시한 내 우렁이 (총 14화/미완결),총 14화/미완결,14.0,미완결,,,https://series.naver.com/comic/detail.series?productNo=13974498,matched,ok,"색시한 내 우렁이 (총 14화/미완결)
평점
10.0 | 수오수 수오수 | 2026.06.08. | 총14화/미완결 | 9화 무료
퇴근 후 집에 왔더니 따뜻한 저녁이 차려져 있다. 잠깐... 나 혼자 사는데?누군가 몰래 우리 집에 들어와 밥해주고 청소해 주고 빨래해주는 이 상황....너무 편해서 익숙해져 버렸어!!",tue,1,tue,1,mon,tue,True,tue,화,mon,tue,13974498_tue,pre_release,오늘 밤 10시 새 회차 공개 전 기준값 수집,20.8만,208000.0,https://series.naver.com/comic/detail.series?productNo=13974498,20260810_174819,mon,월,2026-08-10 17:48:19,2026-08-10,17:48:19,2026-08-10 17:55:17,2026-08-10 17:55:19,2.41,2026-08-10 17:55:19,2026-08-10,17:55:19,2026-08-10 18:02:09,829.93
tue,44,결혼사수스캔들,해수,849563,https://comic.naver.com/webtoon/list?titleId=849563&tab=tue,13994863,결혼사수스캔들,결혼사수스캔들 (총 15화/미완결),총 15화/미완결,15.0,미완결,,,https://series.naver.com/comic/detail.series?productNo=13994863,matched,ok,"결혼사수스캔들 (총 15화/미완결)
평점
10.0 | 해수 해수 | 2026.06.08. | 총15화/미완결 | 10화 무료
외모, 재력, 지성 뭐 하나 빠지지 않는 재벌집 막내손녀 채은아. 스무 살이 되며 이제 창창한 앞날이 펼쳐진 줄 알았는데- 결혼을 하라고?! 뺏겨버린 카드도, 결혼도 문제지만 왜 하필 상대가 원수 같은 전남친이냐고! 결혼(이..",tue,1,tue,1,mon,tue,True,tue,화,mon,tue,13994863_tue,pre_release,오늘 밤 10시 새 회차 공개 전 기준값 수집,68.4만,684000.0,https://series.naver.com/comic/detail.series?productNo=13994863,20260810_174819,mon,월,2026-08-10 17:48:19,2026-08-10,17:48:19,2026-08-10 17:55:20,2026-08-10 17:55:22,2.08,2026-08-10 17:55:22,2026-08-10,17:55:22,2026-08-10 18:02:09,829.93
tue,47,주차장,곽백수,849647,https://comic.naver.com/webtoon/list?titleId=849647&tab=tue,14004952,주차장,주차장 (총 17화/미완결),총 17화/미완결,17.0,미완결,,,https://series.naver.com/comic/detail.series?productNo=14004952,matched,ok,"주차장 (총 17화/미완결)
평점
10.0 | 곽백수 곽백수 | 2026.06.08. | 총17화/미완결 | 12화 무료
강남 500평 노지 주차장을 상속을 놓고 벌어지는 주인공 선우와 곽영감의 치열한 심리게임.피 한 방울 안 섞인 선우가 과연 곽영감의 주차장을 상속 받을 수 있을까?",tue,1,tue,1,mon,tue,True,tue,화,mon,tue,14004952_tue,pre_release,오늘 밤 10시 새 회차 공개 전 기준값 수집,25.5만,255000.0,https://series.naver.com/comic/detail.series?productNo=14004952,20260810_174819,mon,월,2026-08-10 17:48:19,2026-08-10,17:48:19,2026-08-10 17:55:24,2026-08-10 17:55:27,2.62,2026-08-10 17:55:27,2026-08-10,17:55:27,2026-08-10 18:02:09,829.93
tue,42,생활의 참견 2 : 지금은 가족시절,김양수,849676,https://comic.naver.com/webtoon/list?titleId=849676&tab=tue,14011888,생활의 참견 2 : 지금은 가족시절,생활의 참견 2 : 지금은 가족시절 (총 20화/미완결),총 20화/미완결,20.0,미완결,,,https://series.naver.com/comic/detail.series?productNo=14011888,matched,ok,"생활의 참견 2 : 지금은 가족시절 (총 20화/미완결)
평점
10.0 | 김양수 | 2026.06.08. | 총20화/미완결 | 15화 무료
쉽게 지나치는 일상과 지나간 추억 속에서 발견하는 유쾌한 웃음,자라난 아이들과 더욱 강력해진 케미로 그가 돌아왔다!","tue,fri",2,"tue,fri",2,"mon,thu","tue,fri",True,tue,화,mon,tue,14011888_tue,pre_release,오늘 밤 10시 새 회차 공개 전 기준값 수집,4.8만,48000.0,https://series.naver.com/comic/detail.series?productNo=14011888,20260810_174819,mon,월,2026-08-10 17:48:19,2026-08-10,17:48:19,2026-08-10 17:55:28,2026-08-10 17:55:30,1.9,2026-08-10 17:55:30,2026-08-10,17:55:30,2026-08-10 18:02:09,829.93
tue,109,소녀*구원대행,한기주,849744,https://comic.naver.com/webtoon/list?titleId=849744&tab=tue,14025251,소녀*구원대행,소녀*구원대행 (총 12화/미완결),총 12화/미완결,12.0,미완결,,,https://series.naver.com/comic/detail.series?productNo=14025251,matched,ok,"소녀*구원대행 (총 12화/미완결)
평점
10.0 | 한기주 도하예 | 2026.06.08. | 총12화/미완결 | 7화 무료
이 세상은 멸망했다.세계 랭킹 1위 원정현 때문에.그놈은 인류가 낳은 최고의 영웅이자 인류 최악의 배신자.…인 줄 알았는데?“…최후의 사람이, 너만 아니었더라도.”멸망 직전 나를 살리고 죽어버렸다.그리고 나는 음모를 막..",tue,1,tue,1,mon,tue,True,tue,화,mon,tue,14025251_tue,pre_release,오늘 밤 10시 새 회차 공개 전 기준값 수집,2.6만,26000.0,https://series.naver.com/comic/detail.series?productNo=14025251,20260810_174819,mon,월,2026-08-10 17:48:19,2026-08-10,17:48:19,2026-08-10 17:55:31,2026-08-10 17:55:34,2.77,2026-08-10 17:55:34,2026-08-10,17:55:34,2026-08-10 18:02:09,829.93
tue,81,마도애를 사랑하는 법,서,849913,https://comic.naver.com/webtoon/list?titleId=849913&tab=tue,14052414,마도애를 사랑하는 법,마도애를 사랑하는 법 (총 13화/미완결),총 13화/미완결,13.0,미완결,,,https://series.naver.com/comic/detail.series?productNo=14052414,matched,ok,"마도애를 사랑하는 법 (총 13화/미완결)
평점
10.0 | 서글 서글 | 2026.06.08. | 총13화/미완결 | 8화 무료
사랑하거나 사랑받는 순간 상대가 불행에 빠지는 저주를 타고난 ‘마도애’.이 저주를 끝낼 수 있는 방법은 단 하나바로 저주가 통하지 않는 ‘운명의 상대’를 찾는 것이다.그런데 하필 유일한 후보가 양아치 ‘공선화’ 뿐이..",tue,1,tue,1,mon,tue,True,tue,화,mon,tue,14052414_tue,pre_release,오늘 밤 10시 새 회차 공개 전 기준값 수집,17.3만,173000.0,https://series.naver.com/comic/detail.series?productNo=14052414,20260810_174819,mon,월,2026-08-10 17:48:19,2026-08-10,17:48:19,2026-08-10 17:55:36,2026-08-10 17:55:38,2.74,2026-08-10 17:55:38,2026-08-10,17:55:38,2026-08-10 18:02:09,829.93
tue,32,커플이상 부부미만,마자,850026,https://comic.naver.com/webtoon/list?titleId=850026&tab=tue,14070509,커플이상 부부미만,커플이상 부부미만 (총 14화/미완결),총 14화/미완결,14.0,미완결,,,https://series.naver.com/comic/detail.series?productNo=14070509,matched,ok,"커플이상 부부미만 (총 14화/미완결)
평점
10.0 | 마자 마자 | 2026.06.08. | 총14화/미완결 | 9화 무료
결혼까진 좀 그렇고… 일단 한번 같이 살아볼까?연애하는 룸메이트! 결혼 맛보기 스푼! 커플보다는 가깝고 부부보다는 먼 동거 커플의 일상!본격적인 혼인숙려기간 시작!","tue,fri",2,"tue,fri",2,"mon,thu","tue,fri",True,tue,화,mon,tue,14070509_tue,pre_release,오늘 밤 10시 새 회차 공개 전 기준값 수집,6.9만,69000.0,https://series.naver.com/comic/detail.series?productNo=14070509,20260810_174819,mon,월,2026-08-10 17:48:19,2026-08-10,17:48:19,2026-08-10 17:55:40,2026-08-10 17:55:42,2.68,2026-08-10 17:55:42,2026-08-10,17:55:42,2026-08-10 18:02:09,829.93
tue,35,이세계서 유부남된 썰,판테라,850103,https://comic.naver.com/webtoon/list?titleId=850103&tab=tue,13922134,이세계서 유부남된 썰,이세계서 유부남된 썰 (총 13화/미완결),총 13화/미완결,13.0,미완결,,,https://series.naver.com/comic/detail.series?productNo=13922134,matched,ok,"이세계서 유부남된 썰 (총 13화/미완결)
평점
9.6 | 판테라, 팀 포레스티브, 베르헤라 김혜령 | 2026.06.08. | 총13화/미완결 | 8화 무료
“토끼 같은 마누라와 몽구스처럼 귀여운 딸을 갖고 싶습니다.”크리스마스 이브, 신비한 산타에게 소원을 빌고 집에 가는 길.그런데, 눈을 떠보니 이세계였다...?!",tue,1,tue,1,mon,tue,True,tue,화,mon,tue,13922134_tue,pre_release,오늘 밤 10시 새 회차 공개 전 기준값 수집,138.2만,1382000.0,https://series.naver.com/comic/detail.series?productNo=13922134,20260810_174819,mon,월,2026-08-10 17:48:19,2026-08-10,17:48:19,2026-08-10 17:55:44,2026-08-10 17:55:46,1.86,2026-08-10 17:55:46,2026-08-10,17:55:46,2026-08-10 18:02:09,829.93
tue,31,제물 투표,이아거,850211,https://comic.naver.com/webtoon/list?titleId=850211&tab=tue,14182171,제물 투표,제물 투표 (총 8화/미완결),총 8화/미완결,8.0,미완결,,,https://series.naver.com/comic/detail.series?productNo=14182171,matched,ok,"제물 투표 (총 8화/미완결)
평점
10.0 | 이아거 | 2026.06.08. | 총8화/미완결 | 3화 무료
한 번 들어가면 다시는 나올 수 없는 정체불명의 마을에 갇혀버렸다. 그곳에선 사람들이 이틀에 한 번씩 악마에게 바칠 사람을 뽑는 ‘제물 투표’를 한다. 악마들은 기차를 타고 와서 제물을 아그작아그작 씹어 먹는다. 비밀 ..",tue,1,tue,1,mon,tue,True,tue,화,mon,tue,14182171_tue,pre_release,오늘 밤 10시 새 회차 공개 전 기준값 수집,61.2만,612000.0,https://series.naver.com/comic/detail.series?productNo=14182171,20260810_174819,mon,월,2026-08-10 17:48:19,2026-08-10,17:48:19,2026-08-10 17:55:47,2026-08-10 17:55:49,1.99,2026-08-10 17:55:49,2026-08-10,17:55:49,2026-08-10 18:02:09,829.93
tue,30,어느 날 해츨링이 되었다,판테라,850266,https://comic.naver.com/webtoon/list?titleId=850266&tab=tue,14083007,어느 날 해츨링이 되었다,어느 날 해츨링이 되었다 (총 11화/미완결),총 11화/미완결,11.0,미완결,,,https://series.naver.com/comic/detail.series?productNo=14083007,matched,ok,"어느 날 해츨링이 되었다 (총 11화/미완결)
평점
9.8 | 판테라 리피아 | 2026.06.08. | 총11화/미완결 | 6화 무료
난... 신수, 흑룡의 이무기다!뀨아!!!!승천을 1년 앞둔 999살 이무기, 억울하게 죽임을 당한 뒤깨어나니 1살 해츨링이 되어버렸다?! 전생의 기억을 고스란히 간직한 채 시작된 두 번째 생.처음으로 받아보는 무조건적인 사랑에 ..",tue,1,tue,1,mon,tue,True,tue,화,mon,tue,14083007_tue,pre_release,오늘 밤 10시 새 회차 공개 전 기준값 수집,110.3만,1103000.0,https://series.naver.com/comic/detail.series?productNo=14083007,20260810_174819,mon,월,2026-08-10 17:48:19,2026-08-10,17:48:19,2026-08-10 17:55:50,2026-08-10 17:55:53,2.47,2026-08-10 17:55:53,2026-08-10,17:55:53,2026-08-10 18:02:09,829.93
tue,24,하수전설,밥푸울,850653,https://comic.naver.com/webtoon/list?titleId=850653&tab=tue,14131519,하수전설[독점],하수전설[독점] (총 11화/미완결),총 11화/미완결,11.0,미완결,,,https://series.naver.com/comic/detail.series?productNo=14131519,matched,ok,"하수전설[독점] (총 11화/미완결)
평점
9.4 | 밥푸울, 군주 한경찬 | 2026.06.08. | 총11화/미완결 | 5화 무료
천하제일고수? 아니다.명문정파의 대협? 아니다.무림의 흔하고 소심한 하수 어자서.우연과 오해, 그리고 기연이 겹쳐 무림의 신비고수로 거듭나는데.하수의 마음을 지닌 고수 어자서의 무림생존기.",tue,1,tue,1,mon,tue,True,tue,화,mon,tue,14131519_tue,pre_release,오늘 밤 10시 새 회차 공개 전 기준값 수집,45.9만,459000.0,https://series.naver.com/comic/detail.series?productNo=14131519,20260810_174819,mon,월,2026-08-10 17:48:19,2026-08-10,17:48:19,2026-08-10 17:55:54,2026-08-10 17:55:56,2.77,2026-08-10 17:55:56,2026-08-10,17:55:56,2026-08-10 18:02:09,829.93
tue,56,안 멋진 어른 지혜 양,호리호,850746,https://comic.naver.com/webtoon/list?titleId=850746&tab=tue,14168924,안 멋진 어른 지혜 양,안 멋진 어른 지혜 양 (총 8화/미완결),총 8화/미완결,8.0,미완결,,,https://series.naver.com/comic/detail.series?productNo=14168924,matched,ok,"안 멋진 어른 지혜 양 (총 8화/미완결)
평점
10.0 | 호리호 하나 | 2026.06.08. | 총8화/미완결 | 3화 무료
학원 강사로 근무 중인 ‘주연호’4년 전 과외에서 만났던 제자 ‘안지혜’가 180도 달라진 모습으로 돌아왔다!?사정에 못 이겨 얼떨결에 시작하게 된 기 빨리는 동거….성실하고 총명했던 모습은 온데간데없고, 철부지처럼 ..",tue,1,tue,1,mon,tue,True,tue,화,mon,tue,14168924_tue,pre_release,오늘 밤 10시 새 회차 공개 전 기준값 수집,36.6만,366000.0,https://series.naver.com/comic/detail.series?productNo=14168924,20260810_174819,mon,월,2026-08-10 17:48:19,2026-08-10,17:48:19,2026-08-10 17:55:58,2026-08-10 17:56:00,1.89,2026-08-10 17:56:00,2026-08-10,17:56:00,2026-08-10 18:02:09,829.93
tue,36,폭풍의 전학생 시즌3,강냉이,851257,https://comic.naver.com/webtoon/list?titleId=851257&tab=tue,14224965,폭풍의 전학생 시즌3,폭풍의 전학생 시즌3 (총 7화/미완결),총 7화/미완결,7.0,미완결,,,https://series.naver.com/comic/detail.series?productNo=14224965,matched,ok,"폭풍의 전학생 시즌3 (총 7화/미완결)
평점
10.0 | 강냉이 강냉이 | 2026.06.08. | 총7화/미완결 | 2화 무료
주먹깨나 쓴다는 놈들이 모인 폭풍고,그 폭풍고를 하루 만에 제압한 폭풍의전학생 주인공.잠시 동안의 평화 끝에 새로운 위협이 주인공을 덮친다.깊은 산속 도망갈 곳도 없는 이곳에서 주인공과 그 친구들의 새로운 싸움이 시..",tue,1,tue,1,mon,tue,True,tue,화,mon,tue,14224965_tue,pre_release,오늘 밤 10시 새 회차 공개 전 기준값 수집,18.3만,183000.0,https://series.naver.com/comic/detail.series?productNo=14224965,20260810_174819,mon,월,2026-08-10 17:48:19,2026-08-10,17:48:19,2026-08-10 17:56:01,2026-08-10 17:56:04,2.48,2026-08-10 17:56:04,2026-08-10,17:56:04,2026-08-10 18:02:09,829.93
tue,108,에투알의 비밀,허니비,851384,https://comic.naver.com/webtoon/list?titleId=851384&tab=tue,14259166,에투알의 비밀,에투알의 비밀 (총 6화/미완결),총 6화/미완결,6.0,미완결,,,https://series.naver.com/comic/detail.series?productNo=14259166,matched,ok,"에투알의 비밀 (총 6화/미완결)
0.0 | 허니비 StillUnderworld | 2026.06.08. | 총6화/미완결 | 1화 무료
파리 국립 오페라 발레단의 젊은 무용수 조이. 미래에 대한 불안으로 가득하던 어느 날, 그녀는 우연히 발견한 신비로운 티아라를 통해 과거로 시간 여행을 떠나게 된다. 파리 오페라의 전설적인 에투알, '세실리아'의 몸으로 깨..",tue,1,tue,1,mon,tue,True,tue,화,mon,tue,14259166_tue,pre_release,오늘 밤 10시 새 회차 공개 전 기준값 수집,4.8천,4800.0,https://series.naver.com/comic/detail.series?productNo=14259166,20260810_174819,mon,월,2026-08-10 17:48:19,2026-08-10,17:48:19,2026-08-10 17:56:05,2026-08-10 17:56:08,2.8,2026-08-10 17:56:08,2026-08-10,17:56:08,2026-08-10 18:02:09,829.93
tue,41,대공가의 새아가는 조금 사나워요,심상,851388,https://comic.naver.com/webtoon/list?titleId=851388&tab=tue,14246820,대공가의 새아가는 조금 사나워요,대공가의 새아가는 조금 사나워요 (총 6화/미완결),총 6화/미완결,6.0,미완결,심상 뫄과,평점 9.8 | 심상 뫄과 | 2026.06.22. | 총6화/미완결 | 1화 무료,https://series.naver.com/comic/detail.series?productNo=14246820,matched,ok,"대공가의 새아가는 조금 사나워요 (총 6화/미완결)
평점
9.8 | 심상 뫄과 | 2026.06.22. | 총6화/미완결 | 1화 무료
무적의 특전사였던 내가 환생하니 이세계의 5살 어린아이?!심지어 불행한 미래가 예정됐다고?소녀, 아니 아기 '루디아'로 태어난 나!예정된 미래를 바꾸고 행복을 쟁취해야만 한다.특전사 정신으로 무장하고!'안 되면 되게 하..",tue,1,tue,1,mon,tue,True,tue,화,mon,tue,14246820_tue,pre_release,오늘 밤 10시 새 회차 공개 전 기준값 수집,31.6만,316000.0,https://series.naver.com/comic/detail.series?productNo=14246820,20260810_174819,mon,월,2026-08-10 17:48:19,2026-08-10,17:48:19,2026-08-10 17:56:09,2026-08-10 17:56:12,2.78,2026-08-10 17:56:12,2026-08-10,17:56:12,2026-08-10 18:02:09,829.93
tue,65,스타코인,지나무,851412,https://comic.naver.com/webtoon/list?titleId=851412&tab=tue,14251650,스타코인,스타코인 (총 6화/미완결),총 6화/미완결,6.0,미완결,0.0,0.0 | 지나무 지나무 | 2026.07.27. | 총6화/미완결 | 1화 무료,https://series.naver.com/comic/detail.series?productNo=14251650,matched,ok,"스타코인 (총 6화/미완결)
0.0 | 지나무 지나무 | 2026.07.27. | 총6화/미완결 | 1화 무료
스타의 가치가 코인으로 거래되는 시대, 데뷔를 눈앞에 둔 아이돌 '이별'이 의문의 죽음을 맞는다. 친구의 죽음에 숨겨진 진실을 밝히기 위해 '문이솔'은 아이돌 서바이벌 'BUY★ME'에 뛰어들고, 화려한 무대 뒤에 감춰진 충..",tue,1,tue,1,mon,tue,True,tue,화,mon,tue,14251650_tue,pre_release,오늘 밤 10시 새 회차 공개 전 기준값 수집,2만,20000.0,https://series.naver.com/comic/detail.series?productNo=14251650,20260810_174819,mon,월,2026-08-10 17:48:19,2026-08-10,17:48:19,2026-08-10 17:56:13,2026-08-10 17:56:15,2.04,2026-08-10 17:56:15,2026-08-10,17:56:15,2026-08-10 18:02:09,829.93
tue,11,동생 왔다,모나,851503,https://comic.naver.com/webtoon/list?titleId=851503&tab=tue,14264185,동생 왔다,동생 왔다 (총 6화/미완결),총 6화/미완결,6.0,미완결,모나,평점 10.0 | 모나 | 2026.06.15. | 총6화/미완결 | 1화 무료,https://series.naver.com/comic/detail.series?productNo=14264185,matched,ok,"동생 왔다 (총 6화/미완결)
평점
10.0 | 모나 | 2026.06.15. | 총6화/미완결 | 1화 무료
오빠보다 더한 여동생이 나타났다.리얼 자매 이야기, 진짜 동생이 왔다!","tue,sat",2,"tue,sat",2,"mon,fri","tue,sat",True,tue,화,mon,tue,14264185_tue,pre_release,오늘 밤 10시 새 회차 공개 전 기준값 수집,5.8만,58000.0,https://series.naver.com/comic/detail.series?productNo=14264185,20260810_174819,mon,월,2026-08-10 17:48:19,2026-08-10,17:48:19,2026-08-10 17:56:16,2026-08-10 17:56:19,2.81,2026-08-10 17:56:19,2026-08-10,17:56:19,2026-08-10 18:02:09,829.93
tue,48,화분,,851671,https://comic.naver.com/webtoon/list?titleId=851671&tab=tue,14284647,화분,화분 (총 5화/미완결),총 5화/미완결,5.0,미완결,쿼시 쿼시,평점 10.0 | 쿼시 쿼시 | 2026.06.15. | 총5화/미완결 | 1화 무료,https://series.naver.com/comic/detail.series?productNo=14284647,review_needed,not_found,"화분 (총 5화/미완결)
평점
10.0 | 쿼시 쿼시 | 2026.06.15. | 총5화/미완결 | 1화 무료
버림받는 것이 무서운 여자와 그런 그녀가 무섭게 느껴지는 남자. 오래된 인연으로 시작된 사랑은 다정함의 얼굴을 한 집착이 되어, 두 사람의 일상과 마음을 서서히 갉아먹어 간다.우리 사랑은, 어디서부터 잘못된거지..?",tue,1,tue,1,mon,tue,True,tue,화,mon,tue,14284647_tue,pre_release,오늘 밤 10시 새 회차 공개 전 기준값 수집,,,https://nid.naver.com/nidlogin.login?svctype=128&a_version=2&viewtype=1&url=http%3A%2F%2Fseries.naver.com%2Fcomic%2Fdetail.series%3FproductNo%3D14284647&surl=https%3A%2F%2Fseries.naver.com,20260810_174819,mon,월,2026-08-10 17:48:19,2026-08-10,17:48:19,2026-08-10 17:56:20,2026-08-10 17:56:36,15.46,2026-08-10 17:56:36,2026-08-10,17:56:36,2026-08-10 18:02:09,829.93
tue,67,인그레이브,도마,851854,https://comic.naver.com/webtoon/list?titleId=851854&tab=tue,14332437,인그레이브,인그레이브 (총 6화/미완결),총 6화/미완결,6.0,미완결,도마 도마,평점 10.0 | 도마 도마 | 2026.06.22. | 총6화/미완결 | 1화 무료,https://series.naver.com/comic/detail.series?productNo=14332437,matched,ok,"인그레이브 (총 6화/미완결)
평점
10.0 | 도마 도마 | 2026.06.22. | 총6화/미완결 | 1화 무료
갱단과의 전쟁이 끊이질 않던 국가 “산 로메리아”에서 누명을 쓰고 억울하게 옥살이를 하게 된 주인공 “니콜”. 그는 악명 높은 갱단을 수용하기 위해 신설된 범죄자 도축장, “크라네오 교도소”에 투옥된다. 지옥 같은 교..",tue,1,tue,1,mon,tue,True,tue,화,mon,tue,14332437_tue,pre_release,오늘 밤 10시 새 회차 공개 전 기준값 수집,9.1만,91000.0,https://series.naver.com/comic/detail.series?productNo=14332437,20260810_174819,mon,월,2026-08-10 17:48:19,2026-08-10,17:48:19,2026-08-10 17:56:37,2026-08-10 17:56:40,2.57,2026-08-10 17:56:40,2026-08-10,17:56:40,2026-08-10 18:02:09,829.93
tue,79,시냅틱 에러,연제원,852168,https://comic.naver.com/webtoon/list?titleId=852168&tab=tue,14384536,시냅틱 에러,시냅틱 에러 (총 6화/미완결),총 6화/미완결,6.0,미완결,연제원,평점 5.5 | 연제원 | 2026.07.06. | 총6화/미완결 | 1화 무료,https://series.naver.com/comic/detail.series?productNo=14384536,matched,ok,"시냅틱 에러 (총 6화/미완결)
평점
5.5 | 연제원 | 2026.07.06. | 총6화/미완결 | 1화 무료
전뇌화가 일반화된 월면도시 레골리스 시티. 탐정 '시드 블레이크'는 의뢰를 받고 카인테크의 비공개 발표회에 잠입하지만 카인테크의 신형 안드로이드 '프라이머'가 참석자 전원을 학살하는 현장을 목격한다. 살아남은 건 '시드..",tue,1,tue,1,mon,tue,True,tue,화,mon,tue,14384536_tue,pre_release,오늘 밤 10시 새 회차 공개 전 기준값 수집,6천,6000.0,https://series.naver.com/comic/detail.series?productNo=14384536,20260810_174819,mon,월,2026-08-10 17:48:19,2026-08-10,17:48:19,2026-08-10 17:56:41,2026-08-10 17:56:44,2.75,2026-08-10 17:56:44,2026-08-10,17:56:44,2026-08-10 18:02:09,829.93
tue,91,레벨업! 여신님,도롱뇽,852169,https://comic.naver.com/webtoon/list?titleId=852169&tab=tue,14385540,레벨업! 여신님,레벨업! 여신님 (총 6화/미완결),총 6화/미완결,6.0,미완결,0.0,0.0 | 도롱뇽 도롱뇽 | 2026.06.29. | 총6화/미완결 | 1화 무료,https://series.naver.com/comic/detail.series?productNo=14385540,matched,ok,"레벨업! 여신님 (총 6화/미완결)
0.0 | 도롱뇽 도롱뇽 | 2026.06.29. | 총6화/미완결 | 1화 무료
용사로 점찍어둔 소년을 전생시키려 한 여신. 그런데 이 소년, 무언가 이상하다. 인간이라곤 생각이 들지않는 비정상적인 파워...정신을 차려보니 현대로 전생된 여신.하루아침에 평범한 고등학생이 되어버린 여신은 이 곳에서 ..",tue,1,tue,1,mon,tue,True,tue,화,mon,tue,14385540_tue,pre_release,오늘 밤 10시 새 회차 공개 전 기준값 수집,1.8만,18000.0,https://series.naver.com/comic/detail.series?productNo=14385540,20260810_174819,mon,월,2026-08-10 17:48:19,2026-08-10,17:48:19,2026-08-10 17:56:45,2026-08-10 17:56:48,2.4,2026-08-10 17:56:48,2026-08-10,17:56:48,2026-08-10 18:02:09,829.93
tue,26,내가 죽인 드래곤과 결혼했다,만둣불,852628,https://comic.naver.com/webtoon/list?titleId=852628&tab=tue,14451876,내가 죽인 드래곤과 결혼했다 [독점],내가 죽인 드래곤과 결혼했다 [독점] (총 6화/미완결),총 6화/미완결,6.0,미완결,"만둣불, 분재나무 젤링","평점 10.0 | 만둣불, 분재나무 젤링 | 2026.07.13. | 총6화/미완결 | 1화 무료",https://series.naver.com/comic/detail.series?productNo=14451876,matched,ok,"내가 죽인 드래곤과 결혼했다 [독점] (총 6화/미완결)
평점
10.0 | 만둣불, 분재나무 젤링 | 2026.07.13. | 총6화/미완결 | 1화 무료
반신의 경지라 불리는 9서클.그 마지막 열쇠는 레드 드래곤, 발드로바의 심장이었다.“설마 짐의 약혼자가 짐을 죽이러 올 줄이야.”어째서인지, 발드로바는 저항 없이 스스로 심장을 내어주었다.""... 뭐냐, 이 감정은. 어째서 이..",tue,1,tue,1,mon,tue,True,tue,화,mon,tue,14451876_tue,pre_release,오늘 밤 10시 새 회차 공개 전 기준값 수집,84.6만,846000.0,https://series.naver.com/comic/detail.series?productNo=14451876,20260810_174819,mon,월,2026-08-10 17:48:19,2026-08-10,17:48:19,2026-08-10 17:56:49,2026-08-10 17:56:51,2.64,2026-08-10 17:56:51,2026-08-10,17:56:51,2026-08-10 18:02:09,829.93
tue,61,남자가 되기 싫어,성은,852887,https://comic.naver.com/webtoon/list?titleId=852887&tab=tue,14484259,남자가 되기 싫어,남자가 되기 싫어 (총 6화/미완결),총 6화/미완결,6.0,미완결,성은 성은,평점 10.0 | 성은 성은 | 2026.07.20. | 총6화/미완결 | 1화 무료,https://series.naver.com/comic/detail.series?productNo=14484259,matched,ok,"남자가 되기 싫어 (총 6화/미완결)
평점
10.0 | 성은 성은 | 2026.07.20. | 총6화/미완결 | 1화 무료
거짓말을 하면 남자가 되는 여자 강유라. 좋아하는 선배는 왜 하필 남자인 나에게만 다정한 걸까?거짓말과 진심 사이, 아슬아슬한 캠퍼스 로맨틱 코미디!",tue,1,tue,1,mon,tue,True,tue,화,mon,tue,14484259_tue,pre_release,오늘 밤 10시 새 회차 공개 전 기준값 수집,2.1만,21000.0,https://series.naver.com/comic/detail.series?productNo=14484259,20260810_174819,mon,월,2026-08-10 17:48:19,2026-08-10,17:48:19,2026-08-10 17:56:52,2026-08-10 17:56:55,2.21,2026-08-10 17:56:55,2026-08-10,17:56:55,2026-08-10 18:02:09,829.93
tue,46,타락면역이라 재앙급 마검 들고 시작한다,김상민,853004,https://comic.naver.com/webtoon/list?titleId=853004&tab=tue,14487740,타락면역이라 재앙급 마검 들고 시작한다,타락면역이라 재앙급 마검 들고 시작한다 (총 6화/미완결),총 6화/미완결,6.0,미완결,"김상민, 맘모스XM 김상민","평점 9.3 | 김상민, 맘모스XM 김상민 | 2026.07.20. | 총6화/미완결 | 1화 무료",https://series.naver.com/comic/detail.series?productNo=14487740,matched,ok,"타락면역이라 재앙급 마검 들고 시작한다 (총 6화/미완결)
평점
9.3 | 김상민, 맘모스XM 김상민 | 2026.07.20. | 총6화/미완결 | 1화 무료
타락하질 않으니 저주템 쓰레기통이 되었다.",tue,1,tue,1,mon,tue,True,tue,화,mon,tue,14487740_tue,pre_release,오늘 밤 10시 새 회차 공개 전 기준값 수집,15만,150000.0,https://series.naver.com/comic/detail.series?productNo=14487740,20260810_174819,mon,월,2026-08-10 17:48:19,2026-08-10,17:48:19,2026-08-10 17:56:56,2026-08-10 17:56:58,1.98,2026-08-10 17:56:58,2026-08-10,17:56:58,2026-08-10 18:02:09,829.93
mon,50,히어로메이커,빤쓰,21815,https://comic.naver.com/webtoon/list?titleId=21815&tab=mon,8029706,역대급 히어로 메이커,역대급 히어로 메이커 (총 248화/완결),총 248화/완결,248.0,완결,,,https://series.naver.com/novel/detail.series?productNo=8029706,matched,ok,"역대급 히어로 메이커 (총 248화/완결)
평점
7.3 | FL.R | 2022.01.03. | 총248화/완결 | 25화 무료
히어로 덕후는 다른 세상에 환생해도 덕질을 포기하지 못하는 법.그래서 만들었습니다. 히어로.작은 덕질의 날갯짓이 뒤로 갈수록 인류의 희망으로 커졌지만.뭐, 좋은 게 좋은 거다.짬뽕물 히어로들 빌런을 향해 돌격!난 뒤에서 ..",mon,1,mon,1,sun,mon,True,mon,월,sun,mon,8029706_mon,post_24h,어제 밤 10시 공개 이후 증가분 확인용 수집,7.6천,7600.0,https://series.naver.com/novel/detail.series?productNo=8029706,20260810_174819,mon,월,2026-08-10 17:48:19,2026-08-10,17:48:19,2026-08-10 17:56:59,2026-08-10 17:57:02,2.7,2026-08-10 17:57:02,2026-08-10,17:57:02,2026-08-10 18:02:09,829.93
mon,9,소녀의 세계,모랑지,654774,https://comic.naver.com/webtoon/list?titleId=654774&tab=mon,2225134,소녀의 세계,소녀의 세계 (총 502화/미완결),총 502화/미완결,502.0,미완결,모랑지 모랑지,평점 9.9 | 모랑지 모랑지 | 2026.07.19. | 총502화/미완결 | 499화 무료,https://series.naver.com/comic/detail.series?productNo=2225134,matched,ok,"소녀의 세계 (총 502화/미완결)
평점
9.9 | 모랑지 모랑지 | 2026.07.19. | 총502화/미완결 | 499화 무료
완벽해 보이지만 사실 외로웠던 백조들과 맘씨 착한 오리가 만나 여러 갈등을 함께 겪으며 진짜 친구가 되어가는 이야기",mon,1,mon,1,sun,mon,True,mon,월,sun,mon,2225134_mon,post_24h,어제 밤 10시 공개 이후 증가분 확인용 수집,"5,867만",58670000.0,https://series.naver.com/comic/detail.series?productNo=2225134,20260810_174819,mon,월,2026-08-10 17:48:19,2026-08-10,17:48:19,2026-08-10 17:57:02,2026-08-10 17:57:05,2.18,2026-08-10 17:57:05,2026-08-10,17:57:05,2026-08-10 18:02:09,829.93
mon,7,백수세끼,치즈,733074,https://comic.naver.com/webtoon/list?titleId=733074&tab=mon,4440934,백수세끼,백수세끼 (총 290화/미완결),총 290화/미완결,290.0,미완결,치즈 치즈,평점 9.9 | 치즈 치즈 | 2026.07.19. | 총290화/미완결 | 285화 무료,https://series.naver.com/comic/detail.series?productNo=4440934,matched,ok,"백수세끼 (총 290화/미완결)
평점
9.9 | 치즈 치즈 | 2026.07.19. | 총290화/미완결 | 285화 무료
가슴 아픈 시련 뒤에도 밥은 넘어간다.백수 재호가 먹는 세끼",mon,1,mon,1,sun,mon,True,mon,월,sun,mon,4440934_mon,post_24h,어제 밤 10시 공개 이후 증가분 확인용 수집,"2,025만",20250000.0,https://series.naver.com/comic/detail.series?productNo=4440934,20260810_174819,mon,월,2026-08-10 17:48:19,2026-08-10,17:48:19,2026-08-10 17:57:05,2026-08-10 17:57:07,2.01,2026-08-10 17:57:07,2026-08-10,17:57:07,2026-08-10 18:02:09,829.93
mon,51,라서드,감람,756140,https://comic.naver.com/webtoon/list?titleId=756140&tab=mon,5788657,라서드,라서드 (총 176화/미완결),총 176화/미완결,176.0,미완결,,,https://series.naver.com/comic/detail.series?productNo=5788657,matched,ok,"라서드 (총 176화/미완결)
평점
10.0 | 감람 감람 | 2026.06.07. | 총176화/미완결 | 171화 무료
절대적 권능을 지닌 11인의 왕과, 왕을 수호하기 위한 기사단이 존재하는 세계.수습기사 힌타는 파트너 캐넛과 함께 정식 기사가 되기 위한 모험을 떠나는데...정식기사가 되기 위한 소년들의 고군분투 정통판타지액션!",mon,1,mon,1,sun,mon,True,mon,월,sun,mon,5788657_mon,post_24h,어제 밤 10시 공개 이후 증가분 확인용 수집,265.6만,2656000.0,https://series.naver.com/comic/detail.series?productNo=5788657,20260810_174819,mon,월,2026-08-10 17:48:19,2026-08-10,17:48:19,2026-08-10 17:57:08,2026-08-10 17:57:11,2.7,2026-08-10 17:57:11,2026-08-10,17:57:11,2026-08-10 18:02:09,829.93
mon,1,참교육,채용택,758037,https://comic.naver.com/webtoon/list?titleId=758037&tab=mon,5620215,참교육,참교육 (총 258화/미완결),총 258화/미완결,258.0,미완결,채용택 한가람,평점 9.8 | 채용택 한가람 | 2026.07.26. | 총258화/미완결 | 253화 무료,https://series.naver.com/comic/detail.series?productNo=5620215,matched,ok,"참교육 (총 258화/미완결)
평점
9.8 | 채용택 한가람 | 2026.07.26. | 총258화/미완결 | 253화 무료
지금부터 참교육이 시작된다!",mon,1,mon,1,sun,mon,True,mon,월,sun,mon,5620215_mon,post_24h,어제 밤 10시 공개 이후 증가분 확인용 수집,"5,804만",58040000.0,https://series.naver.com/comic/detail.series?productNo=5620215,20260810_174819,mon,월,2026-08-10 17:48:19,2026-08-10,17:48:19,2026-08-10 17:57:12,2026-08-10 17:57:14,2.14,2026-08-10 17:57:14,2026-08-10,17:57:14,2026-08-10 18:02:09,829.93
mon,52,더블클릭,박수봉,769663,https://comic.naver.com/webtoon/list?titleId=769663&tab=mon,6503332,더블클릭,더블클릭 (총 256화/미완결),총 256화/미완결,256.0,미완결,,,https://series.naver.com/comic/detail.series?productNo=6503332,matched,ok,"더블클릭 (총 256화/미완결)
평점
9.9 | 김장훈,박수봉 박수봉 | 2026.06.07. | 총256화/미완결 | 252화 무료
악명 높은 난이도를 가진 게임의 세계 랭킹 1위였던 지호.서비스 종료된 줄만 알았던 그 게임이 새롭게 돌아왔다!지호는 다시 한번 랭킹 1위를 꿈꾸며 게임 동아리에 입부한다.오랜만에 게임을 해도 살아있는 감각. 하지만 게임..",mon,1,mon,1,sun,mon,True,mon,월,sun,mon,6503332_mon,post_24h,어제 밤 10시 공개 이후 증가분 확인용 수집,"1,417만",14170000.0,https://series.naver.com/comic/detail.series?productNo=6503332,20260810_174819,mon,월,2026-08-10 17:48:19,2026-08-10,17:48:19,2026-08-10 17:57:15,2026-08-10 17:57:18,3.01,2026-08-10 17:57:18,2026-08-10,17:57:18,2026-08-10 18:02:09,829.93
mon,8,똑 닮은 딸,이담,774866,https://comic.naver.com/webtoon/list?titleId=774866&tab=mon,6546523,똑 닮은 딸,똑 닮은 딸 (총 218화/미완결),총 218화/미완결,218.0,미완결,이담 이담,평점 9.8 | 이담 이담 | 2026.07.19. | 총218화/미완결 | 214화 무료,https://series.naver.com/comic/detail.series?productNo=6546523,matched,ok,"똑 닮은 딸 (총 218화/미완결)
평점
9.8 | 이담 이담 | 2026.07.19. | 총218화/미완결 | 214화 무료
'우리 엄마가 살인마인 것 같다.' 성적 우수, 품행 단정, 모범적인 자식인 길소명은 엄마가 요구하는 기준에 맞춰 완벽한 딸로 살아왔다. 그러나 남동생이 강물에서 시체로 떠오른 그 날, 소명의 머릿속엔 섬뜩한 의혹이 피어오..",mon,1,mon,1,sun,mon,True,mon,월,sun,mon,6546523_mon,post_24h,어제 밤 10시 공개 이후 증가분 확인용 수집,"2,415만",24150000.0,https://series.naver.com/comic/detail.series?productNo=6546523,20260810_174819,mon,월,2026-08-10 17:48:19,2026-08-10,17:48:19,2026-08-10 17:57:19,2026-08-10 17:57:21,1.77,2026-08-10 17:57:21,2026-08-10,17:57:21,2026-08-10 18:02:09,829.93
mon,23,신화급 귀속 아이템을 손에 넣었다,판테라,795297,https://comic.naver.com/webtoon/list?titleId=795297&tab=mon,8563145,신화급 귀속 아이템을 손에 넣었다,신화급 귀속 아이템을 손에 넣었다 (총 185화/미완결),총 185화/미완결,185.0,미완결,,,https://series.naver.com/comic/detail.series?productNo=8563145,matched,ok,"신화급 귀속 아이템을 손에 넣었다 (총 185화/미완결)
평점
9.7 | 판테라,정선율 헤스 | 2026.06.07. | 총185화/미완결 | 182화 무료
D급 무투계 레이더,최강의 귀속 아이템으로세계를 구할 신의 대적자가 되다!",mon,1,mon,1,sun,mon,True,mon,월,sun,mon,8563145_mon,post_24h,어제 밤 10시 공개 이후 증가분 확인용 수집,"2,281만",22810000.0,https://series.naver.com/comic/detail.series?productNo=8563145,20260810_174819,mon,월,2026-08-10 17:48:19,2026-08-10,17:48:19,2026-08-10 17:57:22,2026-08-10 17:57:24,2.04,2026-08-10 17:57:24,2026-08-10,17:57:24,2026-08-10 18:02:09,829.93
mon,6,절대검감,김두루미,796075,https://comic.naver.com/webtoon/list?titleId=796075&tab=mon,8555655,절대검감[독점],절대검감[독점] (총 193화/미완결),총 193화/미완결,193.0,미완결,"한중월야, 김두루미 티아이","평점 9.8 | 한중월야, 김두루미 티아이 | 2026.07.19. | 총193화/미완결 | 188화 무료",https://series.naver.com/comic/detail.series?productNo=8555655,matched,ok,"절대검감[독점] (총 193화/미완결)
평점
9.8 | 한중월야, 김두루미 티아이 | 2026.07.19. | 총193화/미완결 | 188화 무료
단전이 부숴졌다는 이유로 집에서는 내놓은 자식 취급을 받던 소운휘는 혈교에 납치되어서도 삼류 첩자로 살아왔다.어느 날, 전설로만 알려진 검선비록을 찾는데 이용당하다 죽은 운휘는 10년 전, 혈교에 납치되던 그 날로 돌..",mon,1,mon,1,sun,mon,True,mon,월,sun,mon,8555655_mon,post_24h,어제 밤 10시 공개 이후 증가분 확인용 수집,"1,919만",19190000.0,https://series.naver.com/comic/detail.series?productNo=8555655,20260810_174819,mon,월,2026-08-10 17:48:19,2026-08-10,17:48:19,2026-08-10 17:57:25,2026-08-10 17:57:28,2.81,2026-08-10 17:57:28,2026-08-10,17:57:28,2026-08-10 18:02:09,829.93
mon,16,천재 타자가 강속구를 숨김,황지성,807775,https://comic.naver.com/webtoon/list?titleId=807775&tab=mon,9545261,천재 타자가 강속구를 숨김 [독점],천재 타자가 강속구를 숨김 [독점] (총 123화/미완결),총 123화/미완결,123.0,미완결,,,https://series.naver.com/comic/detail.series?productNo=9545261,matched,ok,"천재 타자가 강속구를 숨김 [독점] (총 123화/미완결)
평점
9.8 | 황지성, 이블라인 김성은, 스튜디오MW | 2026.06.07. | 총123화/미완결 | 119화 무료
사랑 빼고 모든 걸 얻은 천재 메이저리거 강건우.그가 놓쳐버린 사랑을 위해 과거로 돌아왔다!",mon,1,mon,1,sun,mon,True,mon,월,sun,mon,9545261_mon,post_24h,어제 밤 10시 공개 이후 증가분 확인용 수집,768.7만,7687000.0,https://series.naver.com/comic/detail.series?productNo=9545261,20260810_174819,mon,월,2026-08-10 17:48:19,2026-08-10,17:48:19,2026-08-10 17:57:30,2026-08-10 17:57:32,1.99,2026-08-10 17:57:32,2026-08-10,17:57:32,2026-08-10 18:02:09,829.93
mon,55,개같이 탈출,갬쟈,814594,https://comic.naver.com/webtoon/list?titleId=814594&tab=mon,10111737,개같이 탈출,개같이 탈출 (총 130화/미완결),총 130화/미완결,130.0,미완결,,,https://series.naver.com/comic/detail.series?productNo=10111737,matched,ok,"개같이 탈출 (총 130화/미완결)
평점
9.9 | 갬쟈 갬쟈 | 2026.06.07. | 총130화/미완결 | 125화 무료
""살아남으라고? 나는 자그만 말티즈란 말이야!""세상 따뜻하고 포근한 가정집에서 살아온 삐용이. 언니 품에서 그저 귀엽기만 하면 되는 견생이었는데... 갑자기 가족들과 모든 인간이 사라져버렸다.혼자서는 아무것도 할 줄 모르..",mon,1,mon,1,sun,mon,True,mon,월,sun,mon,10111737_mon,post_24h,어제 밤 10시 공개 이후 증가분 확인용 수집,261.4만,2614000.0,https://series.naver.com/comic/detail.series?productNo=10111737,20260810_174819,mon,월,2026-08-10 17:48:19,2026-08-10,17:48:19,2026-08-10 17:57:33,2026-08-10 17:57:35,2.05,2026-08-10 17:57:35,2026-08-10,17:57:35,2026-08-10 18:02:09,829.93
mon,34,좀비묵시록 82-08,달아,814742,https://comic.naver.com/webtoon/list?titleId=814742&tab=mon,10100875,좀비묵시록 82-08,좀비묵시록 82-08 (총 134화/미완결),총 134화/미완결,134.0,미완결,,,https://series.naver.com/comic/detail.series?productNo=10100875,matched,ok,"좀비묵시록 82-08 (총 134화/미완결)
평점
9.5 | 달아, 박스오피스 경우,아쿠아콘 | 2026.06.07. | 총134화/미완결 | 129화 무료
탕-!의문의 선박 속'그것'으로부터 시작된 괴이한 전염병은서울을 죽음의 도시로 만들어버린다.예고 없이 닥쳐온 심판의 그날부터세상의 모든 질서는 완전히 리셋되었다.처절한 생존 경쟁 속에서프로젝트명 [좀비묵시록 82-0..",mon,1,mon,1,sun,mon,True,mon,월,sun,mon,10100875_mon,post_24h,어제 밤 10시 공개 이후 증가분 확인용 수집,260만,2600000.0,https://series.naver.com/comic/detail.series?productNo=10100875,20260810_174819,mon,월,2026-08-10 17:48:19,2026-08-10,17:48:19,2026-08-10 17:57:36,2026-08-10 17:57:38,2.25,2026-08-10 17:57:38,2026-08-10,17:57:38,2026-08-10 18:02:09,829.93
mon,30,어린이집 다니는 구나,구나,817945,https://comic.naver.com/webtoon/list?titleId=817945&tab=mon,10301137,어린이집 다니는 구나,어린이집 다니는 구나 (총 187화/미완결),총 187화/미완결,187.0,미완결,,,https://series.naver.com/comic/detail.series?productNo=10301137,matched,ok,"어린이집 다니는 구나 (총 187화/미완결)
평점
10.0 | 구나 구나 | 2026.06.07. | 총187화/미완결 | 181화 무료
""노는 게 제일 좋아!"" 라고 했더니 정말 노는 게 직업이 됐다?! 매일 동심의 세계로 출퇴근한지 어쩌다 10년째!아이들이라면 알 만큼 안다고 생각했는데... 예측불가한 말과 행동들은 여전히 새롭기만 하다. 그런 아이들에게 언제..","mon,wed",2,"mon,wed",2,"sun,tue","mon,wed",True,mon,월,sun,mon,10301137_mon,post_24h,어제 밤 10시 공개 이후 증가분 확인용 수집,203.6만,2036000.0,https://series.naver.com/comic/detail.series?productNo=10301137,20260810_174819,mon,월,2026-08-10 17:48:19,2026-08-10,17:48:19,2026-08-10 17:57:40,2026-08-10 17:57:42,2.22,2026-08-10 17:57:42,2026-08-10,17:57:42,2026-08-10 18:02:09,829.93
mon,19,영업 천재가 되었다,혜림,818780,https://comic.naver.com/webtoon/list?titleId=818780&tab=mon,10402415,영업 천재가 되었다 [독점],영업 천재가 되었다 [독점] (총 106화/미완결),총 106화/미완결,106.0,미완결,,,https://series.naver.com/comic/detail.series?productNo=10402415,matched,ok,"영업 천재가 되었다 [독점] (총 106화/미완결)
평점
9.9 | 혜림,댄킴 혜림 | 2026.06.07. | 총106화/미완결 | 101화 무료
나는 빚을 갚기 위해 당장 할 수 있는 일을 선택했고, 그게 내겐 영업이었다.그리고 내게 다시 한 번의 기회가 주어졌다.ⓒ혜림(원작:댄킴)/학산문화사",mon,1,mon,1,sun,mon,True,mon,월,sun,mon,10402415_mon,post_24h,어제 밤 10시 공개 이후 증가분 확인용 수집,514.7만,5147000.0,https://series.naver.com/comic/detail.series?productNo=10402415,20260810_174819,mon,월,2026-08-10 17:48:19,2026-08-10,17:48:19,2026-08-10 17:57:43,2026-08-10 17:57:45,1.93,2026-08-10 17:57:45,2026-08-10,17:57:45,2026-08-10 18:02:09,829.93
mon,14,회귀한 공작가의 막내도련님은 암살자,스윙뱃,821195,https://comic.naver.com/webtoon/list?titleId=821195&tab=mon,10719212,회귀한 공작가의 막내도련님은 암살자,회귀한 공작가의 막내도련님은 암살자 (총 136화/미완결),총 136화/미완결,136.0,미완결,"스윙뱃, 커피라임 스윙뱃","평점 9.8 | 스윙뱃, 커피라임 스윙뱃 | 2026.07.19. | 총136화/미완결 | 126화 무료",https://series.naver.com/comic/detail.series?productNo=10719212,matched,ok,"회귀한 공작가의 막내도련님은 암살자 (총 136화/미완결)
평점
9.8 | 스윙뱃, 커피라임 스윙뱃 | 2026.07.19. | 총136화/미완결 | 126화 무료
대륙 제일의 암살자 시안 베르트평생을 믿고 따랐던 형에게 배신당한 뒤, 비참한 최후를 맞이한다.만약 내게 한 번 더 생이 주어진다면 그때는 다른 삶을 살 것이다.오로지 나 하나만을 바라보면서, 내 스스로 모든 것을 이룰 수..",mon,1,mon,1,sun,mon,True,mon,월,sun,mon,10719212_mon,post_24h,어제 밤 10시 공개 이후 증가분 확인용 수집,"1,098만",10980000.0,https://series.naver.com/comic/detail.series?productNo=10719212,20260810_174819,mon,월,2026-08-10 17:48:19,2026-08-10,17:48:19,2026-08-10 17:57:46,2026-08-10 17:57:48,2.32,2026-08-10 17:57:48,2026-08-10,17:57:48,2026-08-10 18:02:09,829.93
mon,29,수상한 다이어트 클럽,스프링,821626,https://comic.naver.com/webtoon/list?titleId=821626&tab=mon,10877028,수상한 다이어트 클럽,수상한 다이어트 클럽 (총 60화/미완결),총 60화/미완결,60.0,미완결,스프링 스프링,평점 9.8 | 스프링 스프링 | 2026.07.26. | 총60화/미완결 | 55화 무료,https://series.naver.com/comic/detail.series?productNo=10877028,matched,ok,"수상한 다이어트 클럽 (총 60화/미완결)
평점
9.8 | 스프링 스프링 | 2026.07.26. | 총60화/미완결 | 55화 무료
모태 통통 ‘고양순’은 부모님의 등쌀에 못이겨 박박사 다이어트 클럽에 입소한다. 어딘가 수상해 보이는 박박사지만, 그녀의 이력 만큼은 누구보다 확실하다. 성공률 100%를 자랑하는 이곳의 퇴소 조건은 단 하나, ‘목표 ..",mon,1,mon,1,sun,mon,True,mon,월,sun,mon,10877028_mon,post_24h,어제 밤 10시 공개 이후 증가분 확인용 수집,193.6만,1936000.0,https://series.naver.com/comic/detail.series?productNo=10877028,20260810_174819,mon,월,2026-08-10 17:48:19,2026-08-10,17:48:19,2026-08-10 17:57:49,2026-08-10 17:57:51,1.99,2026-08-10 17:57:51,2026-08-10,17:57:51,2026-08-10 18:02:09,829.93
mon,10,귀촌리,황양,822573,https://comic.naver.com/webtoon/list?titleId=822573&tab=mon,10845772,귀촌리,귀촌리 (총 106화/미완결),총 106화/미완결,106.0,미완결,황양 이대한,평점 9.8 | 황양 이대한 | 2026.07.19. | 총106화/미완결 | 101화 무료,https://series.naver.com/comic/detail.series?productNo=10845772,matched,ok,"귀촌리 (총 106화/미완결)
평점
9.8 | 황양 이대한 | 2026.07.19. | 총106화/미완결 | 101화 무료
평범한 시골 마을 '귀촌리'를 찾은 '허무명'. 그는 돌아가신 할머니의 빈 집에 조용히 숨어든다. 그런데 집이 이상하리만큼 깔끔하다. 할머니가 돌아가신 건 3년 전인데? 어쩐지 마을 사람들은 이방인 무명의 방문을 달가워 하는..",mon,1,mon,1,sun,mon,True,mon,월,sun,mon,10845772_mon,post_24h,어제 밤 10시 공개 이후 증가분 확인용 수집,590.8만,5908000.0,https://series.naver.com/comic/detail.series?productNo=10845772,20260810_174819,mon,월,2026-08-10 17:48:19,2026-08-10,17:48:19,2026-08-10 17:57:52,2026-08-10 17:57:55,2.34,2026-08-10 17:57:55,2026-08-10,17:57:55,2026-08-10 18:02:09,829.93
mon,3,환생천마,JP,822657,https://comic.naver.com/webtoon/list?titleId=822657&tab=mon,10856132,환생천마,환생천마 (총 131화/미완결),총 131화/미완결,131.0,미완결,"장영훈, JP 부겸","평점 9.9 | 장영훈, JP 부겸 | 2026.07.19. | 총131화/미완결 | 124화 무료",https://series.naver.com/comic/detail.series?productNo=10856132,matched,ok,"환생천마 (총 131화/미완결)
평점
9.9 | 장영훈, JP 부겸 | 2026.07.19. | 총131화/미완결 | 124화 무료
철혈의 맹주, 강호의 절대자 '천하진'. 가문의 수치라 불리는 망나니 '벽리단'의 몸으로 깨어나다! 취미는 사기도박, 검은 창고에 박아둔지 오래. 하루아침에 천하제일인에서 천하의 쓰레기가 된 그는 다시 검을 잡고, 전생에서 ..",mon,1,mon,1,sun,mon,True,mon,월,sun,mon,10856132_mon,post_24h,어제 밤 10시 공개 이후 증가분 확인용 수집,"1,171만",11710000.0,https://series.naver.com/comic/detail.series?productNo=10856132,20260810_174819,mon,월,2026-08-10 17:48:19,2026-08-10,17:48:19,2026-08-10 17:57:56,2026-08-10 17:57:58,2.25,2026-08-10 17:57:58,2026-08-10,17:57:58,2026-08-10 18:02:09,829.93
mon,58,K학원 생존기,양아최,823190,https://comic.naver.com/webtoon/list?titleId=823190&tab=mon,10921535,K학원 생존기,K학원 생존기 (총 228화/미완결),총 228화/미완결,228.0,미완결,,,https://series.naver.com/comic/detail.series?productNo=10921535,matched,ok,"K학원 생존기 (총 228화/미완결)
평점
9.9 | 양아최 양아최 | 2026.06.07. | 총228화/미완결 | 223화 무료
K학원 지옥에 빠져있던 내가선생이 되어 다시 학원으로 돌아왔다?!본격 학원고인물이 되어버린선생님의 학원공감툰!","mon,sat",2,"mon,sat",2,"sun,fri","mon,sat",True,mon,월,sun,mon,10921535_mon,post_24h,어제 밤 10시 공개 이후 증가분 확인용 수집,53.9만,539000.0,https://series.naver.com/comic/detail.series?productNo=10921535,20260810_174819,mon,월,2026-08-10 17:48:19,2026-08-10,17:48:19,2026-08-10 17:57:59,2026-08-10 17:58:01,2.29,2026-08-10 17:58:01,2026-08-10,17:58:01,2026-08-10 18:02:09,829.93
mon,17,아포칼립스에 집을 숨김,DD,825332,https://comic.naver.com/webtoon/list?titleId=825332&tab=mon,11138966,아포칼립스에 집을 숨김,아포칼립스에 집을 숨김 (총 107화/미완결),총 107화/미완결,107.0,미완결,,,https://series.naver.com/comic/detail.series?productNo=11138966,matched,ok,"아포칼립스에 집을 숨김 (총 107화/미완결)
평점
9.6 | DD, 로드워리어 송지형 | 2026.06.07. | 총107화/미완결 | 104화 무료
3년 뒤, 이 세상이 멸망하리라 예측하고 온갖 대비를 해온 '멸망주의자' 박규. 그리고 그의 예상대로, 어느 날 서울 핵 공습을 시작으로 전 세계는 핵 전쟁에 돌입. 미증유의 아포칼립스가 펼쳐진다.모두의 비웃음에도 불구하고 ..",mon,1,mon,1,sun,mon,True,mon,월,sun,mon,11138966_mon,post_24h,어제 밤 10시 공개 이후 증가분 확인용 수집,333만,3330000.0,https://series.naver.com/comic/detail.series?productNo=11138966,20260810_174819,mon,월,2026-08-10 17:48:19,2026-08-10,17:48:19,2026-08-10 17:58:02,2026-08-10 17:58:05,2.86,2026-08-10 17:58:05,2026-08-10,17:58:05,2026-08-10 18:02:09,829.93
mon,46,피폐물을 힐링물로 만드는 방법,,826381,https://comic.naver.com/webtoon/list?titleId=826381&tab=mon,11152272,피폐물을 힐링물로 만드는 방법,피폐물을 힐링물로 만드는 방법 (총 84화/미완결),총 84화/미완결,84.0,미완결,"류호, 황도톨 양담","평점 9.9 | 류호, 황도톨 양담 | 2026.06.14. | 총84화/미완결 | 78화 무료",https://series.naver.com/comic/detail.series?productNo=11152272,matched,ok,"피폐물을 힐링물로 만드는 방법 (총 84화/미완결)
평점
9.9 | 류호, 황도톨 양담 | 2026.06.14. | 총84화/미완결 | 78화 무료
[살아생전 즐겨보던 소설에 환생했다.] 너무 진부하다구요? 아닐 걸요!왜냐면 그 소설이... 19금 피폐물이거든요...! ̗̀(ꀬ⏖ꀬ∴)예쁘고 상냥한 여주인공의 동생으로 환생했지만, 언니의 새드엔딩을 지켜볼 수 없었던 레나티..",mon,1,mon,1,sun,mon,True,mon,월,sun,mon,11152272_mon,post_24h,어제 밤 10시 공개 이후 증가분 확인용 수집,228.2만,2282000.0,https://series.naver.com/comic/detail.series?productNo=11152272,20260810_174819,mon,월,2026-08-10 17:48:19,2026-08-10,17:48:19,2026-08-10 17:58:06,2026-08-10 17:58:09,2.75,2026-08-10 17:58:09,2026-08-10,17:58:09,2026-08-10 18:02:09,829.93
mon,44,구야는 신입,구야,828167,https://comic.naver.com/webtoon/list?titleId=828167&tab=mon,11367370,구야는 신입,구야는 신입 (총 182화/미완결),총 182화/미완결,182.0,미완결,,,https://series.naver.com/comic/detail.series?productNo=11367370,matched,ok,"구야는 신입 (총 182화/미완결)
평점
9.9 | 구야 구야 | 2026.06.07. | 총182화/미완결 | 178화 무료
평생 학생일 줄 알았던 내가 어느새 직장인이 되어버렸다.직장인이 된 기쁨도 잠시... 이제는 일하다가 몰래 잡코리x만 뒤져보는 직장인이 되어버렸다는데...사회초년생 구야의 웃픈(?) 홀로서기","mon,fri",2,"mon,fri",2,"sun,thu","mon,fri",True,mon,월,sun,mon,11367370_mon,post_24h,어제 밤 10시 공개 이후 증가분 확인용 수집,54.7만,547000.0,https://series.naver.com/comic/detail.series?productNo=11367370,20260810_174819,mon,월,2026-08-10 17:48:19,2026-08-10,17:48:19,2026-08-10 17:58:11,2026-08-10 17:58:13,2.01,2026-08-10 17:58:13,2026-08-10,17:58:13,2026-08-10 18:02:09,829.93
mon,63,위험하지 않아요 NPC씨,미라주,828365,https://comic.naver.com/webtoon/list?titleId=828365&tab=mon,11388540,위험하지 않아요 NPC씨,위험하지 않아요 NPC씨 (총 52화/미완결),총 52화/미완결,52.0,미완결,,,https://series.naver.com/comic/detail.series?productNo=11388540,matched,ok,"위험하지 않아요 NPC씨 (총 52화/미완결)
평점
10.0 | 미라주 미라주 | 2026.06.07. | 총52화/미완결 | 50화 무료
게임을 즐기는 법엔 여러가지가 있다.레벨을 올려 강해지거나, 강화를 해서 더 좋은 아이템을 얻거나, PvP를 통해 다른 플레이어들과 경쟁하거나.혹은, 게임의 세계관에 푹 빠져 몰입하거나.주인공 '모험가'와 길드 안내원 NP..",mon,1,mon,1,sun,mon,True,mon,월,sun,mon,11388540_mon,post_24h,어제 밤 10시 공개 이후 증가분 확인용 수집,51.7만,517000.0,https://series.naver.com/comic/detail.series?productNo=11388540,20260810_174819,mon,월,2026-08-10 17:48:19,2026-08-10,17:48:19,2026-08-10 17:58:14,2026-08-10 17:58:17,2.71,2026-08-10 17:58:17,2026-08-10,17:58:17,2026-08-10 18:02:09,829.93
mon,31,우주천마 3077,산하,829195,https://comic.naver.com/webtoon/list?titleId=829195&tab=mon,11474896,우주천마 3077,우주천마 3077 (총 94화/미완결),총 94화/미완결,94.0,미완결,,,https://series.naver.com/comic/detail.series?productNo=11474896,matched,ok,"우주천마 3077 (총 94화/미완결)
평점
9.0 | 산하, 녹색여우 김대영 | 2026.06.07. | 총94화/미완결 | 92화 무료
오랜 세월이 흘러 태산에 봉인된 천마가 눈을 떴을 때,이미 인류는 방사능에 절여진 지구를 떠나 은하를 누비고 있었다.",mon,1,mon,1,sun,mon,True,mon,월,sun,mon,11474896_mon,post_24h,어제 밤 10시 공개 이후 증가분 확인용 수집,267.6만,2676000.0,https://series.naver.com/comic/detail.series?productNo=11474896,20260810_174819,mon,월,2026-08-10 17:48:19,2026-08-10,17:48:19,2026-08-10 17:58:18,2026-08-10 17:58:21,2.67,2026-08-10 17:58:21,2026-08-10,17:58:21,2026-08-10 18:02:09,829.93
mon,32,중세 판타지 속 망나니 경비조장,스튜디오MW,831416,https://comic.naver.com/webtoon/list?titleId=831416&tab=mon,11583362,중세 판타지 속 망나니 경비조장,중세 판타지 속 망나니 경비조장 (총 36화/미완결),총 36화/미완결,36.0,미완결,,,https://series.naver.com/comic/detail.series?productNo=11583362,matched,ok,"중세 판타지 속 망나니 경비조장 (총 36화/미완결)
평점
9.8 | 스튜디오MW, 곰돌이는 김가든 | 2026.06.07. | 총36화/미완결 | 31화 무료
노동법도 없는 무식한 중세.전쟁과 빈곤, 마법과 비상식이 지배하는 이곳에서경비조장은 오늘도 뺑이를 친다.",mon,1,mon,1,sun,mon,True,mon,월,sun,mon,11583362_mon,post_24h,어제 밤 10시 공개 이후 증가분 확인용 수집,103.5만,1035000.0,https://series.naver.com/comic/detail.series?productNo=11583362,20260810_174819,mon,월,2026-08-10 17:48:19,2026-08-10,17:48:19,2026-08-10 17:58:22,2026-08-10 17:58:24,1.98,2026-08-10 17:58:24,2026-08-10,17:58:24,2026-08-10 18:02:09,829.93
mon,41,"정신 차려, 전승연",제민,832243,https://comic.naver.com/webtoon/list?titleId=832243&tab=mon,11589552,"정신 차려, 전승연 [독점]","정신 차려, 전승연 [독점] (총 94화/미완결)",총 94화/미완결,94.0,미완결,,,https://series.naver.com/comic/detail.series?productNo=11589552,matched,ok,"정신 차려, 전승연 [독점] (총 94화/미완결)
평점
9.5 | 제민 | 2026.06.07. | 총94화/미완결 | 89화 무료
PC방 여신의 대학 생활. 4학년은 제대로 해내고 싶은데!예쁜 얼굴, 큰 키, 특유의 분위기 덕에 인기가 많은 승연은 PC방에서 알바하며, 자신에게 호의를 보이는 남자 손님들에게 값싼 자존감을 얻곤 한다.4학년이 된 지금은 학..",mon,1,mon,1,sun,mon,True,mon,월,sun,mon,11589552_mon,post_24h,어제 밤 10시 공개 이후 증가분 확인용 수집,252.4만,2524000.0,https://series.naver.com/comic/detail.series?productNo=11589552,20260810_174819,mon,월,2026-08-10 17:48:19,2026-08-10,17:48:19,2026-08-10 17:58:26,2026-08-10 17:58:28,2.62,2026-08-10 17:58:28,2026-08-10,17:58:28,2026-08-10 18:02:09,829.93
mon,5,시한부 천재가 살아남는 법,JP,832703,https://comic.naver.com/webtoon/list?titleId=832703&tab=mon,11659054,시한부 천재가 살아남는 법,시한부 천재가 살아남는 법 (총 86화/미완결),총 86화/미완결,86.0,미완결,"JP, 청시소 윤승기","평점 9.9 | JP, 청시소 윤승기 | 2026.07.19. | 총86화/미완결 | 81화 무료",https://series.naver.com/comic/detail.series?productNo=11659054,matched,ok,"시한부 천재가 살아남는 법 (총 86화/미완결)
평점
9.9 | JP, 청시소 윤승기 | 2026.07.19. | 총86화/미완결 | 81화 무료
'스물을 넘기지 못하고 단명할 운명'을 타고난 정연신.집안사람들 모두 연신을 홀대하지만,직접 무공을 만들 정도로 그의 실력은 대단했다.그러던 어느 날, 연신은 자신의 수명이 얼마 남지 않았음을 알게 되는데...시한부 천재 ..",mon,1,mon,1,sun,mon,True,mon,월,sun,mon,11659054_mon,post_24h,어제 밤 10시 공개 이후 증가분 확인용 수집,842.3만,8423000.0,https://series.naver.com/comic/detail.series?productNo=11659054,20260810_174819,mon,월,2026-08-10 17:48:19,2026-08-10,17:48:19,2026-08-10 17:58:30,2026-08-10 17:58:33,2.82,2026-08-10 17:58:33,2026-08-10,17:58:33,2026-08-10 18:02:09,829.93
mon,66,모솔대첩,진자,833596,https://comic.naver.com/webtoon/list?titleId=833596&tab=mon,11762378,모솔대첩,모솔대첩 (총 76화/미완결),총 76화/미완결,76.0,미완결,,,https://series.naver.com/comic/detail.series?productNo=11762378,matched,ok,"모솔대첩 (총 76화/미완결)
평점
10.0 | 진자 정생 | 2026.06.07. | 총76화/미완결 | 71화 무료
사랑도 얻고! 5억도 얻고! 만 30세 여자 3명의 5억을 건 모솔탈출내기가 시작된다. 왕자 없는 공주림 , 쓰레기 수집가 강선아 , 혼전순결 김채율 과연 모솔대첩의 우승자는 누가 될 것인가?",mon,1,mon,1,sun,mon,True,mon,월,sun,mon,11762378_mon,post_24h,어제 밤 10시 공개 이후 증가분 확인용 수집,84.5만,845000.0,https://series.naver.com/comic/detail.series?productNo=11762378,20260810_174819,mon,월,2026-08-10 17:48:19,2026-08-10,17:48:19,2026-08-10 17:58:34,2026-08-10 17:58:37,2.67,2026-08-10 17:58:37,2026-08-10,17:58:37,2026-08-10 18:02:09,829.93
mon,12,파브르 in 사천당가,지대공마법소년,833702,https://comic.naver.com/webtoon/list?titleId=833702&tab=mon,11779376,파브르 in 사천당가,파브르 in 사천당가 (총 97화/미완결),총 97화/미완결,97.0,미완결,에르훗 크라켄,평점 9.9 | 에르훗 크라켄 | 2026.07.19. | 총97화/미완결 | 92화 무료,https://series.naver.com/comic/detail.series?productNo=11779376,matched,ok,"파브르 in 사천당가 (총 97화/미완결)
평점
9.9 | 에르훗 크라켄 | 2026.07.19. | 총97화/미완결 | 92화 무료
독물과 독충을 다루던 백만 스트리머 매운 파브르.아프리카 현지촬영중 블랙맘바에 물려 무림에 전생하게 된다.정글에서 자신이 좋아하는 독물들을 키우며 자연인 생활을 하던 주인공은독공을 사용하는 사천당가의 눈에 띄게 ..",mon,1,mon,1,sun,mon,True,mon,월,sun,mon,11779376_mon,post_24h,어제 밤 10시 공개 이후 증가분 확인용 수집,727만,7270000.0,https://series.naver.com/comic/detail.series?productNo=11779376,20260810_174819,mon,월,2026-08-10 17:48:19,2026-08-10,17:48:19,2026-08-10 17:58:39,2026-08-10 17:58:41,2.32,2026-08-10 17:58:41,2026-08-10,17:58:41,2026-08-10 18:02:09,829.93
mon,65,제국 최고의 악녀를 사랑하게 되었습니다,아지,833908,https://comic.naver.com/webtoon/list?titleId=833908&tab=mon,11846155,제국 최고의 악녀를 사랑하게 되었습니다,제국 최고의 악녀를 사랑하게 되었습니다 (총 88화/미완결),총 88화/미완결,88.0,미완결,,,https://series.naver.com/comic/detail.series?productNo=11846155,matched,ok,"제국 최고의 악녀를 사랑하게 되었습니다 (총 88화/미완결)
평점
10.0 | 아지 아츠시, Perlacot | 2026.06.07. | 총88화/미완결 | 83화 무료
여러 여인들을 농락하며 독신 생활을 고수하는 걸로 유명한 공작, 레이븐.어느날 그런 그 앞에 남자를 싫어하는 것으로 이름높은 제국 최고의 악녀, 에스테렐라 공녀가 나타나 구혼한다.수많은 염문을 뿌리고 다니는 레이븐과 ..",mon,1,mon,1,sun,mon,True,mon,월,sun,mon,11846155_mon,post_24h,어제 밤 10시 공개 이후 증가분 확인용 수집,153.3만,1533000.0,https://series.naver.com/comic/detail.series?productNo=11846155,20260810_174819,mon,월,2026-08-10 17:48:19,2026-08-10,17:48:19,2026-08-10 17:58:42,2026-08-10 17:58:45,2.5,2026-08-10 17:58:45,2026-08-10,17:58:45,2026-08-10 18:02:09,829.93
mon,42,시간을 돌아온 황후의 납치 결혼,그리온,834548,https://comic.naver.com/webtoon/list?titleId=834548&tab=mon,11916111,시간을 돌아온 황후의 납치 결혼,시간을 돌아온 황후의 납치 결혼 (총 65화/미완결),총 65화/미완결,65.0,미완결,신은예 그리온,평점 10.0 | 신은예 그리온 | 2026.07.19. | 총65화/미완결 | 59화 무료,https://series.naver.com/comic/detail.series?productNo=11916111,matched,ok,"시간을 돌아온 황후의 납치 결혼 (총 65화/미완결)
평점
10.0 | 신은예 그리온 | 2026.07.19. | 총65화/미완결 | 59화 무료
“아이라도 낳든가. 씨를 뿌리면 무엇 하나.”절벽 위의 고고한 꽃으로 불리는 공녀, 엘리아노 로사나.적국으로 강제로 시집가 고귀한 황후가 되었지만,가문에게도 남편에게도 버림받아 비참하게 죽는다.모든 것이 잘못되었다...",mon,1,mon,1,sun,mon,True,mon,월,sun,mon,11916111_mon,post_24h,어제 밤 10시 공개 이후 증가분 확인용 수집,164.8만,1648000.0,https://series.naver.com/comic/detail.series?productNo=11916111,20260810_174819,mon,월,2026-08-10 17:48:19,2026-08-10,17:48:19,2026-08-10 17:58:46,2026-08-10 17:58:48,2.28,2026-08-10 17:58:48,2026-08-10,17:58:48,2026-08-10 18:02:09,829.93
mon,15,시리도록 불꽃처럼,김인호,834686,https://comic.naver.com/webtoon/list?titleId=834686&tab=mon,11932919,시리도록 불꽃처럼,시리도록 불꽃처럼 (총 87화/미완결),총 87화/미완결,87.0,미완결,,,https://series.naver.com/comic/detail.series?productNo=11932919,matched,ok,"시리도록 불꽃처럼 (총 87화/미완결)
평점
9.8 | 유진성 김인호 | 2026.06.07. | 총87화/미완결 | 79화 무료
""강호로 내려가면 세상이 너의 적이 될 것이야..."" 쇠락한 가문의 젊은 가주 '백무진'은 가세를 바로 잡기 위해 세상 밖으로의 여정을 준비한다. 세상은 그의 적이 될 것이라는 예견된 미래에도 불구하고, 무진은 외로운 싸움을 시..",mon,1,mon,1,sun,mon,True,mon,월,sun,mon,11932919_mon,post_24h,어제 밤 10시 공개 이후 증가분 확인용 수집,269만,2690000.0,https://series.naver.com/comic/detail.series?productNo=11932919,20260810_174819,mon,월,2026-08-10 17:48:19,2026-08-10,17:48:19,2026-08-10 17:58:50,2026-08-10 17:58:52,2.26,2026-08-10 17:58:52,2026-08-10,17:58:52,2026-08-10 18:02:09,829.93
mon,38,연애리뷰,송채윤,835082,https://comic.naver.com/webtoon/list?titleId=835082&tab=mon,12012518,연애리뷰,연애리뷰 (총 75화/미완결),총 75화/미완결,75.0,미완결,"송채윤, 평강 라희","평점 9.9 | 송채윤, 평강 라희 | 2026.06.14. | 총75화/미완결 | 70화 무료",https://series.naver.com/comic/detail.series?productNo=12012518,matched,ok,"연애리뷰 (총 75화/미완결)
평점
9.9 | 송채윤, 평강 라희 | 2026.06.14. | 총75화/미완결 | 70화 무료
평소엔 누구보다 이성적! 그러나 연애만 하면 상호구가 되는 기주. 이번엔 다를 거라 믿었던 남자친구와의 다툼 중 계단에서 굴러 떨어지게 되는데.. 병원에서 깨어난 기주의 눈 앞에 수상한 리뷰창이 보인다! '이게 뭐지? 남..",mon,1,mon,1,sun,mon,True,mon,월,sun,mon,12012518_mon,post_24h,어제 밤 10시 공개 이후 증가분 확인용 수집,275.8만,2758000.0,https://series.naver.com/comic/detail.series?productNo=12012518,20260810_174819,mon,월,2026-08-10 17:48:19,2026-08-10,17:48:19,2026-08-10 17:58:54,2026-08-10 17:58:56,2.09,2026-08-10 17:58:56,2026-08-10,17:58:56,2026-08-10 18:02:09,829.93
mon,53,해피 페이스,이저녁,838569,https://comic.naver.com/webtoon/list?titleId=838569&tab=mon,12529878,해피 페이스,해피 페이스 (총 63화/미완결),총 63화/미완결,63.0,미완결,,,https://series.naver.com/comic/detail.series?productNo=12529878,matched,ok,"해피 페이스 (총 63화/미완결)
평점
9.9 | 이저녁 이저녁 | 2026.06.07. | 총63화/미완결 | 58화 무료
투기장에서 노예로 자란 해피는 괴물 같은 실력으로 생존해왔다.투기장 주인이 사형되는 사건이 생기며 해방된 해피는새로운 가족과 친구들을 만나며 조금씩 사회를 배워간다.하지만 세상은 해피에게 싸움을 멈출 기회를 주지..",mon,1,mon,1,sun,mon,True,mon,월,sun,mon,12529878_mon,post_24h,어제 밤 10시 공개 이후 증가분 확인용 수집,158.4만,1584000.0,https://series.naver.com/comic/detail.series?productNo=12529878,20260810_174819,mon,월,2026-08-10 17:48:19,2026-08-10,17:48:19,2026-08-10 17:58:57,2026-08-10 17:58:59,2.35,2026-08-10 17:58:59,2026-08-10,17:58:59,2026-08-10 18:02:09,829.93
mon,62,돌아온 여름에게,청푸,839539,https://comic.naver.com/webtoon/list?titleId=839539&tab=mon,12662763,돌아온 여름에게,돌아온 여름에게 (총 57화/미완결),총 57화/미완결,57.0,미완결,,,https://series.naver.com/comic/detail.series?productNo=12662763,matched,ok,"돌아온 여름에게 (총 57화/미완결)
평점
9.9 | 청푸 9주영 | 2026.06.07. | 총57화/미완결 | 52화 무료
제자였던 전남친이 신입사원이 되어 나타났다.뜨겁게 사랑하고 차갑게 헤어졌던 전남친이자 첫 제자 한여름.떠올리고 싶지조차 않았던 그 남자를 회사에서 마주쳤다.""이전처럼 다정하게 대해 주시면 더 좋을 것 같은데."" 그저 ..",mon,1,mon,1,sun,mon,True,mon,월,sun,mon,12662763_mon,post_24h,어제 밤 10시 공개 이후 증가분 확인용 수집,84.6만,846000.0,https://series.naver.com/comic/detail.series?productNo=12662763,20260810_174819,mon,월,2026-08-10 17:48:19,2026-08-10,17:48:19,2026-08-10 17:59:00,2026-08-10 17:59:02,2.07,2026-08-10 17:59:02,2026-08-10,17:59:02,2026-08-10 18:02:09,829.93
mon,4,샤MONEY즘,나락,840014,https://comic.naver.com/webtoon/list?titleId=840014&tab=mon,12731193,샤MONEY즘,샤MONEY즘 (총 59화/미완결),총 59화/미완결,59.0,미완결,나락 영기,평점 10.0 | 나락 영기 | 2026.07.19. | 총59화/미완결 | 55화 무료,https://series.naver.com/comic/detail.series?productNo=12731193,matched,ok,"샤MONEY즘 (총 59화/미완결)
평점
10.0 | 나락 영기 | 2026.07.19. | 총59화/미완결 | 55화 무료
“진짜 일류 무당은 여의도에서 논다.” 주가의 오르내림을 예측하는 것만으로 수십, 수백 억을 벌 수 있는 여의도의 투자사들은 신통력이 있는 무당들을 고용했고, 그것은 여의도를 일류 무당들의 무대로 만들었다. 가난한 소..",mon,1,mon,1,sun,mon,True,mon,월,sun,mon,12731193_mon,post_24h,어제 밤 10시 공개 이후 증가분 확인용 수집,"1,016만",10160000.0,https://series.naver.com/comic/detail.series?productNo=12731193,20260810_174819,mon,월,2026-08-10 17:48:19,2026-08-10,17:48:19,2026-08-10 17:59:04,2026-08-10 17:59:06,1.93,2026-08-10 17:59:06,2026-08-10,17:59:06,2026-08-10 18:02:09,829.93
mon,22,다정한 침입자,이니,840839,https://comic.naver.com/webtoon/list?titleId=840839&tab=mon,12891387,다정한 침입자,다정한 침입자 (총 52화/미완결),총 52화/미완결,52.0,미완결,,,https://series.naver.com/comic/detail.series?productNo=12891387,matched,ok,"다정한 침입자 (총 52화/미완결)
평점
9.9 | 이니 정유한 | 2026.06.07. | 총52화/미완결 | 47화 무료
""우리가 이성으로 보일 확률? 절대 없지.""어린 시절 사고로 가족을 잃고 한치오 가족의 보살핌 속에 자란 정이한.커갈수록 어색함만 쌓여갔던 옆집 오빠와의 동거가 시작되는데...꼭꼭 숨겨둔 마음에 자꾸만 침입하는 서로의 관..",mon,1,mon,1,sun,mon,True,mon,월,sun,mon,12891387_mon,post_24h,어제 밤 10시 공개 이후 증가분 확인용 수집,466만,4660000.0,https://series.naver.com/comic/detail.series?productNo=12891387,20260810_174819,mon,월,2026-08-10 17:48:19,2026-08-10,17:48:19,2026-08-10 17:59:07,2026-08-10 17:59:09,1.88,2026-08-10 17:59:09,2026-08-10,17:59:09,2026-08-10 18:02:09,829.93
mon,37,몬스터와 힐링하는 S급 헌터,팀 더 지크,840845,https://comic.naver.com/webtoon/list?titleId=840845&tab=mon,12876827,몬스터와 힐링하는 S급 헌터 [독점],몬스터와 힐링하는 S급 헌터 [독점] (총 52화/미완결),총 52화/미완결,52.0,미완결,,,https://series.naver.com/comic/detail.series?productNo=12876827,matched,ok,"몬스터와 힐링하는 S급 헌터 [독점] (총 52화/미완결)
평점
10.0 | 팀 더 지크 손이도 | 2026.06.07. | 총52화/미완결 | 47화 무료
키메라 헌터로 이용당하며 이지를 잃고 살아오길 수십 년.게이트 안에 버려진 후, 인간의 모습으로 부활했다.인간 '천도운'으로 살아갈 기회를 얻은 만큼 유유자적 힐링 라이프를 즐기려 했건만,집 앞마당으로 마계 생물들과 과..",mon,1,mon,1,sun,mon,True,mon,월,sun,mon,12876827_mon,post_24h,어제 밤 10시 공개 이후 증가분 확인용 수집,242.4만,2424000.0,https://series.naver.com/comic/detail.series?productNo=12876827,20260810_174819,mon,월,2026-08-10 17:48:19,2026-08-10,17:48:19,2026-08-10 17:59:10,2026-08-10 17:59:12,2.5,2026-08-10 17:59:12,2026-08-10,17:59:12,2026-08-10 18:02:09,829.93
mon,67,남4친,올챙구리,841069,https://comic.naver.com/webtoon/list?titleId=841069&tab=mon,12922538,남4친,남4친 (총 49화/미완결),총 49화/미완결,49.0,미완결,,,https://series.naver.com/comic/detail.series?productNo=12922538,matched,ok,"남4친 (총 49화/미완결)
평점
10.0 | 올챙구리 올챙구리 | 2026.06.07. | 총49화/미완결 | 44화 무료
내성적인 오타쿠 소녀 양지인.혼자 있는 건 익숙하지만… 외롭지 않은 건 아니다.그런 그녀의 곁에 네 명의 '남사친'이 나타나고,지인의 평온했던 일상은 흔들리기 시작한다.남사친도… 진짜 친구가 될 수 있을까?",mon,1,mon,1,sun,mon,True,mon,월,sun,mon,12922538_mon,post_24h,어제 밤 10시 공개 이후 증가분 확인용 수집,55만,550000.0,https://series.naver.com/comic/detail.series?productNo=12922538,20260810_174819,mon,월,2026-08-10 17:48:19,2026-08-10,17:48:19,2026-08-10 17:59:13,2026-08-10 17:59:15,2.03,2026-08-10 17:59:15,2026-08-10,17:59:15,2026-08-10 18:02:09,829.93
mon,28,대공비가 체질입니다,LICO,841126,https://comic.naver.com/webtoon/list?titleId=841126&tab=mon,12938361,대공비가 체질입니다,대공비가 체질입니다 (총 51화/미완결),총 51화/미완결,51.0,미완결,,,https://series.naver.com/comic/detail.series?productNo=12938361,matched,ok,"대공비가 체질입니다 (총 51화/미완결)
평점
10.0 | LICO, 레치모나 챰이 | 2026.06.07. | 총51화/미완결 | 46화 무료
1년 후, 처형당할 소설 속 악녀에 빙의한 아네트.어떻게든 살기 위해 저주받은 북부 대공과 계약 결혼을 한다.그런데...“오늘 밤도 안아주시면 안 됩니까?”손만 닿아도 질색하던 남편이 요망해졌다!게다가!“북부, 제국 최고의..",mon,1,mon,1,sun,mon,True,mon,월,sun,mon,12938361_mon,post_24h,어제 밤 10시 공개 이후 증가분 확인용 수집,240.4만,2404000.0,https://series.naver.com/comic/detail.series?productNo=12938361,20260810_174819,mon,월,2026-08-10 17:48:19,2026-08-10,17:48:19,2026-08-10 17:59:16,2026-08-10 17:59:19,2.38,2026-08-10 17:59:19,2026-08-10,17:59:19,2026-08-10 18:02:09,829.93
wed,80,오늘은 뭐하고 놀까?,햄김밥,842116,https://comic.naver.com/webtoon/list?titleId=842116&tab=wed,13041640,오늘은 뭐하고 놀까?,오늘은 뭐하고 놀까? (총 89화/미완결),총 89화/미완결,89.0,미완결,,,https://series.naver.com/comic/detail.series?productNo=13041640,matched,ok,"오늘은 뭐하고 놀까? (총 89화/미완결)
평점
10.0 | 햄김밥 | 2026.06.07. | 총89화/미완결 | 84화 무료
게임을 좋아하는 원숭이 ‘햄김밥’의 징글 귀염 게이머 공감 일상 개그툰! 오늘은 뭐하고 놀까?",wed,1,"mon,wed",2,"sun,tue","mon,wed",True,mon,월,sun,mon,13041640_mon,post_24h,어제 밤 10시 공개 이후 증가분 확인용 수집,3.5만,35000.0,https://series.naver.com/comic/detail.series?productNo=13041640,20260810_174819,mon,월,2026-08-10 17:48:19,2026-08-10,17:48:19,2026-08-10 17:59:20,2026-08-10 17:59:22,2.14,2026-08-10 17:59:22,2026-08-10,17:59:22,2026-08-10 18:02:09,829.93
mon,43,포도가 익기 전에,삼태,843017,https://comic.naver.com/webtoon/list?titleId=843017&tab=mon,13155192,포도가 익기 전에,포도가 익기 전에 (총 44화/미완결),총 44화/미완결,44.0,미완결,삼태 삼태,평점 10.0 | 삼태 삼태 | 2026.06.14. | 총44화/미완결 | 39화 무료,https://series.naver.com/comic/detail.series?productNo=13155192,matched,ok,"포도가 익기 전에 (총 44화/미완결)
평점
10.0 | 삼태 삼태 | 2026.06.14. | 총44화/미완결 | 39화 무료
어릴적 사건으로 수영의 집에 빚을 진 태은의 아버지는 매달 100만원을 수영의 집에 보낸다. 시간이 흘러 성인이 된 두사람은 새로 부임한 팀장과 팀의 막내로 만나게 되고 아슬아슬한 회사 생활을 이어간다.. “팀장님, 저한테..",mon,1,mon,1,sun,mon,True,mon,월,sun,mon,13155192_mon,post_24h,어제 밤 10시 공개 이후 증가분 확인용 수집,224.4만,2244000.0,https://series.naver.com/comic/detail.series?productNo=13155192,20260810_174819,mon,월,2026-08-10 17:48:19,2026-08-10,17:48:19,2026-08-10 17:59:23,2026-08-10 17:59:25,2.38,2026-08-10 17:59:25,2026-08-10,17:59:25,2026-08-10 18:02:09,829.93
mon,48,강아지별,아음,843129,https://comic.naver.com/webtoon/list?titleId=843129&tab=mon,13177885,강아지별,강아지별 (총 24화/미완결),총 24화/미완결,24.0,미완결,,,https://series.naver.com/comic/detail.series?productNo=13177885,matched,ok,"강아지별 (총 24화/미완결)
평점
10.0 | 아음 | 2026.06.07. | 총24화/미완결 | 19화 무료
사람보다 먼저 떠나게 된 반려견들이 가는 곳, 강아지별. 이곳에선 일 년이 하루와 같다고 한다.그런 강아지 별에 오게 된 아홉 살 토리. 가족들이 없는 낯선 곳에서 토리를 반겨주는 선생님과 친구들.선생님 말씀으로는 백 밤만..",mon,1,mon,1,sun,mon,True,mon,월,sun,mon,13177885_mon,post_24h,어제 밤 10시 공개 이후 증가분 확인용 수집,28.6만,286000.0,https://series.naver.com/comic/detail.series?productNo=13177885,20260810_174819,mon,월,2026-08-10 17:48:19,2026-08-10,17:48:19,2026-08-10 17:59:27,2026-08-10 17:59:29,2.39,2026-08-10 17:59:29,2026-08-10,17:59:29,2026-08-10 18:02:09,829.93
mon,39,장편단편선,기주주,843310,https://comic.naver.com/webtoon/list?titleId=843310&tab=mon,13223209,장편단편선,장편단편선 (총 39화/미완결),총 39화/미완결,39.0,미완결,,,https://series.naver.com/comic/detail.series?productNo=13223209,matched,ok,"장편단편선 (총 39화/미완결)
평점
10.0 | 기주주 기주주 | 2026.06.07. | 총39화/미완결 | 35화 무료
장편의 감상이 느껴지는 다양한 장르의 단편 모음집.스릴러와 개그, 드라마와 로맨스 등 장르를 넘나드는 다양한 단편을 한 번에 즐겨보세요.",mon,1,mon,1,sun,mon,True,mon,월,sun,mon,13223209_mon,post_24h,어제 밤 10시 공개 이후 증가분 확인용 수집,126.7만,1267000.0,https://series.naver.com/comic/detail.series?productNo=13223209,20260810_174819,mon,월,2026-08-10 17:48:19,2026-08-10,17:48:19,2026-08-10 17:59:31,2026-08-10 17:59:33,2.12,2026-08-10 17:59:33,2026-08-10,17:59:33,2026-08-10 18:02:09,829.93
mon,57,첩보원 악어새,배가봉,843425,https://comic.naver.com/webtoon/list?titleId=843425&tab=mon,13230589,첩보원 악어새,첩보원 악어새 (총 39화/미완결),총 39화/미완결,39.0,미완결,,,https://series.naver.com/comic/detail.series?productNo=13230589,matched,ok,"첩보원 악어새 (총 39화/미완결)
평점
9.9 | 배가봉 배가봉 | 2026.06.07. | 총39화/미완결 | 34화 무료
베일에 싸인 조직,국정원 산하 민간 첩보기관 ‘악어’.그곳에서 활동하는 프리랜서 첩보원, ‘코드네임 악어새’.아버지를 죽이고 조직을 집어삼키려는 국정원에 맞서 싸워라!",mon,1,mon,1,sun,mon,True,mon,월,sun,mon,13230589_mon,post_24h,어제 밤 10시 공개 이후 증가분 확인용 수집,25만,250000.0,https://series.naver.com/comic/detail.series?productNo=13230589,20260810_174819,mon,월,2026-08-10 17:48:19,2026-08-10,17:48:19,2026-08-10 17:59:34,2026-08-10 17:59:36,2.19,2026-08-10 17:59:36,2026-08-10,17:59:36,2026-08-10 18:02:09,829.93
wed,79,아가씨는 못말려,김연우,843869,https://comic.naver.com/webtoon/list?titleId=843869&tab=wed,13262427,아가씨는 못말려,아가씨는 못말려 (총 70화/미완결),총 70화/미완결,70.0,미완결,,,https://series.naver.com/comic/detail.series?productNo=13262427,matched,ok,"아가씨는 못말려 (총 70화/미완결)
평점
10.0 | 김연우 김연우 | 2026.06.07. | 총70화/미완결 | 65화 무료
짝사랑 중인 같은 반 남학생이 알고 보니 집사 카페 집사?!그의 마음을 얻기 위한 방고운의 당도 999%의 디저트와 고군분투! 달콤한 디저트와 풋풋한 사랑이 어우러진 로맨틱 코미디",wed,1,"mon,wed",2,"sun,tue","mon,wed",True,mon,월,sun,mon,13262427_mon,post_24h,어제 밤 10시 공개 이후 증가분 확인용 수집,17.4만,174000.0,https://series.naver.com/comic/detail.series?productNo=13262427,20260810_174819,mon,월,2026-08-10 17:48:19,2026-08-10,17:48:19,2026-08-10 17:59:37,2026-08-10 17:59:40,2.5,2026-08-10 17:59:40,2026-08-10,17:59:40,2026-08-10 18:02:09,829.93
mon,2,신체,,844058,https://comic.naver.com/webtoon/list?titleId=844058&tab=mon,13285897,19금 신체,19금 신체 (총 44화/미완결),총 44화/미완결,44.0,미완결,엄세윤 정썸머,평점 9.8 | 엄세윤 정썸머 | 2026.07.26. | 총44화/미완결 | 39화 무료,https://series.naver.com/comic/detail.series?productNo=13285897,review_needed,not_found,"19금 신체 (총 44화/미완결)
평점
9.8 | 엄세윤 정썸머 | 2026.07.26. | 총44화/미완결 | 39화 무료",mon,1,mon,1,sun,mon,True,mon,월,sun,mon,13285897_mon,post_24h,어제 밤 10시 공개 이후 증가분 확인용 수집,,,https://nid.naver.com/nidlogin.login?svctype=128&a_version=2&viewtype=1&url=http%3A%2F%2Fseries.naver.com%2Fcomic%2Fdetail.series%3FproductNo%3D13285897&surl=https%3A%2F%2Fseries.naver.com,20260810_174819,mon,월,2026-08-10 17:48:19,2026-08-10,17:48:19,2026-08-10 17:59:41,2026-08-10 17:59:57,15.93,2026-08-10 17:59:57,2026-08-10,17:59:57,2026-08-10 18:02:09,829.93
mon,68,나의 다정에게,쏘림,844388,https://comic.naver.com/webtoon/list?titleId=844388&tab=mon,13337769,나의 다정에게,나의 다정에게 (총 35화/미완결),총 35화/미완결,35.0,미완결,,,https://series.naver.com/comic/detail.series?productNo=13337769,matched,ok,"나의 다정에게 (총 35화/미완결)
평점
9.9 | 쏘림 | 2026.06.07. | 총35화/미완결 | 30화 무료
1년 만에 다시 돌아오게 된 학교. 즐거운 일만 있을 거라 생각한 복학 첫날, 친동생과 같은 반이 되는 기적의 상황이 펼쳐지더니 급기야 창피한 모습을 외간 남자에게 들키고 마는데..!근데 그 남자가 하필 서진영이라고?! ..",mon,1,mon,1,sun,mon,True,mon,월,sun,mon,13337769_mon,post_24h,어제 밤 10시 공개 이후 증가분 확인용 수집,75.6만,756000.0,https://series.naver.com/comic/detail.series?productNo=13337769,20260810_174819,mon,월,2026-08-10 17:48:19,2026-08-10,17:48:19,2026-08-10 17:59:59,2026-08-10 18:00:02,3.15,2026-08-10 18:00:02,2026-08-10,18:00:02,2026-08-10 18:02:09,829.93
mon,54,나의 연애 참견자,꿀삼,844840,https://comic.naver.com/webtoon/list?titleId=844840&tab=mon,13389458,나의 연애 참견자,나의 연애 참견자 (총 34화/미완결),총 34화/미완결,34.0,미완결,,,https://series.naver.com/comic/detail.series?productNo=13389458,matched,ok,"나의 연애 참견자 (총 34화/미완결)
평점
10.0 | 꿀삼 꿀삼 | 2026.06.07. | 총34화/미완결 | 29화 무료
행복함만이 가득할 것 같았던 첫 연애.그러나 내 남자친구는 ""여자사람친구""를 좋아하는 것 같다..답답한 마음에 사용해 본 AI연애상담어플 '참견이'근데 나보고 호구라고? 이거 AI 맞아?",mon,1,mon,1,sun,mon,True,mon,월,sun,mon,13389458_mon,post_24h,어제 밤 10시 공개 이후 증가분 확인용 수집,114.6만,1146000.0,https://series.naver.com/comic/detail.series?productNo=13389458,20260810_174819,mon,월,2026-08-10 17:48:19,2026-08-10,17:48:19,2026-08-10 18:00:03,2026-08-10 18:00:06,3.07,2026-08-10 18:00:06,2026-08-10,18:00:06,2026-08-10 18:02:09,829.93
mon,11,먹는 인생2,홍끼,845271,https://comic.naver.com/webtoon/list?titleId=845271&tab=mon,13455875,먹는 인생2,먹는 인생2 (총 58화/미완결),총 58화/미완결,58.0,미완결,,,https://series.naver.com/comic/detail.series?productNo=13455875,matched,ok,"먹는 인생2 (총 58화/미완결)
평점
9.8 | 홍끼 홍끼 | 2026.06.07. | 총58화/미완결 | 53화 무료
행복한 일상에는 맛있는 음식이 빠질 수 없지!맛있는 음식을 탐험하며 이어지는 일상 이야기","mon,thu",2,"mon,thu",2,"sun,wed","mon,thu",True,mon,월,sun,mon,13455875_mon,post_24h,어제 밤 10시 공개 이후 증가분 확인용 수집,26.5만,265000.0,https://series.naver.com/comic/detail.series?productNo=13455875,20260810_174819,mon,월,2026-08-10 17:48:19,2026-08-10,17:48:19,2026-08-10 18:00:07,2026-08-10 18:00:09,2.68,2026-08-10 18:00:09,2026-08-10,18:00:09,2026-08-10 18:02:09,829.93
mon,35,빌런의 순정,수민,845531,https://comic.naver.com/webtoon/list?titleId=845531&tab=mon,13483817,빌런의 순정,빌런의 순정 (총 31화/미완결),총 31화/미완결,31.0,미완결,,,https://series.naver.com/comic/detail.series?productNo=13483817,matched,ok,"빌런의 순정 (총 31화/미완결)
평점
10.0 | 수민, 로즈빈 수민 | 2026.06.07. | 총31화/미완결 | 25화 무료
비서인 연우는 부사장 윤석의 가스라이팅과 괴롭힘에고향인 목산군으로 도망간다.그곳에서 설양 건설의 전무 성헌을 만나게 되고,얼음장 같던 성헌의 마음은따스한 봄과 닮은 연우에게 녹아 스며든다.한편 윤석은 연우를 찾으..",mon,1,mon,1,sun,mon,True,mon,월,sun,mon,13483817_mon,post_24h,어제 밤 10시 공개 이후 증가분 확인용 수집,252.2만,2522000.0,https://series.naver.com/comic/detail.series?productNo=13483817,20260810_174819,mon,월,2026-08-10 17:48:19,2026-08-10,17:48:19,2026-08-10 18:00:11,2026-08-10 18:00:13,2.84,2026-08-10 18:00:13,2026-08-10,18:00:13,2026-08-10 18:02:09,829.93
mon,49,세상도 구해본 놈이 잘 구한다,오정훈,845832,https://comic.naver.com/webtoon/list?titleId=845832&tab=mon,13522357,세상도 구해본 놈이 잘 구한다,세상도 구해본 놈이 잘 구한다 (총 30화/미완결),총 30화/미완결,30.0,미완결,,,https://series.naver.com/comic/detail.series?productNo=13522357,matched,ok,"세상도 구해본 놈이 잘 구한다 (총 30화/미완결)
평점
9.7 | rororo, 아낙필 영38 | 2026.06.07. | 총30화/미완결 | 25화 무료
이세계를 구했더니, 지구가 더 막장이었다.하지만 걱정 마라. 세상 구해본 놈이, 한 번 더 구한다.",mon,1,mon,1,sun,mon,True,mon,월,sun,mon,13522357_mon,post_24h,어제 밤 10시 공개 이후 증가분 확인용 수집,75.8만,758000.0,https://series.naver.com/comic/detail.series?productNo=13522357,20260810_174819,mon,월,2026-08-10 17:48:19,2026-08-10,17:48:19,2026-08-10 18:00:15,2026-08-10 18:00:17,2.2,2026-08-10 18:00:17,2026-08-10,18:00:17,2026-08-10 18:02:09,829.93
mon,27,검 먹는 소드마스터,양명,845918,https://comic.naver.com/webtoon/list?titleId=845918&tab=mon,13493972,검 먹는 소드마스터,검 먹는 소드마스터 (총 32화/미완결),총 32화/미완결,32.0,미완결,,,https://series.naver.com/comic/detail.series?productNo=13493972,matched,ok,"검 먹는 소드마스터 (총 32화/미완결)
평점
9.7 | 진범 양명 | 2026.06.07. | 총32화/미완결 | 26화 무료
영문조차 모른 채 소드마스터에게 모든 것을 잃은 아르한.죽음 같은 절망 속에서, 전설로만 전해지던 선조 리암 카라반이 모습을 드러낸다.리암이 제시한 아르한의 유일한 복수 방법은 바로-“검을 먹고, 그 안에 깃든 힘을 자..",mon,1,mon,1,sun,mon,True,mon,월,sun,mon,13493972_mon,post_24h,어제 밤 10시 공개 이후 증가분 확인용 수집,153.6만,1536000.0,https://series.naver.com/comic/detail.series?productNo=13493972,20260810_174819,mon,월,2026-08-10 17:48:19,2026-08-10,17:48:19,2026-08-10 18:00:18,2026-08-10 18:00:20,2.08,2026-08-10 18:00:20,2026-08-10,18:00:20,2026-08-10 18:02:09,829.93
mon,33,이혼자녀,051,846616,https://comic.naver.com/webtoon/list?titleId=846616&tab=mon,13617466,이혼자녀,이혼자녀 (총 25화/미완결),총 25화/미완결,25.0,미완결,,,https://series.naver.com/comic/detail.series?productNo=13617466,matched,ok,"이혼자녀 (총 25화/미완결)
평점
10.0 | 051 051 | 2026.06.07. | 총25화/미완결 | 20화 무료
오랫동안 연을 끊었던 아버지의 죽음.장례식장에서 마주한 건 눈물이 아닌, 파도처럼 밀려 드는 기억과 상처였다.그 끝에서 '제훈'은 삶과 용서에 대해 다시 고민하게 된다.",mon,1,mon,1,sun,mon,True,mon,월,sun,mon,13617466_mon,post_24h,어제 밤 10시 공개 이후 증가분 확인용 수집,63.2만,632000.0,https://series.naver.com/comic/detail.series?productNo=13617466,20260810_174819,mon,월,2026-08-10 17:48:19,2026-08-10,17:48:19,2026-08-10 18:00:22,2026-08-10 18:00:24,1.99,2026-08-10 18:00:24,2026-08-10,18:00:24,2026-08-10 18:02:09,829.93
mon,61,애드립의 신,GO,848578,https://comic.naver.com/webtoon/list?titleId=848578&tab=mon,13844696,애드립의 신,애드립의 신 (총 22화/미완결),총 22화/미완결,22.0,미완결,,,https://series.naver.com/comic/detail.series?productNo=13844696,matched,ok,"애드립의 신 (총 22화/미완결)
평점
9.8 | 전명, GO 남장현 | 2026.06.07. | 총22화/미완결 | 15화 무료
서른 살 백수 이태규.어느 순간부터 감정의 진폭을 느끼지 못한 채 무기력한 삶을 이어가고 있다.의미 없는 일상에서 벗어나기 위해 발버둥치던 그는,우연히 만난 신비한 노인을 통해 타인의 감정을 ‘복사’할 수 있는 도깨비..",mon,1,mon,1,sun,mon,True,mon,월,sun,mon,13844696_mon,post_24h,어제 밤 10시 공개 이후 증가분 확인용 수집,116.5만,1165000.0,https://series.naver.com/comic/detail.series?productNo=13844696,20260810_174819,mon,월,2026-08-10 17:48:19,2026-08-10,17:48:19,2026-08-10 18:00:25,2026-08-10 18:00:27,2.31,2026-08-10 18:00:27,2026-08-10,18:00:27,2026-08-10 18:02:09,829.93
mon,47,프레스턴 경의 비밀 가정교사,오로라 스튜디오,848884,https://comic.naver.com/webtoon/list?titleId=848884&tab=mon,13883541,프레스턴 경의 비밀 가정교사,프레스턴 경의 비밀 가정교사 (총 17화/미완결),총 17화/미완결,17.0,미완결,,,https://series.naver.com/comic/detail.series?productNo=13883541,matched,ok,"프레스턴 경의 비밀 가정교사 (총 17화/미완결)
평점
9.9 | 오로라 스튜디오, 성하 오로라 스튜디오 | 2026.06.07. | 총17화/미완결 | 11화 무료
부친의 죽음과 파산으로 하루아침에 빈털터리가 된 재클린 서머셋.그녀는 프레스턴 저택의 열세 번째 가정교사로 채용된다.까다롭기로 소문난 후작과 살얼음판 같은 관계 속에서, 그녀는 단순한 생존을 넘어 후작의 숨겨진 비..",mon,1,mon,1,sun,mon,True,mon,월,sun,mon,13883541_mon,post_24h,어제 밤 10시 공개 이후 증가분 확인용 수집,52.5만,525000.0,https://series.naver.com/comic/detail.series?productNo=13883541,20260810_174819,mon,월,2026-08-10 17:48:19,2026-08-10,17:48:19,2026-08-10 18:00:28,2026-08-10 18:00:31,2.31,2026-08-10 18:00:31,2026-08-10,18:00:31,2026-08-10 18:02:09,829.93
mon,36,상사폭행,레블스튜디오,849297,https://comic.naver.com/webtoon/list?titleId=849297&tab=mon,13962690,상사폭행,상사폭행 (총 17화/미완결),총 17화/미완결,17.0,미완결,,,https://series.naver.com/comic/detail.series?productNo=13962690,matched,ok,"상사폭행 (총 17화/미완결)
평점
9.4 | 레블스튜디오 이도엽 | 2026.06.07. | 총17화/미완결 | 11화 무료
18살, 서울 전역 고등학교를 평정하며 폭력의 정점에 오른 '레전드' 권승호. 하지만, 정점에 오른 뒤 권승호는 소리 소문 없이 사라졌는데.. 그로부터 10년이 지난 지금, 사람들은 권승호가 적어도 전국구 조폭 두목이 되었을 거..",mon,1,mon,1,sun,mon,True,mon,월,sun,mon,13962690_mon,post_24h,어제 밤 10시 공개 이후 증가분 확인용 수집,72.2만,722000.0,https://series.naver.com/comic/detail.series?productNo=13962690,20260810_174819,mon,월,2026-08-10 17:48:19,2026-08-10,17:48:19,2026-08-10 18:00:32,2026-08-10 18:00:34,2.38,2026-08-10 18:00:34,2026-08-10,18:00:34,2026-08-10 18:02:09,829.93
mon,18,변경백의 10클래스 망나니,양평,849510,https://comic.naver.com/webtoon/list?titleId=849510&tab=mon,13977185,변경백의 10클래스 망나니,변경백의 10클래스 망나니 (총 14화/미완결),총 14화/미완결,14.0,미완결,,,https://series.naver.com/comic/detail.series?productNo=13977185,matched,ok,"변경백의 10클래스 망나니 (총 14화/미완결)
평점
9.4 | 양평 시연 | 2026.06.07. | 총14화/미완결 | 8화 무료
칠십대의 늙고 추레한 마법사는 육십 년 전으로 돌아온다.아주 오래된그리워하던어떤 날로…….",mon,1,mon,1,sun,mon,True,mon,월,sun,mon,13977185_mon,post_24h,어제 밤 10시 공개 이후 증가분 확인용 수집,143.3만,1433000.0,https://series.naver.com/comic/detail.series?productNo=13977185,20260810_174819,mon,월,2026-08-10 17:48:19,2026-08-10,17:48:19,2026-08-10 18:00:35,2026-08-10 18:00:38,2.56,2026-08-10 18:00:38,2026-08-10,18:00:38,2026-08-10 18:02:09,829.93
mon,56,페일 블루 아이즈,,849898,https://comic.naver.com/webtoon/list?titleId=849898&tab=mon,14051143,페일 블루 아이즈,페일 블루 아이즈 (총 13화/미완결),총 13화/미완결,13.0,미완결,"LICO, 피숙혜 당도삼십","평점 9.9 | LICO, 피숙혜 당도삼십 | 2026.06.14. | 총13화/미완결 | 9화 무료",https://series.naver.com/comic/detail.series?productNo=14051143,review_needed,not_found,"페일 블루 아이즈 (총 13화/미완결)
평점
9.9 | LICO, 피숙혜 당도삼십 | 2026.06.14. | 총13화/미완결 | 9화 무료
주은은 자신을 늘 외롭게 만드는 가족을 떠나 홀연히 영국으로 향한다. 그곳에서 만난 창백한 푸른눈의 남자, 에덴. 조악한 문신으로 온몸을 뒤덮은, 쓰레기 같은 펑크를 노래하는, 주변의 모든 여자를 열병에 들끓게 만드는, 하..",mon,1,mon,1,sun,mon,True,mon,월,sun,mon,14051143_mon,post_24h,어제 밤 10시 공개 이후 증가분 확인용 수집,,,https://nid.naver.com/nidlogin.login?svctype=128&a_version=2&viewtype=1&url=http%3A%2F%2Fseries.naver.com%2Fcomic%2Fdetail.series%3FproductNo%3D14051143&surl=https%3A%2F%2Fseries.naver.com,20260810_174819,mon,월,2026-08-10 17:48:19,2026-08-10,17:48:19,2026-08-10 18:00:40,2026-08-10 18:00:55,15.02,2026-08-10 18:00:55,2026-08-10,18:00:55,2026-08-10 18:02:09,829.93
mon,24,조선야차,두엽,850109,https://comic.naver.com/webtoon/list?titleId=850109&tab=mon,14092291,조선야차,조선야차 (총 11화/미완결),총 11화/미완결,11.0,미완결,,,https://series.naver.com/comic/detail.series?productNo=14092291,matched,ok,"조선야차 (총 11화/미완결)
평점
9.2 | 두엽,지존세호 미노 | 2026.06.07. | 총11화/미완결 | 7화 무료
""조선의 개가 되어라, 어명이다.""한순간에 깨진 평화. 왕의 부름에 야차가 된 두 사람, 얘네한테 조선의 운명을 맡겨도 되는걸까...?",mon,1,mon,1,sun,mon,True,mon,월,sun,mon,14092291_mon,post_24h,어제 밤 10시 공개 이후 증가분 확인용 수집,33만,330000.0,https://series.naver.com/comic/detail.series?productNo=14092291,20260810_174819,mon,월,2026-08-10 17:48:19,2026-08-10,17:48:19,2026-08-10 18:00:56,2026-08-10 18:00:58,2.81,2026-08-10 18:00:58,2026-08-10,18:00:58,2026-08-10 18:02:09,829.93
mon,59,1인칭 혈육시점,모카빵,850236,https://comic.naver.com/webtoon/list?titleId=850236&tab=mon,14110451,1인칭 혈육시점,1인칭 혈육시점 (총 10화/미완결),총 10화/미완결,10.0,미완결,,,https://series.naver.com/comic/detail.series?productNo=14110451,matched,ok,"1인칭 혈육시점 (총 10화/미완결)
평점
9.4 | 모카빵 모카빵 | 2026.06.07. | 총10화/미완결 | 6화 무료
어릴 적부터 가영의 연애를 방해하는 혈육이자 웬수, 차강현.왜인지 이번 짝사랑도 차강현 때문에 망할 것 같은 불길한 예감에용하다는 타로집에서 수상한 팔찌를 사 오게 되는데…왜 내가 차강현이 된 거지?",mon,1,mon,1,sun,mon,True,mon,월,sun,mon,14110451_mon,post_24h,어제 밤 10시 공개 이후 증가분 확인용 수집,24.4만,244000.0,https://series.naver.com/comic/detail.series?productNo=14110451,20260810_174819,mon,월,2026-08-10 17:48:19,2026-08-10,17:48:19,2026-08-10 18:01:00,2026-08-10 18:01:03,2.82,2026-08-10 18:01:03,2026-08-10,18:01:03,2026-08-10 18:02:09,829.93
mon,26,망플루언서,,850526,https://comic.naver.com/webtoon/list?titleId=850526&tab=mon,14140191,망플루언서,망플루언서 (총 12화/미완결),총 12화/미완결,12.0,미완결,망순 망순,평점 10.0 | 망순 망순 | 2026.06.14. | 총12화/미완결 | 6화 무료,https://series.naver.com/comic/detail.series?productNo=14140191,review_needed,not_found,"망플루언서 (총 12화/미완결)
평점
10.0 | 망순 망순 | 2026.06.14. | 총12화/미완결 | 6화 무료
대중의 관심을 먹고 사는 빛나는 직업 '인플루언서!'보여지는 모습과 달리 그들의 숨겨진 추악한 비밀들을 폭로하는 유명 렉카 너튜브 채널 '셀럽 쓰레기통'그 채널을 운영하는 두 여자, 선미와 주원의 이야기.""거짓으로 돈을 ..",mon,1,mon,1,sun,mon,True,mon,월,sun,mon,14140191_mon,post_24h,어제 밤 10시 공개 이후 증가분 확인용 수집,,,https://nid.naver.com/nidlogin.login?svctype=128&a_version=2&viewtype=1&url=http%3A%2F%2Fseries.naver.com%2Fcomic%2Fdetail.series%3FproductNo%3D14140191&surl=https%3A%2F%2Fseries.naver.com,20260810_174819,mon,월,2026-08-10 17:48:19,2026-08-10,17:48:19,2026-08-10 18:01:04,2026-08-10 18:01:19,14.69,2026-08-10 18:01:19,2026-08-10,18:01:19,2026-08-10 18:02:09,829.93
mon,70,헤어져서 팝니다,헛둘,850709,https://comic.naver.com/webtoon/list?titleId=850709&tab=mon,14159069,헤어져서 팝니다,헤어져서 팝니다 (총 11화/미완결),총 11화/미완결,11.0,미완결,,,https://series.naver.com/comic/detail.series?productNo=14159069,matched,ok,"헤어져서 팝니다 (총 11화/미완결)
평점
10.0 | 헛둘 정동생 | 2026.06.07. | 총11화/미완결 | 4화 무료
대학교 4학년, ‘서정하’. 그녀는 과거 사귀었던 전남친이 준 스피커를 중고판매하기로 한다.이유는 간단하다. 잘생기고 다정한 썸남, ‘박민준’이 생긴 그녀에게 그 스피커는 골칫덩이니까.후련한 마음으로 중고 거래를 하..",mon,1,mon,1,sun,mon,True,mon,월,sun,mon,14159069_mon,post_24h,어제 밤 10시 공개 이후 증가분 확인용 수집,9.7만,97000.0,https://series.naver.com/comic/detail.series?productNo=14159069,20260810_174819,mon,월,2026-08-10 17:48:19,2026-08-10,17:48:19,2026-08-10 18:01:20,2026-08-10 18:01:22,2.13,2026-08-10 18:01:22,2026-08-10,18:01:22,2026-08-10 18:02:09,829.93
mon,21,그린스킨,,851187,https://comic.naver.com/webtoon/list?titleId=851187&tab=mon,14212275,그린스킨,그린스킨 (총 12화/미완결),총 12화/미완결,12.0,미완결,"승기사, 흙수저 파김치","평점 8.8 | 승기사, 흙수저 파김치 | 2026.07.19. | 총12화/미완결 | 8화 무료",https://series.naver.com/comic/detail.series?productNo=14212275,review_needed,not_found,"그린스킨 (총 12화/미완결)
평점
8.8 | 승기사, 흙수저 파김치 | 2026.07.19. | 총12화/미완결 | 8화 무료
이세계에서 10년을 버텼다. 하지만 돌아온 건 배신과 죽음. 다시눈을 뜬 순간, 나는 인간이 아닌 고블린이 되어 있었다",mon,1,mon,1,sun,mon,True,mon,월,sun,mon,14212275_mon,post_24h,어제 밤 10시 공개 이후 증가분 확인용 수집,,,https://nid.naver.com/nidlogin.login?svctype=128&a_version=2&viewtype=1&url=http%3A%2F%2Fseries.naver.com%2Fcomic%2Fdetail.series%3FproductNo%3D14212275&surl=https%3A%2F%2Fseries.naver.com,20260810_174819,mon,월,2026-08-10 17:48:19,2026-08-10,17:48:19,2026-08-10 18:01:24,2026-08-10 18:01:38,14.67,2026-08-10 18:01:38,2026-08-10,18:01:38,2026-08-10 18:02:09,829.93
mon,45,비공식 CC,백유안,851431,https://comic.naver.com/webtoon/list?titleId=851431&tab=mon,14253469,비공식 CC,비공식 CC (총 6화/미완결),총 6화/미완결,6.0,미완결,,,https://series.naver.com/comic/detail.series?productNo=14253469,matched,ok,"비공식 CC (총 6화/미완결)
평점
10.0 | 백유안 백유안 | 2026.06.07. | 총6화/미완결 | 1화 무료
캠퍼스 인기남 성우와 비밀 연애 중인 도아.하지만 성우에겐 숨겨진 비밀이 있다.그 사실을 아는 은호와 얽히며 도아의 연애는 흔들리기 시작한다.엇갈린 욕망이 뒤얽힌 캠퍼스 치정 로맨스!",mon,1,mon,1,sun,mon,True,mon,월,sun,mon,14253469_mon,post_24h,어제 밤 10시 공개 이후 증가분 확인용 수집,30.8만,308000.0,https://series.naver.com/comic/detail.series?productNo=14253469,20260810_174819,mon,월,2026-08-10 17:48:19,2026-08-10,17:48:19,2026-08-10 18:01:40,2026-08-10 18:01:43,2.7,2026-08-10 18:01:43,2026-08-10,18:01:43,2026-08-10 18:02:09,829.93
mon,13,계속 써도 돈이 쌓임,나들이,851687,https://comic.naver.com/webtoon/list?titleId=851687&tab=mon,14292289,계속 써도 돈이 쌓임,계속 써도 돈이 쌓임 (총 5화/미완결),총 5화/미완결,5.0,미완결,"나들이, 운좋은놈 포스스튜디오","평점 9.0 | 나들이, 운좋은놈 포스스튜디오 | 2026.06.14. | 총5화/미완결 | 1화 무료",https://series.naver.com/comic/detail.series?productNo=14292289,matched,ok,"계속 써도 돈이 쌓임 (총 5화/미완결)
평점
9.0 | 나들이, 운좋은놈 포스스튜디오 | 2026.06.14. | 총5화/미완결 | 1화 무료
청년 실업 100만 시대, 스펙 제로 백수 정진호. ""너, 내 회사로 와라."" 같은 게임의 길드 마스터였던 증권사 대표의 제안으로얼떨결에 사회로 뛰어들게 된다!그리고 그곳에서 발현된 정진호의 특별한 능력. 마우스 '딸깍' 한 번에..",mon,1,mon,1,sun,mon,True,mon,월,sun,mon,14292289_mon,post_24h,어제 밤 10시 공개 이후 증가분 확인용 수집,128.4만,1284000.0,https://series.naver.com/comic/detail.series?productNo=14292289,20260810_174819,mon,월,2026-08-10 17:48:19,2026-08-10,17:48:19,2026-08-10 18:01:44,2026-08-10 18:01:46,2.05,2026-08-10 18:01:46,2026-08-10,18:01:46,2026-08-10 18:02:09,829.93
mon,20,청부입학,강필,851688,https://comic.naver.com/webtoon/list?titleId=851688&tab=mon,14297993,청부입학,청부입학 (총 6화/미완결),총 6화/미완결,6.0,미완결,강필 지뚱,평점 10.0 | 강필 지뚱 | 2026.06.21. | 총6화/미완결 | 1화 무료,https://series.naver.com/comic/detail.series?productNo=14297993,matched,ok,"청부입학 (총 6화/미완결)
평점
10.0 | 강필 지뚱 | 2026.06.21. | 총6화/미완결 | 1화 무료
거대한 킬러조직 ‘바탈라’의 일원인 ‘류강민’.이 곳은 한 번 들어오면 나갈 수 없는 곳이다.그러던 어느날, 그는 ‘자유’를 대가로 한 특별한 의뢰를 받게 된다.의뢰의 내용은 ‘한국에 있는 타겟’을 죽이는 것. ‘류강민..",mon,1,mon,1,sun,mon,True,mon,월,sun,mon,14297993_mon,post_24h,어제 밤 10시 공개 이후 증가분 확인용 수집,54만,540000.0,https://series.naver.com/comic/detail.series?productNo=14297993,20260810_174819,mon,월,2026-08-10 17:48:19,2026-08-10,17:48:19,2026-08-10 18:01:48,2026-08-10 18:01:50,1.91,2026-08-10 18:01:50,2026-08-10,18:01:50,2026-08-10 18:02:09,829.93
mon,69,마귀공주,햄스터빵디,852115,https://comic.naver.com/webtoon/list?titleId=852115&tab=mon,14374145,마귀공주,마귀공주 (총 7화/미완결),총 7화/미완결,7.0,미완결,햄스터빵디,평점 10.0 | 햄스터빵디 | 2026.07.12. | 총7화/미완결 | 3화 무료,https://series.naver.com/comic/detail.series?productNo=14374145,matched,ok,"마귀공주 (총 7화/미완결)
평점
10.0 | 햄스터빵디 | 2026.07.12. | 총7화/미완결 | 3화 무료
마귀공주라며 멸시받는 공주가 있었다. 그녀의 소원은 거창한 것이 아니었다.단 한 사람만이라도, 나의 편이 되어주기를. 자신을 사랑해 주는 존재가 있었으면 했다.그런 공주에게 나타난 이형의 귀신. 그 '귀신'은 마귀공주에게..",mon,1,mon,1,sun,mon,True,mon,월,sun,mon,14374145_mon,post_24h,어제 밤 10시 공개 이후 증가분 확인용 수집,8.8만,88000.0,https://series.naver.com/comic/detail.series?productNo=14374145,20260810_174819,mon,월,2026-08-10 17:48:19,2026-08-10,17:48:19,2026-08-10 18:01:52,2026-08-10 18:01:53,1.78,2026-08-10 18:01:53,2026-08-10,18:01:53,2026-08-10 18:02:09,829.93
mon,60,공주는 헬스장에 간다,콕,852173,https://comic.naver.com/webtoon/list?titleId=852173&tab=mon,14385744,공주는 헬스장에 간다 [독점],공주는 헬스장에 간다 [독점] (총 9화/미완결),총 9화/미완결,9.0,미완결,콕 콕,평점 9.9 | 콕 콕 | 2026.07.19. | 총9화/미완결 | 3화 무료,https://series.naver.com/comic/detail.series?productNo=14385744,matched,ok,"공주는 헬스장에 간다 [독점] (총 9화/미완결)
평점
9.9 | 콕 콕 | 2026.07.19. | 총9화/미완결 | 3화 무료
첫사랑에게 대차게 차이고 히키코모리가 된 혜진.26살이 된 지금,이제 그만 '남들보다 뒤쳐진 삶'에서 벗어나고 싶다!평범한 일상을 꿈꾸며, 시작한 헬스장 아르바이트.알고 보니 첫발을 내디딘 그녀의 도전에 '조력자'가 있었..",mon,1,mon,1,sun,mon,True,mon,월,sun,mon,14385744_mon,post_24h,어제 밤 10시 공개 이후 증가분 확인용 수집,6.6만,66000.0,https://series.naver.com/comic/detail.series?productNo=14385744,20260810_174819,mon,월,2026-08-10 17:48:19,2026-08-10,17:48:19,2026-08-10 18:01:54,2026-08-10 18:01:56,1.91,2026-08-10 18:01:56,2026-08-10,18:01:56,2026-08-10 18:02:09,829.93
mon,25,세림의 철칙,세윤,852516,https://comic.naver.com/webtoon/list?titleId=852516&tab=mon,14431553,세림의 철칙,세림의 철칙 (총 7화/미완결),총 7화/미완결,7.0,미완결,세윤 써나,평점 9.9 | 세윤 써나 | 2026.07.19. | 총7화/미완결 | 2화 무료,https://series.naver.com/comic/detail.series?productNo=14431553,matched,ok,"세림의 철칙 (총 7화/미완결)
평점
9.9 | 세윤 써나 | 2026.07.19. | 총7화/미완결 | 2화 무료
조폭이라는 소문으로 모두가 두려워하는 한세림.'엄친아' 강승우는 한세림과 멘토멘티 프로그램을 하게 되고, 늘 그렇듯 완벽하게 해내기 위해 한세림과 친해지려 한다.그런데 얘... 뭐하는 애지? 내일이 없는 듯 구는 한세림과 ..",mon,1,mon,1,sun,mon,True,mon,월,sun,mon,14431553_mon,post_24h,어제 밤 10시 공개 이후 증가분 확인용 수집,22.6만,226000.0,https://series.naver.com/comic/detail.series?productNo=14431553,20260810_174819,mon,월,2026-08-10 17:48:19,2026-08-10,17:48:19,2026-08-10 18:01:57,2026-08-10 18:02:00,2.56,2026-08-10 18:02:00,2026-08-10,18:02:00,2026-08-10 18:02:09,829.93
mon,40,고블린 주식회사,살려주세요,852571,https://comic.naver.com/webtoon/list?titleId=852571&tab=mon,14440638,고블린 주식회사,고블린 주식회사 (총 6화/미완결),총 6화/미완결,6.0,미완결,"살려주세요, 몬 번인","평점 9.8 | 살려주세요, 몬 번인 | 2026.07.26. | 총6화/미완결 | 2화 무료",https://series.naver.com/comic/detail.series?productNo=14440638,matched,ok,"고블린 주식회사 (총 6화/미완결)
평점
9.8 | 살려주세요, 몬 번인 | 2026.07.26. | 총6화/미완결 | 2화 무료
출근길 대신 마계에 떨어진 평범한 회사원 오 과장. 눈뜨니 멸망 직전 고블린 영주가 되었다. 살려면 빼앗고, 살아남으려면 정복해야 한다. 샐러리맨의 근성으로 마계의 판도를 뒤엎는다",mon,1,mon,1,sun,mon,True,mon,월,sun,mon,14440638_mon,post_24h,어제 밤 10시 공개 이후 증가분 확인용 수집,15.6만,156000.0,https://series.naver.com/comic/detail.series?productNo=14440638,20260810_174819,mon,월,2026-08-10 17:48:19,2026-08-10,17:48:19,2026-08-10 18:02:02,2026-08-10 18:02:04,2.28,2026-08-10 18:02:04,2026-08-10,18:02:04,2026-08-10 18:02:09,829.93
mon,64,부활성녀,사리앵,853115,https://comic.naver.com/webtoon/list?titleId=853115&tab=mon,14509567,부활성녀,부활성녀 (총 7화/미완결),총 7화/미완결,7.0,미완결,0.0,0.0 | 사리앵 미르 | 2026.07.26. | 총7화/미완결 | 1화 무료,https://series.naver.com/comic/detail.series?productNo=14509567,matched,ok,"부활성녀 (총 7화/미완결)
0.0 | 사리앵 미르 | 2026.07.26. | 총7화/미완결 | 1화 무료
수십 년간 이어진 전쟁으로 황폐해진 프랑셀라 왕국. 시골 마을 동레미에 사는 잔 다르크는 어느 날, 정체불명의 약탈자들에 의해 마을이 습격을 당해 그 혼란 속에서 목숨을 잃는다. 정신을 차려보니 사건이 일어나기 전 아침..",mon,1,mon,1,sun,mon,True,mon,월,sun,mon,14509567_mon,post_24h,어제 밤 10시 공개 이후 증가분 확인용 수집,7.7천,7700.0,https://series.naver.com/comic/detail.series?productNo=14509567,20260810_174819,mon,월,2026-08-10 17:48:19,2026-08-10,17:48:19,2026-08-10 18:02:06,2026-08-10 18:02:08,2.64,2026-08-10 18:02:08,2026-08-10,18:02:08,2026-08-10 18:02:09,829.93
