weekday,rank,webtoon_title,webtoon_author,webtoon_title_id,webtoon_url,series_product_no,series_title,series_title_raw,series_episode_info,series_total_episode_count,series_completion_status,series_author,series_author_raw,series_url,match_status,download_status,series_result_text,weekday_list,weekday_row_count,serial_weekdays,serial_weekday_count,pre_collect_weekdays,post_24h_collect_weekdays,is_download_collectable,release_weekday,release_weekday_ko,pre_collect_weekday,post_24h_collect_weekday,release_event_key,collection_context,target_reason,series_download_text,series_download_count,current_url,snapshot_id,snapshot_weekday,snapshot_weekday_ko,snapshot_started_at_kst,snapshot_date_kst,snapshot_time_kst,item_collect_started_at_kst,item_collect_finished_at_kst,item_collect_elapsed_seconds,collected_at_kst,collected_date_kst,collected_time_kst,snapshot_finished_at_kst,snapshot_elapsed_seconds,baseline_found,baseline_snapshot_id,baseline_collected_at_kst,baseline_download_text,baseline_download_count,download_increase,download_increase_rate,dt
fri,3,외모지상주의,박태준,641253,https://comic.naver.com/webtoon/list?titleId=641253&tab=fri,2184735,외모지상주의,외모지상주의 (총 610화/미완결),총 610화/미완결,610.0,미완결,,,https://series.naver.com/comic/detail.series?productNo=2184735,matched,ok,"외모지상주의 (총 610화/미완결)
평점
8.7 | 박태준 박태준 | 2026.06.04. | 총610화/미완결 | 603화 무료
어느날 그에게 일어난 기적같은 일",fri,1,fri,1,thu,fri,True,fri,금,thu,fri,2184735_fri,post_24h,어제 밤 10시 공개 이후 증가분 확인용 수집,"2억 8,301만",200000000.0,https://series.naver.com/comic/detail.series?productNo=2184735,20260821_165250,fri,금,2026-08-21 16:52:50,2026-08-21,16:52:50,2026-08-21 17:01:54,2026-08-21 17:01:56,2.54,2026-08-21 17:01:56,2026-08-21,17:01:56,2026-08-21 17:10:33,1063.23,True,20260820_165209,2026-08-20 16:52:24,"2억 8,288만",200000000.0,0.0,0.0,2026-08-21 17:01:56
fri,79,몽홀,장태산,644112,https://comic.naver.com/webtoon/list?titleId=644112&tab=fri,1709178,몽홀,몽홀 (총 556화/미완결),총 556화/미완결,556.0,미완결,,,https://series.naver.com/comic/detail.series?productNo=1709178,matched,ok,"몽홀 (총 556화/미완결)
평점
9.7 | 장태산 장태산 | 2026.06.03. | 총556화/미완결 | 전화 무료
차갑고 척박한 땅 몽홀,그 곳에서 펼쳐지는 감동의 대서사시",fri,1,fri,1,thu,fri,True,fri,금,thu,fri,1709178_fri,post_24h,어제 밤 10시 공개 이후 증가분 확인용 수집,26.6만,266000.0,https://series.naver.com/comic/detail.series?productNo=1709178,20260821_165250,fri,금,2026-08-21 16:52:50,2026-08-21,16:52:50,2026-08-21 17:01:57,2026-08-21 17:02:00,2.92,2026-08-21 17:02:00,2026-08-21,17:02:00,2026-08-21 17:10:33,1063.23,True,20260820_165209,2026-08-20 16:52:28,26.6만,266000.0,0.0,0.0,2026-08-21 17:02:00
fri,16,1초,시니,725586,https://comic.naver.com/webtoon/list?titleId=725586&tab=fri,4031207,1초,1초 (총 358화/미완결),총 358화/미완결,358.0,미완결,,,https://series.naver.com/comic/detail.series?productNo=4031207,matched,ok,"1초 (총 358화/미완결)
평점
9.9 | 시니 광운 | 2026.06.04. | 총358화/미완결 | 353화 무료
구조율 100%의 전설적인 소방관그의 특별한 능력은 무엇인가",fri,1,fri,1,thu,fri,True,fri,금,thu,fri,4031207_fri,post_24h,어제 밤 10시 공개 이후 증가분 확인용 수집,"3,956만",39560000.0,https://series.naver.com/comic/detail.series?productNo=4031207,20260821_165250,fri,금,2026-08-21 16:52:50,2026-08-21,16:52:50,2026-08-21 17:02:01,2026-08-21 17:02:03,1.69,2026-08-21 17:02:03,2026-08-21,17:02:03,2026-08-21 17:10:33,1063.23,True,20260820_165209,2026-08-20 16:52:33,"3,956만",39560000.0,0.0,0.0,2026-08-21 17:02:03
fri,111,합법해적 파르페,뼈피살,729036,https://comic.naver.com/webtoon/list?titleId=729036&tab=fri,4238095,합법해적 파르페,합법해적 파르페 (총 254화/미완결),총 254화/미완결,254.0,미완결,,,https://series.naver.com/comic/detail.series?productNo=4238095,matched,ok,"합법해적 파르페 (총 254화/미완결)
평점
10.0 | 뼈피살 뼈피살 | 2026.06.04. | 총254화/미완결 | 249화 무료
비범한 공주님 파르페의 신묘한 모험 판타지",fri,1,fri,1,thu,fri,True,fri,금,thu,fri,4238095_fri,post_24h,어제 밤 10시 공개 이후 증가분 확인용 수집,98.7만,987000.0,https://series.naver.com/comic/detail.series?productNo=4238095,20260821_165250,fri,금,2026-08-21 16:52:50,2026-08-21,16:52:50,2026-08-21 17:02:04,2026-08-21 17:02:07,2.33,2026-08-21 17:02:07,2026-08-21,17:02:07,2026-08-21 17:10:33,1063.23,True,20260820_165209,2026-08-20 16:52:36,98.6만,986000.0,1000.0,0.0010141987829614604,2026-08-21 17:02:07
fri,5,상남자,하늘소,751168,https://comic.naver.com/webtoon/list?titleId=751168&tab=fri,5350583,상남자 [독점],상남자 [독점] (총 267화/미완결),총 267화/미완결,267.0,미완결,,,https://series.naver.com/comic/detail.series?productNo=5350583,matched,ok,"상남자 [독점] (총 267화/미완결)
평점
9.9 | 김태궁, 하늘소 도가도 | 2026.06.04. | 총267화/미완결 | 262화 무료
일개 셀러리맨으로 시작해 오로지 성공만을 바라보며 기업 최고의 자리까지 올랐지만, 그 대가로 사랑하던 모든이를 잃어 버린 주인공 한유현. 어느 날 모든 것의 시작이 되었던 젊은 시절의 그때로 돌아가게 되는데....모든 것..",fri,1,fri,1,thu,fri,True,fri,금,thu,fri,5350583_fri,post_24h,어제 밤 10시 공개 이후 증가분 확인용 수집,"3,287만",32870000.0,https://series.naver.com/comic/detail.series?productNo=5350583,20260821_165250,fri,금,2026-08-21 16:52:50,2026-08-21,16:52:50,2026-08-21 17:02:08,2026-08-21 17:02:11,2.68,2026-08-21 17:02:11,2026-08-21,17:02:11,2026-08-21 17:10:33,1063.23,True,20260820_165209,2026-08-20 16:52:40,"3,284만",32840000.0,30000.0,0.0009135200974421437,2026-08-21 17:02:11
fri,115,백년게임,하람,751999,https://comic.naver.com/webtoon/list?titleId=751999&tab=fri,5381950,백년게임,백년게임 (총 314화/미완결),총 314화/미완결,314.0,미완결,,,https://series.naver.com/comic/detail.series?productNo=5381950,matched,ok,"백년게임 (총 314화/미완결)
평점
8.9 | 하람 지야 | 2026.06.04. | 총314화/미완결 | 304화 무료
""당신의 게임은 여기까지군요""백 년마다 열리는 소원 그 이상을 이뤄주는 대회, 최종 우승자는 단 한 명.소년 한시준, 가족을 구하기 위해 모든 것을 걸고 치열한 전투에 뛰어든다.",fri,1,fri,1,thu,fri,True,fri,금,thu,fri,5381950_fri,post_24h,어제 밤 10시 공개 이후 증가분 확인용 수집,235.3만,2353000.0,https://series.naver.com/comic/detail.series?productNo=5381950,20260821_165250,fri,금,2026-08-21 16:52:50,2026-08-21,16:52:50,2026-08-21 17:02:12,2026-08-21 17:02:15,2.46,2026-08-21 17:02:15,2026-08-21,17:02:15,2026-08-21 17:10:33,1063.23,True,20260820_165209,2026-08-20 16:52:44,235.2만,2352000.0,1000.0,0.00042517006802721087,2026-08-21 17:02:15
fri,12,A.I. 닥터,ZAINO,765804,https://comic.naver.com/webtoon/list?titleId=765804&tab=fri,5893741,A.I. 닥터 [독점],A.I. 닥터 [독점] (총 244화/미완결),총 244화/미완결,244.0,미완결,,,https://series.naver.com/comic/detail.series?productNo=5893741,matched,ok,"A.I. 닥터 [독점] (총 244화/미완결)
평점
9.9 | ZAINO, 한산이가 쿠큐 | 2026.06.04. | 총244화/미완결 | 239화 무료
A.I.와 선 넘는 의사 생활!? ― 미래적 인공지능, 내과 의사 이수혁의 뇌에 자리 잡다 ― 절대 떨어질 수 없게 되어 버린 그들의 의학 버디 드라마 백강혁보다 더한 A.I. 등장?! ― “미쳤습니까, 휴먼?” 그 정체는... 태화 그룹이 ..",fri,1,fri,1,thu,fri,True,fri,금,thu,fri,5893741_fri,post_24h,어제 밤 10시 공개 이후 증가분 확인용 수집,"2,709만",27090000.0,https://series.naver.com/comic/detail.series?productNo=5893741,20260821_165250,fri,금,2026-08-21 16:52:50,2026-08-21,16:52:50,2026-08-21 17:02:16,2026-08-21 17:02:19,2.84,2026-08-21 17:02:19,2026-08-21,17:02:19,2026-08-21 17:10:33,1063.23,True,20260820_165209,2026-08-20 16:52:47,"2,707만",27070000.0,20000.0,0.0007388252678241596,2026-08-21 17:02:19
fri,45,히어로 킬러,꿀벌,766563,https://comic.naver.com/webtoon/list?titleId=766563&tab=fri,5947808,히어로 킬러,히어로 킬러 (총 277화/미완결),총 277화/미완결,277.0,미완결,,,https://series.naver.com/comic/detail.series?productNo=5947808,matched,ok,"히어로 킬러 (총 277화/미완결)
평점
9.8 | 꿀벌 벌꿀 | 2026.06.04. | 총277화/미완결 | 272화 무료
수년 전, 정체불명의 히어로에게 언니를 잃었다.언니를 죽인 게 누구인지 모르지만 상관없다.한 놈씩 죽이다 보면 그중에 있을 테니까.보아라, 너희들이 어떤 괴물을 만들었는지.",fri,1,fri,1,thu,fri,True,fri,금,thu,fri,5947808_fri,post_24h,어제 밤 10시 공개 이후 증가분 확인용 수집,"1,505만",15050000.0,https://series.naver.com/comic/detail.series?productNo=5947808,20260821_165250,fri,금,2026-08-21 16:52:50,2026-08-21,16:52:50,2026-08-21 17:02:20,2026-08-21 17:02:23,2.73,2026-08-21 17:02:23,2026-08-21,17:02:23,2026-08-21 17:10:33,1063.23,True,20260820_165209,2026-08-20 16:52:51,"1,504만",15040000.0,10000.0,0.0006648936170212766,2026-08-21 17:02:23
fri,21,여우놀이,황혜진,768469,https://comic.naver.com/webtoon/list?titleId=768469&tab=fri,6442158,여우놀이,여우놀이 (총 124화/미완결),총 124화/미완결,124.0,미완결,황혜진 황혜진,평점 10.0 | 황혜진 황혜진 | 2026.06.18. | 총124화/미완결 | 119화 무료,https://series.naver.com/comic/detail.series?productNo=6442158,matched,ok,"여우놀이 (총 124화/미완결)
평점
10.0 | 황혜진 황혜진 | 2026.06.18. | 총124화/미완결 | 119화 무료
평범하게만 살아온 박온유의 일상에 어느 날 찾아와 둘도 없는 베프가 된 ‘예쁜 애’ 신채리.두 사람은 서울 고등학교 상목고에 진학하게 된 후, 모든 10대들의 워너비 ‘상목고의 여우들’을 만나 아슬아슬한 여우놀이에 휘..",fri,1,fri,1,thu,fri,True,fri,금,thu,fri,6442158_fri,post_24h,어제 밤 10시 공개 이후 증가분 확인용 수집,"1,123만",11230000.0,https://series.naver.com/comic/detail.series?productNo=6442158,20260821_165250,fri,금,2026-08-21 16:52:50,2026-08-21,16:52:50,2026-08-21 17:02:24,2026-08-21 17:02:26,2.16,2026-08-21 17:02:26,2026-08-21,17:02:26,2026-08-21 17:10:33,1063.23,True,20260820_165209,2026-08-20 16:52:55,"1,121만",11210000.0,20000.0,0.001784121320249777,2026-08-21 17:02:26
fri,4,나 혼자 만렙 뉴비,WAN.Z,773797,https://comic.naver.com/webtoon/list?titleId=773797&tab=fri,6430046,나 혼자 만렙 뉴비[독점],나 혼자 만렙 뉴비[독점] (총 263화/미완결),총 263화/미완결,263.0,미완결,,,https://series.naver.com/comic/detail.series?productNo=6430046,matched,ok,"나 혼자 만렙 뉴비[독점] (총 263화/미완결)
평점
9.9 | WAN.Z 스윙뱃 | 2026.06.04. | 총263화/미완결 | 255화 무료
게임 너튜버로 활동 중인 주인공 진혁은 유일하게 [시련의 탑]의 엔딩을 봤지만, 게임의 인기가 하락하며 더 이상 게임 너튜버로서의 삶도 유지하기 힘들어진다.엔딩을 보았기에 이대로 게임을 마무리하려는 진혁. 바로 그날, ..",fri,1,fri,1,thu,fri,True,fri,금,thu,fri,6430046_fri,post_24h,어제 밤 10시 공개 이후 증가분 확인용 수집,"6,022만",60220000.0,https://series.naver.com/comic/detail.series?productNo=6430046,20260821_165250,fri,금,2026-08-21 16:52:50,2026-08-21,16:52:50,2026-08-21 17:02:27,2026-08-21 17:02:29,2.39,2026-08-21 17:02:29,2026-08-21,17:02:29,2026-08-21 17:10:33,1063.23,True,20260820_165209,2026-08-20 16:52:59,"6,019만",60190000.0,30000.0,0.0004984216647283602,2026-08-21 17:02:29
fri,38,말년용사,후딩,773916,https://comic.naver.com/webtoon/list?titleId=773916&tab=fri,6312602,말년용사,말년용사 (총 208화/미완결),총 208화/미완결,208.0,미완결,,,https://series.naver.com/comic/detail.series?productNo=6312602,matched,ok,"말년용사 (총 208화/미완결)
평점
9.9 | 후딩 신마니 | 2026.06.04. | 총208화/미완결 | 203화 무료
전역하기 3일 전 어이없는 사고로 죽어버린 말년 병장.갑자기 이세계로 떠나라는 현실을 받아들이지 못하고 난리를 치다맨몸으로 이세계에 떨어지는 벌을 받게 된다.말년 병장의 눈물겨운 밀리터리 생존 판타지",fri,1,fri,1,thu,fri,True,fri,금,thu,fri,6312602_fri,post_24h,어제 밤 10시 공개 이후 증가분 확인용 수집,"1,204만",12040000.0,https://series.naver.com/comic/detail.series?productNo=6312602,20260821_165250,fri,금,2026-08-21 16:52:50,2026-08-21,16:52:50,2026-08-21 17:02:31,2026-08-21 17:02:33,2.29,2026-08-21 17:02:33,2026-08-21,17:02:33,2026-08-21 17:10:33,1063.23,True,20260820_165209,2026-08-20 16:53:02,"1,203만",12030000.0,10000.0,0.0008312551953449709,2026-08-21 17:02:33
fri,1,광마회귀,JP,776601,https://comic.naver.com/webtoon/list?titleId=776601&tab=fri,6402825,광마회귀 [독점],광마회귀 [독점] (총 200화/미완결),총 200화/미완결,200.0,미완결,,,https://series.naver.com/comic/detail.series?productNo=6402825,matched,ok,"광마회귀 [독점] (총 200화/미완결)
평점
9.9 | 유진성, JP 이히 | 2026.06.04. | 총200화/미완결 | 195화 무료
무공에 미친 사내 광마 이자하.그가 미치기 전의 평범했던 시절로 돌아왔다.세상에 광마로 알려진 이자하.그는 마교 교주의 보물인 천옥을, 주인인 교주가 마음에 들지 않는다는 이유로 훔친다.이어지는 마교의 추적.이자하는 ..",fri,1,fri,1,thu,fri,True,fri,금,thu,fri,6402825_fri,post_24h,어제 밤 10시 공개 이후 증가분 확인용 수집,"4,011만",40110000.0,https://series.naver.com/comic/detail.series?productNo=6402825,20260821_165250,fri,금,2026-08-21 16:52:50,2026-08-21,16:52:50,2026-08-21 17:02:34,2026-08-21 17:02:37,2.7,2026-08-21 17:02:37,2026-08-21,17:02:37,2026-08-21 17:10:33,1063.23,True,20260820_165209,2026-08-20 16:53:07,"4,009만",40090000.0,20000.0,0.0004988775255674732,2026-08-21 17:02:37
fri,28,"언니, 이번 생엔 내가 왕비야",착견,798917,https://comic.naver.com/webtoon/list?titleId=798917&tab=fri,8757112,"언니, 이번 생엔 내가 왕비야 [독점]","언니, 이번 생엔 내가 왕비야 [독점] (총 204화/미완결)",총 204화/미완결,204.0,미완결,,,https://series.naver.com/comic/detail.series?productNo=8757112,matched,ok,"언니, 이번 생엔 내가 왕비야 [독점] (총 204화/미완결)
평점
9.7 | 착견, 레팔진프 트리플라인 | 2026.06.04. | 총204화/미완결 | 199화 무료
약혼자, 언니, 부모. 모든 것으로부터 버려진 그 날, 아리아드네는 15년 전으로 회귀한다.“젠장! 나는 지금 너에게 구애하는 거라고!”태도가 완전히 달라진 전생의 약혼자부터,“울지 마, 아리아드네. 너는 네가 얼마나 예쁜지..",fri,1,fri,1,thu,fri,True,fri,금,thu,fri,8757112_fri,post_24h,어제 밤 10시 공개 이후 증가분 확인용 수집,"2,172만",21720000.0,https://series.naver.com/comic/detail.series?productNo=8757112,20260821_165250,fri,금,2026-08-21 16:52:50,2026-08-21,16:52:50,2026-08-21 17:02:39,2026-08-21 17:02:41,2.24,2026-08-21 17:02:41,2026-08-21,17:02:41,2026-08-21 17:10:33,1063.23,True,20260820_165209,2026-08-20 16:53:10,"2,171만",21710000.0,10000.0,0.00046061722708429296,2026-08-21 17:02:41
fri,6,사신,임재원,799837,https://comic.naver.com/webtoon/list?titleId=799837&tab=fri,8804052,사신 [독점],사신 [독점] (총 148화/미완결),총 148화/미완결,148.0,미완결,,,https://series.naver.com/comic/detail.series?productNo=8804052,matched,ok,"사신 [독점] (총 148화/미완결)
평점
9.9 | 임재원, 설봉 임재원 | 2026.06.04. | 총148화/미완결 | 145화 무료
[ 2023 대한민국콘텐츠대상 만화부문 대통령상 수상작 ]형의 복수를 위해 살천문의 무사 황정을 죽인 종리추.살천문의 추격을 피해 살혼부의 살수 적지인살에게 몸을 의탁게 되면서'십망(十忘)'이라 불리는 거대한 소용돌이..",fri,1,fri,1,thu,fri,True,fri,금,thu,fri,8804052_fri,post_24h,어제 밤 10시 공개 이후 증가분 확인용 수집,630.9만,6309000.0,https://series.naver.com/comic/detail.series?productNo=8804052,20260821_165250,fri,금,2026-08-21 16:52:50,2026-08-21,16:52:50,2026-08-21 17:02:43,2026-08-21 17:02:45,2.0,2026-08-21 17:02:45,2026-08-21,17:02:45,2026-08-21 17:10:33,1063.23,True,20260820_165209,2026-08-20 16:53:14,630.1만,6301000.0,8000.0,0.0012696397397238533,2026-08-21 17:02:45
fri,80,미드우트,원김,800006,https://comic.naver.com/webtoon/list?titleId=800006&tab=fri,8845685,미드우트 [독점],미드우트 [독점] (총 194화/미완결),총 194화/미완결,194.0,미완결,,,https://series.naver.com/comic/detail.series?productNo=8845685,matched,ok,"미드우트 [독점] (총 194화/미완결)
평점
10.0 | 원김 원김 | 2026.06.04. | 총194화/미완결 | 189화 무료
괴물 처치 부대 '스레투'가 사라진 지금... 인간들은 괴물들의 먹이가 되었다. 이유는 '이안'이라는 오퍼 지원자가 모든 군인들을 죽여버렸기 때문이다. 태어날 때부터 생명의 위협을 받으며 살아온 '진청도'는 전설의 아이템 '미..",fri,1,fri,1,thu,fri,True,fri,금,thu,fri,8845685_fri,post_24h,어제 밤 10시 공개 이후 증가분 확인용 수집,218.1만,2181000.0,https://series.naver.com/comic/detail.series?productNo=8845685,20260821_165250,fri,금,2026-08-21 16:52:50,2026-08-21,16:52:50,2026-08-21 17:02:46,2026-08-21 17:02:48,1.73,2026-08-21 17:02:48,2026-08-21,17:02:48,2026-08-21 17:10:33,1063.23,True,20260820_165209,2026-08-20 16:53:17,217.6만,2176000.0,5000.0,0.002297794117647059,2026-08-21 17:02:48
fri,27,문제적 왕자님,선인장,800046,https://comic.naver.com/webtoon/list?titleId=800046&tab=fri,8833416,문제적 왕자님,문제적 왕자님 (총 153화/미완결),총 153화/미완결,153.0,미완결,,,https://series.naver.com/comic/detail.series?productNo=8833416,matched,ok,"문제적 왕자님 (총 153화/미완결)
평점
10.0 | 솔체 선인장 | 2026.06.04. | 총153화/미완결 | 148화 무료
아버지에게 버려지고 외가인 바덴가에서조용히 살아가고 있는 에르나 하르디.이 작은 시골에 위기가 찾아왔다.외조부인 바덴 남작이 죽고 난 후,모든 재산이 넘어가게 된 것!어떻게든 바덴가를 지키고 싶은 에르나는아버지에..",fri,1,fri,1,thu,fri,True,fri,금,thu,fri,8833416_fri,post_24h,어제 밤 10시 공개 이후 증가분 확인용 수집,"2,197만",21970000.0,https://series.naver.com/comic/detail.series?productNo=8833416,20260821_165250,fri,금,2026-08-21 16:52:50,2026-08-21,16:52:50,2026-08-21 17:02:49,2026-08-21 17:02:51,2.09,2026-08-21 17:02:51,2026-08-21,17:02:51,2026-08-21 17:10:33,1063.23,True,20260820_165209,2026-08-20 16:53:21,"2,197만",21970000.0,0.0,0.0,2026-08-21 17:02:51
fri,72,온리호프,초승,800796,https://comic.naver.com/webtoon/list?titleId=800796&tab=fri,8926639,온리호프 [독점],온리호프 [독점] (총 134화/미완결),총 134화/미완결,134.0,미완결,,,https://series.naver.com/comic/detail.series?productNo=8926639,matched,ok,"온리호프 [독점] (총 134화/미완결)
평점
10.0 | 초승 초승 | 2026.06.04. | 총134화/미완결 | 130화 무료
사랑스러운 남편의 살인을 목격한 그날 밤,은혜는 살해 당해 그를 처음 만난 9년 전으로 돌아왔다.과연 남편의 연쇄살인을 막을 수 있을까?그리고... 예전처럼 다시 사랑할 수 있을까?",fri,1,fri,1,thu,fri,True,fri,금,thu,fri,8926639_fri,post_24h,어제 밤 10시 공개 이후 증가분 확인용 수집,480.9만,4809000.0,https://series.naver.com/comic/detail.series?productNo=8926639,20260821_165250,fri,금,2026-08-21 16:52:50,2026-08-21,16:52:50,2026-08-21 17:02:53,2026-08-21 17:02:56,2.67,2026-08-21 17:02:56,2026-08-21,17:02:56,2026-08-21 17:10:33,1063.23,True,20260820_165209,2026-08-20 16:53:26,480.7만,4807000.0,2000.0,0.00041605991262741833,2026-08-21 17:02:56
fri,14,천하제일 대사형,YooN,802278,https://comic.naver.com/webtoon/list?titleId=802278&tab=fri,9072472,천하제일 대사형 [독점],천하제일 대사형 [독점] (총 193화/미완결),총 193화/미완결,193.0,미완결,,,https://series.naver.com/comic/detail.series?productNo=9072472,matched,ok,"천하제일 대사형 [독점] (총 193화/미완결)
평점
9.7 | 북미혼 YooN | 2026.06.04. | 총193화/미완결 | 188화 무료
가난한 시골 무관의 대사형이 천하제일이 되어 돌아오다?!잔혹했던 정사대전에 반 강제적으로 끌려갔던 대사형 ‘혁무상’.수많은 피가 흐른 전쟁에 참전한지 7년. 전쟁은 진즉 끝났음에도 돌아오지 않아 죽은 줄 알았다.간신..",fri,1,fri,1,thu,fri,True,fri,금,thu,fri,9072472_fri,post_24h,어제 밤 10시 공개 이후 증가분 확인용 수집,924.7만,9247000.0,https://series.naver.com/comic/detail.series?productNo=9072472,20260821_165250,fri,금,2026-08-21 16:52:50,2026-08-21,16:52:50,2026-08-21 17:02:57,2026-08-21 17:03:00,2.66,2026-08-21 17:03:00,2026-08-21,17:03:00,2026-08-21 17:10:33,1063.23,True,20260820_165209,2026-08-20 16:53:31,923.7만,9237000.0,10000.0,0.0010826025765941322,2026-08-21 17:03:00
fri,30,연애의 기록,베어리,803792,https://comic.naver.com/webtoon/list?titleId=803792&tab=fri,9191040,연애의 기록,연애의 기록 (총 157화/미완결),총 157화/미완결,157.0,미완결,,,https://series.naver.com/comic/detail.series?productNo=9191040,matched,ok,"연애의 기록 (총 157화/미완결)
평점
8.4 | 베어리 | 2026.06.04. | 총157화/미완결 | 152화 무료
사회 초년생인 석호에게는 직업이나 연봉보다 더 중요한 것이 있었으니... 그건 바로 모태솔로 탈출.석호는 꿈에 그리던 첫 연애를 시작하게 되지만 예상치 못한 고난들을 겪게 된다. 소년과 군인을 거쳐 사회인으로 거듭난 문..",fri,1,fri,1,thu,fri,True,fri,금,thu,fri,9191040_fri,post_24h,어제 밤 10시 공개 이후 증가분 확인용 수집,319.4만,3194000.0,https://series.naver.com/comic/detail.series?productNo=9191040,20260821_165250,fri,금,2026-08-21 16:52:50,2026-08-21,16:52:50,2026-08-21 17:03:01,2026-08-21 17:03:04,2.6,2026-08-21 17:03:04,2026-08-21,17:03:04,2026-08-21 17:10:33,1063.23,True,20260820_165209,2026-08-20 16:53:35,319.2만,3192000.0,2000.0,0.0006265664160401002,2026-08-21 17:03:04
tue,82,그냥 선생님,연일,804333,https://comic.naver.com/webtoon/list?titleId=804333&tab=tue,9238232,그냥 선생님,그냥 선생님 (총 363화/미완결),총 363화/미완결,363.0,미완결,,,https://series.naver.com/comic/detail.series?productNo=9238232,matched,ok,"그냥 선생님 (총 363화/미완결)
평점
10.0 | 연일 연일 | 2026.06.08. | 총363화/미완결 | 354화 무료
선생님 집은 학교 아니에요? 선생님도 집이 있어요?우리들 모두의 학창 시절, 언제나 그 자리에 있을 거만 같은 선생님들.수업이 끝난 교실, 학교 바깥. 그냥 선생님들의 평범하고 사랑스러운 일상,일상 로맨스 <그냥 선생님>","tue,fri",2,"tue,fri",2,"mon,thu","tue,fri",True,fri,금,thu,fri,9238232_fri,post_24h,어제 밤 10시 공개 이후 증가분 확인용 수집,252.4만,2524000.0,https://series.naver.com/comic/detail.series?productNo=9238232,20260821_165250,fri,금,2026-08-21 16:52:50,2026-08-21,16:52:50,2026-08-21 17:03:05,2026-08-21 17:03:07,2.4,2026-08-21 17:03:07,2026-08-21,17:03:07,2026-08-21 17:10:33,1063.23,True,20260820_165209,2026-08-20 16:53:39,252.3만,2523000.0,1000.0,0.00039635354736424893,2026-08-21 17:03:07
fri,7,나 혼자 탑에서 농사,한치,808389,https://comic.naver.com/webtoon/list?titleId=808389&tab=fri,9632355,나 혼자 탑에서 농사,나 혼자 탑에서 농사 (총 129화/미완결),총 129화/미완결,129.0,미완결,,,https://series.naver.com/comic/detail.series?productNo=9632355,matched,ok,"나 혼자 탑에서 농사 (총 129화/미완결)
평점
9.9 | 한치 이하경 | 2026.06.04. | 총129화/미완결 | 124화 무료
어느 날 갑자기 도시에 나타난 정체불명의 탑.사람들은 그곳을 던전이라고 부르기로 했다.그리고 그곳은 험한 지형과 위험한 몬스터들로 가득했지만수많은 보물이 기다리는 기회의 땅이기도 하다.평범한 삶을 살고 있던 청년 ..",fri,1,fri,1,thu,fri,True,fri,금,thu,fri,9632355_fri,post_24h,어제 밤 10시 공개 이후 증가분 확인용 수집,"1,542만",15420000.0,https://series.naver.com/comic/detail.series?productNo=9632355,20260821_165250,fri,금,2026-08-21 16:52:50,2026-08-21,16:52:50,2026-08-21 17:03:09,2026-08-21 17:03:11,2.0,2026-08-21 17:03:11,2026-08-21,17:03:11,2026-08-21 17:10:33,1063.23,True,20260820_165209,2026-08-20 16:53:42,"1,541만",15410000.0,10000.0,0.0006489292667099286,2026-08-21 17:03:11
fri,39,펜홀더,이은재,814587,https://comic.naver.com/webtoon/list?titleId=814587&tab=fri,10110588,펜홀더,펜홀더 (총 134화/미완결),총 134화/미완결,134.0,미완결,,,https://series.naver.com/comic/detail.series?productNo=10110588,matched,ok,"펜홀더 (총 134화/미완결)
평점
9.4 | 이은재 이은재 | 2026.06.04. | 총134화/미완결 | 128화 무료
천재적인 재능으로 모든 스포츠를 씹어먹는 고등학생 한이연.어떤 스포츠를 해도 패배를 몰랐던 그에게, 벽을 느끼게 해준 한 탁구 고수가 등장하는데...승부욕에 불타오른 이연은 사라져가는 '펜홀더' 라켓으로 복수를 꿈꾼다!",fri,1,fri,1,thu,fri,True,fri,금,thu,fri,10110588_fri,post_24h,어제 밤 10시 공개 이후 증가분 확인용 수집,491.5만,4915000.0,https://series.naver.com/comic/detail.series?productNo=10110588,20260821_165250,fri,금,2026-08-21 16:52:50,2026-08-21,16:52:50,2026-08-21 17:03:12,2026-08-21 17:03:15,2.25,2026-08-21 17:03:15,2026-08-21,17:03:15,2026-08-21 17:10:33,1063.23,True,20260820_165209,2026-08-20 16:53:47,491.4만,4914000.0,1000.0,0.0002035002035002035,2026-08-21 17:03:15
fri,93,뼈왕,유성연,816913,https://comic.naver.com/webtoon/list?titleId=816913&tab=fri,10201453,뼈왕,뼈왕 (총 145화/미완결),총 145화/미완결,145.0,미완결,,,https://series.naver.com/comic/detail.series?productNo=10201453,matched,ok,"뼈왕 (총 145화/미완결)
평점
10.0 | 유성연 유성연 | 2026.06.04. | 총145화/미완결 | 140화 무료
낯선 이세계에 떨어지게 된 정형외과 의사 이대환. 그는 뼈를 조립하여 해골을 되살릴 수 있는 능력을 발견한다. 그렇게 살려낸 수많은 해골들의 지지 속에 뼈왕으로 등극! 하지만 행복도 잠시. 전투 중에 생명과도 같은 오른팔..",fri,1,fri,1,thu,fri,True,fri,금,thu,fri,10201453_fri,post_24h,어제 밤 10시 공개 이후 증가분 확인용 수집,52.1만,521000.0,https://series.naver.com/comic/detail.series?productNo=10201453,20260821_165250,fri,금,2026-08-21 16:52:50,2026-08-21,16:52:50,2026-08-21 17:03:16,2026-08-21 17:03:19,2.75,2026-08-21 17:03:19,2026-08-21,17:03:19,2026-08-21 17:10:33,1063.23,True,20260820_165209,2026-08-20 16:53:51,52.1만,521000.0,0.0,0.0,2026-08-21 17:03:19
fri,29,열렙전사 3부,김세훈,817032,https://comic.naver.com/webtoon/list?titleId=817032&tab=fri,10208537,열렙전사 3부,열렙전사 3부 (총 149화/미완결),총 149화/미완결,149.0,미완결,,,https://series.naver.com/comic/detail.series?productNo=10208537,matched,ok,"열렙전사 3부 (총 149화/미완결)
평점
9.6 | 김세훈 김세훈 | 2026.06.04. | 총149화/미완결 | 143화 무료
이번엔 현실이다!게임이 되어버린 세상, 열렙전사 공원호가 다시 한 번 최강의 자리를 노린다!",fri,1,fri,1,thu,fri,True,fri,금,thu,fri,10208537_fri,post_24h,어제 밤 10시 공개 이후 증가분 확인용 수집,"1,205만",12050000.0,https://series.naver.com/comic/detail.series?productNo=10208537,20260821_165250,fri,금,2026-08-21 16:52:50,2026-08-21,16:52:50,2026-08-21 17:03:20,2026-08-21 17:03:23,2.71,2026-08-21 17:03:23,2026-08-21,17:03:23,2026-08-21 17:10:33,1063.23,True,20260820_165209,2026-08-20 16:53:54,"1,205만",12050000.0,0.0,0.0,2026-08-21 17:03:23
fri,55,공동급식구역,청건,817927,https://comic.naver.com/webtoon/list?titleId=817927&tab=fri,10298830,공동급식구역,공동급식구역 (총 61화/미완결),총 61화/미완결,61.0,미완결,청건 청건,평점 9.6 | 청건 청건 | 2024.12.06. | 총61화/미완결 | 전화 무료,https://series.naver.com/comic/detail.series?productNo=10298830,matched,ok,"공동급식구역 (총 61화/미완결)
평점
9.6 | 청건 청건 | 2024.12.06. | 총61화/미완결 | 전화 무료
강자가 모든 것을 지배하는 수작고등학교.전학생 이사나는 공평하지 않은 점심급식에 분노한다.비분함을 감출 수 없다면 이미 싸움은 시작된 것. 달려 사나!",fri,1,fri,1,thu,fri,True,fri,금,thu,fri,10298830_fri,post_24h,어제 밤 10시 공개 이후 증가분 확인용 수집,65.5만,655000.0,https://series.naver.com/comic/detail.series?productNo=10298830,20260821_165250,fri,금,2026-08-21 16:52:50,2026-08-21,16:52:50,2026-08-21 17:03:25,2026-08-21 17:03:27,2.21,2026-08-21 17:03:27,2026-08-21,17:03:27,2026-08-21 17:10:33,1063.23,True,20260820_165209,2026-08-20 16:53:57,65.2만,652000.0,3000.0,0.004601226993865031,2026-08-21 17:03:27
fri,112,우리는 후라이족,켄타,818360,https://comic.naver.com/webtoon/list?titleId=818360&tab=fri,10394949,우리는 후라이족,우리는 후라이족 (총 79화/미완결),총 79화/미완결,79.0,미완결,,,https://series.naver.com/comic/detail.series?productNo=10394949,matched,ok,"우리는 후라이족 (총 79화/미완결)
평점
10.0 | 켄타 켄타 | 2026.06.04. | 총79화/미완결 | 76화 무료
심한 천식질환으로 시골로 이사오게 된 11살 소년 호준이.어느 날 밤.푸른 눈을 가진 하얗고 포동포동한 털북숭이가 호준이 앞에 나타나 경고한다.""우리는 후라이족입니다! 인간은 이 집을 떠나십시오!""",fri,1,fri,1,thu,fri,True,fri,금,thu,fri,10394949_fri,post_24h,어제 밤 10시 공개 이후 증가분 확인용 수집,19.7만,197000.0,https://series.naver.com/comic/detail.series?productNo=10394949,20260821_165250,fri,금,2026-08-21 16:52:50,2026-08-21,16:52:50,2026-08-21 17:03:28,2026-08-21 17:03:30,2.04,2026-08-21 17:03:30,2026-08-21,17:03:30,2026-08-21 17:10:33,1063.23,True,20260820_165209,2026-08-20 16:54:00,19.7만,197000.0,0.0,0.0,2026-08-21 17:03:30
fri,84,소곤소곤2,옛사람,818401,https://comic.naver.com/webtoon/list?titleId=818401&tab=fri,10377404,소곤소곤2,소곤소곤2 (총 107화/미완결),총 107화/미완결,107.0,미완결,,,https://series.naver.com/comic/detail.series?productNo=10377404,matched,ok,"소곤소곤2 (총 107화/미완결)
평점
10.0 | 옛사람 옛사람 | 2026.06.04. | 총107화/미완결 | 106화 무료
옛사람 작가의 옴니버스 미스터리 드라마 <소곤소곤>이 돌아왔다! 세상 어딘가에 있을 기묘한 이야기.",fri,1,fri,1,thu,fri,True,fri,금,thu,fri,10377404_fri,post_24h,어제 밤 10시 공개 이후 증가분 확인용 수집,19.6만,196000.0,https://series.naver.com/comic/detail.series?productNo=10377404,20260821_165250,fri,금,2026-08-21 16:52:50,2026-08-21,16:52:50,2026-08-21 17:03:32,2026-08-21 17:03:34,2.2,2026-08-21 17:03:34,2026-08-21,17:03:34,2026-08-21 17:10:33,1063.23,True,20260820_165209,2026-08-20 16:54:04,19.6만,196000.0,0.0,0.0,2026-08-21 17:03:34
fri,96,당신의 사랑,오아,819647,https://comic.naver.com/webtoon/list?titleId=819647&tab=fri,10543528,당신의 사랑,당신의 사랑 (총 41화/미완결),총 41화/미완결,41.0,미완결,,,https://series.naver.com/comic/detail.series?productNo=10543528,matched,ok,"당신의 사랑 (총 41화/미완결)
평점
10.0 | 오아 | 2026.02.20. | 총41화/미완결 | 전화 무료
서른셋. 손이 느린 일러스트레이터 지망생 한사랑.엄마의 소개로 외모까지 이상형인 최강 스펙 돌싱남 성요셉을 만나 사랑에 빠져 사귀게 되지만...이 남자, 뭔가 이상하다.",fri,1,fri,1,thu,fri,True,fri,금,thu,fri,10543528_fri,post_24h,어제 밤 10시 공개 이후 증가분 확인용 수집,27만,270000.0,https://series.naver.com/comic/detail.series?productNo=10543528,20260821_165250,fri,금,2026-08-21 16:52:50,2026-08-21,16:52:50,2026-08-21 17:03:36,2026-08-21 17:03:38,2.06,2026-08-21 17:03:38,2026-08-21,17:03:38,2026-08-21 17:10:33,1063.23,True,20260820_165209,2026-08-20 16:54:07,26.9만,269000.0,1000.0,0.0037174721189591076,2026-08-21 17:03:38
fri,8,아카데미에서 살아남기,기린그린,820097,https://comic.naver.com/webtoon/list?titleId=820097&tab=fri,10577696,아카데미에서 살아남기,아카데미에서 살아남기 (총 111화/미완결),총 111화/미완결,111.0,미완결,,,https://series.naver.com/comic/detail.series?productNo=10577696,matched,ok,"아카데미에서 살아남기 (총 111화/미완결)
평점
9.9 | 코리타 기린그린 | 2026.06.04. | 총111화/미완결 | 104화 무료
[연재 요일: 매주 금요일]즐겨하던 게임의 삼류 엑스트라 악역으로 빙의했다.야망은 없고 그냥 조용히 살고 싶다. 근데 세상이 참 살아남기 힘들다.주인공이 할 수 없는 삼류 악역의 방식으로, 난 이 이야기의 끝을 맞이하기 위..",fri,1,fri,1,thu,fri,True,fri,금,thu,fri,10577696_fri,post_24h,어제 밤 10시 공개 이후 증가분 확인용 수집,"1,076만",10760000.0,https://series.naver.com/comic/detail.series?productNo=10577696,20260821_165250,fri,금,2026-08-21 16:52:50,2026-08-21,16:52:50,2026-08-21 17:03:39,2026-08-21 17:03:41,2.17,2026-08-21 17:03:41,2026-08-21,17:03:41,2026-08-21 17:10:33,1063.23,True,20260820_165209,2026-08-20 16:54:11,"1,072만",10720000.0,40000.0,0.0037313432835820895,2026-08-21 17:03:41
fri,35,가장 썩은 것을 줄게,윤다,821814,https://comic.naver.com/webtoon/list?titleId=821814&tab=fri,10766371,가장 썩은 것을 줄게,가장 썩은 것을 줄게 (총 98화/미완결),총 98화/미완결,98.0,미완결,,,https://series.naver.com/comic/detail.series?productNo=10766371,matched,ok,"가장 썩은 것을 줄게 (총 98화/미완결)
평점
9.9 | 윤다 | 2026.06.04. | 총98화/미완결 | 93화 무료
10년을 사귄 남자친구가 다른 여자와 하룻밤을 보냈다.그래서 나도 그에게 상처를 주기로 결심했다. 고르고 골라서 가장 나쁘고 치사한 방법으로.끝나가는 연애 끝에 다시 쓰여지는 이 관계.단 한 번도 상상 해 본 적도 없는 최..",fri,1,fri,1,thu,fri,True,fri,금,thu,fri,10766371_fri,post_24h,어제 밤 10시 공개 이후 증가분 확인용 수집,665.2만,6652000.0,https://series.naver.com/comic/detail.series?productNo=10766371,20260821_165250,fri,금,2026-08-21 16:52:50,2026-08-21,16:52:50,2026-08-21 17:03:43,2026-08-21 17:03:45,2.15,2026-08-21 17:03:45,2026-08-21,17:03:45,2026-08-21 17:10:33,1063.23,True,20260820_165209,2026-08-20 16:54:15,663.6만,6636000.0,16000.0,0.0024110910186859553,2026-08-21 17:03:45
fri,66,여동생은 오늘 밤 나를 간택한다,네온비,822557,https://comic.naver.com/webtoon/list?titleId=822557&tab=fri,10832763,여동생은 오늘 밤 나를 간택한다,여동생은 오늘 밤 나를 간택한다 (총 121화/미완결),총 121화/미완결,121.0,미완결,네온비 도달,평점 10.0 | 네온비 도달 | 2026.06.11. | 총121화/미완결 | 116화 무료,https://series.naver.com/comic/detail.series?productNo=10832763,matched,ok,"여동생은 오늘 밤 나를 간택한다 (총 121화/미완결)
평점
10.0 | 네온비 도달 | 2026.06.11. | 총121화/미완결 | 116화 무료
재벌가의 입양딸 아린은 새엄마를 향한 뒤틀린 애정을 품고 있다.성인이 된 후, 우연한 사고로 자신에게 발칙한 능력이 있음을 깨닫는 아린.능력을 사용해 새엄마의 관심을 끌어보려 하지만, 새엄마가 아닌 의붓오빠들이 아린..",fri,1,fri,1,thu,fri,True,fri,금,thu,fri,10832763_fri,post_24h,어제 밤 10시 공개 이후 증가분 확인용 수집,270.6만,2706000.0,https://series.naver.com/comic/detail.series?productNo=10832763,20260821_165250,fri,금,2026-08-21 16:52:50,2026-08-21,16:52:50,2026-08-21 17:03:46,2026-08-21 17:03:48,2.4,2026-08-21 17:03:48,2026-08-21,17:03:48,2026-08-21 17:10:33,1063.23,True,20260820_165209,2026-08-20 16:54:18,270.3만,2703000.0,3000.0,0.0011098779134295228,2026-08-21 17:03:48
fri,82,암살청과,나락,823070,https://comic.naver.com/webtoon/list?titleId=823070&tab=fri,10907793,암살청과,암살청과 (총 91화/미완결),총 91화/미완결,91.0,미완결,,,https://series.naver.com/comic/detail.series?productNo=10907793,matched,ok,"암살청과 (총 91화/미완결)
평점
9.9 | 나락 군다 | 2026.06.04. | 총91화/미완결 | 86화 무료
누가 봐도 평범한 보통의 취준생, 정보통.평생의 콤플렉스였던 평범함이 빛을 발하는 재능의 영역임을 뜻밖의 직무에서 확인하게 되고, 그는 킬러가 되기로 한다.세상의 상식과는 다른 생태계인 위기일발 킬러 업계에서, 과연 ..",fri,1,fri,1,thu,fri,True,fri,금,thu,fri,10907793_fri,post_24h,어제 밤 10시 공개 이후 증가분 확인용 수집,129.4만,1294000.0,https://series.naver.com/comic/detail.series?productNo=10907793,20260821_165250,fri,금,2026-08-21 16:52:50,2026-08-21,16:52:50,2026-08-21 17:03:49,2026-08-21 17:03:52,2.19,2026-08-21 17:03:52,2026-08-21,17:03:52,2026-08-21 17:10:33,1063.23,True,20260820_165209,2026-08-20 16:54:21,129.2만,1292000.0,2000.0,0.0015479876160990713,2026-08-21 17:03:52
fri,44,하는 사이,안녕,823437,https://comic.naver.com/webtoon/list?titleId=823437&tab=fri,10965984,하는 사이,하는 사이 (총 85화/미완결),총 85화/미완결,85.0,미완결,,,https://series.naver.com/comic/detail.series?productNo=10965984,matched,ok,"하는 사이 (총 85화/미완결)
평점
9.9 | 안녕 안녕 | 2026.06.04. | 총85화/미완결 | 80화 무료
모두의 태양이자 주목받는 존재인 강시화, 그런 시화와 특별한 소꿉 친구 사이로 주변의 질투를 받던 이은서.우리는 특별한 사이잖아? 너도 그렇게 생각하지?그렇게 생각했다. 하지만…묻고 싶어. 너랑 난 뭐하는 사이야?",fri,1,fri,1,thu,fri,True,fri,금,thu,fri,10965984_fri,post_24h,어제 밤 10시 공개 이후 증가분 확인용 수집,321.6만,3216000.0,https://series.naver.com/comic/detail.series?productNo=10965984,20260821_165250,fri,금,2026-08-21 16:52:50,2026-08-21,16:52:50,2026-08-21 17:03:52,2026-08-21 17:03:55,2.45,2026-08-21 17:03:55,2026-08-21,17:03:55,2026-08-21 17:10:33,1063.23,True,20260820_165209,2026-08-20 16:54:25,321.3만,3213000.0,3000.0,0.0009337068160597573,2026-08-21 17:03:55
fri,42,사자의 서,,823737,https://comic.naver.com/webtoon/list?titleId=823737&tab=fri,2737090,사자의서 [도시정벌 레거시],사자의서 [도시정벌 레거시] (총 219화/완결),총 219화/완결,219.0,완결,신형빈 신형빈,평점 9.2 | 신형빈 신형빈 | 2019.11.06. | 총219화/완결 | 5화 무료,https://series.naver.com/comic/detail.series?productNo=2737090,matched,ok,"사자의서 [도시정벌 레거시] (총 219화/완결)
평점
9.2 | 신형빈 신형빈 | 2019.11.06. | 총219화/완결 | 5화 무료
죽음(死)에서 돌아 온 자. 그가 써내려가는 피의 역사에 도시(都市)가 깨어난다.",fri,1,fri,1,thu,fri,True,fri,금,thu,fri,2737090_fri,post_24h,어제 밤 10시 공개 이후 증가분 확인용 수집,121.4만,1214000.0,https://series.naver.com/comic/detail.series?productNo=2737090,20260821_165250,fri,금,2026-08-21 16:52:50,2026-08-21,16:52:50,2026-08-21 17:03:56,2026-08-21 17:03:59,2.56,2026-08-21 17:03:59,2026-08-21,17:03:59,2026-08-21 17:10:33,1063.23,True,20260820_165209,2026-08-20 16:54:30,121.4만,1214000.0,0.0,0.0,2026-08-21 17:03:59
fri,53,남편은 한 명으로 족하다,고선영,823773,https://comic.naver.com/webtoon/list?titleId=823773&tab=fri,11004208,남편은 한 명으로 족하다,남편은 한 명으로 족하다 (총 102화/미완결),총 102화/미완결,102.0,미완결,,,https://series.naver.com/comic/detail.series?productNo=11004208,matched,ok,"남편은 한 명으로 족하다 (총 102화/미완결)
평점
9.9 | 고선영 고선영 | 2026.06.04. | 총102화/미완결 | 97화 무료
<모든 사람들이 나를 사랑하면 사는 게 재밌을 줄 알았다>평범한 회사원이 로맨스 판타지 게임의 매력 수치 999 백작 영애 '크로체타'에 빙의했다. 사람들이 눈만 마주치면 자신에게 반해서 달려드는 환장할 상황. 크로체타는..",fri,1,fri,1,thu,fri,True,fri,금,thu,fri,11004208_fri,post_24h,어제 밤 10시 공개 이후 증가분 확인용 수집,486.7만,4867000.0,https://series.naver.com/comic/detail.series?productNo=11004208,20260821_165250,fri,금,2026-08-21 16:52:50,2026-08-21,16:52:50,2026-08-21 17:04:00,2026-08-21 17:04:02,1.89,2026-08-21 17:04:02,2026-08-21,17:04:02,2026-08-21 17:10:33,1063.23,True,20260820_165209,2026-08-20 16:54:34,485.7만,4857000.0,10000.0,0.0020588840848260242,2026-08-21 17:04:02
fri,74,성북구 비둘기 이헌서,허새보,826580,https://comic.naver.com/webtoon/list?titleId=826580&tab=fri,11182090,성북구 비둘기 이헌서,성북구 비둘기 이헌서 (총 89화/미완결),총 89화/미완결,89.0,미완결,,,https://series.naver.com/comic/detail.series?productNo=11182090,matched,ok,"성북구 비둘기 이헌서 (총 89화/미완결)
평점
10.0 | 허새보 허새보 | 2026.06.04. | 총89화/미완결 | 86화 무료
하루 아침에 비둘기가 되어버린 대학생 '이헌서'(여/24)다시 인간으로 돌아갈 방법을 찾지 못한 헌서는 당분간 같은 동네 남사친 '반휘혈'의 집에 머물며 비둘기 생활을 이어나가게 되는데...어떤가요 이헌서양, 비둘기 생활 재..",fri,1,fri,1,thu,fri,True,fri,금,thu,fri,11182090_fri,post_24h,어제 밤 10시 공개 이후 증가분 확인용 수집,67만,670000.0,https://series.naver.com/comic/detail.series?productNo=11182090,20260821_165250,fri,금,2026-08-21 16:52:50,2026-08-21,16:52:50,2026-08-21 17:04:04,2026-08-21 17:04:06,2.71,2026-08-21 17:04:06,2026-08-21,17:04:06,2026-08-21 17:10:33,1063.23,True,20260820_165209,2026-08-20 16:54:38,66.9만,669000.0,1000.0,0.0014947683109118087,2026-08-21 17:04:06
fri,87,북설애담,휘요,827578,https://comic.naver.com/webtoon/list?titleId=827578&tab=fri,11309258,북설애담,북설애담 (총 84화/미완결),총 84화/미완결,84.0,미완결,휘요 휘요,평점 9.8 | 휘요 휘요 | 2026.03.19. | 총84화/미완결 | 전화 무료,https://series.naver.com/comic/detail.series?productNo=11309258,matched,ok,"북설애담 (총 84화/미완결)
평점
9.8 | 휘요 휘요 | 2026.03.19. | 총84화/미완결 | 전화 무료
요괴임을 숨기고 인간인 척 사는 설녀, 설하.요괴는 잔인하게 죽이는 북부대군과 혼인하게 된다?!과연 설하는 요괴인 것을 들키지 않고 행복한 결혼생활을 보낼 수 있을까?",fri,1,fri,1,thu,fri,True,fri,금,thu,fri,11309258_fri,post_24h,어제 밤 10시 공개 이후 증가분 확인용 수집,62.2만,622000.0,https://series.naver.com/comic/detail.series?productNo=11309258,20260821_165250,fri,금,2026-08-21 16:52:50,2026-08-21,16:52:50,2026-08-21 17:04:08,2026-08-21 17:04:10,2.48,2026-08-21 17:04:10,2026-08-21,17:04:10,2026-08-21 17:10:33,1063.23,True,20260820_165209,2026-08-20 16:54:42,62.1만,621000.0,1000.0,0.001610305958132045,2026-08-21 17:04:10
fri,95,아라드의 빛: 먼저 걷는 자,제갈복자,827759,https://comic.naver.com/webtoon/list?titleId=827759&tab=fri,11493424,아라드의 빛: 먼저 걷는 자,아라드의 빛: 먼저 걷는 자 (총 108화/미완결),총 108화/미완결,108.0,미완결,,,https://series.naver.com/comic/detail.series?productNo=11493424,matched,ok,"아라드의 빛: 먼저 걷는 자 (총 108화/미완결)
평점
9.6 | 제갈복자, 이수백 펑키크리처 | 2026.06.04. | 총108화/미완결 | 100화 무료
아라드에 퍼진 오염을 정화하기 위해 나를 소환했다…?던전앤파이터에 인생을 바친 유저 진성.초월자 네메르에 의해 아라드에 소환되어 부집게의 사명을 부여받는다.『그대는 부집게가 되어 칼날을 올바른 시련으로 인도하라...",fri,1,fri,1,thu,fri,True,fri,금,thu,fri,11493424_fri,post_24h,어제 밤 10시 공개 이후 증가분 확인용 수집,52.3만,523000.0,https://series.naver.com/comic/detail.series?productNo=11493424,20260821_165250,fri,금,2026-08-21 16:52:50,2026-08-21,16:52:50,2026-08-21 17:04:12,2026-08-21 17:04:14,2.39,2026-08-21 17:04:14,2026-08-21,17:04:14,2026-08-21 17:10:33,1063.23,True,20260820_165209,2026-08-20 16:54:45,52.2만,522000.0,1000.0,0.0019157088122605363,2026-08-21 17:04:14
fri,71,초등생활 그림일기,은꼼지,827863,https://comic.naver.com/webtoon/list?titleId=827863&tab=fri,11338232,초등생활 그림일기,초등생활 그림일기 (총 104화/미완결),총 104화/미완결,104.0,미완결,,,https://series.naver.com/comic/detail.series?productNo=11338232,matched,ok,"초등생활 그림일기 (총 104화/미완결)
평점
10.0 | 은꼼지 | 2026.06.04. | 총104화/미완결 | 100화 무료
어느덧 유치원 생활의 작은 모험에서 벗어나 초등학교의 문턱을 넘은 나의 자식!초등생활 그림일기라 쓰고 부모생활 그림일기라 읽는다~!좌충우돌, 천방지축, 찌그락빠그락, 우당탕탕!이제부터 세 가족의 진정하고도 새로운 ..",fri,1,fri,1,thu,fri,True,fri,금,thu,fri,11338232_fri,post_24h,어제 밤 10시 공개 이후 증가분 확인용 수집,28.4만,284000.0,https://series.naver.com/comic/detail.series?productNo=11338232,20260821_165250,fri,금,2026-08-21 16:52:50,2026-08-21,16:52:50,2026-08-21 17:04:16,2026-08-21 17:04:18,2.3,2026-08-21 17:04:18,2026-08-21,17:04:18,2026-08-21 17:10:33,1063.23,True,20260820_165209,2026-08-20 16:54:49,28.4만,284000.0,0.0,0.0,2026-08-21 17:04:18
mon,43,구야는 신입,구야,828167,https://comic.naver.com/webtoon/list?titleId=828167&tab=mon,11367370,구야는 신입,구야는 신입 (총 182화/미완결),총 182화/미완결,182.0,미완결,,,https://series.naver.com/comic/detail.series?productNo=11367370,matched,ok,"구야는 신입 (총 182화/미완결)
평점
9.9 | 구야 구야 | 2026.06.07. | 총182화/미완결 | 178화 무료
평생 학생일 줄 알았던 내가 어느새 직장인이 되어버렸다.직장인이 된 기쁨도 잠시... 이제는 일하다가 몰래 잡코리x만 뒤져보는 직장인이 되어버렸다는데...사회초년생 구야의 웃픈(?) 홀로서기","mon,fri",2,"mon,fri",2,"sun,thu","mon,fri",True,fri,금,thu,fri,11367370_fri,post_24h,어제 밤 10시 공개 이후 증가분 확인용 수집,55.1만,551000.0,https://series.naver.com/comic/detail.series?productNo=11367370,20260821_165250,fri,금,2026-08-21 16:52:50,2026-08-21,16:52:50,2026-08-21 17:04:19,2026-08-21 17:04:22,2.66,2026-08-21 17:04:22,2026-08-21,17:04:22,2026-08-21 17:10:33,1063.23,True,20260820_165209,2026-08-20 16:54:53,55.1만,551000.0,0.0,0.0,2026-08-21 17:04:22
tue,62,개집사,고추참치,828292,https://comic.naver.com/webtoon/list?titleId=828292&tab=tue,11371316,개집사,개집사 (총 203화/미완결),총 203화/미완결,203.0,미완결,,,https://series.naver.com/comic/detail.series?productNo=11371316,matched,ok,"개집사 (총 203화/미완결)
평점
10.0 | 고추참치 고추참치 | 2026.06.08. | 총203화/미완결 | 198화 무료
출근도 퇴근도 없는 똑같은 일상의 작가…눈치채지 못한 사이 작가의 삶에 다이나믹한 소재를 주는 두 존재가 있었는데…! 작지만 자존감 만큼은 하늘 같은 말티즈, 덩칫값못하는 진도 믹스 아가씨들을 모시는 집사&작가의 삶","tue,fri",2,"tue,fri",2,"mon,thu","tue,fri",True,fri,금,thu,fri,11371316_fri,post_24h,어제 밤 10시 공개 이후 증가분 확인용 수집,63.6만,636000.0,https://series.naver.com/comic/detail.series?productNo=11371316,20260821_165250,fri,금,2026-08-21 16:52:50,2026-08-21,16:52:50,2026-08-21 17:04:23,2026-08-21 17:04:25,2.09,2026-08-21 17:04:25,2026-08-21,17:04:25,2026-08-21 17:10:33,1063.23,True,20260820_165209,2026-08-20 16:54:56,63.5만,635000.0,1000.0,0.0015748031496062992,2026-08-21 17:04:25
fri,99,절세미남 망나니 해골 되다,이루다,828337,https://comic.naver.com/webtoon/list?titleId=828337&tab=fri,11388488,절세미남 망나니 해골 되다,절세미남 망나니 해골 되다 (총 102화/미완결),총 102화/미완결,102.0,미완결,,,https://series.naver.com/comic/detail.series?productNo=11388488,matched,ok,"절세미남 망나니 해골 되다 (총 102화/미완결)
평점
9.9 | 이루다 김선용 | 2026.06.04. | 총102화/미완결 | 96화 무료
인간뿐 아니라 몬스터도 반하는 세계관 최강 절세미남 '루이'어느 날 마을에 돈 역병. 루이 또한 병에 걸려 죽음을 맞이하는데..""조각 같던 내 얼굴은 어디 가고 이 해골바가지는 뭐야?!""세계관 최강 꽃미남 미(美)도 추(醜)도 없..",fri,1,fri,1,thu,fri,True,fri,금,thu,fri,11388488_fri,post_24h,어제 밤 10시 공개 이후 증가분 확인용 수집,49.7만,497000.0,https://series.naver.com/comic/detail.series?productNo=11388488,20260821_165250,fri,금,2026-08-21 16:52:50,2026-08-21,16:52:50,2026-08-21 17:04:26,2026-08-21 17:04:29,2.94,2026-08-21 17:04:29,2026-08-21,17:04:29,2026-08-21 17:10:33,1063.23,True,20260820_165209,2026-08-20 16:55:00,49.6만,496000.0,1000.0,0.0020161290322580645,2026-08-21 17:04:29
fri,19,돈구멍,박성현,828950,https://comic.naver.com/webtoon/list?titleId=828950&tab=fri,11451897,돈구멍,돈구멍 (총 103화/미완결),총 103화/미완결,103.0,미완결,,,https://series.naver.com/comic/detail.series?productNo=11451897,matched,ok,"돈구멍 (총 103화/미완결)
평점
9.2 | 박성현 박성현 | 2026.06.04. | 총103화/미완결 | 95화 무료
불법 대출업체 ‘명동캐피탈’에서 대출 권유 전화를 돌리는 알바생으로 살아가는 밑바닥 인생 김훈. ‘명동캐피탈’ 회장의 딸인 ‘배여사’의 내연남이기도 하다.그러던 어느날 배여사가 자신의 아들 ‘배제아’를 학교에..",fri,1,fri,1,thu,fri,True,fri,금,thu,fri,11451897_fri,post_24h,어제 밤 10시 공개 이후 증가분 확인용 수집,417.9만,4179000.0,https://series.naver.com/comic/detail.series?productNo=11451897,20260821_165250,fri,금,2026-08-21 16:52:50,2026-08-21,16:52:50,2026-08-21 17:04:30,2026-08-21 17:04:32,2.19,2026-08-21 17:04:32,2026-08-21,17:04:32,2026-08-21 17:10:33,1063.23,True,20260820_165209,2026-08-20 16:55:05,417.8만,4178000.0,1000.0,0.00023934897079942556,2026-08-21 17:04:32
fri,106,신이 내린 탑스타,권영준,829710,https://comic.naver.com/webtoon/list?titleId=829710&tab=fri,11517312,신이 내린 탑스타,신이 내린 탑스타 (총 62화/미완결),총 62화/미완결,62.0,미완결,,,https://series.naver.com/comic/detail.series?productNo=11517312,matched,ok,"신이 내린 탑스타 (총 62화/미완결)
평점
9.9 | 권영준, 동전파스 쿠하 | 2026.06.04. | 총62화/미완결 | 58화 무료
타고난 신기로 무당 혹은 연예인이 되어야하는 운명을 타고난 '강연우'는 죽을 고비를 넘긴 이후, 원념을 해결하면 수명을 얻는 능력을 갖는다.그 이후 의뢰를 해결하다 만난 톱스타 '권성현'에 의해, 연우의 인생은 완전히 바..",fri,1,fri,1,thu,fri,True,fri,금,thu,fri,11517312_fri,post_24h,어제 밤 10시 공개 이후 증가분 확인용 수집,48만,480000.0,https://series.naver.com/comic/detail.series?productNo=11517312,20260821_165250,fri,금,2026-08-21 16:52:50,2026-08-21,16:52:50,2026-08-21 17:04:34,2026-08-21 17:04:36,1.97,2026-08-21 17:04:36,2026-08-21,17:04:36,2026-08-21 17:10:33,1063.23,True,20260820_165209,2026-08-20 16:55:09,48만,480000.0,0.0,0.0,2026-08-21 17:04:36
fri,43,보이스피싱인데 인생역전,왓더헬,830144,https://comic.naver.com/webtoon/list?titleId=830144&tab=fri,11571314,보이스피싱인데 인생역전,보이스피싱인데 인생역전 (총 94화/미완결),총 94화/미완결,94.0,미완결,장탄 왓더헬,평점 9.6 | 장탄 왓더헬 | 2026.07.30. | 총94화/미완결 | 91화 무료,https://series.naver.com/comic/detail.series?productNo=11571314,matched,ok,"보이스피싱인데 인생역전 (총 94화/미완결)
평점
9.6 | 장탄 왓더헬 | 2026.07.30. | 총94화/미완결 | 91화 무료
""당신의 미래를 바꿔 드립니다!""인생 역전의 기회, 확실한 서비스를 약속하는 보이스피싱! 하루아침에 나락으로 떨어진 왕년의 국민 배우 '강주혁'은 빛도 들어오지 않는 어두운 단칸방에서 매일을 고통 속에서 살아간다. 어느 ..",fri,1,fri,1,thu,fri,True,fri,금,thu,fri,11571314_fri,post_24h,어제 밤 10시 공개 이후 증가분 확인용 수집,203만,2030000.0,https://series.naver.com/comic/detail.series?productNo=11571314,20260821_165250,fri,금,2026-08-21 16:52:50,2026-08-21,16:52:50,2026-08-21 17:04:38,2026-08-21 17:04:40,2.22,2026-08-21 17:04:40,2026-08-21,17:04:40,2026-08-21 17:10:33,1063.23,True,20260820_165209,2026-08-20 16:55:12,202.7만,2027000.0,3000.0,0.0014800197335964479,2026-08-21 17:04:40
fri,36,로맨스 저주,,834035,https://comic.naver.com/webtoon/list?titleId=834035&tab=fri,11824393,로맨스 저주,로맨스 저주 (총 92화/미완결),총 92화/미완결,92.0,미완결,다원 다원,평점 9.9 | 다원 다원 | 2026.06.18. | 총92화/미완결 | 85화 무료,https://series.naver.com/comic/detail.series?productNo=11824393,review_needed,not_found,"로맨스 저주 (총 92화/미완결)
평점
9.9 | 다원 다원 | 2026.06.18. | 총92화/미완결 | 85화 무료
희수는 타인을 저주하는 글을 쓰면 현실이 되는 신비한 노트를 택배로 받는다.심지어 저주를 할 때마다 현금이 나온다!희수는 짝사랑하던 남자 현우를 저주해 자신과의 로맨스를 강요한다.하지만 뜻대로 되지 않고, 일이 꼬여..",fri,1,fri,1,thu,fri,True,fri,금,thu,fri,11824393_fri,post_24h,어제 밤 10시 공개 이후 증가분 확인용 수집,,,https://nid.naver.com/nidlogin.login?svctype=128&a_version=2&viewtype=1&url=http%3A%2F%2Fseries.naver.com%2Fcomic%2Fdetail.series%3FproductNo%3D11824393&surl=https%3A%2F%2Fseries.naver.com,20260821_165250,fri,금,2026-08-21 16:52:50,2026-08-21,16:52:50,2026-08-21 17:04:41,2026-08-21 17:04:56,14.76,2026-08-21 17:04:56,2026-08-21,17:04:56,2026-08-21 17:10:33,1063.23,True,20260820_165209,2026-08-20 16:55:31,,,,,2026-08-21 17:04:56
fri,85,소년경찰,삼갱,834417,https://comic.naver.com/webtoon/list?titleId=834417&tab=fri,11890407,소년경찰,소년경찰 (총 54화/미완결),총 54화/미완결,54.0,미완결,,,https://series.naver.com/comic/detail.series?productNo=11890407,matched,ok,"소년경찰 (총 54화/미완결)
평점
9.5 | 삼갱 삼갱 | 2026.06.04. | 총54화/미완결 | 49화 무료
20XX년, 갈수록 흉악해지는 미성년자들의 악행으로,정부는 학생을 경찰로 채용한 소년경찰이라는 특별 팀을 창설하게 된다.별 볼일 없이 평범했던 소년 도재하는소년경찰이었던 자신의 가장 친한 친구를 사고로 잃게 되고 소..",fri,1,fri,1,thu,fri,True,fri,금,thu,fri,11890407_fri,post_24h,어제 밤 10시 공개 이후 증가분 확인용 수집,27.9만,279000.0,https://series.naver.com/comic/detail.series?productNo=11890407,20260821_165250,fri,금,2026-08-21 16:52:50,2026-08-21,16:52:50,2026-08-21 17:04:57,2026-08-21 17:05:01,3.11,2026-08-21 17:05:01,2026-08-21,17:05:01,2026-08-21 17:10:33,1063.23,True,20260820_165209,2026-08-20 16:55:36,27.8만,278000.0,1000.0,0.0035971223021582736,2026-08-21 17:05:01
fri,88,만두 생활기록부,킹만두,835089,https://comic.naver.com/webtoon/list?titleId=835089&tab=fri,12007329,만두 생활기록부,만두 생활기록부 (총 79화/미완결),총 79화/미완결,79.0,미완결,,,https://series.naver.com/comic/detail.series?productNo=12007329,matched,ok,"만두 생활기록부 (총 79화/미완결)
평점
10.0 | 킹만두 킹만두 | 2026.06.04. | 총79화/미완결 | 76화 무료
'아마도... 이번 생은 시트콤?!'유년기 시절부터 지금까지의 웃픈 에피소드를 다룬 실화 기반 개그 일상툰!사랑 이야기부터 훈훈한 가족 이야기 그리고 흑역사까지, 다양한 장르를 오가는 만두의 인생을 낱낱이 들여다보자.",fri,1,fri,1,thu,fri,True,fri,금,thu,fri,12007329_fri,post_24h,어제 밤 10시 공개 이후 증가분 확인용 수집,6만,60000.0,https://series.naver.com/comic/detail.series?productNo=12007329,20260821_165250,fri,금,2026-08-21 16:52:50,2026-08-21,16:52:50,2026-08-21 17:05:02,2026-08-21 17:05:04,2.25,2026-08-21 17:05:04,2026-08-21,17:05:04,2026-08-21 17:10:33,1063.23,True,20260820_165209,2026-08-20 16:55:39,6만,60000.0,0.0,0.0,2026-08-21 17:05:04
fri,54,시체들의 전쟁,마요너구리,836651,https://comic.naver.com/webtoon/list?titleId=836651&tab=fri,12218775,시체들의 전쟁,시체들의 전쟁 (총 70화/미완결),총 70화/미완결,70.0,미완결,,,https://series.naver.com/comic/detail.series?productNo=12218775,matched,ok,"시체들의 전쟁 (총 70화/미완결)
평점
9.9 | 마요너구리 마요너구리 | 2026.06.04. | 총70화/미완결 | 65화 무료
네크로맨서들이 자신만의 기사를 만들어 싸우는 이 시대 최고의 스포츠 '시체들의 전쟁'.수많은 사람들이 열정과 꿈을 불태우며 싸우는 잔혹한 싸움 속, 최후의 승자는 누가 될 것인가.",fri,1,fri,1,thu,fri,True,fri,금,thu,fri,12218775_fri,post_24h,어제 밤 10시 공개 이후 증가분 확인용 수집,138.4만,1384000.0,https://series.naver.com/comic/detail.series?productNo=12218775,20260821_165250,fri,금,2026-08-21 16:52:50,2026-08-21,16:52:50,2026-08-21 17:05:05,2026-08-21 17:05:08,2.65,2026-08-21 17:05:08,2026-08-21,17:05:08,2026-08-21 17:10:33,1063.23,True,20260820_165209,2026-08-20 16:55:44,137.9만,1379000.0,5000.0,0.0036258158085569255,2026-08-21 17:05:08
fri,33,아티팩트 먹는 플레이어,벤티,836683,https://comic.naver.com/webtoon/list?titleId=836683&tab=fri,12225039,아티팩트 먹는 플레이어,아티팩트 먹는 플레이어 (총 46화/미완결),총 46화/미완결,46.0,미완결,,,https://series.naver.com/comic/detail.series?productNo=12225039,matched,ok,"아티팩트 먹는 플레이어 (총 46화/미완결)
평점
9.8 | 벤티, 기인 벤티 | 2026.06.04. | 총46화/미완결 | 41화 무료
내가 강해지는 방법은 정말 간단했다.그저, 먹는 것.열심히 아티팩트를 먹으면 됐다.회귀도 했으니 이제는 원없이 먹어치워볼까?",fri,1,fri,1,thu,fri,True,fri,금,thu,fri,12225039_fri,post_24h,어제 밤 10시 공개 이후 증가분 확인용 수집,142.7만,1427000.0,https://series.naver.com/comic/detail.series?productNo=12225039,20260821_165250,fri,금,2026-08-21 16:52:50,2026-08-21,16:52:50,2026-08-21 17:05:09,2026-08-21 17:05:11,2.12,2026-08-21 17:05:11,2026-08-21,17:05:11,2026-08-21 17:10:33,1063.23,True,20260820_165209,2026-08-20 16:55:48,142.5만,1425000.0,2000.0,0.0014035087719298245,2026-08-21 17:05:11
fri,65,고구려 태왕미천,이동욱,838875,https://comic.naver.com/webtoon/list?titleId=838875&tab=fri,12560291,고구려 태왕미천,고구려 태왕미천 (총 56화/미완결),총 56화/미완결,56.0,미완결,,,https://series.naver.com/comic/detail.series?productNo=12560291,matched,ok,"고구려 태왕미천 (총 56화/미완결)
평점
9.9 | 이동욱 이동욱 | 2026.06.04. | 총56화/미완결 | 51화 무료
고구려의 왕손 ‘을불’은 혹독한 권력 다툼 속에서 가족을 잃고 방랑자가 된다. 하지만 죽음의 위협을 넘어서며 세력을 키워 진정한 군주로 거듭난 그는, 400년 간 고구려를 괴롭힌 원수를 물리칠 대전쟁을 준비한다. 그러나 ..",fri,1,fri,1,thu,fri,True,fri,금,thu,fri,12560291_fri,post_24h,어제 밤 10시 공개 이후 증가분 확인용 수집,30.2만,302000.0,https://series.naver.com/comic/detail.series?productNo=12560291,20260821_165250,fri,금,2026-08-21 16:52:50,2026-08-21,16:52:50,2026-08-21 17:05:12,2026-08-21 17:05:15,2.41,2026-08-21 17:05:15,2026-08-21,17:05:15,2026-08-21 17:10:33,1063.23,True,20260820_165209,2026-08-20 16:55:51,30.2만,302000.0,0.0,0.0,2026-08-21 17:05:15
fri,52,범상한 변호사의 아공간,혜낙,839007,https://comic.naver.com/webtoon/list?titleId=839007&tab=fri,12573539,범상한 변호사의 아공간 [독점],범상한 변호사의 아공간 [독점] (총 32화/미완결),총 32화/미완결,32.0,미완결,,,https://series.naver.com/comic/detail.series?productNo=12573539,matched,ok,"범상한 변호사의 아공간 [독점] (총 32화/미완결)
평점
9.8 | 혜낙,서칸더브이 김리아 | 2026.06.04. | 총32화/미완결 | 27화 무료
변호사 한범상 앞에 나타난 이상한 문.그 너머에는 시간이 흐르지 않는 공간이 존재한다.ⓒ혜낙,김리아(원작:서칸더브이)/학산문화사",fri,1,fri,1,thu,fri,True,fri,금,thu,fri,12573539_fri,post_24h,어제 밤 10시 공개 이후 증가분 확인용 수집,86.6만,866000.0,https://series.naver.com/comic/detail.series?productNo=12573539,20260821_165250,fri,금,2026-08-21 16:52:50,2026-08-21,16:52:50,2026-08-21 17:05:16,2026-08-21 17:05:19,2.65,2026-08-21 17:05:19,2026-08-21,17:05:19,2026-08-21 17:10:33,1063.23,True,20260820_165209,2026-08-20 16:55:54,86.4만,864000.0,2000.0,0.0023148148148148147,2026-08-21 17:05:19
fri,86,미운오리새끼,펀지르르,839542,https://comic.naver.com/webtoon/list?titleId=839542&tab=fri,12665421,미운오리새끼,미운오리새끼 (총 36화/미완결),총 36화/미완결,36.0,미완결,펀지르르 펀지르르,평점 10.0 | 펀지르르 펀지르르 | 2026.01.15. | 총36화/미완결 | 전화 무료,https://series.naver.com/comic/detail.series?productNo=12665421,matched,ok,"미운오리새끼 (총 36화/미완결)
평점
10.0 | 펀지르르 펀지르르 | 2026.01.15. | 총36화/미완결 | 전화 무료
가장 가까우면서도 가장 힘들게 하는 관계인 원수같은 가족!이 애증 섞인 복잡한 관계의 가족 성장 이야기",fri,1,fri,1,thu,fri,True,fri,금,thu,fri,12665421_fri,post_24h,어제 밤 10시 공개 이후 증가분 확인용 수집,20.2만,202000.0,https://series.naver.com/comic/detail.series?productNo=12665421,20260821_165250,fri,금,2026-08-21 16:52:50,2026-08-21,16:52:50,2026-08-21 17:05:20,2026-08-21 17:05:23,2.74,2026-08-21 17:05:23,2026-08-21,17:05:23,2026-08-21 17:10:33,1063.23,True,20260820_165209,2026-08-20 16:55:57,20.1만,201000.0,1000.0,0.004975124378109453,2026-08-21 17:05:23
fri,73,피도 눈물도 없는 용사,진,839715,https://comic.naver.com/webtoon/list?titleId=839715&tab=fri,12690318,피도 눈물도 없는 용사,피도 눈물도 없는 용사 (총 57화/미완결),총 57화/미완결,57.0,미완결,,,https://series.naver.com/comic/detail.series?productNo=12690318,matched,ok,"피도 눈물도 없는 용사 (총 57화/미완결)
평점
9.6 | 진, 박제후 제리 | 2026.06.04. | 총57화/미완결 | 50화 무료
전세계적인 인기를 누리는 게임 '인류의 수호자'의 썩은물 한제우.수억의 빚더미와 골방 안에서 허우적대는 이른바 외골수 플레이어다.하지만 고대하던 마왕과의 최종전은 어처구니없이 실패.불어난 빚의 상환일은 쉴세없이 ..",fri,1,fri,1,thu,fri,True,fri,금,thu,fri,12690318_fri,post_24h,어제 밤 10시 공개 이후 증가분 확인용 수집,71.3만,713000.0,https://series.naver.com/comic/detail.series?productNo=12690318,20260821_165250,fri,금,2026-08-21 16:52:50,2026-08-21,16:52:50,2026-08-21 17:05:25,2026-08-21 17:05:27,2.71,2026-08-21 17:05:27,2026-08-21,17:05:27,2026-08-21 17:10:33,1063.23,True,20260820_165209,2026-08-20 16:56:02,71.2만,712000.0,1000.0,0.0014044943820224719,2026-08-21 17:05:27
fri,78,인간천적,도국,840508,https://comic.naver.com/webtoon/list?titleId=840508&tab=fri,12817584,인간천적,인간천적 (총 51화/미완결),총 51화/미완결,51.0,미완결,,,https://series.naver.com/comic/detail.series?productNo=12817584,matched,ok,"인간천적 (총 51화/미완결)
평점
9.9 | 도국 도국 | 2026.06.04. | 총51화/미완결 | 46화 무료
최강의 킬러로 불리던 ‘칼토끼’는 은퇴 후, 요리사 ‘고야’라는 이름으로 조용한 삶을 살아간다.어느 날, 그의 레스토랑에 찾아온 소녀 ‘진서누’에게서 말로 설명할 수 없는 황홀한 향기를 느낀다.그리고 그녀를 뒤쫓아 ..",fri,1,fri,1,thu,fri,True,fri,금,thu,fri,12817584_fri,post_24h,어제 밤 10시 공개 이후 증가분 확인용 수집,58.6만,586000.0,https://series.naver.com/comic/detail.series?productNo=12817584,20260821_165250,fri,금,2026-08-21 16:52:50,2026-08-21,16:52:50,2026-08-21 17:05:28,2026-08-21 17:05:31,2.38,2026-08-21 17:05:31,2026-08-21,17:05:31,2026-08-21 17:10:33,1063.23,True,20260820_165209,2026-08-20 16:56:06,58.5만,585000.0,1000.0,0.0017094017094017094,2026-08-21 17:05:31
fri,89,다이어트 워리어,이선,840706,https://comic.naver.com/webtoon/list?titleId=840706&tab=fri,12848716,다이어트 워리어,다이어트 워리어 (총 50화/미완결),총 50화/미완결,50.0,미완결,,,https://series.naver.com/comic/detail.series?productNo=12848716,matched,ok,"다이어트 워리어 (총 50화/미완결)
평점
9.8 | 이선 이선 | 2026.05.28. | 총50화/미완결 | 45화 무료
다이어트 서바이벌로 인생을 망친 5인의 다이어트 서바이벌 설욕전!",fri,1,fri,1,thu,fri,True,fri,금,thu,fri,12848716_fri,post_24h,어제 밤 10시 공개 이후 증가분 확인용 수집,52.5만,525000.0,https://series.naver.com/comic/detail.series?productNo=12848716,20260821_165250,fri,금,2026-08-21 16:52:50,2026-08-21,16:52:50,2026-08-21 17:05:32,2026-08-21 17:05:34,2.02,2026-08-21 17:05:34,2026-08-21,17:05:34,2026-08-21 17:10:33,1063.23,True,20260820_165209,2026-08-20 16:56:09,52.3만,523000.0,2000.0,0.0038240917782026767,2026-08-21 17:05:34
fri,110,아이돌리,로로,840875,https://comic.naver.com/webtoon/list?titleId=840875&tab=fri,12897751,아이돌리,아이돌리 (총 26화/미완결),총 26화/미완결,26.0,미완결,로로 로로,평점 9.8 | 로로 로로 | 2026.07.30. | 총26화/미완결 | 24화 무료,https://series.naver.com/comic/detail.series?productNo=12897751,matched,ok,"아이돌리 (총 26화/미완결)
평점
9.8 | 로로 로로 | 2026.07.30. | 총26화/미완결 | 24화 무료
동물들의 신분상승 시대, 한 마리 고양이가 무대에 올랐다. 스타로 시작해 디바로 완성되는 고양이 돌리의 성장 이야기.",fri,1,fri,1,thu,fri,True,fri,금,thu,fri,12897751_fri,post_24h,어제 밤 10시 공개 이후 증가분 확인용 수집,2.9만,29000.0,https://series.naver.com/comic/detail.series?productNo=12897751,20260821_165250,fri,금,2026-08-21 16:52:50,2026-08-21,16:52:50,2026-08-21 17:05:36,2026-08-21 17:05:39,2.61,2026-08-21 17:05:39,2026-08-21,17:05:39,2026-08-21 17:10:33,1063.23,True,20260820_165209,2026-08-20 16:56:14,2.9만,29000.0,0.0,0.0,2026-08-21 17:05:39
fri,46,시간제 부부,산차,841499,https://comic.naver.com/webtoon/list?titleId=841499&tab=fri,12965429,시간제 부부,시간제 부부 (총 51화/미완결),총 51화/미완결,51.0,미완결,,,https://series.naver.com/comic/detail.series?productNo=12965429,matched,ok,"시간제 부부 (총 51화/미완결)
평점
10.0 | 산차, 최연 산차 | 2026.06.04. | 총51화/미완결 | 45화 무료
다인의 첫사랑이자 옛 연인이었던 강서준은 결혼하지 못하면 죽을 운명이라며 다인에게 100일짜리 계약 결혼을 제안한다.얼토당토않는 제안에 자존심은 좀 상하지만, 당차게 계약 조건을 내건 다인은 그렇게 서준과 신혼 생..",fri,1,fri,1,thu,fri,True,fri,금,thu,fri,12965429_fri,post_24h,어제 밤 10시 공개 이후 증가분 확인용 수집,180.5만,1805000.0,https://series.naver.com/comic/detail.series?productNo=12965429,20260821_165250,fri,금,2026-08-21 16:52:50,2026-08-21,16:52:50,2026-08-21 17:05:40,2026-08-21 17:05:42,2.32,2026-08-21 17:05:42,2026-08-21,17:05:42,2026-08-21 17:10:33,1063.23,True,20260820_165209,2026-08-20 16:56:17,180.1만,1801000.0,4000.0,0.002220988339811216,2026-08-21 17:05:42
tue,3,오! 나의 교주님,,841624,https://comic.naver.com/webtoon/list?titleId=841624&tab=tue,12998643,오! 나의 교주님,오! 나의 교주님 (총 94화/미완결),총 94화/미완결,94.0,미완결,"김꿀빨, 김완두 김꿀빨, 김완두","평점 9.4 | 김꿀빨, 김완두 김꿀빨, 김완두 | 2026.06.18. | 총94화/미완결 | 89화 무료",https://series.naver.com/comic/detail.series?productNo=12998643,review_needed,not_found,"오! 나의 교주님 (총 94화/미완결)
평점
9.4 | 김꿀빨, 김완두 김꿀빨, 김완두 | 2026.06.18. | 총94화/미완결 | 89화 무료
사이비 종교 ‘진천교’에서 태어나 평생을 그곳에서 살아온 한성민. 그는 결국 모든 것을 잃고 홀로 탈출한다.수년 후, 성인이 된 그는 다시 진천교에 잠입해 처절한 복수를 시작하려 한다.“오, 나의 교주님. 제가 보내드릴게..","tue,fri",2,"tue,fri",2,"mon,thu","tue,fri",True,fri,금,thu,fri,12998643_fri,post_24h,어제 밤 10시 공개 이후 증가분 확인용 수집,,,https://nid.naver.com/nidlogin.login?svctype=128&a_version=2&viewtype=1&url=http%3A%2F%2Fseries.naver.com%2Fcomic%2Fdetail.series%3FproductNo%3D12998643&surl=https%3A%2F%2Fseries.naver.com,20260821_165250,fri,금,2026-08-21 16:52:50,2026-08-21,16:52:50,2026-08-21 17:05:43,2026-08-21 17:05:58,15.02,2026-08-21 17:05:58,2026-08-21,17:05:58,2026-08-21 17:10:33,1063.23,True,20260820_165209,2026-08-20 16:56:33,,,,,2026-08-21 17:05:58
fri,108,완벽한 게 다인,은솔,841767,https://comic.naver.com/webtoon/list?titleId=841767&tab=fri,13009203,완벽한 게 다인,완벽한 게 다인 (총 46화/미완결),총 46화/미완결,46.0,미완결,,,https://series.naver.com/comic/detail.series?productNo=13009203,matched,ok,"완벽한 게 다인 (총 46화/미완결)
평점
10.0 | 은솔 재림 | 2026.06.04. | 총46화/미완결 | 41화 무료
매사에 열심히, 열정적인 학창시절을 살아온 대학 새내기 김다인은 성적, 교우관계, 스펙 모든 것이 완벽한 캠퍼스 라이프를 꿈꾼다.하지만 다인은 자신과 이름이 같지만 자신과 다르게 '완벽한 외모와 인성을 겸비한' 강다인..",fri,1,fri,1,thu,fri,True,fri,금,thu,fri,13009203_fri,post_24h,어제 밤 10시 공개 이후 증가분 확인용 수집,29.2만,292000.0,https://series.naver.com/comic/detail.series?productNo=13009203,20260821_165250,fri,금,2026-08-21 16:52:50,2026-08-21,16:52:50,2026-08-21 17:06:00,2026-08-21 17:06:04,3.87,2026-08-21 17:06:04,2026-08-21,17:06:04,2026-08-21 17:10:33,1063.23,True,20260820_165209,2026-08-20 16:56:39,29.2만,292000.0,0.0,0.0,2026-08-21 17:06:04
fri,101,청소요원,조롱이,841792,https://comic.naver.com/webtoon/list?titleId=841792&tab=fri,13010036,청소요원,청소요원 (총 47화/미완결),총 47화/미완결,47.0,미완결,,,https://series.naver.com/comic/detail.series?productNo=13010036,matched,ok,"청소요원 (총 47화/미완결)
평점
9.5 | 조롱이 조롱이 | 2026.06.04. | 총47화/미완결 | 42화 무료
부패한 권력이 지배하는 세상에서 가족을 잃은 ‘진이수’, 모든 것을 되찾기 위해 뒷세계로 들어가 거대 범죄조직과 맞서는 투쟁을 시작한다.",fri,1,fri,1,thu,fri,True,fri,금,thu,fri,13010036_fri,post_24h,어제 밤 10시 공개 이후 증가분 확인용 수집,13.9만,139000.0,https://series.naver.com/comic/detail.series?productNo=13010036,20260821_165250,fri,금,2026-08-21 16:52:50,2026-08-21,16:52:50,2026-08-21 17:06:05,2026-08-21 17:06:07,2.04,2026-08-21 17:06:07,2026-08-21,17:06:07,2026-08-21 17:10:33,1063.23,True,20260820_165209,2026-08-20 16:56:42,13.9만,139000.0,0.0,0.0,2026-08-21 17:06:07
tue,63,브레이커즈,JDL,841810,https://comic.naver.com/webtoon/list?titleId=841810&tab=tue,13011302,브레이커즈,브레이커즈 (총 88화/미완결),총 88화/미완결,88.0,미완결,,,https://series.naver.com/comic/detail.series?productNo=13011302,matched,ok,"브레이커즈 (총 88화/미완결)
평점
9.7 | JDL, 취룡 뚱또 | 2026.06.01. | 총88화/미완결 | 84화 무료
'주인공'은 즐겨하던 게임의 리메이크판인 <나이트 사가:re>를 플레이하던 중,게임 속으로 끌려들어 간다.그런데 무언가 이상하다.<나이트 사가:re>에서 플레이어블 캐릭터는 인간 편의 로크, 마계 편의 제피르뿐.그러나 정신..","tue,fri",2,"tue,fri",2,"mon,thu","tue,fri",True,fri,금,thu,fri,13011302_fri,post_24h,어제 밤 10시 공개 이후 증가분 확인용 수집,55.3만,553000.0,https://series.naver.com/comic/detail.series?productNo=13011302,20260821_165250,fri,금,2026-08-21 16:52:50,2026-08-21,16:52:50,2026-08-21 17:06:09,2026-08-21 17:06:12,2.64,2026-08-21 17:06:12,2026-08-21,17:06:12,2026-08-21 17:10:33,1063.23,True,20260820_165209,2026-08-20 16:56:46,55.2만,552000.0,1000.0,0.0018115942028985507,2026-08-21 17:06:12
fri,117,나의 모르는 여자친구,이정빈,841923,https://comic.naver.com/webtoon/list?titleId=841923&tab=fri,13025901,나의 모르는 여자친구,나의 모르는 여자친구 (총 41화/미완결),총 41화/미완결,41.0,미완결,,,https://series.naver.com/comic/detail.series?productNo=13025901,matched,ok,"나의 모르는 여자친구 (총 41화/미완결)
평점
9.9 | 이정빈 이정빈 | 2026.06.04. | 총41화/미완결 | 36화 무료
눈 떠보니 아이돌의 여자친구가 되어있다?! 평범한 삶을 추구하는 대학생 ‘해나’는 인기 아이돌 ‘은하‘와의 거짓 열애설로 일상에 금이 갈 위기를 맞는다.",fri,1,fri,1,thu,fri,True,fri,금,thu,fri,13025901_fri,post_24h,어제 밤 10시 공개 이후 증가분 확인용 수집,9.7만,97000.0,https://series.naver.com/comic/detail.series?productNo=13025901,20260821_165250,fri,금,2026-08-21 16:52:50,2026-08-21,16:52:50,2026-08-21 17:06:13,2026-08-21 17:06:15,1.85,2026-08-21 17:06:15,2026-08-21,17:06:15,2026-08-21 17:10:33,1063.23,True,20260820_165209,2026-08-20 16:56:50,9.7만,97000.0,0.0,0.0,2026-08-21 17:06:15
fri,62,감히 바라옵건대,LICO,842215,https://comic.naver.com/webtoon/list?titleId=842215&tab=fri,13057560,감히 바라옵건대,감히 바라옵건대 (총 43화/미완결),총 43화/미완결,43.0,미완결,,,https://series.naver.com/comic/detail.series?productNo=13057560,matched,ok,"감히 바라옵건대 (총 43화/미완결)
평점
10.0 | LICO, 백묘 LICO | 2026.06.04. | 총43화/미완결 | 38화 무료
“황후가 되어 폐하를 지키겠습니다.”모든 것을 잃었을 때,나는 무너지지 않았다.다만 당신을 찾아갔을 뿐.헤레이스 델가도.제국의 구원자임에도기꺼이 ‘미친 황제’라 불리길 택한 남자.그 지난한 길을 홀로 걸어온 당신 옆..",fri,1,fri,1,thu,fri,True,fri,금,thu,fri,13057560_fri,post_24h,어제 밤 10시 공개 이후 증가분 확인용 수집,93.9만,939000.0,https://series.naver.com/comic/detail.series?productNo=13057560,20260821_165250,fri,금,2026-08-21 16:52:50,2026-08-21,16:52:50,2026-08-21 17:06:16,2026-08-21 17:06:19,2.91,2026-08-21 17:06:19,2026-08-21,17:06:19,2026-08-21 17:10:33,1063.23,True,20260820_165209,2026-08-20 16:56:53,93.7만,937000.0,2000.0,0.0021344717182497333,2026-08-21 17:06:19
fri,83,앵클 브레이커,하하영,842261,https://comic.naver.com/webtoon/list?titleId=842261&tab=fri,13061124,앵클 브레이커,앵클 브레이커 (총 44화/미완결),총 44화/미완결,44.0,미완결,,,https://series.naver.com/comic/detail.series?productNo=13061124,matched,ok,"앵클 브레이커 (총 44화/미완결)
평점
9.9 | 하하영 민영 | 2026.06.04. | 총44화/미완결 | 39화 무료
167.8cm 단신 가드의 등장! ""농구는 키 작으면 절대 안 된다고? 2m, 3m 다 데리고 와 보라 그래. 아무리 키 커도 넘어뜨리면 나보다 다 아래야."" 주인공 강휘는 런 앤 건으로 대회 우승을 꿈꾸는 전광고 농구부의 마지막 퍼즐..",fri,1,fri,1,thu,fri,True,fri,금,thu,fri,13061124_fri,post_24h,어제 밤 10시 공개 이후 증가분 확인용 수집,90.7만,907000.0,https://series.naver.com/comic/detail.series?productNo=13061124,20260821_165250,fri,금,2026-08-21 16:52:50,2026-08-21,16:52:50,2026-08-21 17:06:21,2026-08-21 17:06:23,2.52,2026-08-21 17:06:23,2026-08-21,17:06:23,2026-08-21 17:10:33,1063.23,True,20260820_165209,2026-08-20 16:56:57,90.7만,907000.0,0.0,0.0,2026-08-21 17:06:23
fri,100,우리집 로미오,뉸달,842321,https://comic.naver.com/webtoon/list?titleId=842321&tab=fri,13065135,우리집 로미오,우리집 로미오 (총 47화/미완결),총 47화/미완결,47.0,미완결,,,https://series.naver.com/comic/detail.series?productNo=13065135,matched,ok,"우리집 로미오 (총 47화/미완결)
평점
10.0 | 뉸달 뉸달 | 2026.06.04. | 총47화/미완결 | 40화 무료
여름방학을 맞아 집에 내려온 솔은 정체불명의 남자 로미와 마주한다.엄마의 남자친구로 보이는 그와의 불편한 동거가 시작되자, 솔은 끊임없는 의심과 오해 속에 휘말린다.하지만 함께 지내며 조금씩 드러나는 로미의 진심, ..",fri,1,fri,1,thu,fri,True,fri,금,thu,fri,13065135_fri,post_24h,어제 밤 10시 공개 이후 증가분 확인용 수집,25.7만,257000.0,https://series.naver.com/comic/detail.series?productNo=13065135,20260821_165250,fri,금,2026-08-21 16:52:50,2026-08-21,16:52:50,2026-08-21 17:06:25,2026-08-21 17:06:27,1.96,2026-08-21 17:06:27,2026-08-21,17:06:27,2026-08-21 17:10:33,1063.23,True,20260820_165209,2026-08-20 16:57:00,25.6만,256000.0,1000.0,0.00390625,2026-08-21 17:06:27
fri,10,네가 사는 그 집,,842465,https://comic.naver.com/webtoon/list?titleId=842465&tab=fri,13090391,네가 사는 그 집,네가 사는 그 집 (총 47화/미완결),총 47화/미완결,47.0,미완결,석우 해바다,평점 9.7 | 석우 해바다 | 2026.06.18. | 총47화/미완결 | 41화 무료,https://series.naver.com/comic/detail.series?productNo=13090391,review_needed,not_found,"네가 사는 그 집 (총 47화/미완결)
평점
9.7 | 석우 해바다 | 2026.06.18. | 총47화/미완결 | 41화 무료
찢어지게 가난한 집에서 두 아이를 키우며 힘겹게 살아가던 30대 화린.어느날, 자기 첫사랑이었던 부유한 선배와 결혼해 행복하게 사는 친구와 몸이 바뀐다.하지만 부러워하던 삶을 얻은 기쁨도 잠시,그 집의 추악한 비밀이 드..",fri,1,fri,1,thu,fri,True,fri,금,thu,fri,13090391_fri,post_24h,어제 밤 10시 공개 이후 증가분 확인용 수집,,,https://nid.naver.com/nidlogin.login?svctype=128&a_version=2&viewtype=1&url=http%3A%2F%2Fseries.naver.com%2Fcomic%2Fdetail.series%3FproductNo%3D13090391&surl=https%3A%2F%2Fseries.naver.com,20260821_165250,fri,금,2026-08-21 16:52:50,2026-08-21,16:52:50,2026-08-21 17:06:28,2026-08-21 17:06:43,15.51,2026-08-21 17:06:43,2026-08-21,17:06:43,2026-08-21 17:10:33,1063.23,True,20260820_165209,2026-08-20 16:57:16,,,,,2026-08-21 17:06:43
fri,24,용사파티만화,칰타,842647,https://comic.naver.com/webtoon/list?titleId=842647&tab=fri,13101435,용사파티만화,용사파티만화 (총 129화/미완결),총 129화/미완결,129.0,미완결,,,https://series.naver.com/comic/detail.series?productNo=13101435,matched,ok,"용사파티만화 (총 129화/미완결)
평점
10.0 | 칰타 랴코 | 2026.06.06. | 총129화/미완결 | 119화 무료
흔해 빠진 이세계에 어딘가 나사 빠진 용사 파티가 나타났다!자칭 용사 꼬마 탱커 파밍, 음침 수인 마법사 해피, 겉과 속이 다른 변태 수녀 클레어, 생각보다 너무 비겁한 도적 김도적까지...쪼렙 모험가답지 않게 우연히 이런 저..","fri,sat,sun",3,"fri,sat,sun",3,"thu,fri,sat","fri,sat,sun",True,fri,금,thu,fri,13101435_fri,post_24h,어제 밤 10시 공개 이후 증가분 확인용 수집,179.1만,1791000.0,https://series.naver.com/comic/detail.series?productNo=13101435,20260821_165250,fri,금,2026-08-21 16:52:50,2026-08-21,16:52:50,2026-08-21 17:06:45,2026-08-21 17:06:47,2.57,2026-08-21 17:06:47,2026-08-21,17:06:47,2026-08-21 17:10:33,1063.23,True,20260820_165209,2026-08-20 16:57:20,178.7만,1787000.0,4000.0,0.002238388360380526,2026-08-21 17:06:47
fri,104,타임머신 만들기,자드나인,842903,https://comic.naver.com/webtoon/list?titleId=842903&tab=fri,13141911,타임머신 만들기,타임머신 만들기 (총 50화/미완결),총 50화/미완결,50.0,미완결,,,https://series.naver.com/comic/detail.series?productNo=13141911,matched,ok,"타임머신 만들기 (총 50화/미완결)
평점
10.0 | 자드나인 자드나인 | 2026.06.04. | 총50화/미완결 | 45화 무료
폐부 위기에 몰린 물리학 동아리 ""타키온""첫 눈에 반한 국문과 여학생 신입부원이 타임머신을 만들고 싶어 한다.그래서.... 만들었다.과연 타키온 멤버들은 이 타임머신으로 미래에 갈 수 있을까?현대 물리학으로 타임머신 만드..",fri,1,fri,1,thu,fri,True,fri,금,thu,fri,13141911_fri,post_24h,어제 밤 10시 공개 이후 증가분 확인용 수집,11.4만,114000.0,https://series.naver.com/comic/detail.series?productNo=13141911,20260821_165250,fri,금,2026-08-21 16:52:50,2026-08-21,16:52:50,2026-08-21 17:06:49,2026-08-21 17:06:52,2.32,2026-08-21 17:06:52,2026-08-21,17:06:52,2026-08-21 17:10:33,1063.23,True,20260820_165209,2026-08-20 16:57:24,11.4만,114000.0,0.0,0.0,2026-08-21 17:06:52
fri,15,신마 환생,더블디,843194,https://comic.naver.com/webtoon/list?titleId=843194&tab=fri,13085692,신마 환생,신마 환생 (총 47화/미완결),총 47화/미완결,47.0,미완결,,,https://series.naver.com/comic/detail.series?productNo=13085692,matched,ok,"신마 환생 (총 47화/미완결)
평점
9.7 | 더블디, 요비 동동이 | 2026.06.04. | 총47화/미완결 | 37화 무료
강호에 피바람을 몰고 싶은 전설적인 존재, 신마 정천.그의 이름만으로도 무림은 공포에 떨었고, 그의 검은 하늘을 갈랐다. 구대문파의 정예 무사들, 그 누구도 그의 적수가 되지 못했다. 천하를 뒤흔들던 그의 무위는 신화로 전..",fri,1,fri,1,thu,fri,True,fri,금,thu,fri,13085692_fri,post_24h,어제 밤 10시 공개 이후 증가분 확인용 수집,267.6만,2676000.0,https://series.naver.com/comic/detail.series?productNo=13085692,20260821_165250,fri,금,2026-08-21 16:52:50,2026-08-21,16:52:50,2026-08-21 17:06:53,2026-08-21 17:06:55,2.2,2026-08-21 17:06:55,2026-08-21,17:06:55,2026-08-21 17:10:33,1063.23,True,20260820_165209,2026-08-20 16:57:27,267만,2670000.0,6000.0,0.0022471910112359553,2026-08-21 17:06:55
fri,98,"바리, 별을 깨운 천둥",보또보,843430,https://comic.naver.com/webtoon/list?titleId=843430&tab=fri,13230636,"바리, 별을 깨운 천둥","바리, 별을 깨운 천둥 (총 38화/미완결)",총 38화/미완결,38.0,미완결,,,https://series.naver.com/comic/detail.series?productNo=13230636,matched,ok,"바리, 별을 깨운 천둥 (총 38화/미완결)
평점
9.9 | 보또보 그로우 | 2026.05.28. | 총38화/미완결 | 34화 무료
태어나자마자 버려진 독심술사 소녀, 바리.세상의 저주 속에서 스스로를 요괴라 믿게 된 그녀 앞에요괴 잡는 사냥꾼, 무 우레가 나타난다.“넌 요괴가 아니야. 난 네가 필요해.”그 말을 믿은 순간, 운명이 깨어났다. 저승과 인간..",fri,1,fri,1,thu,fri,True,fri,금,thu,fri,13230636_fri,post_24h,어제 밤 10시 공개 이후 증가분 확인용 수집,22.1만,221000.0,https://series.naver.com/comic/detail.series?productNo=13230636,20260821_165250,fri,금,2026-08-21 16:52:50,2026-08-21,16:52:50,2026-08-21 17:06:56,2026-08-21 17:06:58,2.01,2026-08-21 17:06:58,2026-08-21,17:06:58,2026-08-21 17:10:33,1063.23,True,20260820_165209,2026-08-20 16:57:30,22.1만,221000.0,0.0,0.0,2026-08-21 17:06:58
fri,40,천재소녀가 무림공적을 숨김,환운(還運),843838,https://comic.naver.com/webtoon/list?titleId=843838&tab=fri,13262986,천재소녀가 무림공적을 숨김,천재소녀가 무림공적을 숨김 (총 40화/미완결),총 40화/미완결,40.0,미완결,,,https://series.naver.com/comic/detail.series?productNo=13262986,matched,ok,"천재소녀가 무림공적을 숨김 (총 40화/미완결)
평점
9.9 | 환운(還運),일향 박정식 | 2026.06.04. | 총40화/미완결 | 32화 무료
무림공적을 숨긴 천재소녀의 귀염 뽀짝 무협 모험기!내공을 잃고 세상과 단절한 채 살아가던 검귀 독고현 앞에, 천재소녀 왕소미가 느닷없이 찾아온다. 당돌하고 귀여운 그녀는 무림의 새로운 문제를 끌어들이며 독고현의 고..",fri,1,fri,1,thu,fri,True,fri,금,thu,fri,13262986_fri,post_24h,어제 밤 10시 공개 이후 증가분 확인용 수집,87.9만,879000.0,https://series.naver.com/comic/detail.series?productNo=13262986,20260821_165250,fri,금,2026-08-21 16:52:50,2026-08-21,16:52:50,2026-08-21 17:06:59,2026-08-21 17:07:01,1.85,2026-08-21 17:07:01,2026-08-21,17:07:01,2026-08-21 17:10:33,1063.23,True,20260820_165209,2026-08-20 16:57:34,87.6만,876000.0,3000.0,0.003424657534246575,2026-08-21 17:07:01
fri,68,죽여주는 캐스팅,,843866,https://comic.naver.com/webtoon/list?titleId=843866&tab=fri,13253015,죽여주는 캐스팅 [독점],죽여주는 캐스팅 [독점] (총 42화/미완결),총 42화/미완결,42.0,미완결,영춘 하보,평점 9.6 | 영춘 하보 | 2026.06.18. | 총42화/미완결 | 36화 무료,https://series.naver.com/comic/detail.series?productNo=13253015,review_needed,not_found,"죽여주는 캐스팅 [독점] (총 42화/미완결)
평점
9.6 | 영춘 하보 | 2026.06.18. | 총42화/미완결 | 36화 무료
영화감상 동호회에서 만난 혜수와 강호.성공한 배우를 꿈꾸는 강호는 오디션과 술자리에 몰두하며 혜수에게 기대어 살아간다.그런 강호를 이해하고자 혜수는 연기 수업을 시작하고 점차 자신의 길을 걷기 시작한다.하지만 강..",fri,1,fri,1,thu,fri,True,fri,금,thu,fri,13253015_fri,post_24h,어제 밤 10시 공개 이후 증가분 확인용 수집,,,https://nid.naver.com/nidlogin.login?svctype=128&a_version=2&viewtype=1&url=http%3A%2F%2Fseries.naver.com%2Fcomic%2Fdetail.series%3FproductNo%3D13253015&surl=https%3A%2F%2Fseries.naver.com,20260821_165250,fri,금,2026-08-21 16:52:50,2026-08-21,16:52:50,2026-08-21 17:07:03,2026-08-21 17:07:18,15.13,2026-08-21 17:07:18,2026-08-21,17:07:18,2026-08-21 17:10:33,1063.23,True,20260820_165209,2026-08-20 16:57:50,,,,,2026-08-21 17:07:18
fri,69,첫정,혜윤,844061,https://comic.naver.com/webtoon/list?titleId=844061&tab=fri,13285921,첫정,첫정 (총 37화/미완결),총 37화/미완결,37.0,미완결,,,https://series.naver.com/comic/detail.series?productNo=13285921,matched,ok,"첫정 (총 37화/미완결)
평점
10.0 | 혜윤, 애디스 멍지 | 2026.06.04. | 총37화/미완결 | 32화 무료
대한민국 재벌 3세, 남경 그룹의 차남 권태서.권태로운 하루 속에서 카페도 하나 없는 성우읍으로 끌려 내려간다.혹독한 하루하루를 살아내는 안윤아와 만난 후로태서는 인생에서 한 번도 느껴보지 못한 감정을 느끼게 된다.그..",fri,1,fri,1,thu,fri,True,fri,금,thu,fri,13285921_fri,post_24h,어제 밤 10시 공개 이후 증가분 확인용 수집,79.1만,791000.0,https://series.naver.com/comic/detail.series?productNo=13285921,20260821_165250,fri,금,2026-08-21 16:52:50,2026-08-21,16:52:50,2026-08-21 17:07:20,2026-08-21 17:07:24,3.68,2026-08-21 17:07:24,2026-08-21,17:07:24,2026-08-21 17:10:33,1063.23,True,20260820_165209,2026-08-20 16:57:55,79.1만,791000.0,0.0,0.0,2026-08-21 17:07:24
fri,13,악당들의 후원자가 되었다,LICO,844063,https://comic.naver.com/webtoon/list?titleId=844063&tab=fri,13285922,악당들의 후원자가 되었다,악당들의 후원자가 되었다 (총 38화/미완결),총 38화/미완결,38.0,미완결,,,https://series.naver.com/comic/detail.series?productNo=13285922,matched,ok,"악당들의 후원자가 되었다 (총 38화/미완결)
평점
10.0 | LICO, 봄한방울 조겐 | 2026.06.04. | 총38화/미완결 | 33화 무료
좋소 노예인 내가 게임 속 귀족으로 빙의되었다.근데 미래의 악당들에게 죽는 엑스트라라고?이들을 교화시켜 어떻게든 귀족 생활을 누리고 말 테다!아직 어린 악당들의 흑화를 막기 위해 후원했고,어려운 환경을 극복하게 만..",fri,1,fri,1,thu,fri,True,fri,금,thu,fri,13285922_fri,post_24h,어제 밤 10시 공개 이후 증가분 확인용 수집,537.3만,5373000.0,https://series.naver.com/comic/detail.series?productNo=13285922,20260821_165250,fri,금,2026-08-21 16:52:50,2026-08-21,16:52:50,2026-08-21 17:07:25,2026-08-21 17:07:27,1.7,2026-08-21 17:07:27,2026-08-21,17:07:27,2026-08-21 17:10:33,1063.23,True,20260820_165209,2026-08-20 16:57:58,534.4만,5344000.0,29000.0,0.005426646706586827,2026-08-21 17:07:27
fri,97,수풀사이로,신스카이,844535,https://comic.naver.com/webtoon/list?titleId=844535&tab=fri,13343472,수풀사이로,수풀사이로 (총 34화/미완결),총 34화/미완결,34.0,미완결,,,https://series.naver.com/comic/detail.series?productNo=13343472,matched,ok,"수풀사이로 (총 34화/미완결)
평점
9.9 | 신스카이 신스카이 | 2026.05.28. | 총34화/미완결 | 31화 무료
시골마을로 이사 온 공현재는 자신의 아빠가 방화범이었다는 것을 알게 되고, 혼란에 빠지게 된다.그러다가 그곳에서 15년 전 과거와 이어진 통로를 발견하고, 과거의 엄마와 아빠를 마주하게 된다. 현재는 그들과 함께 지내며..",fri,1,fri,1,thu,fri,True,fri,금,thu,fri,13343472_fri,post_24h,어제 밤 10시 공개 이후 증가분 확인용 수집,11.5만,115000.0,https://series.naver.com/comic/detail.series?productNo=13343472,20260821_165250,fri,금,2026-08-21 16:52:50,2026-08-21,16:52:50,2026-08-21 17:07:28,2026-08-21 17:07:31,2.35,2026-08-21 17:07:31,2026-08-21,17:07:31,2026-08-21 17:10:33,1063.23,True,20260820_165209,2026-08-20 16:58:01,11.5만,115000.0,0.0,0.0,2026-08-21 17:07:31
fri,22,히든 특성 13개 들고 시작한다,준영,844731,https://comic.naver.com/webtoon/list?titleId=844731&tab=fri,13367849,히든 특성 13개 들고 시작한다,히든 특성 13개 들고 시작한다 (총 33화/미완결),총 33화/미완결,33.0,미완결,,,https://series.naver.com/comic/detail.series?productNo=13367849,matched,ok,"히든 특성 13개 들고 시작한다 (총 33화/미완결)
평점
9.8 | 준영, 마지막검사 땍꾸 | 2026.06.04. | 총33화/미완결 | 28화 무료
게임과 현실이 하나가 되어가는 세상.히든 특성 13개 들고 시작하는 한 남자의 이야기.",fri,1,fri,1,thu,fri,True,fri,금,thu,fri,13367849_fri,post_24h,어제 밤 10시 공개 이후 증가분 확인용 수집,191.7만,1917000.0,https://series.naver.com/comic/detail.series?productNo=13367849,20260821_165250,fri,금,2026-08-21 16:52:50,2026-08-21,16:52:50,2026-08-21 17:07:32,2026-08-21 17:07:34,2.15,2026-08-21 17:07:34,2026-08-21,17:07:34,2026-08-21 17:10:33,1063.23,True,20260820_165209,2026-08-20 16:58:05,191.1만,1911000.0,6000.0,0.0031397174254317113,2026-08-21 17:07:34
fri,17,마왕인데 용사가 너무 많음,윤선웅,845002,https://comic.naver.com/webtoon/list?titleId=845002&tab=fri,13430584,마왕인데 용사가 너무 많음 [독점],마왕인데 용사가 너무 많음 [독점] (총 33화/미완결),총 33화/미완결,33.0,미완결,,,https://series.naver.com/comic/detail.series?productNo=13430584,matched,ok,"마왕인데 용사가 너무 많음 [독점] (총 33화/미완결)
평점
10.0 | 윤선웅 MIDNIGHT STUDIO | 2026.06.04. | 총33화/미완결 | 28화 무료
'마왕의 정석'을 착실히 따르다가 용사들에게 죽었다.나와 내 탑이 용사 맞춤형 사냥터라고?회귀로 다시 얻은 삶의 기회, X같은 마왕의 정석따윈 오크나 주라지!꼴통(?) 마왕 베르제의 마왕으로 살아남기!",fri,1,fri,1,thu,fri,True,fri,금,thu,fri,13430584_fri,post_24h,어제 밤 10시 공개 이후 증가분 확인용 수집,301.7만,3017000.0,https://series.naver.com/comic/detail.series?productNo=13430584,20260821_165250,fri,금,2026-08-21 16:52:50,2026-08-21,16:52:50,2026-08-21 17:07:35,2026-08-21 17:07:38,2.65,2026-08-21 17:07:38,2026-08-21,17:07:38,2026-08-21 17:10:33,1063.23,True,20260820_165209,2026-08-20 16:58:08,300.2만,3002000.0,15000.0,0.004996668887408394,2026-08-21 17:07:38
fri,77,와인파티에서 순애찾기,JJJAENG,845004,https://comic.naver.com/webtoon/list?titleId=845004&tab=fri,13407375,와인파티에서 순애찾기,와인파티에서 순애찾기 (총 33화/미완결),총 33화/미완결,33.0,미완결,,,https://series.naver.com/comic/detail.series?productNo=13407375,matched,ok,"와인파티에서 순애찾기 (총 33화/미완결)
평점
10.0 | JJJAENG | 2026.06.04. | 총33화/미완결 | 28화 무료
33살 공무원 유진은 “모태솔로인 줄 알았어요”라는 말을 듣게 된다.충격을 받은 유진은 알고리즘에 이끌려 와인파티에 나가게 되는데...과연 유진은 순애를 찾을 수 있을까?",fri,1,fri,1,thu,fri,True,fri,금,thu,fri,13407375_fri,post_24h,어제 밤 10시 공개 이후 증가분 확인용 수집,26.1만,261000.0,https://series.naver.com/comic/detail.series?productNo=13407375,20260821_165250,fri,금,2026-08-21 16:52:50,2026-08-21,16:52:50,2026-08-21 17:07:39,2026-08-21 17:07:41,1.77,2026-08-21 17:07:41,2026-08-21,17:07:41,2026-08-21 17:10:33,1063.23,True,20260820_165209,2026-08-20 16:58:12,26만,260000.0,1000.0,0.0038461538461538464,2026-08-21 17:07:41
fri,70,사탄의 순애,,845378,https://comic.naver.com/webtoon/list?titleId=845378&tab=fri,13451638,사탄의 순애 [독점],사탄의 순애 [독점] (총 35화/미완결),총 35화/미완결,35.0,미완결,용현 카모모,평점 9.8 | 용현 카모모 | 2026.06.18. | 총35화/미완결 | 28화 무료,https://series.naver.com/comic/detail.series?productNo=13451638,review_needed,not_found,"사탄의 순애 [독점] (총 35화/미완결)
평점
9.8 | 용현 카모모 | 2026.06.18. | 총35화/미완결 | 28화 무료
초식동물계 대표주자 호구남 백은우 VS 육식동물계 대표주자 차도녀 범호연.정반대의 두 사람은 어쩌다 사귀게 됐을까?“백은우. 나한테 취업해라. 내 애인인 척 딱 1년. 그럼 10억이야.”업계에서 악마로 소문난 아티스트 레..",fri,1,fri,1,thu,fri,True,fri,금,thu,fri,13451638_fri,post_24h,어제 밤 10시 공개 이후 증가분 확인용 수집,,,https://nid.naver.com/nidlogin.login?svctype=128&a_version=2&viewtype=1&url=http%3A%2F%2Fseries.naver.com%2Fcomic%2Fdetail.series%3FproductNo%3D13451638&surl=https%3A%2F%2Fseries.naver.com,20260821_165250,fri,금,2026-08-21 16:52:50,2026-08-21,16:52:50,2026-08-21 17:07:42,2026-08-21 17:07:57,14.56,2026-08-21 17:07:57,2026-08-21,17:07:57,2026-08-21 17:10:33,1063.23,True,20260820_165209,2026-08-20 16:58:28,,,,,2026-08-21 17:07:57
fri,9,두 얼굴,,845646,https://comic.naver.com/webtoon/list?titleId=845646&tab=fri,6489984,두 얼굴의 대표님,두 얼굴의 대표님 (총 126화/완결),총 126화/완결,126.0,완결,"1M, KuaiKan, YY 1M, KuaiKan, YY","평점 6.2 | 1M, KuaiKan, YY 1M, KuaiKan, YY | 2022.10.02. | 총126화/완결 | 3화 무료",https://series.naver.com/comic/detail.series?productNo=6489984,matched,ok,"두 얼굴의 대표님 (총 126화/완결)
평점
6.2 | 1M, KuaiKan, YY 1M, KuaiKan, YY | 2022.10.02. | 총126화/완결 | 3화 무료
재벌가의 사생아로 태어난 소원은 일찍 엄마를 잃고, 가족들의 멸시 속에서 살아왔다.그러다 언니에게 약혼자까지 뺏기게 되자, 실의에 빠진 소원은 유학을 떠나게 되고, 그곳에서 평범한 남편을 만나 결혼을 하게 된다.1년 후 ..",fri,1,fri,1,thu,fri,True,fri,금,thu,fri,6489984_fri,post_24h,어제 밤 10시 공개 이후 증가분 확인용 수집,157.5만,1575000.0,https://series.naver.com/comic/detail.series?productNo=6489984,20260821_165250,fri,금,2026-08-21 16:52:50,2026-08-21,16:52:50,2026-08-21 17:07:59,2026-08-21 17:08:02,3.45,2026-08-21 17:08:02,2026-08-21,17:08:02,2026-08-21 17:10:33,1063.23,True,20260820_165209,2026-08-20 16:58:33,157.5만,1575000.0,0.0,0.0,2026-08-21 17:08:02
fri,64,두근두근 대작전,최준영,845717,https://comic.naver.com/webtoon/list?titleId=845717&tab=fri,13515100,두근두근 대작전,두근두근 대작전 (총 29화/미완결),총 29화/미완결,29.0,미완결,,,https://series.naver.com/comic/detail.series?productNo=13515100,matched,ok,"두근두근 대작전 (총 29화/미완결)
평점
10.0 | 최준영 기령 | 2026.06.04. | 총29화/미완결 | 24화 무료
“우리, 두근두근함이 부족하지 않아?”초등학교부터 고등학교까지,소꿉친구에서 연인이 된 남도연과 정아린.합리적인 연애를 지향하는 두 사람에게빠져버린 한 조각의 설렘을 되찾기 위한—두근두근 대작전이 시작된다!",fri,1,fri,1,thu,fri,True,fri,금,thu,fri,13515100_fri,post_24h,어제 밤 10시 공개 이후 증가분 확인용 수집,40.2만,402000.0,https://series.naver.com/comic/detail.series?productNo=13515100,20260821_165250,fri,금,2026-08-21 16:52:50,2026-08-21,16:52:50,2026-08-21 17:08:04,2026-08-21 17:08:06,2.22,2026-08-21 17:08:06,2026-08-21,17:08:06,2026-08-21 17:10:33,1063.23,True,20260820_165209,2026-08-20 16:58:35,40만,400000.0,2000.0,0.005,2026-08-21 17:08:06
fri,118,원타이머,Two-zero,845862,https://comic.naver.com/webtoon/list?titleId=845862&tab=fri,13528910,원타이머,원타이머 (총 30화/미완결),총 30화/미완결,30.0,미완결,,,https://series.naver.com/comic/detail.series?productNo=13528910,matched,ok,"원타이머 (총 30화/미완결)
평점
9.0 | Two-zero Two-zero | 2026.06.04. | 총30화/미완결 | 25화 무료
한국 쇼트트랙의 미래라고 불리던 소년 ‘조형준’, 1년간의 폭발적인 성장으로 하늘 위를 날아다니던 기록은 바닥을 치게되고쫒겨나듯 그만둘 위기에 빠진 그때, 자신 앞에 나타난 같은 이름을 가진 소년이자 아이스하키계..",fri,1,fri,1,thu,fri,True,fri,금,thu,fri,13528910_fri,post_24h,어제 밤 10시 공개 이후 증가분 확인용 수집,2.7만,27000.0,https://series.naver.com/comic/detail.series?productNo=13528910,20260821_165250,fri,금,2026-08-21 16:52:50,2026-08-21,16:52:50,2026-08-21 17:08:08,2026-08-21 17:08:10,2.44,2026-08-21 17:08:10,2026-08-21,17:08:10,2026-08-21 17:10:33,1063.23,True,20260820_165209,2026-08-20 16:58:39,2.7만,27000.0,0.0,0.0,2026-08-21 17:08:10
fri,11,그리디,,845919,https://comic.naver.com/webtoon/list?titleId=845919&tab=fri,13530624,그리디,그리디 (총 31화/미완결),총 31화/미완결,31.0,미완결,영하 랑라리,평점 9.9 | 영하 랑라리 | 2026.06.18. | 총31화/미완결 | 25화 무료,https://series.naver.com/comic/detail.series?productNo=13530624,review_needed,not_found,"그리디 (총 31화/미완결)
평점
9.9 | 영하 랑라리 | 2026.06.18. | 총31화/미완결 | 25화 무료
파혼했다. 십년지기 친구와 내가 파혼한 남자가 찍힌 청첩장 한 장.한유주는 그걸 끝으로 서른하나에 사랑도 우정도 다 버렸다. 남은 건 칼럼 한 줄에도 이름을 걸 수 없는 5년짜리 패션지 주니어 에디터 신세뿐.일도 사랑도, 마..",fri,1,fri,1,thu,fri,True,fri,금,thu,fri,13530624_fri,post_24h,어제 밤 10시 공개 이후 증가분 확인용 수집,,,https://nid.naver.com/nidlogin.login?svctype=128&a_version=2&viewtype=1&url=http%3A%2F%2Fseries.naver.com%2Fcomic%2Fdetail.series%3FproductNo%3D13530624&surl=https%3A%2F%2Fseries.naver.com,20260821_165250,fri,금,2026-08-21 16:52:50,2026-08-21,16:52:50,2026-08-21 17:08:11,2026-08-21 17:08:26,14.5,2026-08-21 17:08:26,2026-08-21,17:08:26,2026-08-21 17:10:33,1063.23,True,20260820_165209,2026-08-20 16:58:55,,,,,2026-08-21 17:08:26
fri,107,이름 사이 공백,희DA,846301,https://comic.naver.com/webtoon/list?titleId=846301&tab=fri,13580788,이름 사이 공백,이름 사이 공백 (총 28화/미완결),총 28화/미완결,28.0,미완결,,,https://series.naver.com/comic/detail.series?productNo=13580788,matched,ok,"이름 사이 공백 (총 28화/미완결)
평점
10.0 | 희DA | 2026.06.04. | 총28화/미완결 | 23화 무료
주태가 죽기 전인 10년 전 과거로 돌아왔다.내가 바라는 것은 오직 하나, 내일도 우리가 함께할 수 있기를.",fri,1,fri,1,thu,fri,True,fri,금,thu,fri,13580788_fri,post_24h,어제 밤 10시 공개 이후 증가분 확인용 수집,9.3만,93000.0,https://series.naver.com/comic/detail.series?productNo=13580788,20260821_165250,fri,금,2026-08-21 16:52:50,2026-08-21,16:52:50,2026-08-21 17:08:27,2026-08-21 17:08:31,3.38,2026-08-21 17:08:31,2026-08-21,17:08:31,2026-08-21 17:10:33,1063.23,True,20260820_165209,2026-08-20 16:59:00,9.3만,93000.0,0.0,0.0,2026-08-21 17:08:31
fri,105,프라이팬: 툴 마스터,기운찬,846337,https://comic.naver.com/webtoon/list?titleId=846337&tab=fri,13587106,프라이팬: 툴 마스터,프라이팬: 툴 마스터 (총 26화/미완결),총 26화/미완결,26.0,미완결,,,https://series.naver.com/comic/detail.series?productNo=13587106,matched,ok,"프라이팬: 툴 마스터 (총 26화/미완결)
평점
8.8 | 기운찬 기운찬 | 2026.06.04. | 총26화/미완결 | 21화 무료
하루아침에 생긴 던전과 몬스터의 습격으로 멸망한 세상.그런 세상에 프라이팬 하나를 들고 몬스터들과 싸우는 남자가 있다.그의 이름은 '우정우'.노력만큼 강해지는 프라이팬을 가진, 툴 마스터다.",fri,1,fri,1,thu,fri,True,fri,금,thu,fri,13587106_fri,post_24h,어제 밤 10시 공개 이후 증가분 확인용 수집,4.5만,45000.0,https://series.naver.com/comic/detail.series?productNo=13587106,20260821_165250,fri,금,2026-08-21 16:52:50,2026-08-21,16:52:50,2026-08-21 17:08:32,2026-08-21 17:08:34,1.88,2026-08-21 17:08:34,2026-08-21,17:08:34,2026-08-21 17:10:33,1063.23,True,20260820_165209,2026-08-20 16:59:04,4.5만,45000.0,0.0,0.0,2026-08-21 17:08:34
fri,61,박제,,846363,https://comic.naver.com/webtoon/list?titleId=846363&tab=fri,10632769,박제하는 시간,박제하는 시간 (총 28화/완결),총 28화/완결,28.0,완결,이언,평점 10.0 | 이언 | 2024.07.19. | 총28화/완결 | 5화 무료,https://series.naver.com/comic/detail.series?productNo=10632769,matched,ok,"박제하는 시간 (총 28화/완결)
평점
10.0 | 이언 | 2024.07.19. | 총28화/완결 | 5화 무료
박제사 ‘도연’은 죽은 연인의 시체를 빼돌린다.이 과정을 목격한 작가 ‘이명’은 침묵의 대가로 도연의 삶을 소재로 요구해 온다.일주일간의 취재를 허락한 도연. 죽은 연인과 꼭 닮은 이명의 모습에 혼란을 느낀다.숲속의 ..",fri,1,fri,1,thu,fri,True,fri,금,thu,fri,10632769_fri,post_24h,어제 밤 10시 공개 이후 증가분 확인용 수집,7.4만,74000.0,https://series.naver.com/comic/detail.series?productNo=10632769,20260821_165250,fri,금,2026-08-21 16:52:50,2026-08-21,16:52:50,2026-08-21 17:08:36,2026-08-21 17:08:38,2.36,2026-08-21 17:08:38,2026-08-21,17:08:38,2026-08-21 17:10:33,1063.23,True,20260820_165209,2026-08-20 16:59:07,7.4만,74000.0,0.0,0.0,2026-08-21 17:08:38
fri,81,신비아파트,꿀범,847138,https://comic.naver.com/webtoon/list?titleId=847138&tab=fri,13663034,신비아파트,신비아파트 (총 22화/미완결),총 22화/미완결,22.0,미완결,,,https://series.naver.com/comic/detail.series?productNo=13663034,matched,ok,"신비아파트 (총 22화/미완결)
평점
9.7 | 꿀범, 김종민 이하경 | 2026.06.04. | 총22화/미완결 | 19화 무료
신비가 떠난 지 5년.고스트는 자취를 감췄고, 세상엔 평화가 찾아왔다.어렸을 적 친구들과 함께 악귀를 상대하던 하리는이제 경찰이 되어, 바쁜 하루를 살아가고 있다.그러던 어느 날,‘GAU’에 봉인되어 있던 고스트들이 풀..",fri,1,fri,1,thu,fri,True,fri,금,thu,fri,13663034_fri,post_24h,어제 밤 10시 공개 이후 증가분 확인용 수집,16.6만,166000.0,https://series.naver.com/comic/detail.series?productNo=13663034,20260821_165250,fri,금,2026-08-21 16:52:50,2026-08-21,16:52:50,2026-08-21 17:08:40,2026-08-21 17:08:42,2.67,2026-08-21 17:08:42,2026-08-21,17:08:42,2026-08-21 17:10:33,1063.23,True,20260820_165209,2026-08-20 16:59:10,16.6만,166000.0,0.0,0.0,2026-08-21 17:08:42
fri,50,아포칼립스를 걷는 우체부,소구미,847306,https://comic.naver.com/webtoon/list?titleId=847306&tab=fri,13691051,아포칼립스를 걷는 우체부,아포칼립스를 걷는 우체부 (총 24화/미완결),총 24화/미완결,24.0,미완결,,,https://series.naver.com/comic/detail.series?productNo=13691051,matched,ok,"아포칼립스를 걷는 우체부 (총 24화/미완결)
평점
9.6 | 오드로버 소구미 | 2026.06.04. | 총24화/미완결 | 19화 무료
멸망은 일상이 되었다.살육이 판을 쳐, 혼란스럽던 멸망 직후의 시기는 이미 지난 지 오래.그렇다고 살육이 멈췄다는 얘기는 아니다.여전히 시체가 넘쳐나지만, 그런 세상을 혼란스럽다고 생각하는 사람이 더는 없다는 뜻이지...",fri,1,fri,1,thu,fri,True,fri,금,thu,fri,13691051_fri,post_24h,어제 밤 10시 공개 이후 증가분 확인용 수집,47만,470000.0,https://series.naver.com/comic/detail.series?productNo=13691051,20260821_165250,fri,금,2026-08-21 16:52:50,2026-08-21,16:52:50,2026-08-21 17:08:44,2026-08-21 17:08:46,2.72,2026-08-21 17:08:46,2026-08-21,17:08:46,2026-08-21 17:10:33,1063.23,True,20260820_165209,2026-08-20 16:59:14,46.8만,468000.0,2000.0,0.004273504273504274,2026-08-21 17:08:46
fri,102,죽지 말아 줘!,지와,847441,https://comic.naver.com/webtoon/list?titleId=847441&tab=fri,13697903,죽지 말아 줘!,죽지 말아 줘! (총 22화/미완결),총 22화/미완결,22.0,미완결,,,https://series.naver.com/comic/detail.series?productNo=13697903,matched,ok,"죽지 말아 줘! (총 22화/미완결)
평점
10.0 | 지와 지와 | 2026.06.04. | 총22화/미완결 | 17화 무료
삶과 죽음 사이, 아슬아슬하게 살아가는 윤하진. 평범한(?) 하루를 보내던 어느 날, 그를 지키는 소심한 정체불명의 소녀와 저승사자를 만나며 그의 하루는 완전히 달라진다.",fri,1,fri,1,thu,fri,True,fri,금,thu,fri,13697903_fri,post_24h,어제 밤 10시 공개 이후 증가분 확인용 수집,16.4만,164000.0,https://series.naver.com/comic/detail.series?productNo=13697903,20260821_165250,fri,금,2026-08-21 16:52:50,2026-08-21,16:52:50,2026-08-21 17:08:47,2026-08-21 17:08:50,2.37,2026-08-21 17:08:50,2026-08-21,17:08:50,2026-08-21 17:10:33,1063.23,True,20260820_165209,2026-08-20 16:59:18,16.3만,163000.0,1000.0,0.006134969325153374,2026-08-21 17:08:50
fri,37,이세계 영주가 밥을 잘 먹임,판테라,847782,https://comic.naver.com/webtoon/list?titleId=847782&tab=fri,13700502,이세계 영주가 밥을 잘 먹임,이세계 영주가 밥을 잘 먹임 (총 21화/미완결),총 21화/미완결,21.0,미완결,,,https://series.naver.com/comic/detail.series?productNo=13700502,matched,ok,"이세계 영주가 밥을 잘 먹임 (총 21화/미완결)
평점
9.9 | 판테라 판테라 | 2026.06.04. | 총21화/미완결 | 15화 무료
작은 어촌 마을 에버그린에서 시작된 혁명.전생 영양사가 이세계를 맛있게, 뚝딱 정복합니다!“어서오세요, 에버그린에!”",fri,1,fri,1,thu,fri,True,fri,금,thu,fri,13700502_fri,post_24h,어제 밤 10시 공개 이후 증가분 확인용 수집,159.8만,1598000.0,https://series.naver.com/comic/detail.series?productNo=13700502,20260821_165250,fri,금,2026-08-21 16:52:50,2026-08-21,16:52:50,2026-08-21 17:08:52,2026-08-21 17:08:54,2.48,2026-08-21 17:08:54,2026-08-21,17:08:54,2026-08-21 17:10:33,1063.23,True,20260820_165209,2026-08-20 16:59:21,158.9만,1589000.0,9000.0,0.005663939584644431,2026-08-21 17:08:54
fri,113,킬링 달링 베이비-잉♡,고래짱,847842,https://comic.naver.com/webtoon/list?titleId=847842&tab=fri,13740307,킬링 달링 베이비-잉♡,킬링 달링 베이비-잉♡ (총 19화/미완결),총 19화/미완결,19.0,미완결,,,https://series.naver.com/comic/detail.series?productNo=13740307,matched,ok,"킬링 달링 베이비-잉♡ (총 19화/미완결)
평점
10.0 | 고래짱 실버초코 | 2026.06.04. | 총19화/미완결 | 16화 무료
죽은 보스의 마지막 명령. ""내 딸을 지켜라!""멕시코에서 날아온 허당 킬러 제이슨, 서울 수유동에서 육아 미션 시작! 그런데 세 살 꼬마가 보스보다 더 무섭다?!먹다 뱉기, 막말하기, 슬라임 던지기는 기본. 집 밖으로 뛰쳐나가 ..",fri,1,fri,1,thu,fri,True,fri,금,thu,fri,13740307_fri,post_24h,어제 밤 10시 공개 이후 증가분 확인용 수집,2.2만,22000.0,https://series.naver.com/comic/detail.series?productNo=13740307,20260821_165250,fri,금,2026-08-21 16:52:50,2026-08-21,16:52:50,2026-08-21 17:08:55,2026-08-21 17:08:58,2.47,2026-08-21 17:08:58,2026-08-21,17:08:58,2026-08-21 17:10:33,1063.23,True,20260820_165209,2026-08-20 16:59:25,2.2만,22000.0,0.0,0.0,2026-08-21 17:08:58
fri,59,죽음은 잠 못 이루고,새나,848496,https://comic.naver.com/webtoon/list?titleId=848496&tab=fri,13812238,죽음은 잠 못 이루고 [독점],죽음은 잠 못 이루고 [독점] (총 19화/미완결),총 19화/미완결,19.0,미완결,,,https://series.naver.com/comic/detail.series?productNo=13812238,matched,ok,"죽음은 잠 못 이루고 [독점] (총 19화/미완결)
평점
9.9 | 인식론, 새나 마니 | 2026.06.04. | 총19화/미완결 | 14화 무료
[매주 금요일 연재]척박한 북부 왕국의 기사 아마리온은 매일 몬스터에 싸우며 살아가던 중,‘걸어 다니는 죽음’이라 불리는 모르트 대공에게 갑작스러운 청혼을 받는다. 자신의 북부 왕국을 먹여 살릴 수 있는 막대한 지참..",fri,1,fri,1,thu,fri,True,fri,금,thu,fri,13812238_fri,post_24h,어제 밤 10시 공개 이후 증가분 확인용 수집,73.1만,731000.0,https://series.naver.com/comic/detail.series?productNo=13812238,20260821_165250,fri,금,2026-08-21 16:52:50,2026-08-21,16:52:50,2026-08-21 17:08:59,2026-08-21 17:09:02,2.53,2026-08-21 17:09:02,2026-08-21,17:09:02,2026-08-21 17:10:33,1063.23,True,20260820_165209,2026-08-20 16:59:28,72.7만,727000.0,4000.0,0.005502063273727648,2026-08-21 17:09:02
fri,63,가장 위대한 마술사,김윤찬,848576,https://comic.naver.com/webtoon/list?titleId=848576&tab=fri,13836048,가장 위대한 마술사,가장 위대한 마술사 (총 16화/미완결),총 16화/미완결,16.0,미완결,,,https://series.naver.com/comic/detail.series?productNo=13836048,matched,ok,"가장 위대한 마술사 (총 16화/미완결)
평점
10.0 | 김윤찬 김윤찬 | 2026.06.04. | 총16화/미완결 | 11화 무료
세상을 구한 위대한 마술사 '원효'. 그리고 그가 실종된 지도 어언 10년.원효를 너무나도 존경해왔던 '아라'는 술주정뱅이 한량처럼 변해버린 원효를 만나게 된다.10년 동안 원효에게 무슨 일이 있었던 걸까.과연 원효는, 다시금..",fri,1,fri,1,thu,fri,True,fri,금,thu,fri,13836048_fri,post_24h,어제 밤 10시 공개 이후 증가분 확인용 수집,28.2만,282000.0,https://series.naver.com/comic/detail.series?productNo=13836048,20260821_165250,fri,금,2026-08-21 16:52:50,2026-08-21,16:52:50,2026-08-21 17:09:02,2026-08-21 17:09:05,2.25,2026-08-21 17:09:05,2026-08-21,17:09:05,2026-08-21 17:10:33,1063.23,True,20260820_165209,2026-08-20 16:59:32,28만,280000.0,2000.0,0.007142857142857143,2026-08-21 17:09:05
fri,109,조선 개스키,송세현,848861,https://comic.naver.com/webtoon/list?titleId=848861&tab=fri,13876289,조선 개스키,조선 개스키 (총 14화/미완결),총 14화/미완결,14.0,미완결,,,https://series.naver.com/comic/detail.series?productNo=13876289,matched,ok,"조선 개스키 (총 14화/미완결)
평점
9.0 | 바라 송세현 | 2026.06.04. | 총14화/미완결 | 9화 무료
선천적으로 몸이 약한 폼스키 ‘베리’와 사람에게 마음을 닫은 고등학생 ‘요한’.평소처럼 산책을 하던 중 갑작스러운 사고로 조선에 굴러떨어진다.제주도 사투리가 구수한 전직 무관 척씨의 도움으로 머물 곳은 생겼지만, ..",fri,1,fri,1,thu,fri,True,fri,금,thu,fri,13876289_fri,post_24h,어제 밤 10시 공개 이후 증가분 확인용 수집,2만,20000.0,https://series.naver.com/comic/detail.series?productNo=13876289,20260821_165250,fri,금,2026-08-21 16:52:50,2026-08-21,16:52:50,2026-08-21 17:09:06,2026-08-21 17:09:08,2.03,2026-08-21 17:09:08,2026-08-21,17:09:08,2026-08-21 17:10:33,1063.23,True,20260820_165209,2026-08-20 16:59:36,2만,20000.0,0.0,0.0,2026-08-21 17:09:08
fri,116,도원향,이하진,848864,https://comic.naver.com/webtoon/list?titleId=848864&tab=fri,13879456,도원향,도원향 (총 18화/미완결),총 18화/미완결,18.0,미완결,,,https://series.naver.com/comic/detail.series?productNo=13879456,matched,ok,"도원향 (총 18화/미완결)
평점
9.8 | 이하진 이하진 | 2026.06.04. | 총18화/미완결 | 13화 무료
신과 안드로이드가 공존하는 이상향, 도원향.도원향의 모든 것은 인간의 영혼으로 유지된다.완전한 질서 아래 모든 것이 관리되는 세계.유일하게 자아를 가진 안드로이드, ‘홍유선’은 점차 위화감을 느끼고 도원향의 시스템..",fri,1,fri,1,thu,fri,True,fri,금,thu,fri,13879456_fri,post_24h,어제 밤 10시 공개 이후 증가분 확인용 수집,2.2만,22000.0,https://series.naver.com/comic/detail.series?productNo=13879456,20260821_165250,fri,금,2026-08-21 16:52:50,2026-08-21,16:52:50,2026-08-21 17:09:09,2026-08-21 17:09:12,2.11,2026-08-21 17:09:12,2026-08-21,17:09:12,2026-08-21 17:10:33,1063.23,True,20260820_165209,2026-08-20 16:59:39,2.2만,22000.0,0.0,0.0,2026-08-21 17:09:12
fri,58,나랑 한판,MIMIC,848874,https://comic.naver.com/webtoon/list?titleId=848874&tab=fri,13860331,나랑 한판,나랑 한판 (총 14화/미완결),총 14화/미완결,14.0,미완결,,,https://series.naver.com/comic/detail.series?productNo=13860331,matched,ok,"나랑 한판 (총 14화/미완결)
평점
10.0 | MIMIC MIMIC | 2026.06.04. | 총14화/미완결 | 12화 무료
폼생폼사!싸움 하나만큼은 누구보다 자신 있는 고등학생 박기현.전학 간 새 학교에서도 당연히 중심이 될 줄 알았지만—“어라, 한방에 보내는 건 내 주특기였는데...?”결과는 단 한판!압도적인 상대 앞에서 기현의 자존심은 ..",fri,1,fri,1,thu,fri,True,fri,금,thu,fri,13860331_fri,post_24h,어제 밤 10시 공개 이후 증가분 확인용 수집,42.2만,422000.0,https://series.naver.com/comic/detail.series?productNo=13860331,20260821_165250,fri,금,2026-08-21 16:52:50,2026-08-21,16:52:50,2026-08-21 17:09:13,2026-08-21 17:09:14,1.94,2026-08-21 17:09:14,2026-08-21,17:09:14,2026-08-21 17:10:33,1063.23,True,20260820_165209,2026-08-20 16:59:43,42.2만,422000.0,0.0,0.0,2026-08-21 17:09:14
fri,20,현질무신,황토,849031,https://comic.naver.com/webtoon/list?titleId=849031&tab=fri,13902716,현질무신,현질무신 (총 18화/미완결),총 18화/미완결,18.0,미완결,,,https://series.naver.com/comic/detail.series?productNo=13902716,matched,ok,"현질무신 (총 18화/미완결)
평점
8.8 | 시저디 황토 | 2026.06.04. | 총18화/미완결 | 12화 무료
중원의 거상, 묵휘영은 어느 날 마교의 습격을 받아 죽음을 맞이한다.죽었다고 생각한 것도 잠시 30년도 전 무당파에서 속가제자로 수련하던 어린 시절로회귀하게 된다.그리고 휘영의 눈 앞에 무인의 재능을 사고파는 신비한 ..",fri,1,fri,1,thu,fri,True,fri,금,thu,fri,13902716_fri,post_24h,어제 밤 10시 공개 이후 증가분 확인용 수집,86.5만,865000.0,https://series.naver.com/comic/detail.series?productNo=13902716,20260821_165250,fri,금,2026-08-21 16:52:50,2026-08-21,16:52:50,2026-08-21 17:09:15,2026-08-21 17:09:18,2.82,2026-08-21 17:09:18,2026-08-21,17:09:18,2026-08-21 17:10:33,1063.23,True,20260820_165209,2026-08-20 16:59:47,86.1만,861000.0,4000.0,0.004645760743321719,2026-08-21 17:09:18
tue,41,생활의 참견 2 : 지금은 가족시절,김양수,849676,https://comic.naver.com/webtoon/list?titleId=849676&tab=tue,14011888,생활의 참견 2 : 지금은 가족시절,생활의 참견 2 : 지금은 가족시절 (총 20화/미완결),총 20화/미완결,20.0,미완결,,,https://series.naver.com/comic/detail.series?productNo=14011888,matched,ok,"생활의 참견 2 : 지금은 가족시절 (총 20화/미완결)
평점
10.0 | 김양수 | 2026.06.08. | 총20화/미완결 | 15화 무료
쉽게 지나치는 일상과 지나간 추억 속에서 발견하는 유쾌한 웃음,자라난 아이들과 더욱 강력해진 케미로 그가 돌아왔다!","tue,fri",2,"tue,fri",2,"mon,thu","tue,fri",True,fri,금,thu,fri,14011888_fri,post_24h,어제 밤 10시 공개 이후 증가분 확인용 수집,5.2만,52000.0,https://series.naver.com/comic/detail.series?productNo=14011888,20260821_165250,fri,금,2026-08-21 16:52:50,2026-08-21,16:52:50,2026-08-21 17:09:20,2026-08-21 17:09:22,2.45,2026-08-21 17:09:22,2026-08-21,17:09:22,2026-08-21 17:10:33,1063.23,True,20260820_165209,2026-08-20 16:59:51,5.2만,52000.0,0.0,0.0,2026-08-21 17:09:22
fri,103,내가 죽인 전남편과 재혼하겠습니다,깜자,849684,https://comic.naver.com/webtoon/list?titleId=849684&tab=fri,13971725,내가 죽인 전남편과 재혼하겠습니다,내가 죽인 전남편과 재혼하겠습니다 (총 12화/미완결),총 12화/미완결,12.0,미완결,,,https://series.naver.com/comic/detail.series?productNo=13971725,matched,ok,"내가 죽인 전남편과 재혼하겠습니다 (총 12화/미완결)
평점
10.0 | 미건 | 2026.06.04. | 총12화/미완결 | 7화 무료
""전생에 널 죽인 게 나야. 이번 생의 널 살린 것도 나고.“부인의 가족을 몰살한 남편, 그런 남편을 살해한 부인.파국을 맞이했던 원수보다 못한 남편과 현대에서 다시 만나 주어진 시간 안에 재혼해야만 한다.피를 묻힌 바리에게..",fri,1,fri,1,thu,fri,True,fri,금,thu,fri,13971725_fri,post_24h,어제 밤 10시 공개 이후 증가분 확인용 수집,5.5만,55000.0,https://series.naver.com/comic/detail.series?productNo=13971725,20260821_165250,fri,금,2026-08-21 16:52:50,2026-08-21,16:52:50,2026-08-21 17:09:23,2026-08-21 17:09:26,2.51,2026-08-21 17:09:26,2026-08-21,17:09:26,2026-08-21 17:10:33,1063.23,True,20260820_165209,2026-08-20 16:59:55,5.5만,55000.0,0.0,0.0,2026-08-21 17:09:26
fri,91,"빚, 나는 연인",김순돌,849749,https://comic.naver.com/webtoon/list?titleId=849749&tab=fri,14025289,"빚, 나는 연인","빚, 나는 연인 (총 10화/미완결)",총 10화/미완결,10.0,미완결,,,https://series.naver.com/comic/detail.series?productNo=14025289,matched,ok,"빚, 나는 연인 (총 10화/미완결)
평점
10.0 | 김순돌 김순돌 | 2026.06.04. | 총10화/미완결 | 5화 무료
오랜 연인과 절친한 친구의 바람.그들의 배신으로 사랑과 우정을 동시에 잃은 이봄.전 연인이 빌려 간 5천만 원마저 사라진 순간, 수상한 남자 백도혁이 나타난다.“사람은요, 자기 손에서 놓친 게 더 빛나 보이면결국 다시 돌..",fri,1,fri,1,thu,fri,True,fri,금,thu,fri,14025289_fri,post_24h,어제 밤 10시 공개 이후 증가분 확인용 수집,16.2만,162000.0,https://series.naver.com/comic/detail.series?productNo=14025289,20260821_165250,fri,금,2026-08-21 16:52:50,2026-08-21,16:52:50,2026-08-21 17:09:27,2026-08-21 17:09:29,2.06,2026-08-21 17:09:29,2026-08-21,17:09:29,2026-08-21 17:10:33,1063.23,True,20260820_165209,2026-08-20 16:59:59,16.1만,161000.0,1000.0,0.006211180124223602,2026-08-21 17:09:29
tue,34,커플이상 부부미만,마자,850026,https://comic.naver.com/webtoon/list?titleId=850026&tab=tue,14070509,커플이상 부부미만,커플이상 부부미만 (총 14화/미완결),총 14화/미완결,14.0,미완결,,,https://series.naver.com/comic/detail.series?productNo=14070509,matched,ok,"커플이상 부부미만 (총 14화/미완결)
평점
10.0 | 마자 마자 | 2026.06.08. | 총14화/미완결 | 9화 무료
결혼까진 좀 그렇고… 일단 한번 같이 살아볼까?연애하는 룸메이트! 결혼 맛보기 스푼! 커플보다는 가깝고 부부보다는 먼 동거 커플의 일상!본격적인 혼인숙려기간 시작!","tue,fri",2,"tue,fri",2,"mon,thu","tue,fri",True,fri,금,thu,fri,14070509_fri,post_24h,어제 밤 10시 공개 이후 증가분 확인용 수집,7.7만,77000.0,https://series.naver.com/comic/detail.series?productNo=14070509,20260821_165250,fri,금,2026-08-21 16:52:50,2026-08-21,16:52:50,2026-08-21 17:09:31,2026-08-21 17:09:33,1.95,2026-08-21 17:09:33,2026-08-21,17:09:33,2026-08-21 17:10:33,1063.23,True,20260820_165209,2026-08-20 17:00:03,7.6만,76000.0,1000.0,0.013157894736842105,2026-08-21 17:09:33
fri,31,검술명가의 네크로맨서,해귤,850499,https://comic.naver.com/webtoon/list?titleId=850499&tab=fri,14132199,검술명가의 네크로맨서,검술명가의 네크로맨서 (총 13화/미완결),총 13화/미완결,13.0,미완결,,,https://series.naver.com/comic/detail.series?productNo=14132199,matched,ok,"검술명가의 네크로맨서 (총 13화/미완결)
평점
9.5 | 해귤, 감튀이이이 이광수 | 2026.06.04. | 총13화/미완결 | 6화 무료
대륙을 공포로 몰아넣었던 최강의 네크로맨서 아키몬드.그는 영웅 베르켈 라인란트의 검에 목숨을 잃는다.그리고 200년 후, 어느 가문의 아기로 태어나 첫 마디를 뱉는다.“어둠의 문지기와 하수인 그리고 병사들이여, 내 명을..",fri,1,fri,1,thu,fri,True,fri,금,thu,fri,14132199_fri,post_24h,어제 밤 10시 공개 이후 증가분 확인용 수집,141.6만,1416000.0,https://series.naver.com/comic/detail.series?productNo=14132199,20260821_165250,fri,금,2026-08-21 16:52:50,2026-08-21,16:52:50,2026-08-21 17:09:34,2026-08-21 17:09:36,2.71,2026-08-21 17:09:36,2026-08-21,17:09:36,2026-08-21 17:10:33,1063.23,True,20260820_165209,2026-08-20 17:00:06,140.4만,1404000.0,12000.0,0.008547008547008548,2026-08-21 17:09:36
fri,92,세상 사람들이 모두가 고양이라면,기선,850657,https://comic.naver.com/webtoon/list?titleId=850657&tab=fri,14152275,세상 사람들이 모두가 고양이라면,세상 사람들이 모두가 고양이라면 (총 9화/미완결),총 9화/미완결,9.0,미완결,,,https://series.naver.com/comic/detail.series?productNo=14152275,matched,ok,"세상 사람들이 모두가 고양이라면 (총 9화/미완결)
평점
10.0 | 기선 덕귀 | 2026.06.04. | 총9화/미완결 | 4화 무료
세상 사람들이 전부 고양이로 보인다!? 사람이 모두 고양이로 보이는 특별한 능력과 함께 과거로 회귀한 소미.외모 편견 없이 세상을 다시 살아보려던 그녀 앞에, 특별한 고양이 두 마리... 아니, 두 남자가 나타난다.고양이와 인..",fri,1,fri,1,thu,fri,True,fri,금,thu,fri,14152275_fri,post_24h,어제 밤 10시 공개 이후 증가분 확인용 수집,10.9만,109000.0,https://series.naver.com/comic/detail.series?productNo=14152275,20260821_165250,fri,금,2026-08-21 16:52:50,2026-08-21,16:52:50,2026-08-21 17:09:38,2026-08-21 17:09:40,2.82,2026-08-21 17:09:40,2026-08-21,17:09:40,2026-08-21 17:10:33,1063.23,True,20260820_165209,2026-08-20 17:00:10,10.8만,108000.0,1000.0,0.009259259259259259,2026-08-21 17:09:40
fri,60,7황자는 애매해서 탈출합니다,건진,850682,https://comic.naver.com/webtoon/list?titleId=850682&tab=fri,14157833,7황자는 애매해서 탈출합니다,7황자는 애매해서 탈출합니다 (총 7화/미완결),총 7화/미완결,7.0,미완결,,,https://series.naver.com/comic/detail.series?productNo=14157833,matched,ok,"7황자는 애매해서 탈출합니다 (총 7화/미완결)
평점
8.4 | 건진, 핏수 천진희 | 2026.06.04. | 총7화/미완결 | 2화 무료
고된 하루 끝 갑작스런 고통과 함께 판타지 소설 <다크 헤더> 속으로 빙의했다!그런데…하필이면 3년 뒤 비참하게 처형당할 운명인 망나니 7황자라고?!이제부터 목표는 단 하나, 원작의 주인공이 등장할 때까지 숨죽여 지내..",fri,1,fri,1,thu,fri,True,fri,금,thu,fri,14157833_fri,post_24h,어제 밤 10시 공개 이후 증가분 확인용 수집,29.2만,292000.0,https://series.naver.com/comic/detail.series?productNo=14157833,20260821_165250,fri,금,2026-08-21 16:52:50,2026-08-21,16:52:50,2026-08-21 17:09:42,2026-08-21 17:09:44,2.14,2026-08-21 17:09:44,2026-08-21,17:09:44,2026-08-21 17:10:33,1063.23,True,20260820_165209,2026-08-20 17:00:14,29.1만,291000.0,1000.0,0.003436426116838488,2026-08-21 17:09:44
fri,90,지옥 최강 마금강,최봉수,850745,https://comic.naver.com/webtoon/list?titleId=850745&tab=fri,14168919,지옥 최강 마금강,지옥 최강 마금강 (총 6화/미완결),총 6화/미완결,6.0,미완결,최봉수 최봉수,평점 1.0 | 최봉수 최봉수 | 2026.06.25. | 총6화/미완결 | 1화 무료,https://series.naver.com/comic/detail.series?productNo=14168919,matched,ok,"지옥 최강 마금강 (총 6화/미완결)
평점
1.0 | 최봉수 최봉수 | 2026.06.25. | 총6화/미완결 | 1화 무료
타고난 괴력으로 세상 무서울 것 없던 마금강, 힘의 한계를 시험해보다 지옥에 떨어졌다. 심지어 부모님까지? 원래 세계로 돌아가려면 지옥의 악인들을 쓰러뜨리고 최강자가 되어야 한다. 지옥을 박살 내며 올라서는 최강 격투..",fri,1,fri,1,thu,fri,True,fri,금,thu,fri,14168919_fri,post_24h,어제 밤 10시 공개 이후 증가분 확인용 수집,3.7만,37000.0,https://series.naver.com/comic/detail.series?productNo=14168919,20260821_165250,fri,금,2026-08-21 16:52:50,2026-08-21,16:52:50,2026-08-21 17:09:46,2026-08-21 17:09:48,2.31,2026-08-21 17:09:48,2026-08-21,17:09:48,2026-08-21 17:10:33,1063.23,True,20260820_165209,2026-08-20 17:00:18,3.7만,37000.0,0.0,0.0,2026-08-21 17:09:48
fri,25,고독살인,부향연,850749,https://comic.naver.com/webtoon/list?titleId=850749&tab=fri,14168953,고독살인,고독살인 (총 8화/미완결),총 8화/미완결,8.0,미완결,,,https://series.naver.com/comic/detail.series?productNo=14168953,matched,ok,"고독살인 (총 8화/미완결)
평점
10.0 | 부향연 부향연 | 2026.06.04. | 총8화/미완결 | 3화 무료
무시 당하며 살아온 밑바닥 인생의 중년 남성 고영도는 술에 취해 사적인 장면이 담긴 영상을 남긴다. 그날의 영상이 실수로 생중계 되자, 외면 받던 그의 비참한 일상은 뜻밖의 관심을 받는다. 위로처럼 보였던 관심은 곧 고영..",fri,1,fri,1,thu,fri,True,fri,금,thu,fri,14168953_fri,post_24h,어제 밤 10시 공개 이후 증가분 확인용 수집,24.6만,246000.0,https://series.naver.com/comic/detail.series?productNo=14168953,20260821_165250,fri,금,2026-08-21 16:52:50,2026-08-21,16:52:50,2026-08-21 17:09:50,2026-08-21 17:09:51,1.87,2026-08-21 17:09:51,2026-08-21,17:09:51,2026-08-21 17:10:33,1063.23,True,20260820_165209,2026-08-20 17:00:22,24.4만,244000.0,2000.0,0.00819672131147541,2026-08-21 17:09:51
fri,114,후키,미리암 보나스트레,850943,https://comic.naver.com/webtoon/list?titleId=850943&tab=fri,14190949,후키,후키 (총 8화/미완결),총 8화/미완결,8.0,미완결,,,https://series.naver.com/comic/detail.series?productNo=14190949,matched,ok,"후키 (총 8화/미완결)
0.0 | 미리암 보나스트레 미리암 보나스트레 | 2026.06.04. | 총8화/미완결 | 3화 무료
다니와 도리안은 마법 학교 버스를 놓치고 말았습니다. 이제 두 사람은 자신들을 위대하고 훌륭한 마법사로 가르쳐 줄 누군가를 찾아야 합니다... 어쩌면, 그렇지 않을지도 모르지만요.",fri,1,fri,1,thu,fri,True,fri,금,thu,fri,14190949_fri,post_24h,어제 밤 10시 공개 이후 증가분 확인용 수집,3.2천,3200.0,https://series.naver.com/comic/detail.series?productNo=14190949,20260821_165250,fri,금,2026-08-21 16:52:50,2026-08-21,16:52:50,2026-08-21 17:09:53,2026-08-21 17:09:55,2.21,2026-08-21 17:09:55,2026-08-21,17:09:55,2026-08-21 17:10:33,1063.23,True,20260820_165209,2026-08-20 17:00:25,3.2천,3200.0,0.0,0.0,2026-08-21 17:09:55
fri,94,만약은 없다,시니,850976,https://comic.naver.com/webtoon/list?titleId=850976&tab=fri,14197030,만약은 없다,만약은 없다 (총 9화/미완결),총 9화/미완결,9.0,미완결,,,https://series.naver.com/comic/detail.series?productNo=14197030,matched,ok,"만약은 없다 (총 9화/미완결)
평점
9.8 | 남궁인, 시니 본인 | 2026.06.04. | 총9화/미완결 | 4화 무료
살리거나, 죽거나. 이곳에 만약은 없다. 생과 사가 교차하는 응급실에서 가장 지독한 하루를 견뎌내는 자들의 이야기.",fri,1,fri,1,thu,fri,True,fri,금,thu,fri,14197030_fri,post_24h,어제 밤 10시 공개 이후 증가분 확인용 수집,3.1만,31000.0,https://series.naver.com/comic/detail.series?productNo=14197030,20260821_165250,fri,금,2026-08-21 16:52:50,2026-08-21,16:52:50,2026-08-21 17:09:56,2026-08-21 17:09:58,2.2,2026-08-21 17:09:58,2026-08-21,17:09:58,2026-08-21 17:10:33,1063.23,True,20260820_165209,2026-08-20 17:00:30,3.1만,31000.0,0.0,0.0,2026-08-21 17:09:58
fri,26,연상녀클럽,한성만,851476,https://comic.naver.com/webtoon/list?titleId=851476&tab=fri,14259167,연상녀클럽,연상녀클럽 (총 7화/미완결),총 7화/미완결,7.0,미완결,한성만 한성만,평점 9.8 | 한성만 한성만 | 2026.06.25. | 총7화/미완결 | 2화 무료,https://series.naver.com/comic/detail.series?productNo=14259167,matched,ok,"연상녀클럽 (총 7화/미완결)
평점
9.8 | 한성만 한성만 | 2026.06.25. | 총7화/미완결 | 2화 무료
스물 일곱 동갑내기 세 친구.우연찮게도 줄줄이 연하남과 사랑에 빠지면서 <연상녀클럽> 결성!이건 우리의 지극히 개인적이면서, 동시에 보편적인 현실 연애 이야기이다.",fri,1,fri,1,thu,fri,True,fri,금,thu,fri,14259167_fri,post_24h,어제 밤 10시 공개 이후 증가분 확인용 수집,45.1만,451000.0,https://series.naver.com/comic/detail.series?productNo=14259167,20260821_165250,fri,금,2026-08-21 16:52:50,2026-08-21,16:52:50,2026-08-21 17:10:00,2026-08-21 17:10:02,2.59,2026-08-21 17:10:02,2026-08-21,17:10:02,2026-08-21 17:10:33,1063.23,True,20260820_165209,2026-08-20 17:00:33,44.4만,444000.0,7000.0,0.015765765765765764,2026-08-21 17:10:02
fri,34,반로환동한 천마의 마경방송,리진,851642,https://comic.naver.com/webtoon/list?titleId=851642&tab=fri,14154785,반로환동한 천마의 마경방송,반로환동한 천마의 마경방송 (총 6화/미완결),총 6화/미완결,6.0,미완결,"판테라, 리진, 찰하리 영광","평점 10.0 | 판테라, 리진, 찰하리 영광 | 2026.06.18. | 총6화/미완결 | 1화 무료",https://series.naver.com/comic/detail.series?productNo=14154785,matched,ok,"반로환동한 천마의 마경방송 (총 6화/미완결)
평점
10.0 | 판테라, 리진, 찰하리 영광 | 2026.06.18. | 총6화/미완결 | 1화 무료
천상천하 유아독존! 강호제일인 천마 '치유랑'은 정체불명의 힘에 의해 미지의 섬 '마경'에 갇히게 된다.10년간 고독하게 살고 있던 와중 신비로운 기기를 통해 네 개의 세계가 합쳐진 것을 알게 되고,세상과의 소통과 생존을 ..",fri,1,fri,1,thu,fri,True,fri,금,thu,fri,14154785_fri,post_24h,어제 밤 10시 공개 이후 증가분 확인용 수집,83.7만,837000.0,https://series.naver.com/comic/detail.series?productNo=14154785,20260821_165250,fri,금,2026-08-21 16:52:50,2026-08-21,16:52:50,2026-08-21 17:10:04,2026-08-21 17:10:07,2.51,2026-08-21 17:10:07,2026-08-21,17:10:07,2026-08-21 17:10:33,1063.23,True,20260820_165209,2026-08-20 17:00:38,82.6만,826000.0,11000.0,0.013317191283292978,2026-08-21 17:10:07
fri,76,너를 울린 비밀,연수,851715,https://comic.naver.com/webtoon/list?titleId=851715&tab=fri,14380320,너를 울린 비밀,너를 울린 비밀 (총 6화/미완결),총 6화/미완결,6.0,미완결,연수 연수,평점 10.0 | 연수 연수 | 2026.07.02. | 총6화/미완결 | 1화 무료,https://series.naver.com/comic/detail.series?productNo=14380320,matched,ok,"너를 울린 비밀 (총 6화/미완결)
평점
10.0 | 연수 연수 | 2026.07.02. | 총6화/미완결 | 1화 무료
학교 축제를 앞두고 사진 전시회를 준비하게 된 한소은.우연히 만난 소년 윤지후와 함께 사진을 찍으며 평범했던 일상은 조금씩 특별해지기 시작한다.하지만 웃고 있는 얼굴 뒤에는 누구에게도 말하지 못한 비밀이 있었다.가장..",fri,1,fri,1,thu,fri,True,fri,금,thu,fri,14380320_fri,post_24h,어제 밤 10시 공개 이후 증가분 확인용 수집,5.9만,59000.0,https://series.naver.com/comic/detail.series?productNo=14380320,20260821_165250,fri,금,2026-08-21 16:52:50,2026-08-21,16:52:50,2026-08-21 17:10:08,2026-08-21 17:10:10,2.19,2026-08-21 17:10:10,2026-08-21,17:10:10,2026-08-21 17:10:33,1063.23,True,20260820_165209,2026-08-20 17:00:41,5.8만,58000.0,1000.0,0.017241379310344827,2026-08-21 17:10:10
fri,23,홍색인간,퀴니니,852170,https://comic.naver.com/webtoon/list?titleId=852170&tab=fri,14338247,홍색인간 [독점],홍색인간 [독점] (총 7화/미완결),총 7화/미완결,7.0,미완결,퀴니니 퀴니니,평점 9.8 | 퀴니니 퀴니니 | 2026.07.09. | 총7화/미완결 | 1화 무료,https://series.naver.com/comic/detail.series?productNo=14338247,matched,ok,"홍색인간 [독점] (총 7화/미완결)
평점
9.8 | 퀴니니 퀴니니 | 2026.07.09. | 총7화/미완결 | 1화 무료
2004년 서울의 작은 동네.온몸이 붉다는 이유로 ‘괴물’이라 불리는 아이, 정희.사람들의 놀림 속에서도 누구보다 맑고 순수한 정희는새아빠와 엄마의 온갖 심부름을 하며 하루 하루를 보낸다.그리고 여덟 살, 처음 학교에 간..",fri,1,fri,1,thu,fri,True,fri,금,thu,fri,14338247_fri,post_24h,어제 밤 10시 공개 이후 증가분 확인용 수집,17.5만,175000.0,https://series.naver.com/comic/detail.series?productNo=14338247,20260821_165250,fri,금,2026-08-21 16:52:50,2026-08-21,16:52:50,2026-08-21 17:10:11,2026-08-21 17:10:13,1.8,2026-08-21 17:10:13,2026-08-21,17:10:13,2026-08-21 17:10:33,1063.23,True,20260820_165209,2026-08-20 17:00:45,17.2만,172000.0,3000.0,0.01744186046511628,2026-08-21 17:10:13
fri,51,싸움 1티어 과외 쌤 구하기,버퍼링,852547,https://comic.naver.com/webtoon/list?titleId=852547&tab=fri,14437935,싸움 1티어 과외 쌤 구하기,싸움 1티어 과외 쌤 구하기 (총 7화/미완결),총 7화/미완결,7.0,미완결,버퍼링 바캣,평점 8.6 | 버퍼링 바캣 | 2026.07.16. | 총7화/미완결 | 1화 무료,https://series.naver.com/comic/detail.series?productNo=14437935,matched,ok,"싸움 1티어 과외 쌤 구하기 (총 7화/미완결)
평점
8.6 | 버퍼링 바캣 | 2026.07.16. | 총7화/미완결 | 1화 무료
""내가 다니는 대학에 들어오면 소원 들어줄게.""첫사랑 누나가 내던진 약속을 위해, 싸움만 할 줄 알던 용범이가 처음으로 공부를 시작한다.하지만 공부라고는 해 본 적 없는 용범이.각 과목 1등급 과외 선생을 찾아 나서는데...1..",fri,1,fri,1,thu,fri,True,fri,금,thu,fri,14437935_fri,post_24h,어제 밤 10시 공개 이후 증가분 확인용 수집,18.9만,189000.0,https://series.naver.com/comic/detail.series?productNo=14437935,20260821_165250,fri,금,2026-08-21 16:52:50,2026-08-21,16:52:50,2026-08-21 17:10:15,2026-08-21 17:10:17,2.47,2026-08-21 17:10:17,2026-08-21,17:10:17,2026-08-21 17:10:33,1063.23,True,20260820_165209,2026-08-20 17:00:48,18.6만,186000.0,3000.0,0.016129032258064516,2026-08-21 17:10:17
fri,18,곤륜에 용이 산다,정범구,852601,https://comic.naver.com/webtoon/list?titleId=852601&tab=fri,14449210,곤륜에 용이 산다,곤륜에 용이 산다 (총 6화/미완결),총 6화/미완결,6.0,미완결,정범구 오상97,평점 9.8 | 정범구 오상97 | 2026.07.23. | 총6화/미완결 | 1화 무료,https://series.naver.com/comic/detail.series?productNo=14449210,matched,ok,"곤륜에 용이 산다 (총 6화/미완결)
평점
9.8 | 정범구 오상97 | 2026.07.23. | 총6화/미완결 | 1화 무료
한때 구파일방 중 하나였던 곤륜파의 제자가 된 교하.사제들과 함께 곤륜파를 재건하기 위해서 고군분투한다.근데, 뭔가 좀 이상하다.제자들이 거지에 산적, 사기꾼에 도둑 출신이라고?이거… 정파 맞나?",fri,1,fri,1,thu,fri,True,fri,금,thu,fri,14449210_fri,post_24h,어제 밤 10시 공개 이후 증가분 확인용 수집,24.5만,245000.0,https://series.naver.com/comic/detail.series?productNo=14449210,20260821_165250,fri,금,2026-08-21 16:52:50,2026-08-21,16:52:50,2026-08-21 17:10:18,2026-08-21 17:10:21,2.67,2026-08-21 17:10:21,2026-08-21,17:10:21,2026-08-21 17:10:33,1063.23,True,20260820_165209,2026-08-20 17:00:52,24.1만,241000.0,4000.0,0.016597510373443983,2026-08-21 17:10:21
fri,49,가난한 영지의 주인이 되어 버렸다,환범,853073,https://comic.naver.com/webtoon/list?titleId=853073&tab=fri,14501529,가난한 영지의 주인이 되어 버렸다,가난한 영지의 주인이 되어 버렸다 (총 6화/미완결),총 6화/미완결,6.0,미완결,"바가지, 환범 D","평점 9.8 | 바가지, 환범 D | 2026.07.30. | 총6화/미완결 | 1화 무료",https://series.naver.com/comic/detail.series?productNo=14501529,matched,ok,"가난한 영지의 주인이 되어 버렸다 (총 6화/미완결)
평점
9.8 | 바가지, 환범 D | 2026.07.30. | 총6화/미완결 | 1화 무료
빚에 허덕이며 살아가는 알바생 동희.늦은 밤까지 알바로 개고생하다 잠들었을 뿐인데,눈을 떠보니 그레이스 영지의 주인이 되어 있다?[빙고! 어서어서 찢어지게 가난한 영지를 둘러보세요! ㅎㅎㅎ]“ㅎㅎㅎ는… 뭐지?”하다..",fri,1,fri,1,thu,fri,True,fri,금,thu,fri,14501529_fri,post_24h,어제 밤 10시 공개 이후 증가분 확인용 수집,10.6만,106000.0,https://series.naver.com/comic/detail.series?productNo=14501529,20260821_165250,fri,금,2026-08-21 16:52:50,2026-08-21,16:52:50,2026-08-21 17:10:22,2026-08-21 17:10:24,1.87,2026-08-21 17:10:24,2026-08-21,17:10:24,2026-08-21 17:10:33,1063.23,True,20260820_165209,2026-08-20 17:00:55,9.9만,99000.0,7000.0,0.0707070707070707,2026-08-21 17:10:24
fri,67,미술 연작,설이,853280,https://comic.naver.com/webtoon/list?titleId=853280&tab=fri,14532606,미술 연작,미술 연작 (총 10화/미완결),총 10화/미완결,10.0,미완결,설이 금하,평점 10.0 | 설이 금하 | 2026.08.06. | 총10화/미완결 | 1화 무료,https://series.naver.com/comic/detail.series?productNo=14532606,matched,ok,"미술 연작 (총 10화/미완결)
평점
10.0 | 설이 금하 | 2026.08.06. | 총10화/미완결 | 1화 무료
시대와 상황, 모든 것이 다른 화가 둘의 이야기가 시작된다.각 두 사람은 자신의 그림을 그리면서 난관에 부딪히게 되며,이를 이겨내고 그림을 완성해야만 한다.그것이 그들의 유일한 의무이며 숭고한 기쁨일 테니.",fri,1,fri,1,thu,fri,True,fri,금,thu,fri,14532606_fri,post_24h,어제 밤 10시 공개 이후 증가분 확인용 수집,1.2만,12000.0,https://series.naver.com/comic/detail.series?productNo=14532606,20260821_165250,fri,금,2026-08-21 16:52:50,2026-08-21,16:52:50,2026-08-21 17:10:25,2026-08-21 17:10:28,2.8,2026-08-21 17:10:28,2026-08-21,17:10:28,2026-08-21 17:10:33,1063.23,True,20260820_165209,2026-08-20 17:00:59,1.2만,12000.0,0.0,0.0,2026-08-21 17:10:28
tue,53,그랬더니 남친임니다,뽀꼬,853326,https://comic.naver.com/webtoon/list?titleId=853326&tab=tue,14536751,그랬더니 남친임니다,그랬더니 남친임니다 (총 6화/미완결),총 6화/미완결,6.0,미완결,뽀꼬 뽀꼬,평점 10.0 | 뽀꼬 뽀꼬 | 2026.08.13. | 총6화/미완결 | 3화 무료,https://series.naver.com/comic/detail.series?productNo=14536751,matched,ok,"그랬더니 남친임니다 (총 6화/미완결)
평점
10.0 | 뽀꼬 뽀꼬 | 2026.08.13. | 총6화/미완결 | 3화 무료
회사에 내 이상형이 입사했다?! 마주친 날부터 제대로 고장 난 그녀,어리둥절 실수로 데이트 신청까지 던져버리고 마는데…!어어, 근데 이때부터 이상하게 흘러간다?눈이 마주친 순간부터 연애까지,100% 리얼 실화로 달리는..","tue,fri",2,"tue,fri",2,"mon,thu","tue,fri",True,fri,금,thu,fri,14536751_fri,post_24h,어제 밤 10시 공개 이후 증가분 확인용 수집,2.7만,27000.0,https://series.naver.com/comic/detail.series?productNo=14536751,20260821_165250,fri,금,2026-08-21 16:52:50,2026-08-21,16:52:50,2026-08-21 17:10:29,2026-08-21 17:10:31,2.27,2026-08-21 17:10:31,2026-08-21,17:10:31,2026-08-21 17:10:33,1063.23,True,20260820_165209,2026-08-20 17:01:02,2.6만,26000.0,1000.0,0.038461538461538464,2026-08-21 17:10:31
