weekday,rank,webtoon_title,webtoon_author,webtoon_title_id,webtoon_url,series_product_no,series_title,series_title_raw,series_episode_info,series_total_episode_count,series_completion_status,series_author,series_author_raw,series_url,match_status,download_status,series_result_text,weekday_list,weekday_row_count,serial_weekdays,serial_weekday_count,pre_collect_weekdays,post_24h_collect_weekdays,is_download_collectable,release_weekday,release_weekday_ko,pre_collect_weekday,post_24h_collect_weekday,release_event_key,collection_context,target_reason,series_download_text,series_download_count,current_url,snapshot_id,snapshot_weekday,snapshot_weekday_ko,snapshot_started_at_kst,snapshot_date_kst,snapshot_time_kst,item_collect_started_at_kst,item_collect_finished_at_kst,item_collect_elapsed_seconds,collected_at_kst,collected_date_kst,collected_time_kst,snapshot_finished_at_kst,snapshot_elapsed_seconds
thu,34,쿠베라,카레곰,131385,https://comic.naver.com/webtoon/list?titleId=131385&tab=thu,2157756,쿠베라,쿠베라 (총 750화/미완결),총 750화/미완결,750.0,미완결,,,https://series.naver.com/comic/detail.series?productNo=2157756,matched,ok,"쿠베라 (총 750화/미완결)
평점
10.0 | 카레곰 카레곰 | 2026.06.03. | 총750화/미완결 | 747화 무료
신의 이름을 가진 소녀와 마법사들이 펼쳐나가는소속불명 장르 혼합 판타지",thu,1,thu,1,wed,thu,True,thu,목,wed,thu,2157756_thu,pre_release,오늘 밤 10시 새 회차 공개 전 기준값 수집,"1,724만",17240000.0,https://series.naver.com/comic/detail.series?productNo=2157756,20260902_210450,wed,수,2026-09-02 21:04:50,2026-09-02,21:04:50,2026-09-02 21:04:52,2026-09-02 21:04:57,4.47,2026-09-02 21:04:57,2026-09-02,21:04:57,2026-09-02 21:20:09,919.53
thu,43,최강전설 강해효,최병열,570506,https://comic.naver.com/webtoon/list?titleId=570506&tab=thu,3987481,최강전설 강해효,최강전설 강해효 (총 664화/미완결),총 664화/미완결,664.0,미완결,,,https://series.naver.com/comic/detail.series?productNo=3987481,matched,ok,"최강전설 강해효 (총 664화/미완결)
평점
7.6 | 최병열 최병열 | 2026.06.03. | 총664화/미완결 | 661화 무료
맹수같이 거친 문제아 학생들만 모여있는 최강고등학교!!그곳에서 변화가 시작되었다.",thu,1,thu,1,wed,thu,True,thu,목,wed,thu,3987481_thu,pre_release,오늘 밤 10시 새 회차 공개 전 기준값 수집,"1,008만",10080000.0,https://series.naver.com/comic/detail.series?productNo=3987481,20260902_210450,wed,수,2026-09-02 21:04:50,2026-09-02,21:04:50,2026-09-02 21:04:58,2026-09-02 21:05:01,2.79,2026-09-02 21:05:01,2026-09-02,21:05:01,2026-09-02 21:20:09,919.53
thu,7,무사만리행,운,746857,https://comic.naver.com/webtoon/list?titleId=746857&tab=thu,5173965,무사만리행[독점],무사만리행[독점] (총 282화/미완결),총 282화/미완결,282.0,미완결,,,https://series.naver.com/comic/detail.series?productNo=5173965,matched,ok,"무사만리행[독점] (총 282화/미완결)
평점
9.6 | 운(雲) 배민기 | 2026.06.03. | 총282화/미완결 | 277화 무료
[ 2025 오늘의 우리만화 수상작 ]2세기 후반, 마한연맹 고리국(古離國)의 무사 나루.믿었던 스승의 배신으로 나라가 멸망하고,평생을 바쳐 지켜주겠노라 맹세했던 소단공주의 행방이 묘연해진다.소단 공주의 행방을 쫓던 나..",thu,1,thu,1,wed,thu,True,thu,목,wed,thu,5173965_thu,pre_release,오늘 밤 10시 새 회차 공개 전 기준값 수집,"2,549만",25490000.0,https://series.naver.com/comic/detail.series?productNo=5173965,20260902_210450,wed,수,2026-09-02 21:04:50,2026-09-02,21:04:50,2026-09-02 21:05:03,2026-09-02 21:05:05,2.66,2026-09-02 21:05:05,2026-09-02,21:05:05,2026-09-02 21:20:09,919.53
thu,1,나노마신,현절무,747271,https://comic.naver.com/webtoon/list?titleId=747271&tab=thu,5180614,나노마신[독점],나노마신[독점] (총 315화/미완결),총 315화/미완결,315.0,미완결,,,https://series.naver.com/comic/detail.series?productNo=5180614,matched,ok,"나노마신[독점] (총 315화/미완결)
평점
9.8 | 한중월야,현절무 금강불괴 | 2026.06.03. | 총315화/미완결 | 308화 무료
갖은 멸시와 목숨의 위협을 받던 마교의 사생아 천여운, 미래에서 나타난 후손이 천여운의 몸에 나노 머신을 주입한 후 그의 인생이 송두리째 바뀐다.마교를 넘어 무림 최고의 자리에 오르기 위한 천여운의 거침없는 이야기가 ..",thu,1,thu,1,wed,thu,True,thu,목,wed,thu,5180614_thu,pre_release,오늘 밤 10시 새 회차 공개 전 기준값 수집,"9,757만",97570000.0,https://series.naver.com/comic/detail.series?productNo=5180614,20260902_210450,wed,수,2026-09-02 21:04:50,2026-09-02,21:04:50,2026-09-02 21:05:07,2026-09-02 21:05:09,1.87,2026-09-02 21:05:09,2026-09-02,21:05:09,2026-09-02 21:20:09,919.53
thu,94,카루나,강호진,754876,https://comic.naver.com/webtoon/list?titleId=754876&tab=thu,5559173,카루나,카루나 (총 273화/미완결),총 273화/미완결,273.0,미완결,강호진 강호진,평점 10.0 | 강호진 강호진 | 2026.02.04. | 총273화/미완결 | 전화 무료,https://series.naver.com/comic/detail.series?productNo=5559173,matched,ok,"카루나 (총 273화/미완결)
평점
10.0 | 강호진 강호진 | 2026.02.04. | 총273화/미완결 | 전화 무료
지옥의 군대와 맞서는 항마승병 카루나.카루나에 도전하는 소년액션 모험 판타지!",thu,1,thu,1,wed,thu,True,thu,목,wed,thu,5559173_thu,pre_release,오늘 밤 10시 새 회차 공개 전 기준값 수집,35.7만,357000.0,https://series.naver.com/comic/detail.series?productNo=5559173,20260902_210450,wed,수,2026-09-02 21:04:50,2026-09-02,21:04:50,2026-09-02 21:05:10,2026-09-02 21:05:12,2.1,2026-09-02 21:05:12,2026-09-02,21:05:12,2026-09-02 21:20:09,919.53
thu,20,정글쥬스,형은,762279,https://comic.naver.com/webtoon/list?titleId=762279&tab=thu,5770955,정글쥬스,정글쥬스 (총 212화/미완결),총 212화/미완결,212.0,미완결,,,https://series.naver.com/comic/detail.series?productNo=5770955,matched,ok,"정글쥬스 (총 212화/미완결)
평점
9.9 | 형은 쥬더 | 2026.06.03. | 총212화/미완결 | 208화 무료
의문의 벌레약 ‘정글쥬스’로 인해 곤충인간이 되었다.이를 숨기며 살던 대학생 장수찬은 어느 날 그 모습을모두에게 보이게 되고, 곤충인간들의 사회로 들어가약육강식의 논리와 맞서 싸우게 되는데...각양각색 곤충능력자들..",thu,1,thu,1,wed,thu,True,thu,목,wed,thu,5770955_thu,pre_release,오늘 밤 10시 새 회차 공개 전 기준값 수집,"1,995만",19950000.0,https://series.naver.com/comic/detail.series?productNo=5770955,20260902_210450,wed,수,2026-09-02 21:04:50,2026-09-02,21:04:50,2026-09-02 21:05:13,2026-09-02 21:05:15,2.17,2026-09-02 21:05:15,2026-09-02,21:05:15,2026-09-02 21:20:09,919.53
thu,8,천마육성,광휘,776255,https://comic.naver.com/webtoon/list?titleId=776255&tab=thu,6651735,천마육성[독점],천마육성[독점] (총 185화/미완결),총 185화/미완결,185.0,미완결,,,https://series.naver.com/comic/detail.series?productNo=6651735,matched,ok,"천마육성[독점] (총 185화/미완결)
평점
9.6 | 조형근, 광휘 광휘 | 2026.06.03. | 총185화/미완결 | 180화 무료
마교의 태왕각주, ‘사마귀’의 명령에 의해 화산파 출몰 지역으로 파견나간 비객조. 주인공 ‘설휘’는 화산파 고수 '구종명'과 맞닥뜨리고, 죽을 위기에 처하게 된다.그때 눈 앞에 상태창이 나타나 정찰 임무를 받기 직전 시..",thu,1,thu,1,wed,thu,True,thu,목,wed,thu,6651735_thu,pre_release,오늘 밤 10시 새 회차 공개 전 기준값 수집,"2,521만",25210000.0,https://series.naver.com/comic/detail.series?productNo=6651735,20260902_210450,wed,수,2026-09-02 21:04:50,2026-09-02,21:04:50,2026-09-02 21:05:17,2026-09-02 21:05:19,1.98,2026-09-02 21:05:19,2026-09-02,21:05:19,2026-09-02 21:20:09,919.53
thu,25,현실퀘스트,이주운,783888,https://comic.naver.com/webtoon/list?titleId=783888&tab=thu,6708595,현실퀘스트,현실퀘스트 (총 218화/미완결),총 218화/미완결,218.0,미완결,,,https://series.naver.com/comic/detail.series?productNo=6708595,matched,ok,"현실퀘스트 (총 218화/미완결)
평점
9.2 | 이주운 태성 | 2026.06.03. | 총218화/미완결 | 213화 무료
게임 아이템을 가져오라는 일진의 협박으로 인해일주일간 밤샘 게임을 하다 죽음을 맞이한 비운의 게임셔틀 하도완그 순간 일주일 전 교실에서 리스폰되는데...모든 것이 그날과 똑같다. 달라진 것은 단 하나, 눈앞에 떠있는 <..",thu,1,thu,1,wed,thu,True,thu,목,wed,thu,6708595_thu,pre_release,오늘 밤 10시 새 회차 공개 전 기준값 수집,"3,271만",32710000.0,https://series.naver.com/comic/detail.series?productNo=6708595,20260902_210450,wed,수,2026-09-02 21:04:50,2026-09-02,21:04:50,2026-09-02 21:05:21,2026-09-02 21:05:23,1.95,2026-09-02 21:05:23,2026-09-02,21:05:23,2026-09-02 21:20:09,919.53
thu,26,회귀한 천재 헌터의 슬기로운 청소생활,고일고일,796827,https://comic.naver.com/webtoon/list?titleId=796827&tab=thu,8594539,회귀한 천재 헌터의 슬기로운 청소생활[독점],회귀한 천재 헌터의 슬기로운 청소생활[독점] (총 151화/미완결),총 151화/미완결,151.0,미완결,달비트 고일고일,평점 9.6 | 달비트 고일고일 | 2026.02.11. | 총151화/미완결 | 전화 무료,https://series.naver.com/comic/detail.series?productNo=8594539,matched,ok,"회귀한 천재 헌터의 슬기로운 청소생활[독점] (총 151화/미완결)
평점
9.6 | 달비트 고일고일 | 2026.02.11. | 총151화/미완결 | 전화 무료
#던전 #몬스터 #인성파탄 주인공 #극한직업 #판타지 #청소 #3D직종 #이색소재세계 최초 SSS랭크 천재 헌터 김준우.대단한 능력자지만, 인정머리가 없는 탓에 평판에 문제가 생긴다.골머리를 썩히고 있는 와중, 정체를 알 수 ..",thu,1,thu,1,wed,thu,True,thu,목,wed,thu,8594539_thu,pre_release,오늘 밤 10시 새 회차 공개 전 기준값 수집,"1,089만",10890000.0,https://series.naver.com/comic/detail.series?productNo=8594539,20260902_210450,wed,수,2026-09-02 21:04:50,2026-09-02,21:04:50,2026-09-02 21:05:23,2026-09-02 21:05:26,2.75,2026-09-02 21:05:26,2026-09-02,21:05:26,2026-09-02 21:20:09,919.53
thu,4,재벌집 막내아들,JP,800770,https://comic.naver.com/webtoon/list?titleId=800770&tab=thu,8921276,재벌집 막내아들 [독점],재벌집 막내아들 [독점] (총 209화/미완결),총 209화/미완결,209.0,미완결,,,https://series.naver.com/comic/detail.series?productNo=8921276,matched,ok,"재벌집 막내아들 [독점] (총 209화/미완결)
평점
9.9 | 산경, JP 김병관 | 2026.06.03. | 총209화/미완결 | 193화 무료
[화제의 드라마 원작 웹툰!] 13년 동안의 수고를 배신으로 돌려받다니!머슴처럼 살다 버려진 순양그룹의 실장, 윤현우.모든 게 끝났다 싶었을 즘, 순양그룹 진 회장의 손주 진도준으로 깨어난다!하지만 상속권과는 거리가 먼 ..",thu,1,thu,1,wed,thu,True,thu,목,wed,thu,8921276_thu,pre_release,오늘 밤 10시 새 회차 공개 전 기준값 수집,"3,372만",33720000.0,https://series.naver.com/comic/detail.series?productNo=8921276,20260902_210450,wed,수,2026-09-02 21:04:50,2026-09-02,21:04:50,2026-09-02 21:05:28,2026-09-02 21:05:30,2.5,2026-09-02 21:05:30,2026-09-02,21:05:30,2026-09-02 21:20:09,919.53
thu,44,게임 최강 트롤러,박종석,801698,https://comic.naver.com/webtoon/list?titleId=801698&tab=thu,9019302,게임 최강 트롤러,게임 최강 트롤러 (총 187화/미완결),총 187화/미완결,187.0,미완결,,,https://series.naver.com/comic/detail.series?productNo=9019302,matched,ok,"게임 최강 트롤러 (총 187화/미완결)
평점
9.7 | 박종석, 군만두먹자 YATO | 2026.06.03. | 총187화/미완결 | 182화 무료
세상에서 가장 개연성 있는 게임.아진 전자. 실리코프 인더스트리. 코퍼레이션 아르고스.세계 굴지의 대기업들이 합작해 만들어 낸 인류 최초의 가상현실 게임 아르카디아.[환영합니다, 환상의 세계, 아르카디아에 오신 것을.]그..",thu,1,thu,1,wed,thu,True,thu,목,wed,thu,9019302_thu,pre_release,오늘 밤 10시 새 회차 공개 전 기준값 수집,687.9만,6879000.0,https://series.naver.com/comic/detail.series?productNo=9019302,20260902_210450,wed,수,2026-09-02 21:04:50,2026-09-02,21:04:50,2026-09-02 21:05:31,2026-09-02 21:05:33,1.94,2026-09-02 21:05:33,2026-09-02,21:05:33,2026-09-02 21:20:09,919.53
thu,16,게임 속 바바리안으로 살아남기,팀 더 지크,808482,https://comic.naver.com/webtoon/list?titleId=808482&tab=thu,9597018,게임 속 바바리안으로 살아남기 [독점],게임 속 바바리안으로 살아남기 [독점] (총 153화/미완결),총 153화/미완결,153.0,미완결,"팀 더 지크, 정윤강 MIDNIGHT STUDIO","평점 9.9 | 팀 더 지크, 정윤강 MIDNIGHT STUDIO | 2026.05.27. | 총153화/미완결 | 전화 무료",https://series.naver.com/comic/detail.series?productNo=9597018,matched,ok,"게임 속 바바리안으로 살아남기 [독점] (총 153화/미완결)
평점
9.9 | 팀 더 지크, 정윤강 MIDNIGHT STUDIO | 2026.05.27. | 총153화/미완결 | 전화 무료
지금껏 아무도 클리어하지 못한 게임 [던전 앤 스톤]을 9년간 플레이한 끝에 최종 보스 스테이지에 도달한 이한수.그러나 보스 방에 입장함과 동시에, 튜토리얼 완료라는 멘트와 함께 [던전 앤 스톤] 속 바바리안 '비요른 얀델..",thu,1,thu,1,wed,thu,True,thu,목,wed,thu,9597018_thu,pre_release,오늘 밤 10시 새 회차 공개 전 기준값 수집,"1,383만",13830000.0,https://series.naver.com/comic/detail.series?productNo=9597018,20260902_210450,wed,수,2026-09-02 21:04:50,2026-09-02,21:04:50,2026-09-02 21:05:34,2026-09-02 21:05:37,2.64,2026-09-02 21:05:37,2026-09-02,21:05:37,2026-09-02 21:20:09,919.53
thu,31,시한부 천재 암흑기사,판테라,809625,https://comic.naver.com/webtoon/list?titleId=809625&tab=thu,9768215,시한부 천재 암흑기사,시한부 천재 암흑기사 (총 153화/미완결),총 153화/미완결,153.0,미완결,,,https://series.naver.com/comic/detail.series?productNo=9768215,matched,ok,"시한부 천재 암흑기사 (총 153화/미완결)
평점
9.7 | 판테라,정선율 나기 | 2026.06.03. | 총153화/미완결 | 148화 무료
극악의 난이도로 악명이 자자한 판타지 RPG ‘이너 루나틱’.어린 나이, 시한부 판정을 받은 유찬에게 이 게임은 자신의 전부였으며 이제는 잔인한 현실이 되었다.지금부터 유찬은 시한부이자, 작중 1부 최대 악역 녹스 폰 리..",thu,1,thu,1,wed,thu,True,thu,목,wed,thu,9768215_thu,pre_release,오늘 밤 10시 새 회차 공개 전 기준값 수집,711.5만,7115000.0,https://series.naver.com/comic/detail.series?productNo=9768215,20260902_210450,wed,수,2026-09-02 21:04:50,2026-09-02,21:04:50,2026-09-02 21:05:38,2026-09-02 21:05:41,2.78,2026-09-02 21:05:41,2026-09-02,21:05:41,2026-09-02 21:20:09,919.53
thu,3,육아일기,자까,812354,https://comic.naver.com/webtoon/list?titleId=812354&tab=thu,9901643,육아일기,육아일기 (총 236화/미완결),총 236화/미완결,236.0,미완결,,,https://series.naver.com/comic/detail.series?productNo=9901643,matched,ok,"육아일기 (총 236화/미완결)
평점
9.8 | 자까 자까 | 2026.06.06. | 총236화/미완결 | 231화 무료
이젠 갠플이 아니라 팀플이다! 조별 과제와 차원이 다른 인생을 건 팀플이 시작된다. 1인가구에서 2인가구로 성장한 자까 작가의 결혼 이야기.","thu,sun",2,"thu,sun",2,"wed,sat","thu,sun",True,thu,목,wed,thu,9901643_thu,pre_release,오늘 밤 10시 새 회차 공개 전 기준값 수집,"2,131만",21310000.0,https://series.naver.com/comic/detail.series?productNo=9901643,20260902_210450,wed,수,2026-09-02 21:04:50,2026-09-02,21:04:50,2026-09-02 21:05:43,2026-09-02 21:05:45,2.36,2026-09-02 21:05:45,2026-09-02,21:05:45,2026-09-02 21:20:09,919.53
thu,27,내향남녀,나,812629,https://comic.naver.com/webtoon/list?titleId=812629&tab=thu,9914029,내향남녀,내향남녀 (총 155화/미완결),총 155화/미완결,155.0,미완결,,,https://series.naver.com/comic/detail.series?productNo=9914029,matched,ok,"내향남녀 (총 155화/미완결)
평점
10.0 | 나 나 | 2026.06.03. | 총155화/미완결 | 152화 무료
MBTI IIIIII!!!!! 극 I 의 내향형 인간들이 만났다!사이다 없이는 목이 메어 볼 수 없는 쌍방오해 트라우마 극복 연애기학교에서 존재감 없기로 둘째가라면 서러울 남자유(여, 17세, 친구 0명)에게학교에서 인기로는 둘째가라면 ..",thu,1,thu,1,wed,thu,True,thu,목,wed,thu,9914029_thu,pre_release,오늘 밤 10시 새 회차 공개 전 기준값 수집,833.2만,8332000.0,https://series.naver.com/comic/detail.series?productNo=9914029,20260902_210450,wed,수,2026-09-02 21:04:50,2026-09-02,21:04:50,2026-09-02 21:05:46,2026-09-02 21:05:48,2.52,2026-09-02 21:05:48,2026-09-02,21:05:48,2026-09-02 21:20:09,919.53
thu,49,일립예고 학생들,백본,812962,https://comic.naver.com/webtoon/list?titleId=812962&tab=thu,9949103,일립예고 학생들,일립예고 학생들 (총 88화/미완결),총 88화/미완결,88.0,미완결,백본 백본,평점 10.0 | 백본 백본 | 2025.10.08. | 총88화/미완결 | 전화 무료,https://series.naver.com/comic/detail.series?productNo=9949103,matched,ok,"일립예고 학생들 (총 88화/미완결)
평점
10.0 | 백본 백본 | 2025.10.08. | 총88화/미완결 | 전화 무료
보이는 건 뭐든 똑같이 그릴 수 있는 인간 복사기 한솔! 어느 날 VR 게임에서 만난 미스터리한 천재의 그림을 보고 자극을 받는다. 더 넓은 세계의 그림이 궁금해진 한솔은 한적한 시골 마을을 떠나 그림을 배우기 위해 예술계 ..",thu,1,thu,1,wed,thu,True,thu,목,wed,thu,9949103_thu,pre_release,오늘 밤 10시 새 회차 공개 전 기준값 수집,207.1만,2071000.0,https://series.naver.com/comic/detail.series?productNo=9949103,20260902_210450,wed,수,2026-09-02 21:04:50,2026-09-02,21:04:50,2026-09-02 21:05:50,2026-09-02 21:05:52,2.5,2026-09-02 21:05:52,2026-09-02,21:05:52,2026-09-02 21:20:09,919.53
thu,23,사내연애 사절!,두부,814512,https://comic.naver.com/webtoon/list?titleId=814512&tab=thu,10099875,사내연애 사절!,사내연애 사절! (총 109화/미완결),총 109화/미완결,109.0,미완결,,,https://series.naver.com/comic/detail.series?productNo=10099875,matched,ok,"사내연애 사절! (총 109화/미완결)
평점
10.0 | 두부 남수 | 2026.06.03. | 총109화/미완결 | 105화 무료
첫사랑 별거 있나. 어른이 되어 첫사랑을 다시 만난다면, 과연 우리는 여전히 설렐까? 첫사랑에서 친구로, 친구에서 동료로, 역행하는 관계 속에서 솔직한 내 마음은 '사내연애 사절!' <유일무이 로맨스> 두부 X <바른연애 길..",thu,1,thu,1,wed,thu,True,thu,목,wed,thu,10099875_thu,pre_release,오늘 밤 10시 새 회차 공개 전 기준값 수집,718.1만,7181000.0,https://series.naver.com/comic/detail.series?productNo=10099875,20260902_210450,wed,수,2026-09-02 21:04:50,2026-09-02,21:04:50,2026-09-02 21:05:54,2026-09-02 21:05:58,4.2,2026-09-02 21:05:58,2026-09-02,21:05:58,2026-09-02 21:20:09,919.53
thu,11,할배무사와 지존 손녀,신의철,817246,https://comic.naver.com/webtoon/list?titleId=817246&tab=thu,10236036,할배무사와 지존 손녀,할배무사와 지존 손녀 (총 106화/미완결),총 106화/미완결,106.0,미완결,,,https://series.naver.com/comic/detail.series?productNo=10236036,matched,ok,"할배무사와 지존 손녀 (총 106화/미완결)
평점
9.9 | 일향(一向), 신의철 김명현 | 2026.06.03. | 총106화/미완결 | 101화 무료
죽을 날을 앞두고 미련없이 생을 마무리 하려던 순간 덮친 멸문지화!유진산은 홀로 생존한 갓난 손녀 '유설'이 다 자랄 때까지만이라도 살아남기로 결심한다.이미 늙어버린 몸으로 육아와 수련을 병행하며 눈물겨운 사투를 벌..",thu,1,thu,1,wed,thu,True,thu,목,wed,thu,10236036_thu,pre_release,오늘 밤 10시 새 회차 공개 전 기준값 수집,685.2만,6852000.0,https://series.naver.com/comic/detail.series?productNo=10236036,20260902_210450,wed,수,2026-09-02 21:04:50,2026-09-02,21:04:50,2026-09-02 21:05:59,2026-09-02 21:06:02,2.75,2026-09-02 21:06:02,2026-09-02,21:06:02,2026-09-02 21:20:09,919.53
thu,83,히든클래스 중력자로 최강을 노린다,네코코,817369,https://comic.naver.com/webtoon/list?titleId=817369&tab=thu,10249565,히든클래스 중력자로 최강을 노린다,히든클래스 중력자로 최강을 노린다 (총 147화/미완결),총 147화/미완결,147.0,미완결,,,https://series.naver.com/comic/detail.series?productNo=10249565,matched,ok,"히든클래스 중력자로 최강을 노린다 (총 147화/미완결)
평점
9.0 | 네코코 아사히 아오 | 2026.06.03. | 총147화/미완결 | 142화 무료
일본 네이버웹툰(라인망가) 소년/판타지 부문 TOP10! ""S급 헌터인 나였기에 [중력자]야말로 최강 클래스라는 걸 알고 있다.""몬스터가 습격해 오는 현대 사회. [도적] 클래스를 보유하고 있던 이코마는 능력 제한으로 인해 남..",thu,1,thu,1,wed,thu,True,thu,목,wed,thu,10249565_thu,pre_release,오늘 밤 10시 새 회차 공개 전 기준값 수집,117.2만,1172000.0,https://series.naver.com/comic/detail.series?productNo=10249565,20260902_210450,wed,수,2026-09-02 21:04:50,2026-09-02,21:04:50,2026-09-02 21:06:03,2026-09-02 21:06:06,2.45,2026-09-02 21:06:06,2026-09-02,21:06:06,2026-09-02 21:20:09,919.53
thu,5,소꿉친구 컴플렉스,,822640,https://comic.naver.com/webtoon/list?titleId=822640&tab=thu,10851069,소꿉친구 컴플렉스,소꿉친구 컴플렉스 (총 80화/미완결),총 80화/미완결,80.0,미완결,은하이 은하이,평점 9.8 | 은하이 은하이 | 2026.06.17. | 총80화/미완결 | 76화 무료,https://series.naver.com/comic/detail.series?productNo=10851069,review_needed,not_found,"소꿉친구 컴플렉스 (총 80화/미완결)
평점
9.8 | 은하이 은하이 | 2026.06.17. | 총80화/미완결 | 76화 무료
20살에 20년지기, 평생을 함께한 소꿉친구 하늘과 민철.그런 소꿉친구의 알고 싶지 않은 은밀한 사정을 알아버렸다?!서로를 이성으로 생각한 적이 결코 없는 두사람이지만,오해가 오해를 낳고 착각이 착각을 낳는 상황들 속에..",thu,1,thu,1,wed,thu,True,thu,목,wed,thu,10851069_thu,pre_release,오늘 밤 10시 새 회차 공개 전 기준값 수집,,,https://nid.naver.com/nidlogin.login?svctype=128&a_version=2&viewtype=1&url=http%3A%2F%2Fseries.naver.com%2Fcomic%2Fdetail.series%3FproductNo%3D10851069&surl=https%3A%2F%2Fseries.naver.com,20260902_210450,wed,수,2026-09-02 21:04:50,2026-09-02,21:04:50,2026-09-02 21:06:07,2026-09-02 21:06:24,17.07,2026-09-02 21:06:24,2026-09-02,21:06:24,2026-09-02 21:20:09,919.53
thu,28,사형집행관,이제환,822765,https://comic.naver.com/webtoon/list?titleId=822765&tab=thu,10847094,사형집행관,사형집행관 (총 62화/미완결),총 62화/미완결,62.0,미완결,,,https://series.naver.com/comic/detail.series?productNo=10847094,matched,ok,"사형집행관 (총 62화/미완결)
평점
9.5 | 이제환 박범진 | 2026.06.03. | 총62화/미완결 | 57화 무료
히어로 시절에 죽이지 못하고 감옥에 수감시켜 놓았던 빌런들.이제는 교도관이 되어 자신의 손으로 사형을 집행한다.",thu,1,thu,1,wed,thu,True,thu,목,wed,thu,10847094_thu,pre_release,오늘 밤 10시 새 회차 공개 전 기준값 수집,356.8만,3568000.0,https://series.naver.com/comic/detail.series?productNo=10847094,20260902_210450,wed,수,2026-09-02 21:04:50,2026-09-02,21:04:50,2026-09-02 21:06:26,2026-09-02 21:06:29,3.24,2026-09-02 21:06:29,2026-09-02,21:06:29,2026-09-02 21:20:09,919.53
thu,32,삼이는 재생한다,강은영,822874,https://comic.naver.com/webtoon/list?titleId=822874&tab=thu,10881580,삼이는 재생한다,삼이는 재생한다 (총 83화/미완결),총 83화/미완결,83.0,미완결,강은영 강은영,평점 10.0 | 강은영 강은영 | 2026.01.28. | 총83화/미완결 | 전화 무료,https://series.naver.com/comic/detail.series?productNo=10881580,matched,ok,"삼이는 재생한다 (총 83화/미완결)
평점
10.0 | 강은영 강은영 | 2026.01.28. | 총83화/미완결 | 전화 무료
모든 게 완벽했던 인생에서 제발로 뛰쳐나와 극한의 가난한 생활을 하던 '오삼이'는 차가운 외모지만 마음만은 따뜻한 '김표준'과 그런 표준을 남몰래 좋아하는 '유찬'과 가까워지며묘한 삼각관계로 뒤범벅된 학교..",thu,1,thu,1,wed,thu,True,thu,목,wed,thu,10881580_thu,pre_release,오늘 밤 10시 새 회차 공개 전 기준값 수집,350만,3500000.0,https://series.naver.com/comic/detail.series?productNo=10881580,20260902_210450,wed,수,2026-09-02 21:04:50,2026-09-02,21:04:50,2026-09-02 21:06:31,2026-09-02 21:06:33,2.46,2026-09-02 21:06:33,2026-09-02,21:06:33,2026-09-02 21:20:09,919.53
thu,105,누가 어른 되면 다 된댔어?,정오,823779,https://comic.naver.com/webtoon/list?titleId=823779&tab=thu,11004940,누가 어른 되면 다 된댔어?,누가 어른 되면 다 된댔어? (총 110화/미완결),총 110화/미완결,110.0,미완결,,,https://series.naver.com/comic/detail.series?productNo=11004940,matched,ok,"누가 어른 되면 다 된댔어? (총 110화/미완결)
평점
9.9 | 정오 정오 | 2026.06.04. | 총110화/미완결 | 107화 무료
인턴부터 쭉 충성했더니 연봉 동결, 보람 없는 업무, 반복되는 야근! 결국 사표를 낸 재이는 오래 꿈꿔왔던 화가의 길로 들어서는데… 좋아서 시작한 일이지만 이 길은 멀고도 험하다. 의욕만 충만한 프리랜서, 인생의 노잼시기..",thu,1,thu,1,wed,thu,True,thu,목,wed,thu,11004940_thu,pre_release,오늘 밤 10시 새 회차 공개 전 기준값 수집,15.2만,152000.0,https://series.naver.com/comic/detail.series?productNo=11004940,20260902_210450,wed,수,2026-09-02 21:04:50,2026-09-02,21:04:50,2026-09-02 21:06:34,2026-09-02 21:06:36,2.22,2026-09-02 21:06:36,2026-09-02,21:06:36,2026-09-02 21:20:09,919.53
thu,69,소심한 호랭이 코코,키몽,825415,https://comic.naver.com/webtoon/list?titleId=825415&tab=thu,11141169,소심한 호랭이 코코,소심한 호랭이 코코 (총 93화/미완결),총 93화/미완결,93.0,미완결,,,https://series.naver.com/comic/detail.series?productNo=11141169,matched,ok,"소심한 호랭이 코코 (총 93화/미완결)
평점
10.0 | 키몽 키몽 | 2026.06.03. | 총93화/미완결 | 88화 무료
""내는 소심한 호랭이 코코. 내랑 친구해줘유..""처음으로 유치원에 가게 된 코코. 소심한 코코에게 유치원은 벅찬 시련들이 가득한데... 워떡혀! 짝꿍아 도와줘유..~우리들의 어린 시절이 떠오르는, 호랭이 코코의 무해한 유치원 적..",thu,1,thu,1,wed,thu,True,thu,목,wed,thu,11141169_thu,pre_release,오늘 밤 10시 새 회차 공개 전 기준값 수집,49.6만,496000.0,https://series.naver.com/comic/detail.series?productNo=11141169,20260902_210450,wed,수,2026-09-02 21:04:50,2026-09-02,21:04:50,2026-09-02 21:06:38,2026-09-02 21:06:40,1.94,2026-09-02 21:06:40,2026-09-02,21:06:40,2026-09-02 21:20:09,919.53
thu,10,종말에서 살아남기,송,826321,https://comic.naver.com/webtoon/list?titleId=826321&tab=thu,11141840,종말에서 살아남기,종말에서 살아남기 (총 96화/미완결),총 96화/미완결,96.0,미완결,,,https://series.naver.com/comic/detail.series?productNo=11141840,matched,ok,"종말에서 살아남기 (총 96화/미완결)
평점
9.5 | 송 송 | 2026.06.05. | 총96화/미완결 | 90화 무료
평생 지하실에 감금되어 훈련받은 소년.그리고 그를 가둔 미치광이 아빠가 하는 말""종말이 온다.""지금껏 수없이 반복해온 훈련과 생존 지식으로종말에서 살아남아야만 한다.","thu,sat",2,"thu,sat",2,"wed,fri","thu,sat",True,thu,목,wed,thu,11141840_thu,pre_release,오늘 밤 10시 새 회차 공개 전 기준값 수집,229만,2290000.0,https://series.naver.com/comic/detail.series?productNo=11141840,20260902_210450,wed,수,2026-09-02 21:04:50,2026-09-02,21:04:50,2026-09-02 21:06:41,2026-09-02 21:06:44,2.29,2026-09-02 21:06:44,2026-09-02,21:06:44,2026-09-02 21:20:09,919.53
thu,100,추억이 찾아오는 가게,꼬모소이,827328,https://comic.naver.com/webtoon/list?titleId=827328&tab=thu,11266492,추억이 찾아오는 가게,추억이 찾아오는 가게 (총 106화/미완결),총 106화/미완결,106.0,미완결,,,https://series.naver.com/comic/detail.series?productNo=11266492,matched,ok,"추억이 찾아오는 가게 (총 106화/미완결)
평점
10.0 | 꼬모소이 꼬모소이 | 2026.06.03. | 총106화/미완결 | 103화 무료
""이 돈, 다 언니 가져."" 내 인생에 이런 날도 있다니. 잠깐, 소미 넌 인형 아니었어? 아무 것도 갖고 태어나지 못한 외톨이, 지운이 신비한 마을과 현실을 넘나들며 겪는 좌충우돌 힐링 성장기",thu,1,thu,1,wed,thu,True,thu,목,wed,thu,11266492_thu,pre_release,오늘 밤 10시 새 회차 공개 전 기준값 수집,15.6만,156000.0,https://series.naver.com/comic/detail.series?productNo=11266492,20260902_210450,wed,수,2026-09-02 21:04:50,2026-09-02,21:04:50,2026-09-02 21:06:45,2026-09-02 21:06:48,2.65,2026-09-02 21:06:48,2026-09-02,21:06:48,2026-09-02 21:20:09,919.53
thu,107,내 여자친구는 이세계 용사?!,사다함,827902,https://comic.naver.com/webtoon/list?titleId=827902&tab=thu,11344589,내 여자친구는 이세계 용사?!,내 여자친구는 이세계 용사?! (총 100화/미완결),총 100화/미완결,100.0,미완결,,,https://series.naver.com/comic/detail.series?productNo=11344589,matched,ok,"내 여자친구는 이세계 용사?! (총 100화/미완결)
평점
9.9 | 사다함 사다함 | 2026.06.04. | 총100화/미완결 | 95화 무료
같은 반 친구 윤리나를 짝사랑하던 이재이. 큰 용기를 내어 고백하지만 대답을 듣지 못하고, 다음날 리나를 다시 만나지만 리나는 다른 사람처럼 변해 있었다…?",thu,1,thu,1,wed,thu,True,thu,목,wed,thu,11344589_thu,pre_release,오늘 밤 10시 새 회차 공개 전 기준값 수집,3.4만,34000.0,https://series.naver.com/comic/detail.series?productNo=11344589,20260902_210450,wed,수,2026-09-02 21:04:50,2026-09-02,21:04:50,2026-09-02 21:06:49,2026-09-02 21:06:51,2.52,2026-09-02 21:06:51,2026-09-02,21:06:51,2026-09-02 21:20:09,919.53
thu,15,작두,232,828294,https://comic.naver.com/webtoon/list?titleId=828294&tab=thu,11371309,작두,작두 (총 104화/미완결),총 104화/미완결,104.0,미완결,,,https://series.naver.com/comic/detail.series?productNo=11371309,matched,ok,"작두 (총 104화/미완결)
평점
9.9 | 232 POGO | 2026.06.03. | 총104화/미완결 | 98화 무료
미신따윈 믿지않는 주인공 '권용진'. 그의 만 16세의 생일이 지나자 눈 앞에 펼쳐진 믿을 수 없는 일들.",thu,1,thu,1,wed,thu,True,thu,목,wed,thu,11371309_thu,pre_release,오늘 밤 10시 새 회차 공개 전 기준값 수집,"1,031만",10310000.0,https://series.naver.com/comic/detail.series?productNo=11371309,20260902_210450,wed,수,2026-09-02 21:04:50,2026-09-02,21:04:50,2026-09-02 21:06:52,2026-09-02 21:06:55,2.41,2026-09-02 21:06:55,2026-09-02,21:06:55,2026-09-02 21:20:09,919.53
thu,17,사시미 한 자루로 아카데미를 씹어먹음,GMAN,829875,https://comic.naver.com/webtoon/list?titleId=829875&tab=thu,11540563,사시미 한 자루로 아카데미를 씹어먹음,사시미 한 자루로 아카데미를 씹어먹음 (총 84화/미완결),총 84화/미완결,84.0,미완결,,,https://series.naver.com/comic/detail.series?productNo=11540563,matched,ok,"사시미 한 자루로 아카데미를 씹어먹음 (총 84화/미완결)
평점
9.8 | GMAN GMAN | 2026.06.03. | 총84화/미완결 | 79화 무료
‘베면 잘릴 것입니다.’전국 최고의 칼잡이라고 불리던 내가과금 몇 번 해본 모바일 게임에 떨어졌다.무려 '검신(劍神)의 가호'를 부여받고⋯!그런데⋯ 사용할 수 있는 무장이 고작 사시미뿐이라고?하루에 단 1분. 나는 사시..",thu,1,thu,1,wed,thu,True,thu,목,wed,thu,11540563_thu,pre_release,오늘 밤 10시 새 회차 공개 전 기준값 수집,537.5만,5375000.0,https://series.naver.com/comic/detail.series?productNo=11540563,20260902_210450,wed,수,2026-09-02 21:04:50,2026-09-02,21:04:50,2026-09-02 21:06:56,2026-09-02 21:06:58,2.56,2026-09-02 21:06:58,2026-09-02,21:06:58,2026-09-02 21:20:09,919.53
thu,97,수사9단0,김선권,832244,https://comic.naver.com/webtoon/list?titleId=832244&tab=thu,11599676,수사9단0,수사9단0 (총 95화/미완결),총 95화/미완결,95.0,미완결,,,https://series.naver.com/comic/detail.series?productNo=11599676,matched,ok,"수사9단0 (총 95화/미완결)
평점
10.0 | 김선권 김선권 | 2026.06.03. | 총95화/미완결 | 90화 무료
한 번의 실수로 모든 것을 잃은 홍달기 반장, 징계를 밥 먹듯이 받는 폭력 형사 유진, 경찰대 수석 졸업 출신의 엘리트 정보통. 전혀 어울리지 않는 세 명의 형사가 팀을 이뤄 사건을 해결해 나가며 점점 하나가 된다.",thu,1,thu,1,wed,thu,True,thu,목,wed,thu,11599676_thu,pre_release,오늘 밤 10시 새 회차 공개 전 기준값 수집,11.5만,115000.0,https://series.naver.com/comic/detail.series?productNo=11599676,20260902_210450,wed,수,2026-09-02 21:04:50,2026-09-02,21:04:50,2026-09-02 21:07:00,2026-09-02 21:07:02,2.09,2026-09-02 21:07:02,2026-09-02,21:07:02,2026-09-02 21:20:09,919.53
thu,95,미로 인 메모리,유이수,833040,https://comic.naver.com/webtoon/list?titleId=833040&tab=thu,11698609,미로 인 메모리,미로 인 메모리 (총 76화/미완결),총 76화/미완결,76.0,미완결,,,https://series.naver.com/comic/detail.series?productNo=11698609,matched,ok,"미로 인 메모리 (총 76화/미완결)
평점
10.0 | 유이수 유이수 | 2026.06.03. | 총76화/미완결 | 71화 무료
약해도 너무 약해 모두에게 무시받던 해찬. 신비한 아이 미로를 만나 큰 힘을 얻게 되지만, 동시에 모두를 지켜 준다고 생각했던 봉인석이 사실 세상을 망치는 주범이었다는 것을 알게 된다. 혼자서라도 이를 바로잡으려 하나 ..",thu,1,thu,1,wed,thu,True,thu,목,wed,thu,11698609_thu,pre_release,오늘 밤 10시 새 회차 공개 전 기준값 수집,22.4만,224000.0,https://series.naver.com/comic/detail.series?productNo=11698609,20260902_210450,wed,수,2026-09-02 21:04:50,2026-09-02,21:04:50,2026-09-02 21:07:03,2026-09-02 21:07:06,2.72,2026-09-02 21:07:06,2026-09-02,21:07:06,2026-09-02 21:20:09,919.53
thu,41,배드 본 블러드,지누리,833388,https://comic.naver.com/webtoon/list?titleId=833388&tab=thu,11762937,배드 본 블러드,배드 본 블러드 (총 89화/미완결),총 89화/미완결,89.0,미완결,,,https://series.naver.com/comic/detail.series?productNo=11762937,matched,ok,"배드 본 블러드 (총 89화/미완결)
평점
9.7 | 현가, 백수귀족 D-Park | 2026.05.27. | 총89화/미완결 | 82화 무료
인류의 보금자리는 더는 지구가 아니며, 성간비행은 상식이고, 기계가 피와 살을 대체하는 시대.하층 구역 출신의 루카는 열다섯이 되었고, 선별검사 적성은 ‘근위대’였다.",thu,1,thu,1,wed,thu,True,thu,목,wed,thu,11762937_thu,pre_release,오늘 밤 10시 새 회차 공개 전 기준값 수집,194만,1940000.0,https://series.naver.com/comic/detail.series?productNo=11762937,20260902_210450,wed,수,2026-09-02 21:04:50,2026-09-02,21:04:50,2026-09-02 21:07:07,2026-09-02 21:07:09,1.92,2026-09-02 21:07:09,2026-09-02,21:07:09,2026-09-02 21:20:09,919.53
thu,65,하이클래스,르티,833418,https://comic.naver.com/webtoon/list?titleId=833418&tab=thu,11742074,하이클래스,하이클래스 (총 76화/미완결),총 76화/미완결,76.0,미완결,,,https://series.naver.com/comic/detail.series?productNo=11742074,matched,ok,"하이클래스 (총 76화/미완결)
평점
9.1 | 르티, 박만사 르티 | 2026.06.03. | 총76화/미완결 | 71화 무료
충청 최대 조직 '절화'의 보스 왕독필. 그리고 그의 아들 왕담.왕담은 아버지의 사망 후 조직의 후계를 잇는 것이 아닌 새 삶을 꿈꾸며무작정 서울로 올라간다. 하지만 세상은 만만치 않았고 식구였던 삼촌은그런 왕담에게 전학..",thu,1,thu,1,wed,thu,True,thu,목,wed,thu,11742074_thu,pre_release,오늘 밤 10시 새 회차 공개 전 기준값 수집,81.9만,819000.0,https://series.naver.com/comic/detail.series?productNo=11742074,20260902_210450,wed,수,2026-09-02 21:04:50,2026-09-02,21:04:50,2026-09-02 21:07:11,2026-09-02 21:07:13,2.3,2026-09-02 21:07:13,2026-09-02,21:07:13,2026-09-02 21:20:09,919.53
thu,103,내가 싫어하는 남자친구,하늘,833420,https://comic.naver.com/webtoon/list?titleId=833420&tab=thu,11741822,내가 싫어하는 남자친구,내가 싫어하는 남자친구 (총 89화/미완결),총 89화/미완결,89.0,미완결,,,https://series.naver.com/comic/detail.series?productNo=11741822,matched,ok,"내가 싫어하는 남자친구 (총 89화/미완결)
평점
10.0 | 하늘 하늘 | 2026.06.03. | 총89화/미완결 | 84화 무료
‘인하’의 비교 대상이었던 ‘예준’. 끊임없는 비교에 지칠 무렵, 우연히 받아온 미술 상장이 관심을 받게 되고 그렇게 인하는 미술의 길을 걷게 된다. 이후 7년 뒤, 다시 마주친 예준은 뜻밖에도 자신과 같은 분야의 길을 걷..",thu,1,thu,1,wed,thu,True,thu,목,wed,thu,11741822_thu,pre_release,오늘 밤 10시 새 회차 공개 전 기준값 수집,12.7만,127000.0,https://series.naver.com/comic/detail.series?productNo=11741822,20260902_210450,wed,수,2026-09-02 21:04:50,2026-09-02,21:04:50,2026-09-02 21:07:14,2026-09-02 21:07:17,2.39,2026-09-02 21:07:17,2026-09-02,21:07:17,2026-09-02 21:20:09,919.53
thu,50,종이호랑이,몹시찰진우럭,833489,https://comic.naver.com/webtoon/list?titleId=833489&tab=thu,11750124,종이호랑이,종이호랑이 (총 85화/미완결),총 85화/미완결,85.0,미완결,,,https://series.naver.com/comic/detail.series?productNo=11750124,matched,ok,"종이호랑이 (총 85화/미완결)
평점
10.0 | 몹시찰진우럭 | 2026.06.03. | 총85화/미완결 | 82화 무료
떠돌이 요괴사냥꾼으로 근근이 살아가던 박갈은 의문의 소녀 콩쇠를 만나게 되는데..",thu,1,thu,1,wed,thu,True,thu,목,wed,thu,11750124_thu,pre_release,오늘 밤 10시 새 회차 공개 전 기준값 수집,121.2만,1212000.0,https://series.naver.com/comic/detail.series?productNo=11750124,20260902_210450,wed,수,2026-09-02 21:04:50,2026-09-02,21:04:50,2026-09-02 21:07:18,2026-09-02 21:07:20,2.58,2026-09-02 21:07:20,2026-09-02,21:07:20,2026-09-02 21:20:09,919.53
thu,62,공작가의 남장 하인이 되었다,HBR,834512,https://comic.naver.com/webtoon/list?titleId=834512&tab=thu,11900946,공작가의 남장 하인이 되었다,공작가의 남장 하인이 되었다 (총 73화/미완결),총 73화/미완결,73.0,미완결,,,https://series.naver.com/comic/detail.series?productNo=11900946,matched,ok,"공작가의 남장 하인이 되었다 (총 73화/미완결)
평점
10.0 | 메이비Y, HBR 갸우 | 2026.06.03. | 총73화/미완결 | 68화 무료
흑막 공작에게 몸 정, 맘 정 다 주고 이용 당하다 죽는 하녀에게 빙의 했다.본래 공작가의 하녀가 된 로젤리아는 공작의 장기 말로 이용되다가남주인 황태자에게 발각되어 사형 당하는 운명.그녀는 흑막 공작의 눈에 띄지 않기 ..",thu,1,thu,1,wed,thu,True,thu,목,wed,thu,11900946_thu,pre_release,오늘 밤 10시 새 회차 공개 전 기준값 수집,149.1만,1491000.0,https://series.naver.com/comic/detail.series?productNo=11900946,20260902_210450,wed,수,2026-09-02 21:04:50,2026-09-02,21:04:50,2026-09-02 21:07:22,2026-09-02 21:07:24,2.04,2026-09-02 21:07:24,2026-09-02,21:07:24,2026-09-02 21:20:09,919.53
thu,67,운명해주세요,노뱀,835004,https://comic.naver.com/webtoon/list?titleId=835004&tab=thu,11990945,운명해주세요,운명해주세요 (총 53화/미완결),총 53화/미완결,53.0,미완결,노뱀 노뱀,평점 10.0 | 노뱀 노뱀 | 2025.12.24. | 총53화/미완결 | 전화 무료,https://series.naver.com/comic/detail.series?productNo=11990945,matched,ok,"운명해주세요 (총 53화/미완결)
평점
10.0 | 노뱀 노뱀 | 2025.12.24. | 총53화/미완결 | 전화 무료
무수한 고난을 알코올의 힘으로 씩씩하게 이겨내는 청년 백수 해솔.그런 해솔의 앞에 13년 만에 나타난 수상한 속내의 하현.둘 중 하나가 죽어야만 살 수 있는 해솔과 하현의 저세상 로맨스!",thu,1,thu,1,wed,thu,True,thu,목,wed,thu,11990945_thu,pre_release,오늘 밤 10시 새 회차 공개 전 기준값 수집,20.2만,202000.0,https://series.naver.com/comic/detail.series?productNo=11990945,20260902_210450,wed,수,2026-09-02 21:04:50,2026-09-02,21:04:50,2026-09-02 21:07:26,2026-09-02 21:07:28,2.37,2026-09-02 21:07:28,2026-09-02,21:07:28,2026-09-02 21:20:09,919.53
thu,81,짐승같은 것들,김태희,835925,https://comic.naver.com/webtoon/list?titleId=835925&tab=thu,12138773,짐승같은 것들,짐승같은 것들 (총 74화/미완결),총 74화/미완결,74.0,미완결,,,https://series.naver.com/comic/detail.series?productNo=12138773,matched,ok,"짐승같은 것들 (총 74화/미완결)
평점
9.9 | 김태희 | 2026.06.03. | 총74화/미완결 | 69화 무료
'딴 놈들에게 절대 뺏기지 않아. 저건 내 거야..!'늑대인간이 공존하는 세상. 늑인 우두머리의 외동딸 한지우의 앞에 <국민아들>, 배우 천유승이 나타난다.그런데... 대체 뭐하는 놈이지? 왜 평범한 연예인이 늑대의 힘을 강하게 ..",thu,1,thu,1,wed,thu,True,thu,목,wed,thu,12138773_thu,pre_release,오늘 밤 10시 새 회차 공개 전 기준값 수집,61.8만,618000.0,https://series.naver.com/comic/detail.series?productNo=12138773,20260902_210450,wed,수,2026-09-02 21:04:50,2026-09-02,21:04:50,2026-09-02 21:07:30,2026-09-02 21:07:33,2.97,2026-09-02 21:07:33,2026-09-02,21:07:33,2026-09-02 21:20:09,919.53
thu,2,마흔 즈음에,서쿤스,836052,https://comic.naver.com/webtoon/list?titleId=836052&tab=thu,12158334,마흔 즈음에,마흔 즈음에 (총 74화/미완결),총 74화/미완결,74.0,미완결,,,https://series.naver.com/comic/detail.series?productNo=12158334,matched,ok,"마흔 즈음에 (총 74화/미완결)
평점
9.9 | 서쿤스 | 2026.06.03. | 총74화/미완결 | 68화 무료
어느 덧 마흔살이 된 현성민은 주변을 돌아보니 혼자가 되었다는 현실을 절실히 깨닫게 된다.자신의 인생 뿐 아니라 직장에서도 위기를 맞게 된 현성민은 진정한 행복을 찾기 위해 고군분투 하기로 결심한다.불혹의 나이, 아직 ..",thu,1,thu,1,wed,thu,True,thu,목,wed,thu,12158334_thu,pre_release,오늘 밤 10시 새 회차 공개 전 기준값 수집,850.1만,8501000.0,https://series.naver.com/comic/detail.series?productNo=12158334,20260902_210450,wed,수,2026-09-02 21:04:50,2026-09-02,21:04:50,2026-09-02 21:07:34,2026-09-02 21:07:36,1.91,2026-09-02 21:07:36,2026-09-02,21:07:36,2026-09-02 21:20:09,919.53
thu,52,전생혈마,장,837022,https://comic.naver.com/webtoon/list?titleId=837022&tab=thu,12270204,전생혈마,전생혈마 (총 56화/미완결),총 56화/미완결,56.0,미완결,,,https://series.naver.com/comic/detail.series?productNo=12270204,matched,ok,"전생혈마 (총 56화/미완결)
평점
9.5 | 장작가 장작가 | 2026.06.03. | 총56화/미완결 | 51화 무료
재능도, 능력도, 스킬도 없는 하위 1% 탱커 강산. 불행 그 자체인 그의 앞에 신의 사자가 나타난다.“당신은 전생에 혈마였습니다.”전생의 업보를 해소하기 위해 혹독한 시련을 감당해야 한다.하지만 그 대가로 막대한 보상이 ..",thu,1,thu,1,wed,thu,True,thu,목,wed,thu,12270204_thu,pre_release,오늘 밤 10시 새 회차 공개 전 기준값 수집,53.3만,533000.0,https://series.naver.com/comic/detail.series?productNo=12270204,20260902_210450,wed,수,2026-09-02 21:04:50,2026-09-02,21:04:50,2026-09-02 21:07:37,2026-09-02 21:07:40,2.63,2026-09-02 21:07:40,2026-09-02,21:07:40,2026-09-02 21:20:09,919.53
thu,98,어느 날 갑자기 최애가 생겼다,맛스타,837424,https://comic.naver.com/webtoon/list?titleId=837424&tab=thu,12329240,어느 날 갑자기 최애가 생겼다,어느 날 갑자기 최애가 생겼다 (총 68화/미완결),총 68화/미완결,68.0,미완결,,,https://series.naver.com/comic/detail.series?productNo=12329240,matched,ok,"어느 날 갑자기 최애가 생겼다 (총 68화/미완결)
평점
9.9 | 맛스타 맛스타 | 2026.06.03. | 총68화/미완결 | 63화 무료
인기 정상의 여돌을 은퇴하고 이제 배우로 전향한 30살의 ‘하시연’어느 날 갑자기 중소기업 남돌 ‘한은결’에게 덕통사고를 당하는데,늘 사랑받는 게 익숙했던 그녀에게 최애가 생겼다!과연 끝까지 자신의 정체를 들키지 ..",thu,1,thu,1,wed,thu,True,thu,목,wed,thu,12329240_thu,pre_release,오늘 밤 10시 새 회차 공개 전 기준값 수집,46.8만,468000.0,https://series.naver.com/comic/detail.series?productNo=12329240,20260902_210450,wed,수,2026-09-02 21:04:50,2026-09-02,21:04:50,2026-09-02 21:07:41,2026-09-02 21:07:44,2.93,2026-09-02 21:07:44,2026-09-02,21:07:44,2026-09-02 21:20:09,919.53
thu,9,"풍작이에요, 마왕님!",이현민,837486,https://comic.naver.com/webtoon/list?titleId=837486&tab=thu,12341108,"풍작이에요, 마왕님!","풍작이에요, 마왕님! (총 70화/미완결)",총 70화/미완결,70.0,미완결,,,https://series.naver.com/comic/detail.series?productNo=12341108,matched,ok,"풍작이에요, 마왕님! (총 70화/미완결)
평점
10.0 | 문백경, 이현민 여강현 | 2026.06.03. | 총70화/미완결 | 63화 무료
게임 속 최종보스 마왕이 되었다. 그런데...이대로 인간계를 침공하면? 내가 키운 만렙 주인공에게 사망.그렇다고 침공을 중단하면? 굶주린 수하 마족 사천왕에게 사망....그러므로, 답은 농사다.",thu,1,thu,1,wed,thu,True,thu,목,wed,thu,12341108_thu,pre_release,오늘 밤 10시 새 회차 공개 전 기준값 수집,605.2만,6052000.0,https://series.naver.com/comic/detail.series?productNo=12341108,20260902_210450,wed,수,2026-09-02 21:04:50,2026-09-02,21:04:50,2026-09-02 21:07:45,2026-09-02 21:07:47,2.24,2026-09-02 21:07:47,2026-09-02,21:07:47,2026-09-02 21:20:09,919.53
thu,19,오늘의 한요일은 여자다,송극장,837504,https://comic.naver.com/webtoon/list?titleId=837504&tab=thu,12387216,오늘의 한요일은 여자다,오늘의 한요일은 여자다 (총 64화/미완결),총 64화/미완결,64.0,미완결,,,https://series.naver.com/comic/detail.series?productNo=12387216,matched,ok,"오늘의 한요일은 여자다 (총 64화/미완결)
평점
9.9 | 송극장 송극장 | 2026.06.03. | 총64화/미완결 | 61화 무료
학폭 가해자라는 치명적인 누명을 쓰고 아이돌을 꿈꾸는 김상현.어느 날 찾아온 대형 기획사 실장의 제안으로 '전생의 모습으로 바꿔주는 약'을 사용하게 되는데, 변신한 거울 속 전생의 모습은 엄청난 미인.. 그런데 여자?과연 ..",thu,1,thu,1,wed,thu,True,thu,목,wed,thu,12387216_thu,pre_release,오늘 밤 10시 새 회차 공개 전 기준값 수집,495.5만,4955000.0,https://series.naver.com/comic/detail.series?productNo=12387216,20260902_210450,wed,수,2026-09-02 21:04:50,2026-09-02,21:04:50,2026-09-02 21:07:49,2026-09-02 21:07:51,2.11,2026-09-02 21:07:51,2026-09-02,21:07:51,2026-09-02 21:20:09,919.53
thu,68,신의 요리,차정평,838183,https://comic.naver.com/webtoon/list?titleId=838183&tab=thu,12431985,신의 요리,신의 요리 (총 64화/미완결),총 64화/미완결,64.0,미완결,,,https://series.naver.com/comic/detail.series?productNo=12431985,matched,ok,"신의 요리 (총 64화/미완결)
평점
9.9 | 차정평 레블스튜디오 | 2026.06.03. | 총64화/미완결 | 60화 무료
한국 역사상 가장 위대한 요리사, 홍시원이 갑작스럽게 세상을 떠났다. 그의 마지막 유언은 충격적이었다. 바로, 자신의 식당에서 모든 요리사가 총주방장 자리를 놓고 대결하라는 것이었다.이 치열한 경쟁에 ‘신의 혀’를 가..",thu,1,thu,1,wed,thu,True,thu,목,wed,thu,12431985_thu,pre_release,오늘 밤 10시 새 회차 공개 전 기준값 수집,74.1만,741000.0,https://series.naver.com/comic/detail.series?productNo=12431985,20260902_210450,wed,수,2026-09-02 21:04:50,2026-09-02,21:04:50,2026-09-02 21:07:53,2026-09-02 21:07:55,2.73,2026-09-02 21:07:55,2026-09-02,21:07:55,2026-09-02 21:20:09,919.53
thu,55,경계선,파트,838217,https://comic.naver.com/webtoon/list?titleId=838217&tab=thu,12465826,경계선,경계선 (총 51화/미완결),총 51화/미완결,51.0,미완결,"피숙혜, 파트 꿀봉이","평점 10.0 | 피숙혜, 파트 꿀봉이 | 2026.08.05. | 총51화/미완결 | 46화 무료",https://series.naver.com/comic/detail.series?productNo=12465826,matched,ok,"경계선 (총 51화/미완결)
평점
10.0 | 피숙혜, 파트 꿀봉이 | 2026.08.05. | 총51화/미완결 | 46화 무료
스물 네 살의 취업 준비생 '임유하'는 대학을 졸업한 뒤, 연달은 취업 실패에 못이겨 눈물을 머금고 본가로 돌아온다. 그곳에서 마주하는 건 주인집 막내 아들이자 천덕 꾸러기 '지민규'. 그는 첫 만남에 대뜸 ""너 오늘 새로 들어..",thu,1,thu,1,wed,thu,True,thu,목,wed,thu,12465826_thu,pre_release,오늘 밤 10시 새 회차 공개 전 기준값 수집,118.4만,1184000.0,https://series.naver.com/comic/detail.series?productNo=12465826,20260902_210450,wed,수,2026-09-02 21:04:50,2026-09-02,21:04:50,2026-09-02 21:07:56,2026-09-02 21:07:59,2.5,2026-09-02 21:07:59,2026-09-02,21:07:59,2026-09-02 21:20:09,919.53
thu,36,김오진과 이상한 동물들,기선,838262,https://comic.naver.com/webtoon/list?titleId=838262&tab=thu,12477611,김오진과 이상한 동물들,김오진과 이상한 동물들 (총 51화/미완결),총 51화/미완결,51.0,미완결,기선 필살린,평점 10.0 | 기선 필살린 | 2026.02.04. | 총51화/미완결 | 전화 무료,https://series.naver.com/comic/detail.series?productNo=12477611,matched,ok,"김오진과 이상한 동물들 (총 51화/미완결)
평점
10.0 | 기선 필살린 | 2026.02.04. | 총51화/미완결 | 전화 무료
드래곤에게 강제 소환 당한 수의사 김오진.드래곤의 반려 동물을 성공적으로 진료하고 귀가하였으나 도착한 곳은 이세계였다.이세계 동물도 동물인데? 현실에서 파산직전 수의사인 내가 이세계에서는 명의?이렇게 된 이상, ..",thu,1,thu,1,wed,thu,True,thu,목,wed,thu,12477611_thu,pre_release,오늘 밤 10시 새 회차 공개 전 기준값 수집,211.3만,2113000.0,https://series.naver.com/comic/detail.series?productNo=12477611,20260902_210450,wed,수,2026-09-02 21:04:50,2026-09-02,21:04:50,2026-09-02 21:08:00,2026-09-02 21:08:02,2.05,2026-09-02 21:08:02,2026-09-02,21:08:02,2026-09-02 21:20:09,919.53
thu,96,풀 보이,커북이,838513,https://comic.naver.com/webtoon/list?titleId=838513&tab=thu,12512830,풀 보이,풀 보이 (총 63화/미완결),총 63화/미완결,63.0,미완결,,,https://series.naver.com/comic/detail.series?productNo=12512830,matched,ok,"풀 보이 (총 63화/미완결)
평점
10.0 | 커북이 | 2026.06.03. | 총63화/미완결 | 58화 무료
""내 인생에 더 이상 운동은 없을 줄 알았는데…""짝사랑하는 여학생 이나의 마음을 얻기 위해 수영을 잘한다고 거짓말을 한 해민.오해는 걷잡을 수 없이 커지고, 해민은 거짓말을 사실로 만들어 버리기로 결심한다.수영을 사랑하..",thu,1,thu,1,wed,thu,True,thu,목,wed,thu,12512830_thu,pre_release,오늘 밤 10시 새 회차 공개 전 기준값 수집,16.9만,169000.0,https://series.naver.com/comic/detail.series?productNo=12512830,20260902_210450,wed,수,2026-09-02 21:04:50,2026-09-02,21:04:50,2026-09-02 21:08:03,2026-09-02 21:08:05,1.83,2026-09-02 21:08:05,2026-09-02,21:08:05,2026-09-02 21:20:09,919.53
thu,46,문과X이과,다빈,839913,https://comic.naver.com/webtoon/list?titleId=839913&tab=thu,12702136,문과X이과,문과X이과 (총 55화/미완결),총 55화/미완결,55.0,미완결,,,https://series.naver.com/comic/detail.series?productNo=12702136,matched,ok,"문과X이과 (총 55화/미완결)
평점
10.0 | 다빈 다빈 | 2026.05.27. | 총55화/미완결 | 49화 무료
모의고사만 쳤다 하면 실수를 연발해 만점에 실패했던 문과 전교 1등 양소연,1학년 때부터 모의고사 만점 이과 1등 김준수가 거슬린다.대망의 고3 첫 모의고사,소연은 마음이 급해져 준수에게 접근하게 되는데...",thu,1,thu,1,wed,thu,True,thu,목,wed,thu,12702136_thu,pre_release,오늘 밤 10시 새 회차 공개 전 기준값 수집,150.8만,1508000.0,https://series.naver.com/comic/detail.series?productNo=12702136,20260902_210450,wed,수,2026-09-02 21:04:50,2026-09-02,21:04:50,2026-09-02 21:08:06,2026-09-02 21:08:08,2.41,2026-09-02 21:08:08,2026-09-02,21:08:08,2026-09-02 21:20:09,919.53
thu,45,안녕 오목눈이 그리핀!,임형,840358,https://comic.naver.com/webtoon/list?titleId=840358&tab=thu,12808242,안녕 오목눈이 그리핀!,안녕 오목눈이 그리핀! (총 53화/미완결),총 53화/미완결,53.0,미완결,,,https://series.naver.com/comic/detail.series?productNo=12808242,matched,ok,"안녕 오목눈이 그리핀! (총 53화/미완결)
평점
10.0 | 임형 임형 | 2026.06.03. | 총53화/미완결 | 46화 무료
이사한 집에 정체 모를 ‘오목눈이 그리핀’이 나타났다!앞발은 푹신한 새의 다리, 뒷발은 고양이의 젤리가?어디로 튈지 모르는 오목눈이 그리핀과 초보 집사 ‘한솔’의 좌충우돌 동거 라이프.과연 무사할 수 있을까?",thu,1,thu,1,wed,thu,True,thu,목,wed,thu,12808242_thu,pre_release,오늘 밤 10시 새 회차 공개 전 기준값 수집,154.2만,1542000.0,https://series.naver.com/comic/detail.series?productNo=12808242,20260902_210450,wed,수,2026-09-02 21:04:50,2026-09-02,21:04:50,2026-09-02 21:08:09,2026-09-02 21:08:12,2.24,2026-09-02 21:08:12,2026-09-02,21:08:12,2026-09-02 21:20:09,919.53
thu,92,염매,갯첨서,840593,https://comic.naver.com/webtoon/list?titleId=840593&tab=thu,12833737,염매,염매 (총 50화/미완결),총 50화/미완결,50.0,미완결,,,https://series.naver.com/comic/detail.series?productNo=12833737,matched,ok,"염매 (총 50화/미완결)
평점
10.0 | 갯첨서 갯첨서 | 2026.06.04. | 총50화/미완결 | 46화 무료
""염매 처리 전문 참새투어입니다.""어느 날 염매를 잡는다는 수상한 회사에 입사하게 된 주인공 백한.생명을 먹이로 한다는 인간이 과거에 만들어 낸 괴물 염매. 인간의 생명을 노리는 염매가 전국 곳곳에 숨어 있다는데.염매를 ..",thu,1,thu,1,wed,thu,True,thu,목,wed,thu,12833737_thu,pre_release,오늘 밤 10시 새 회차 공개 전 기준값 수집,13.3만,133000.0,https://series.naver.com/comic/detail.series?productNo=12833737,20260902_210450,wed,수,2026-09-02 21:04:50,2026-09-02,21:04:50,2026-09-02 21:08:13,2026-09-02 21:08:16,2.42,2026-09-02 21:08:16,2026-09-02,21:08:16,2026-09-02 21:20:09,919.53
thu,80,이세계 싱글대디,찹도리,840880,https://comic.naver.com/webtoon/list?titleId=840880&tab=thu,12869065,이세계 싱글대디,이세계 싱글대디 (총 55화/미완결),총 55화/미완결,55.0,미완결,,,https://series.naver.com/comic/detail.series?productNo=12869065,matched,ok,"이세계 싱글대디 (총 55화/미완결)
평점
9.8 | 왓챠 W | 2026.06.03. | 총55화/미완결 | 47화 무료
어느날 아내가 실종됐다. 희귀병을 앓는 어린 딸은 치료법도 없고, 숨 쉴틈이라곤 없는 삶이 이어진다.결국 삶을 포기하려던 그때, 딸과 함께 이세계에 떨어져 버렸다. 그것도 아내가 쓴, 어둡고 끔찍한 다크 판타지 소설 속으로..",thu,1,thu,1,wed,thu,True,thu,목,wed,thu,12869065_thu,pre_release,오늘 밤 10시 새 회차 공개 전 기준값 수집,75.1만,751000.0,https://series.naver.com/comic/detail.series?productNo=12869065,20260902_210450,wed,수,2026-09-02 21:04:50,2026-09-02,21:04:50,2026-09-02 21:08:16,2026-09-02 21:08:18,1.93,2026-09-02 21:08:18,2026-09-02,21:08:18,2026-09-02 21:20:09,919.53
thu,102,최강 매니저,현마담,840894,https://comic.naver.com/webtoon/list?titleId=840894&tab=thu,12880391,최강 매니저,최강 매니저 (총 49화/미완결),총 49화/미완결,49.0,미완결,,,https://series.naver.com/comic/detail.series?productNo=12880391,matched,ok,"최강 매니저 (총 49화/미완결)
평점
9.9 | 현마담 현마담 | 2026.06.03. | 총49화/미완결 | 44화 무료
전직 특수요원 피보라!몸도 마음도 썩어버린 퇴물 가수 '최강'의 매니저가 된다!몸이 썩은 최강을 팬다! 마음이 썩은 최강을 팬다!그녀는 매니저인가 교관인가!무지막지한 매니저의 퇴물 가수 재기 프로젝트!최강 매니저!",thu,1,thu,1,wed,thu,True,thu,목,wed,thu,12880391_thu,pre_release,오늘 밤 10시 새 회차 공개 전 기준값 수집,6.4만,64000.0,https://series.naver.com/comic/detail.series?productNo=12880391,20260902_210450,wed,수,2026-09-02 21:04:50,2026-09-02,21:04:50,2026-09-02 21:08:20,2026-09-02 21:08:22,2.8,2026-09-02 21:08:22,2026-09-02,21:08:22,2026-09-02 21:20:09,919.53
thu,38,천재 회사원이 선넘으면 생기는일,오십이,840902,https://comic.naver.com/webtoon/list?titleId=840902&tab=thu,12893377,천재 회사원이 선넘으면 생기는일,천재 회사원이 선넘으면 생기는일 (총 52화/미완결),총 52화/미완결,52.0,미완결,,,https://series.naver.com/comic/detail.series?productNo=12893377,matched,ok,"천재 회사원이 선넘으면 생기는일 (총 52화/미완결)
평점
9.6 | 오십이, 한룡 도루묵 | 2026.06.03. | 총52화/미완결 | 45화 무료
대한민국 최고의 영화사 출신이자 천재 마케터,그리고 전 사원 중 유일한 동료 평가 미달자이자 뇌물수수 사건에 연루된 사내 공공의 적.이 모든 수식어가 한록의 회사원 인생을 요약한다.단지 일에만 전념하고 싶어서, 정치와 ..",thu,1,thu,1,wed,thu,True,thu,목,wed,thu,12893377_thu,pre_release,오늘 밤 10시 새 회차 공개 전 기준값 수집,129.1만,1291000.0,https://series.naver.com/comic/detail.series?productNo=12893377,20260902_210450,wed,수,2026-09-02 21:04:50,2026-09-02,21:04:50,2026-09-02 21:08:24,2026-09-02 21:08:26,2.59,2026-09-02 21:08:26,2026-09-02,21:08:26,2026-09-02 21:20:09,919.53
thu,51,용사 카리엘,김감준,841236,https://comic.naver.com/webtoon/list?titleId=841236&tab=thu,12953165,용사 카리엘,용사 카리엘 (총 50화/미완결),총 50화/미완결,50.0,미완결,,,https://series.naver.com/comic/detail.series?productNo=12953165,matched,ok,"용사 카리엘 (총 50화/미완결)
평점
9.9 | 김감준 김감준 | 2026.06.04. | 총50화/미완결 | 43화 무료
마왕이 죽고, 용사들만 남은 세상. 그 공백을 누군가 채워야 한다.",thu,1,thu,1,wed,thu,True,thu,목,wed,thu,12953165_thu,pre_release,오늘 밤 10시 새 회차 공개 전 기준값 수집,117.2만,1172000.0,https://series.naver.com/comic/detail.series?productNo=12953165,20260902_210450,wed,수,2026-09-02 21:04:50,2026-09-02,21:04:50,2026-09-02 21:08:28,2026-09-02 21:08:31,2.7,2026-09-02 21:08:31,2026-09-02,21:08:31,2026-09-02 21:20:09,919.53
tue,73,고고밍밍고,밍밍고,841824,https://comic.naver.com/webtoon/list?titleId=841824&tab=tue,13013561,고고밍밍고,고고밍밍고 (총 87화/미완결),총 87화/미완결,87.0,미완결,,,https://series.naver.com/comic/detail.series?productNo=13013561,matched,ok,"고고밍밍고 (총 87화/미완결)
평점
10.0 | 밍밍고 밍밍고 | 2026.06.08. | 총87화/미완결 | 81화 무료
살다 보면 끝도 없이 샘솟는 다채로운 충동들!결코 그냥은 지나치지 못하고 꼭 한 번 찍어먹고야 마는맑눈광 밍밍고의 도전정신 가득한 일상","tue,thu",2,"tue,thu",2,"mon,wed","tue,thu",True,thu,목,wed,thu,13013561_thu,pre_release,오늘 밤 10시 새 회차 공개 전 기준값 수집,12.5만,125000.0,https://series.naver.com/comic/detail.series?productNo=13013561,20260902_210450,wed,수,2026-09-02 21:04:50,2026-09-02,21:04:50,2026-09-02 21:08:32,2026-09-02 21:08:34,2.11,2026-09-02 21:08:34,2026-09-02,21:08:34,2026-09-02 21:20:09,919.53
thu,60,최서연의 회피한 날들,김노이,842345,https://comic.naver.com/webtoon/list?titleId=842345&tab=thu,13067669,최서연의 회피한 날들,최서연의 회피한 날들 (총 45화/미완결),총 45화/미완결,45.0,미완결,,,https://series.naver.com/comic/detail.series?productNo=13067669,matched,ok,"최서연의 회피한 날들 (총 45화/미완결)
평점
10.0 | 김노이 김노이 | 2026.06.03. | 총45화/미완결 | 40화 무료
연애만 했다 하면 사소한 이유로 이별해버리는 회피형 인간, 최서연.지금껏 그냥 짝을 잘 못 만난 줄 알았는데…연애를 거듭할수록, 진짜 문제는 ‘나’였단 걸 점점 알게 된다.과연 회피형을 극복하고 건강한 연애를 할 수 있..",thu,1,thu,1,wed,thu,True,thu,목,wed,thu,13067669_thu,pre_release,오늘 밤 10시 새 회차 공개 전 기준값 수집,52.9만,529000.0,https://series.naver.com/comic/detail.series?productNo=13067669,20260902_210450,wed,수,2026-09-02 21:04:50,2026-09-02,21:04:50,2026-09-02 21:08:35,2026-09-02 21:08:37,2.35,2026-09-02 21:08:37,2026-09-02,21:08:37,2026-09-02 21:20:09,919.53
thu,54,언더복서,눈매,842449,https://comic.naver.com/webtoon/list?titleId=842449&tab=thu,13087037,언더복서,언더복서 (총 45화/미완결),총 45화/미완결,45.0,미완결,,,https://series.naver.com/comic/detail.series?productNo=13087037,matched,ok,"언더복서 (총 45화/미완결)
평점
9.8 | 눈매 이재훈 | 2026.06.03. | 총45화/미완결 | 40화 무료
지긋지긋한 왕따 인생을 벗어나기 위해서는 여자친구가 필요하다는 것을 깨달은 이기주. 그런데 하필 첫눈에 반한 그녀가 복싱 관장님의 딸? 여친을 만들어서 인생 역전을 노리려던 이기주는 링 위에서 진정한 복싱의 매력..",thu,1,thu,1,wed,thu,True,thu,목,wed,thu,13087037_thu,pre_release,오늘 밤 10시 새 회차 공개 전 기준값 수집,70.6만,706000.0,https://series.naver.com/comic/detail.series?productNo=13087037,20260902_210450,wed,수,2026-09-02 21:04:50,2026-09-02,21:04:50,2026-09-02 21:08:39,2026-09-02 21:08:41,2.38,2026-09-02 21:08:41,2026-09-02,21:08:41,2026-09-02 21:20:09,919.53
thu,61,미모사,삼중,842646,https://comic.naver.com/webtoon/list?titleId=842646&tab=thu,13101422,미모사,미모사 (총 46화/미완결),총 46화/미완결,46.0,미완결,,,https://series.naver.com/comic/detail.series?productNo=13101422,matched,ok,"미모사 (총 46화/미완결)
평점
10.0 | 삼중 삼중 | 2026.06.03. | 총46화/미완결 | 39화 무료
세상 중심의 장막을 둘러싼 전쟁이 끝났다. 하지만 장막이 남긴 것은 전쟁뿐만이 아니었다.장막을 쫓는 자, 장막을 닫으려는 자,특별한 능력을 쓰는 자, 전쟁 병기,치안을 어지럽히는 자, 희망을 가져다주는 자,걸어온 삶을 부딪..",thu,1,thu,1,wed,thu,True,thu,목,wed,thu,13101422_thu,pre_release,오늘 밤 10시 새 회차 공개 전 기준값 수집,30.2만,302000.0,https://series.naver.com/comic/detail.series?productNo=13101422,20260902_210450,wed,수,2026-09-02 21:04:50,2026-09-02,21:04:50,2026-09-02 21:08:42,2026-09-02 21:08:44,1.98,2026-09-02 21:08:44,2026-09-02,21:08:44,2026-09-02 21:20:09,919.53
thu,99,내 어디가 좋아?,아르몽,843042,https://comic.naver.com/webtoon/list?titleId=843042&tab=thu,13158814,내 어디가 좋아?,내 어디가 좋아? (총 41화/미완결),총 41화/미완결,41.0,미완결,,,https://series.naver.com/comic/detail.series?productNo=13158814,matched,ok,"내 어디가 좋아? (총 41화/미완결)
평점
9.9 | 아르몽 아르몽 | 2026.06.03. | 총41화/미완결 | 37화 무료
우리의 소중한 친구 태양이가 180도 달라져서 돌아왔다. 친절하고 반짝이는 모습은 온데간데 없고, 어둡게 변해버린 태양이가 낮설기만 한데…우리는 다시 태양이를 반짝이게 할 수 있을까?",thu,1,thu,1,wed,thu,True,thu,목,wed,thu,13158814_thu,pre_release,오늘 밤 10시 새 회차 공개 전 기준값 수집,17만,170000.0,https://series.naver.com/comic/detail.series?productNo=13158814,20260902_210450,wed,수,2026-09-02 21:04:50,2026-09-02,21:04:50,2026-09-02 21:08:46,2026-09-02 21:08:48,1.98,2026-09-02 21:08:48,2026-09-02,21:08:48,2026-09-02 21:20:09,919.53
thu,93,아이캣치유,코앳,843460,https://comic.naver.com/webtoon/list?titleId=843460&tab=thu,13236123,아이캣치유,아이캣치유 (총 34화/미완결),총 34화/미완결,34.0,미완결,,,https://series.naver.com/comic/detail.series?productNo=13236123,matched,ok,"아이캣치유 (총 34화/미완결)
평점
10.0 | 코앳 코앳, 우주돌 | 2026.06.03. | 총34화/미완결 | 32화 무료
“내 마지막 행운이 되어줘서 고마워!” 2015년 9월, 상위 0.1% 수험생 권민은 모의고사 20분을 가져간 환상 속 옆반 학생 차유빈의 정체를 우연히 밝혀내는데.하루 30분, 킬러 문항보다 어려운 행운과 운명의 미스테리를 파..",thu,1,thu,1,wed,thu,True,thu,목,wed,thu,13236123_thu,pre_release,오늘 밤 10시 새 회차 공개 전 기준값 수집,4.9만,49000.0,https://series.naver.com/comic/detail.series?productNo=13236123,20260902_210450,wed,수,2026-09-02 21:04:50,2026-09-02,21:04:50,2026-09-02 21:08:49,2026-09-02 21:08:51,2.25,2026-09-02 21:08:51,2026-09-02,21:08:51,2026-09-02 21:20:09,919.53
thu,59,폐급연애,멜리,843473,https://comic.naver.com/webtoon/list?titleId=843473&tab=thu,13236266,폐급연애,폐급연애 (총 22화/미완결),총 22화/미완결,22.0,미완결,,,https://series.naver.com/comic/detail.series?productNo=13236266,matched,ok,"폐급연애 (총 22화/미완결)
평점
9.8 | 멜리, 웬즈데이 멜리, 웬즈데이 | 2026.06.03. | 총22화/미완결 | 15화 무료
서울 고시원에 사는 이재훈은 결핍과 열등감 속에서 무감각하게 살고 있다.뜨거운 여름 날, 그는 익명 채팅방에 연애썰을 풀기 시작하고뜻밖의 관심과 환호 속에서 처음으로 살아있는 기분을 느낀다.3호실 여자와의 썸, 오픈채..",thu,1,thu,1,wed,thu,True,thu,목,wed,thu,13236266_thu,pre_release,오늘 밤 10시 새 회차 공개 전 기준값 수집,20.1만,201000.0,https://series.naver.com/comic/detail.series?productNo=13236266,20260902_210450,wed,수,2026-09-02 21:04:50,2026-09-02,21:04:50,2026-09-02 21:08:53,2026-09-02 21:08:55,2.42,2026-09-02 21:08:55,2026-09-02,21:08:55,2026-09-02 21:20:09,919.53
thu,91,본능적인 청혼,개굴,843872,https://comic.naver.com/webtoon/list?titleId=843872&tab=thu,13262947,본능적인 청혼,본능적인 청혼 (총 35화/미완결),총 35화/미완결,35.0,미완결,,,https://series.naver.com/comic/detail.series?productNo=13262947,matched,ok,"본능적인 청혼 (총 35화/미완결)
평점
10.0 | 개굴, 김노라 듀밤 | 2026.05.27. | 총35화/미완결 | 31화 무료
짝사랑했었던 태성바이오 사장, 기태한과 하룻밤을 가진 후.나, 서연우는 사장님의 아이를 가지게 되었다.그리고 결심했다.퇴사하고 사장님의 인생에 사라져 조용히 지내기로…그런데 자꾸만 내 앞에 나타나 마음을 흔드는 사..",thu,1,thu,1,wed,thu,True,thu,목,wed,thu,13262947_thu,pre_release,오늘 밤 10시 새 회차 공개 전 기준값 수집,35만,350000.0,https://series.naver.com/comic/detail.series?productNo=13262947,20260902_210450,wed,수,2026-09-02 21:04:50,2026-09-02,21:04:50,2026-09-02 21:08:57,2026-09-02 21:09:00,2.82,2026-09-02 21:09:00,2026-09-02,21:09:00,2026-09-02 21:20:09,919.53
thu,76,컬러리스트,89line,844352,https://comic.naver.com/webtoon/list?titleId=844352&tab=thu,13330741,컬러리스트,컬러리스트 (총 35화/미완결),총 35화/미완결,35.0,미완결,,,https://series.naver.com/comic/detail.series?productNo=13330741,matched,ok,"컬러리스트 (총 35화/미완결)
평점
10.0 | 89line 89line | 2026.06.03. | 총35화/미완결 | 30화 무료
검게 물든 세상.검은 마녀로 인해 인류는 빛과 색이 모인 거대도시로 내몰린다.세상을 되찾기 위해 개척을 이어가는 인류와 그 개척단의 일원이 되려는 소년 케이.하지만 색을 가지지 못한 무색인이라는 이유로 배척받는다.그러..",thu,1,thu,1,wed,thu,True,thu,목,wed,thu,13330741_thu,pre_release,오늘 밤 10시 새 회차 공개 전 기준값 수집,61.6만,616000.0,https://series.naver.com/comic/detail.series?productNo=13330741,20260902_210450,wed,수,2026-09-02 21:04:50,2026-09-02,21:04:50,2026-09-02 21:09:01,2026-09-02 21:09:03,2.89,2026-09-02 21:09:03,2026-09-02,21:09:03,2026-09-02 21:20:09,919.53
thu,73,천만배우의 딸이 되었다,마로,844390,https://comic.naver.com/webtoon/list?titleId=844390&tab=thu,13349961,천만배우의 딸이 되었다,천만배우의 딸이 되었다 (총 35화/미완결),총 35화/미완결,35.0,미완결,,,https://series.naver.com/comic/detail.series?productNo=13349961,matched,ok,"천만배우의 딸이 되었다 (총 35화/미완결)
평점
9.8 | 마로 | 2026.06.03. | 총35화/미완결 | 30화 무료
엄마가 암으로 돌아가시고, 아빠에게 버림받은 초등학교 5학년 루민은 자신의 생부가 인기배우 '정하진'이라는 사실을 알게 된다. 정하진은 처음에는 루민을 거부했지만, 루민의 천재적인 연기재능을 알아본 뒤로 루민을 자신..",thu,1,thu,1,wed,thu,True,thu,목,wed,thu,13349961_thu,pre_release,오늘 밤 10시 새 회차 공개 전 기준값 수집,64.4만,644000.0,https://series.naver.com/comic/detail.series?productNo=13349961,20260902_210450,wed,수,2026-09-02 21:04:50,2026-09-02,21:04:50,2026-09-02 21:09:05,2026-09-02 21:09:07,2.59,2026-09-02 21:09:07,2026-09-02,21:09:07,2026-09-02 21:20:09,919.53
thu,22,대마법사 커리큘럼,덩배,844951,https://comic.naver.com/webtoon/list?titleId=844951&tab=thu,13397269,대마법사 커리큘럼,대마법사 커리큘럼 (총 33화/미완결),총 33화/미완결,33.0,미완결,,,https://series.naver.com/comic/detail.series?productNo=13397269,matched,ok,"대마법사 커리큘럼 (총 33화/미완결)
평점
10.0 | 덩배 덩배 | 2026.06.03. | 총33화/미완결 | 28화 무료
착하고 의롭지만 조금? 무섭게 생긴 마법사 유진, 스승의 딸인 아인을 제자로 거둬 대마법사로 키우고자 한다.마법으로 구원받고 마법으로 혼란스러워진 세상에서, 유진쌤과 함께 위대한 대마법사를 목표로 나아가자!",thu,1,thu,1,wed,thu,True,thu,목,wed,thu,13397269_thu,pre_release,오늘 밤 10시 새 회차 공개 전 기준값 수집,283.7만,2837000.0,https://series.naver.com/comic/detail.series?productNo=13397269,20260902_210450,wed,수,2026-09-02 21:04:50,2026-09-02,21:04:50,2026-09-02 21:09:09,2026-09-02 21:09:11,2.43,2026-09-02 21:09:11,2026-09-02,21:09:11,2026-09-02 21:20:09,919.53
thu,87,작성자OO,이배,844981,https://comic.naver.com/webtoon/list?titleId=844981&tab=thu,13407368,작성자OO,작성자OO (총 33화/미완결),총 33화/미완결,33.0,미완결,,,https://series.naver.com/comic/detail.series?productNo=13407368,matched,ok,"작성자OO (총 33화/미완결)
평점
10.0 | 이배 반숙 | 2026.06.03. | 총33화/미완결 | 28화 무료
""내가 쓰지 않았어!""인기 아이돌 정하진의 학폭 폭로가 터진다. 기억을 훔쳐본 듯 자세한 내용에 세상은 피해자인 민지를 '작성자'로 지목하는데.내 기억을 훔쳐 가해자의 숨통을 조이는 정체불명의 작성자. 이건 나를 위한 완벽..",thu,1,thu,1,wed,thu,True,thu,목,wed,thu,13407368_thu,pre_release,오늘 밤 10시 새 회차 공개 전 기준값 수집,18.6만,186000.0,https://series.naver.com/comic/detail.series?productNo=13407368,20260902_210450,wed,수,2026-09-02 21:04:50,2026-09-02,21:04:50,2026-09-02 21:09:12,2026-09-02 21:09:14,1.97,2026-09-02 21:09:14,2026-09-02,21:09:14,2026-09-02 21:20:09,919.53
mon,13,먹는 인생2,홍끼,845271,https://comic.naver.com/webtoon/list?titleId=845271&tab=mon,13455875,먹는 인생2,먹는 인생2 (총 58화/미완결),총 58화/미완결,58.0,미완결,,,https://series.naver.com/comic/detail.series?productNo=13455875,matched,ok,"먹는 인생2 (총 58화/미완결)
평점
9.8 | 홍끼 홍끼 | 2026.06.07. | 총58화/미완결 | 53화 무료
행복한 일상에는 맛있는 음식이 빠질 수 없지!맛있는 음식을 탐험하며 이어지는 일상 이야기","mon,thu",2,"mon,thu",2,"sun,wed","mon,thu",True,thu,목,wed,thu,13455875_thu,pre_release,오늘 밤 10시 새 회차 공개 전 기준값 수집,28.6만,286000.0,https://series.naver.com/comic/detail.series?productNo=13455875,20260902_210450,wed,수,2026-09-02 21:04:50,2026-09-02,21:04:50,2026-09-02 21:09:15,2026-09-02 21:09:18,2.61,2026-09-02 21:09:18,2026-09-02,21:09:18,2026-09-02 21:20:09,919.53
thu,48,판타지 입소대,서패스,845515,https://comic.naver.com/webtoon/list?titleId=845515&tab=thu,13489719,판타지 입소대,판타지 입소대 (총 29화/미완결),총 29화/미완결,29.0,미완결,,,https://series.naver.com/comic/detail.series?productNo=13489719,matched,ok,"판타지 입소대 (총 29화/미완결)
평점
9.8 | 서패스 먼츠 | 2026.06.03. | 총29화/미완결 | 25화 무료
마족과 이종연방의 근접경계인 적운산간. 그곳은 훈련과 실전이 동시 진행되는 최후의 전략 요충지.연방군은 예언서에서 계시된 초월자 10인을 찾아 빼앗긴 영토를 되찾기 위해 징병과 선별 작업을 거듭한다.하지만 마족과의 ..",thu,1,thu,1,wed,thu,True,thu,목,wed,thu,13489719_thu,pre_release,오늘 밤 10시 새 회차 공개 전 기준값 수집,107.4만,1074000.0,https://series.naver.com/comic/detail.series?productNo=13489719,20260902_210450,wed,수,2026-09-02 21:04:50,2026-09-02,21:04:50,2026-09-02 21:09:19,2026-09-02 21:09:21,1.8,2026-09-02 21:09:21,2026-09-02,21:09:21,2026-09-02 21:20:09,919.53
thu,84,저승침공,신선젬,845946,https://comic.naver.com/webtoon/list?titleId=845946&tab=thu,13540059,저승침공,저승침공 (총 27화/미완결),총 27화/미완결,27.0,미완결,,,https://series.naver.com/comic/detail.series?productNo=13540059,matched,ok,"저승침공 (총 27화/미완결)
평점
9.7 | 신선젬 RAZR | 2026.05.27. | 총27화/미완결 | 23화 무료
천사들과 외계인의 대규모 전쟁!저승은 인간의 믿음 위에 존재한다.삶에 미련이 없는 인류 최후 생존자 ‘김리아’,저승으로 부터 추방당한 신을 경멸하는 천사 ‘아자젤’.이 둘에게 인류와 저승의 운명이 걸려있다.저승에선 ..",thu,1,thu,1,wed,thu,True,thu,목,wed,thu,13540059_thu,pre_release,오늘 밤 10시 새 회차 공개 전 기준값 수집,15.3만,153000.0,https://series.naver.com/comic/detail.series?productNo=13540059,20260902_210450,wed,수,2026-09-02 21:04:50,2026-09-02,21:04:50,2026-09-02 21:09:22,2026-09-02 21:09:25,2.92,2026-09-02 21:09:25,2026-09-02,21:09:25,2026-09-02 21:20:09,919.53
thu,106,수사중 연애금지!,이재홍,846335,https://comic.naver.com/webtoon/list?titleId=846335&tab=thu,13585933,수사중 연애금지!,수사중 연애금지! (총 53화/미완결),총 53화/미완결,53.0,미완결,,,https://series.naver.com/comic/detail.series?productNo=13585933,matched,ok,"수사중 연애금지! (총 53화/미완결)
평점
10.0 | 이재홍 | 2026.06.06. | 총53화/미완결 | 44화 무료
밝고 유쾌한 막내 형사 차연진. 냉혹한 조폭 보스 안태하를 붙잡아야 한다.긴장과 코믹 속에서, 미묘하게 흔들리는 두 사람의 예측 불가 로맨스!","thu,sun",2,"thu,sun",2,"wed,sat","thu,sun",True,thu,목,wed,thu,13585933_thu,pre_release,오늘 밤 10시 새 회차 공개 전 기준값 수집,4.9만,49000.0,https://series.naver.com/comic/detail.series?productNo=13585933,20260902_210450,wed,수,2026-09-02 21:04:50,2026-09-02,21:04:50,2026-09-02 21:09:27,2026-09-02 21:09:29,1.97,2026-09-02 21:09:29,2026-09-02,21:09:29,2026-09-02 21:20:09,919.53
thu,71,죽여주는 옆집 남자,1호,847535,https://comic.naver.com/webtoon/list?titleId=847535&tab=thu,13709447,죽여주는 옆집 남자,죽여주는 옆집 남자 (총 24화/미완결),총 24화/미완결,24.0,미완결,,,https://series.naver.com/comic/detail.series?productNo=13709447,matched,ok,"죽여주는 옆집 남자 (총 24화/미완결)
평점
10.0 | 1호 bdo | 2026.06.03. | 총24화/미완결 | 19화 무료
“뭐?? 내가 너를 좋아하냐고?? 이, 이게 어디서부터 잘못 된거야?”두근거리는 첫 자취의 시작이자, 새학기 첫 날에 마주쳐버린 깡패같은 남자, 김 준.자신의 뒤를 밟는다고 착각해버린 김 준에게 죽임(?)을 당할 뻔한 위기를 ..",thu,1,thu,1,wed,thu,True,thu,목,wed,thu,13709447_thu,pre_release,오늘 밤 10시 새 회차 공개 전 기준값 수집,24.6만,246000.0,https://series.naver.com/comic/detail.series?productNo=13709447,20260902_210450,wed,수,2026-09-02 21:04:50,2026-09-02,21:04:50,2026-09-02 21:09:30,2026-09-02 21:09:32,2.35,2026-09-02 21:09:32,2026-09-02,21:09:32,2026-09-02 21:20:09,919.53
thu,24,이과장 생존기,맷집왕,847568,https://comic.naver.com/webtoon/list?titleId=847568&tab=thu,13704861,이과장 생존기 [독점],이과장 생존기 [독점] (총 21화/미완결),총 21화/미완결,21.0,미완결,,,https://series.naver.com/comic/detail.series?productNo=13704861,matched,ok,"이과장 생존기 [독점] (총 21화/미완결)
평점
9.6 | 맷집왕, 불량집사 서윤 | 2026.06.03. | 총21화/미완결 | 16화 무료
분유뚜껑, 요거트 스푼… 소형 플라스틱 제품 생산이 주업인 중소기업 훈성테크. 그 속을 들여다보면 사장, 사장 아들, 사장 처남, 사장 동생, 사장 며느리까지 한 자리씩 차지하고는 다른 직원들을 쥐어짜는 가‘족’(?) 같은 ..",thu,1,thu,1,wed,thu,True,thu,목,wed,thu,13704861_thu,pre_release,오늘 밤 10시 새 회차 공개 전 기준값 수집,98.2만,982000.0,https://series.naver.com/comic/detail.series?productNo=13704861,20260902_210450,wed,수,2026-09-02 21:04:50,2026-09-02,21:04:50,2026-09-02 21:09:34,2026-09-02 21:09:36,2.71,2026-09-02 21:09:36,2026-09-02,21:09:36,2026-09-02 21:20:09,919.53
thu,29,국정원 말단직원,MUTE,847892,https://comic.naver.com/webtoon/list?titleId=847892&tab=thu,13747297,국정원 말단직원,국정원 말단직원 (총 22화/미완결),총 22화/미완결,22.0,미완결,,,https://series.naver.com/comic/detail.series?productNo=13747297,matched,ok,"국정원 말단직원 (총 22화/미완결)
평점
9.4 | MUTE, 삼돌 MUTE | 2026.06.03. | 총22화/미완결 | 17화 무료
시험 없이 7급 공무원 되는 개꿀팁!추천으로 군 복무 중 '국정원 특채'되기..!그렇게 난 세계의 화약고 중국 단둥시에서 집에 앉아 압록강 철교를 감시하는 임무를 맡았다.하지만 500만 원짜리 야간 근무를 기점으로 내게 자꾸 ..",thu,1,thu,1,wed,thu,True,thu,목,wed,thu,13747297_thu,pre_release,오늘 밤 10시 새 회차 공개 전 기준값 수집,79.7만,797000.0,https://series.naver.com/comic/detail.series?productNo=13747297,20260902_210450,wed,수,2026-09-02 21:04:50,2026-09-02,21:04:50,2026-09-02 21:09:38,2026-09-02 21:09:40,2.57,2026-09-02 21:09:40,2026-09-02,21:09:40,2026-09-02 21:20:09,919.53
thu,77,최강의 로맨티스트,한별,847996,https://comic.naver.com/webtoon/list?titleId=847996&tab=thu,13752355,최강의 로맨티스트,최강의 로맨티스트 (총 20화/미완결),총 20화/미완결,20.0,미완결,,,https://series.naver.com/comic/detail.series?productNo=13752355,matched,ok,"최강의 로맨티스트 (총 20화/미완결)
평점
10.0 | 한별 한별 | 2026.06.03. | 총20화/미완결 | 14화 무료
국내 최악의 고등학교인 두팔고등학교의 최강 류우진.싸움이라면 누구에게도 지지 않지만, 사실 그는 로맨스 매니아이자 웹툰 작가 지망생이다.진정한 로맨스를 찾아 평범한 남녀공학으로 전학 가기로 결심한 류우진,과연 새..",thu,1,thu,1,wed,thu,True,thu,목,wed,thu,13752355_thu,pre_release,오늘 밤 10시 새 회차 공개 전 기준값 수집,37만,370000.0,https://series.naver.com/comic/detail.series?productNo=13752355,20260902_210450,wed,수,2026-09-02 21:04:50,2026-09-02,21:04:50,2026-09-02 21:09:42,2026-09-02 21:09:44,2.1,2026-09-02 21:09:44,2026-09-02,21:09:44,2026-09-02 21:20:09,919.53
thu,104,땅의 기록,WINSTON,849030,https://comic.naver.com/webtoon/list?titleId=849030&tab=thu,13889934,땅의 기록,땅의 기록 (총 19화/미완결),총 19화/미완결,19.0,미완결,,,https://series.naver.com/comic/detail.series?productNo=13889934,matched,ok,"땅의 기록 (총 19화/미완결)
평점
10.0 | WINSTON WINSTON | 2026.06.03. | 총19화/미완결 | 14화 무료
야매로 요괴를 퇴치하며 살아가는 반가이.그러던 어느날 실도깨비가 나타나 대뜸 의뢰를 한다.""내 동생인 숲지기를 찾아줄 이를 구하고 있어""소원을 들어주는 조건으로 의뢰를 받아들이지만,숲지기를 찾는 과정에서 벌어지는 ..",thu,1,thu,1,wed,thu,True,thu,목,wed,thu,13889934_thu,pre_release,오늘 밤 10시 새 회차 공개 전 기준값 수집,5만,50000.0,https://series.naver.com/comic/detail.series?productNo=13889934,20260902_210450,wed,수,2026-09-02 21:04:50,2026-09-02,21:04:50,2026-09-02 21:09:45,2026-09-02 21:09:48,2.45,2026-09-02 21:09:48,2026-09-02,21:09:48,2026-09-02 21:20:09,919.53
thu,90,슬라임 증후군,시카,849089,https://comic.naver.com/webtoon/list?titleId=849089&tab=thu,13934855,슬라임 증후군,슬라임 증후군 (총 15화/미완결),총 15화/미완결,15.0,미완결,,,https://series.naver.com/comic/detail.series?productNo=13934855,matched,ok,"슬라임 증후군 (총 15화/미완결)
평점
9.9 | 시카 시카 | 2026.06.03. | 총15화/미완결 | 10화 무료
사람들이 슬라임으로 변해버리는 기묘한 재앙이 닥친 세상. 민하는 슬라임이 된 언니를 몰래 데리고 나와 길을 떠난다. 목적지는 언니가 그토록 가고 싶어 했던 단 한 곳. 그 여정 위에서 언니의 흔적을 간직한 사람들을 마주하..",thu,1,thu,1,wed,thu,True,thu,목,wed,thu,13934855_thu,pre_release,오늘 밤 10시 새 회차 공개 전 기준값 수집,6.9만,69000.0,https://series.naver.com/comic/detail.series?productNo=13934855,20260902_210450,wed,수,2026-09-02 21:04:50,2026-09-02,21:04:50,2026-09-02 21:09:49,2026-09-02 21:09:52,2.73,2026-09-02 21:09:52,2026-09-02,21:09:52,2026-09-02 21:20:09,919.53
thu,40,스캔들 메이커가 돌아왔다,동쪽,849277,https://comic.naver.com/webtoon/list?titleId=849277&tab=thu,13935626,스캔들 메이커가 돌아왔다,스캔들 메이커가 돌아왔다 (총 17화/미완결),총 17화/미완결,17.0,미완결,,,https://series.naver.com/comic/detail.series?productNo=13935626,matched,ok,"스캔들 메이커가 돌아왔다 (총 17화/미완결)
평점
9.9 | 당근, 동쪽, 레몬개구리 죽선 | 2026.06.03. | 총17화/미완결 | 11화 무료
""숙부님은 알고계시잖아요. 제가 '스캔들 메이커'가 아니라는 걸""사촌 벨라의 죄를 뒤집어쓴 ‘스캔들 메이커’, 공작의 물건을 탐낸 ‘도둑’.해리엇 리스터웰에게 남은 건 오직 오명뿐이었다.하지만 그 모든 비극의 뒤편에 ..",thu,1,thu,1,wed,thu,True,thu,목,wed,thu,13935626_thu,pre_release,오늘 밤 10시 새 회차 공개 전 기준값 수집,139.8만,1398000.0,https://series.naver.com/comic/detail.series?productNo=13935626,20260902_210450,wed,수,2026-09-02 21:04:50,2026-09-02,21:04:50,2026-09-02 21:09:53,2026-09-02 21:09:56,2.56,2026-09-02 21:09:56,2026-09-02,21:09:56,2026-09-02 21:20:09,919.53
thu,82,그아비에 그아들,송,849537,https://comic.naver.com/webtoon/list?titleId=849537&tab=thu,13990047,그아비에 그아들,그아비에 그아들 (총 9화/미완결),총 9화/미완결,9.0,미완결,,,https://series.naver.com/comic/detail.series?productNo=13990047,matched,ok,"그아비에 그아들 (총 9화/미완결)
평점
9.2 | 송작가 송작가 | 2026.06.03. | 총9화/미완결 | 4화 무료
""이게 다 아빠 때문이야!!""2026년. 아빠를 닮아 159cm에 51kg의 왜소한 체격의 소유자 '강권'매일같이 학교에서 괴롭힘을 당하다 옥상에서 떨어진다1996년 아빠의 베프인 188cm 71kg의 '최강권' 삼촌의 몸으로 깨어난 강..",thu,1,thu,1,wed,thu,True,thu,목,wed,thu,13990047_thu,pre_release,오늘 밤 10시 새 회차 공개 전 기준값 수집,7만,70000.0,https://series.naver.com/comic/detail.series?productNo=13990047,20260902_210450,wed,수,2026-09-02 21:04:50,2026-09-02,21:04:50,2026-09-02 21:09:57,2026-09-02 21:09:59,1.96,2026-09-02 21:09:59,2026-09-02,21:09:59,2026-09-02 21:20:09,919.53
thu,74,대타용사,밭,849541,https://comic.naver.com/webtoon/list?titleId=849541&tab=thu,13991460,대타용사,대타용사 (총 6화/미완결),총 6화/미완결,6.0,미완결,밭 밭,평점 10.0 | 밭 밭 | 2026.07.01. | 총6화/미완결 | 1화 무료,https://series.naver.com/comic/detail.series?productNo=13991460,matched,ok,"대타용사 (총 6화/미완결)
평점
10.0 | 밭 밭 | 2026.07.01. | 총6화/미완결 | 1화 무료
마왕의 위협에서 벗어나고자 이세계 주민들은 다른 세계에서 강한 사람들을 소환하기 시작했다.한편 대한민국 최강의 무투가와 이름이 같다는 이유로 소환된 평범한 회사원 송이석, 그런데 이세계 사람들은 그를 최강의 ..",thu,1,thu,1,wed,thu,True,thu,목,wed,thu,13991460_thu,pre_release,오늘 밤 10시 새 회차 공개 전 기준값 수집,6.1만,61000.0,https://series.naver.com/comic/detail.series?productNo=13991460,20260902_210450,wed,수,2026-09-02 21:04:50,2026-09-02,21:04:50,2026-09-02 21:10:01,2026-09-02 21:10:03,2.8,2026-09-02 21:10:03,2026-09-02,21:10:03,2026-09-02 21:20:09,919.53
thu,86,우리를 안아줘,아니영,849721,https://comic.naver.com/webtoon/list?titleId=849721&tab=thu,14019192,우리를 안아줘,우리를 안아줘 (총 14화/미완결),총 14화/미완결,14.0,미완결,,,https://series.naver.com/comic/detail.series?productNo=14019192,matched,ok,"우리를 안아줘 (총 14화/미완결)
평점
10.0 | 아니영 | 2026.06.03. | 총14화/미완결 | 9화 무료
먼 과거를 돌아보면 “그래!”밖에 못하는 Yes Girl 안 우리가 있다. 담임으로부터 우리 반 문제아 전지헌의 대입까지 떠맡게 되었던 그 시절. “어쩌면 그게 내 인생의 가장 찬란한 때였는지도 몰라.”",thu,1,thu,1,wed,thu,True,thu,목,wed,thu,14019192_thu,pre_release,오늘 밤 10시 새 회차 공개 전 기준값 수집,18만,180000.0,https://series.naver.com/comic/detail.series?productNo=14019192,20260902_210450,wed,수,2026-09-02 21:04:50,2026-09-02,21:04:50,2026-09-02 21:10:04,2026-09-02 21:10:07,2.86,2026-09-02 21:10:07,2026-09-02,21:10:07,2026-09-02 21:20:09,919.53
thu,56,괴이호텔,안은평,849851,https://comic.naver.com/webtoon/list?titleId=849851&tab=thu,14035548,괴이호텔,괴이호텔 (총 14화/미완결),총 14화/미완결,14.0,미완결,,,https://series.naver.com/comic/detail.series?productNo=14035548,matched,ok,"괴이호텔 (총 14화/미완결)
평점
10.0 | 안은평 안은평 | 2026.06.03. | 총14화/미완결 | 8화 무료
손목이 잘리고 친구가 살해당했다.이곳에서 살아남기 위해선 퀘스트를 해결해야 한다.",thu,1,thu,1,wed,thu,True,thu,목,wed,thu,14035548_thu,pre_release,오늘 밤 10시 새 회차 공개 전 기준값 수집,27.7만,277000.0,https://series.naver.com/comic/detail.series?productNo=14035548,20260902_210450,wed,수,2026-09-02 21:04:50,2026-09-02,21:04:50,2026-09-02 21:10:08,2026-09-02 21:10:11,2.72,2026-09-02 21:10:11,2026-09-02,21:10:11,2026-09-02 21:20:09,919.53
thu,70,사랑이 끝나면 네가 끝난다,류길삼,849864,https://comic.naver.com/webtoon/list?titleId=849864&tab=thu,14038959,사랑이 끝나면 네가 끝난다,사랑이 끝나면 네가 끝난다 (총 12화/미완결),총 12화/미완결,12.0,미완결,,,https://series.naver.com/comic/detail.series?productNo=14038959,matched,ok,"사랑이 끝나면 네가 끝난다 (총 12화/미완결)
평점
9.9 | 류길삼 류길삼 | 2026.06.03. | 총12화/미완결 | 7화 무료
귀신을 볼 수 있는 소녀.그녀 앞에 나타난 과거의 인연을 쫓아온 귀신 ‘백적’은 사랑을 말하지만, 그 시선은 다른 누군가를 향한다.사랑을 위한 사냥감이 되고, 나는 점점 ‘나’를 잃어간다.애정과 집착 사이, 자아의 경계가 ..",thu,1,thu,1,wed,thu,True,thu,목,wed,thu,14038959_thu,pre_release,오늘 밤 10시 새 회차 공개 전 기준값 수집,24.1만,241000.0,https://series.naver.com/comic/detail.series?productNo=14038959,20260902_210450,wed,수,2026-09-02 21:04:50,2026-09-02,21:04:50,2026-09-02 21:10:12,2026-09-02 21:10:15,2.76,2026-09-02 21:10:15,2026-09-02,21:10:15,2026-09-02 21:20:09,919.53
thu,63,당신에게 얽힌 채,,849879,https://comic.naver.com/webtoon/list?titleId=849879&tab=thu,14041685,당신에게 얽힌 채,당신에게 얽힌 채 (총 10화/미완결),총 10화/미완결,10.0,미완결,"Nicole Knight, 유다 danah789","평점 10.0 | Nicole Knight, 유다 danah789 | 2026.06.17. | 총10화/미완결 | 5화 무료",https://series.naver.com/comic/detail.series?productNo=14041685,review_needed,not_found,"당신에게 얽힌 채 (총 10화/미완결)
평점
10.0 | Nicole Knight, 유다 danah789 | 2026.06.17. | 총10화/미완결 | 5화 무료
상속자가 아닌 복종하는 존재로 길러진 에이바 모레티. 뉴욕에서 가장 강력한 마피아 가문의 막내딸인 그녀는 ‘집안의 사고뭉치’라는 오명을 벗고 자신의 자리를 찾기 위해 분투한다.그러던 어느 날 밤, 낯선 남자와 보낸 뜨..",thu,1,thu,1,wed,thu,True,thu,목,wed,thu,14041685_thu,pre_release,오늘 밤 10시 새 회차 공개 전 기준값 수집,,,https://nid.naver.com/nidlogin.login?svctype=128&a_version=2&viewtype=1&url=http%3A%2F%2Fseries.naver.com%2Fcomic%2Fdetail.series%3FproductNo%3D14041685&surl=https%3A%2F%2Fseries.naver.com,20260902_210450,wed,수,2026-09-02 21:04:50,2026-09-02,21:04:50,2026-09-02 21:10:16,2026-09-02 21:10:31,14.66,2026-09-02 21:10:31,2026-09-02,21:10:31,2026-09-02 21:20:09,919.53
thu,47,영혼을 보는 변호사,이노안,850022,https://comic.naver.com/webtoon/list?titleId=850022&tab=thu,14065762,영혼을 보는 변호사,영혼을 보는 변호사 (총 17화/미완결),총 17화/미완결,17.0,미완결,,,https://series.naver.com/comic/detail.series?productNo=14065762,matched,ok,"영혼을 보는 변호사 (총 17화/미완결)
평점
9.6 | 이노안, 글쓰는문어 선 | 2026.06.03. | 총17화/미완결 | 8화 무료
아버지의 죽음을 목격한 날부터 고등학생 유현재는 귀신을 보게 되고, 또한 퇴마력도 가지게 된다.그리고, 수상한 존재 등장- 생전에 전교 1등이었던 ‘빨간눈’의 귀신과 유현재의 만남.""변호사가 되고 싶어. 도와줘""",thu,1,thu,1,wed,thu,True,thu,목,wed,thu,14065762_thu,pre_release,오늘 밤 10시 새 회차 공개 전 기준값 수집,28.1만,281000.0,https://series.naver.com/comic/detail.series?productNo=14065762,20260902_210450,wed,수,2026-09-02 21:04:50,2026-09-02,21:04:50,2026-09-02 21:10:32,2026-09-02 21:10:35,2.44,2026-09-02 21:10:35,2026-09-02,21:10:35,2026-09-02 21:20:09,919.53
thu,79,붉은 야차,돼지토끼,850110,https://comic.naver.com/webtoon/list?titleId=850110&tab=thu,14092507,붉은 야차,붉은 야차 (총 6화/미완결),총 6화/미완결,6.0,미완결,돼지토끼 새벽선,평점 8.1 | 돼지토끼 새벽선 | 2026.06.17. | 총6화/미완결 | 1화 무료,https://series.naver.com/comic/detail.series?productNo=14092507,matched,ok,"붉은 야차 (총 6화/미완결)
평점
8.1 | 돼지토끼 새벽선 | 2026.06.17. | 총6화/미완결 | 1화 무료
죽은 여동생의 복수를 하기도 전에 죽어버린 학폭 가해자들. 쓰레기들이 죽어서 갈 곳은 지옥밖에 없고, 주인공인 이성율은 그 지옥 끝까지 쫓아가 복수하기 위해 스스로 목숨을 끊는다.",thu,1,thu,1,wed,thu,True,thu,목,wed,thu,14092507_thu,pre_release,오늘 밤 10시 새 회차 공개 전 기준값 수집,13만,130000.0,https://series.naver.com/comic/detail.series?productNo=14092507,20260902_210450,wed,수,2026-09-02 21:04:50,2026-09-02,21:04:50,2026-09-02 21:10:36,2026-09-02 21:10:38,2.46,2026-09-02 21:10:38,2026-09-02,21:10:38,2026-09-02 21:20:09,919.53
thu,85,우리 아이는 외계인에게 납치됐어요,PiT,850212,https://comic.naver.com/webtoon/list?titleId=850212&tab=thu,14190803,우리 아이는 외계인에게 납치됐어요,우리 아이는 외계인에게 납치됐어요 (총 7화/미완결),총 7화/미완결,7.0,미완결,,,https://series.naver.com/comic/detail.series?productNo=14190803,matched,ok,"우리 아이는 외계인에게 납치됐어요 (총 7화/미완결)
평점
10.0 | PiT | 2026.06.03. | 총7화/미완결 | 2화 무료
늦은 밤 야산에서 발견된 여학생의 교복, 현장을 확인한 경찰은 강력 사건을 의심하며 실종자를 찾는다. 실종자는 천광중 2학년 천지윤, 그녀는 4년 전 실종 된 학교 선배, 인유진에 대해 조사하다 사라졌다. 형사들은 당시 인..",thu,1,thu,1,wed,thu,True,thu,목,wed,thu,14190803_thu,pre_release,오늘 밤 10시 새 회차 공개 전 기준값 수집,2.3만,23000.0,https://series.naver.com/comic/detail.series?productNo=14190803,20260902_210450,wed,수,2026-09-02 21:04:50,2026-09-02,21:04:50,2026-09-02 21:10:40,2026-09-02 21:10:42,1.98,2026-09-02 21:10:42,2026-09-02,21:10:42,2026-09-02 21:20:09,919.53
thu,88,오버워치: 하나된 마음,Sam King,850218,https://comic.naver.com/webtoon/list?titleId=850218&tab=thu,14104419,오버워치: 하나된 마음,오버워치: 하나된 마음 (총 19화/미완결),총 19화/미완결,19.0,미완결,,,https://series.naver.com/comic/detail.series?productNo=14104419,matched,ok,"오버워치: 하나된 마음 (총 19화/미완결)
평점
4.5 | Sam King Studio Hive | 2026.06.03. | 총19화/미완결 | 14화 무료
탈론이 워치포인트: 지브롤터를 습격한 이후, 오버워치의 영웅들은 처참한 패배의 쓴맛을 삼킵니다. 하지만 벤데타는 여기서 멈추지 않고 전 세계의 연구 시설, 군사 기지, 그리고 주요 도시들을 겨냥해 공격을 퍼붓습니다.소전..",thu,1,thu,1,wed,thu,True,thu,목,wed,thu,14104419_thu,pre_release,오늘 밤 10시 새 회차 공개 전 기준값 수집,4.9만,49000.0,https://series.naver.com/comic/detail.series?productNo=14104419,20260902_210450,wed,수,2026-09-02 21:04:50,2026-09-02,21:04:50,2026-09-02 21:10:42,2026-09-02 21:10:45,2.35,2026-09-02 21:10:45,2026-09-02,21:10:45,2026-09-02 21:20:09,919.53
thu,58,사회초년캣,잇선,850237,https://comic.naver.com/webtoon/list?titleId=850237&tab=thu,14110481,사회초년캣,사회초년캣 (총 15화/미완결),총 15화/미완결,15.0,미완결,,,https://series.naver.com/comic/detail.series?productNo=14110481,matched,ok,"사회초년캣 (총 15화/미완결)
평점
10.0 | 잇선 잇선 | 2026.06.05. | 총15화/미완결 | 10화 무료
냐냐냐냥 냐냐냐냐냥냐냐냥냐냐냥 냐냐냥 냐냐냥냐냐냥(인간 사회에 적응해 볼게요)","thu,sat",2,"thu,sat",2,"wed,fri","thu,sat",True,thu,목,wed,thu,14110481_thu,pre_release,오늘 밤 10시 새 회차 공개 전 기준값 수집,7.4만,74000.0,https://series.naver.com/comic/detail.series?productNo=14110481,20260902_210450,wed,수,2026-09-02 21:04:50,2026-09-02,21:04:50,2026-09-02 21:10:46,2026-09-02 21:10:49,2.29,2026-09-02 21:10:49,2026-09-02,21:10:49,2026-09-02 21:20:09,919.53
thu,101,이기적 동맹,구직신사,850248,https://comic.naver.com/webtoon/list?titleId=850248&tab=thu,14112225,이기적 동맹,이기적 동맹 (총 11화/미완결),총 11화/미완결,11.0,미완결,,,https://series.naver.com/comic/detail.series?productNo=14112225,matched,ok,"이기적 동맹 (총 11화/미완결)
평점
10.0 | 구직신사 구직신사 | 2026.06.03. | 총11화/미완결 | 7화 무료
수많은 '문'을 통해 서로 다른 이세계와 이어져 있는 특별한 세계 중심계.대천사의 명령으로 천계에서 파견된 천사 디즈는 불운한 직장 생활을 보내고 있다.그런 디즈에게 어느 날 운석처럼 떨어진 사고뭉치 마족 파상!이기적인..",thu,1,thu,1,wed,thu,True,thu,목,wed,thu,14112225_thu,pre_release,오늘 밤 10시 새 회차 공개 전 기준값 수집,1.7만,17000.0,https://series.naver.com/comic/detail.series?productNo=14112225,20260902_210450,wed,수,2026-09-02 21:04:50,2026-09-02,21:04:50,2026-09-02 21:10:50,2026-09-02 21:10:53,2.73,2026-09-02 21:10:53,2026-09-02,21:10:53,2026-09-02 21:20:09,919.53
thu,78,숨이 차도 괜찮아,황주영,850521,https://comic.naver.com/webtoon/list?titleId=850521&tab=thu,14138353,숨이 차도 괜찮아,숨이 차도 괜찮아 (총 6화/미완결),총 6화/미완결,6.0,미완결,황주영 황주영,평점 10.0 | 황주영 황주영 | 2026.06.24. | 총6화/미완결 | 1화 무료,https://series.naver.com/comic/detail.series?productNo=14138353,matched,ok,"숨이 차도 괜찮아 (총 6화/미완결)
평점
10.0 | 황주영 황주영 | 2026.06.24. | 총6화/미완결 | 1화 무료
취업에 실패한 29살 선우는 러닝을 통해 무너진 자신과 마주하고, 좌절과 부상을 넘어 마라톤과 인생 재도전에 나선다.",thu,1,thu,1,wed,thu,True,thu,목,wed,thu,14138353_thu,pre_release,오늘 밤 10시 새 회차 공개 전 기준값 수집,3.5만,35000.0,https://series.naver.com/comic/detail.series?productNo=14138353,20260902_210450,wed,수,2026-09-02 21:04:50,2026-09-02,21:04:50,2026-09-02 21:10:54,2026-09-02 21:10:56,2.06,2026-09-02 21:10:56,2026-09-02,21:10:56,2026-09-02 21:20:09,919.53
thu,53,애무지구,박지독,850666,https://comic.naver.com/webtoon/list?titleId=850666&tab=thu,14152360,애무지구,애무지구 (총 9화/미완결),총 9화/미완결,9.0,미완결,,,https://series.naver.com/comic/detail.series?productNo=14152360,matched,ok,"애무지구 (총 9화/미완결)
평점
7.6 | 박지독 | 2026.06.03. | 총9화/미완결 | 4화 무료
넓고 넓은 우주 어딘가 우리가 살고 있는 지구와 똑같은 모습을 한 또 다른 지구가 존재한다.그곳은 바로 애무지구. 애무지구의 인간들은 사랑을 하지 않는다. 이곳에서 사랑은 질병이며 사랑을 유발하는 모든 행위는 불법이다...",thu,1,thu,1,wed,thu,True,thu,목,wed,thu,14152360_thu,pre_release,오늘 밤 10시 새 회차 공개 전 기준값 수집,4.8만,48000.0,https://series.naver.com/comic/detail.series?productNo=14152360,20260902_210450,wed,수,2026-09-02 21:04:50,2026-09-02,21:04:50,2026-09-02 21:10:57,2026-09-02 21:11:00,2.29,2026-09-02 21:11:00,2026-09-02,21:11:00,2026-09-02 21:20:09,919.53
thu,30,같이 장볼래?,집손이,850928,https://comic.naver.com/webtoon/list?titleId=850928&tab=thu,14185733,같이 장볼래?,같이 장볼래? (총 10화/미완결),총 10화/미완결,10.0,미완결,,,https://series.naver.com/comic/detail.series?productNo=14185733,matched,ok,"같이 장볼래? (총 10화/미완결)
평점
10.0 | 집손이/이개 집손이/이개 | 2026.06.06. | 총10화/미완결 | 5화 무료
유통기한 임박 상품만 노리는 생활력 만렙 자취러 ‘양은’과, 모든 삶을 효율로 계산하는 미니멀리스트 ‘우석’. 1+1 딸기를 나눠산 그 날부터, 두 사람의 썸… 아니, 장보기가 시작된다!","thu,sun",2,"thu,sun",2,"wed,sat","thu,sun",True,thu,목,wed,thu,14185733_thu,pre_release,오늘 밤 10시 새 회차 공개 전 기준값 수집,33.7만,337000.0,https://series.naver.com/comic/detail.series?productNo=14185733,20260902_210450,wed,수,2026-09-02 21:04:50,2026-09-02,21:04:50,2026-09-02 21:11:01,2026-09-02 21:11:03,1.95,2026-09-02 21:11:03,2026-09-02,21:11:03,2026-09-02 21:20:09,919.53
thu,42,이레즈미 소개팅남,토깽이,850952,https://comic.naver.com/webtoon/list?titleId=850952&tab=thu,14190985,이레즈미 소개팅남,이레즈미 소개팅남 (총 10화/미완결),총 10화/미완결,10.0,미완결,,,https://series.naver.com/comic/detail.series?productNo=14190985,matched,ok,"이레즈미 소개팅남 (총 10화/미완결)
평점
10.0 | 토깽이 토깽이 | 2026.06.06. | 총10화/미완결 | 5화 무료
등장부터 심상치 않은 소개팅남이 나타났다!몸 이곳저곳에 보이는 문신이며 예상과 상식을 뛰어넘는 기상천외한 행동까지!소개팅으로 시작되는 두 남녀의 예측불가 유쾌발랄 로맨스","thu,sun",2,"thu,sun",2,"wed,sat","thu,sun",True,thu,목,wed,thu,14190985_thu,pre_release,오늘 밤 10시 새 회차 공개 전 기준값 수집,19.3만,193000.0,https://series.naver.com/comic/detail.series?productNo=14190985,20260902_210450,wed,수,2026-09-02 21:04:50,2026-09-02,21:04:50,2026-09-02 21:11:05,2026-09-02 21:11:07,2.61,2026-09-02 21:11:07,2026-09-02,21:11:07,2026-09-02 21:20:09,919.53
thu,66,간병동맹,안수민,850962,https://comic.naver.com/webtoon/list?titleId=850962&tab=thu,14193877,간병동맹,간병동맹 (총 6화/미완결),총 6화/미완결,6.0,미완결,,,https://series.naver.com/comic/detail.series?productNo=14193877,matched,ok,"간병동맹 (총 6화/미완결)
평점
10.0 | 안수민 안수민 | 2026.06.03. | 총6화/미완결 | 1화 무료
화려한 인싸 주원과 무뚝뚝한 아싸 한결. 남모를 아픔을 숨긴 채 이중생활을 하던 두 사람은 병원에서 뜻밖의 모습으로 마주치며 서로에게 유일한 위로가 되어간다. 서로의 비밀을 들킨 동시에 간병 동맹이 된 두 사람의 아슬아..",thu,1,thu,1,wed,thu,True,thu,목,wed,thu,14193877_thu,pre_release,오늘 밤 10시 새 회차 공개 전 기준값 수집,18.1만,181000.0,https://series.naver.com/comic/detail.series?productNo=14193877,20260902_210450,wed,수,2026-09-02 21:04:50,2026-09-02,21:04:50,2026-09-02 21:11:09,2026-09-02 21:11:11,2.47,2026-09-02 21:11:11,2026-09-02,21:11:11,2026-09-02 21:20:09,919.53
thu,21,무림사채왕,홍실,851610,https://comic.naver.com/webtoon/list?titleId=851610&tab=thu,14270649,무림사채왕,무림사채왕 (총 6화/미완결),총 6화/미완결,6.0,미완결,"살려주세요, 홍실 후란","평점 9.5 | 살려주세요, 홍실 후란 | 2026.06.17. | 총6화/미완결 | 2화 무료",https://series.naver.com/comic/detail.series?productNo=14270649,matched,ok,"무림사채왕 (총 6화/미완결)
평점
9.5 | 살려주세요, 홍실 후란 | 2026.06.17. | 총6화/미완결 | 2화 무료
검 한자루를 벼르는데도, 제자들을 먹이고 입히는데도 아니, 숨만쉬는데도 돈이 필요한 곳. 무림.돈이 필요한가? 신용등급이 떨어졌나? 그럼 대륙전장으로 오세요. 무담보 당일 대출 승인.갚을 돈이 없다고? 아. 걱정하지 마세요..",thu,1,thu,1,wed,thu,True,thu,목,wed,thu,14270649_thu,pre_release,오늘 밤 10시 새 회차 공개 전 기준값 수집,52.3만,523000.0,https://series.naver.com/comic/detail.series?productNo=14270649,20260902_210450,wed,수,2026-09-02 21:04:50,2026-09-02,21:04:50,2026-09-02 21:11:12,2026-09-02 21:11:15,2.67,2026-09-02 21:11:15,2026-09-02,21:11:15,2026-09-02 21:20:09,919.53
thu,75,이런 게 사랑일리 없어,강환영,851709,https://comic.naver.com/webtoon/list?titleId=851709&tab=thu,14304363,이런 게 사랑일리 없어,이런 게 사랑일리 없어 (총 6화/미완결),총 6화/미완결,6.0,미완결,0.0,0.0 | 강환영 강환영 | 2026.06.17. | 총6화/미완결 | 1화 무료,https://series.naver.com/comic/detail.series?productNo=14304363,matched,ok,"이런 게 사랑일리 없어 (총 6화/미완결)
0.0 | 강환영 강환영 | 2026.06.17. | 총6화/미완결 | 1화 무료
연애가 뻔하고 지루하다 느끼던 민하리는 어느 날 우연히 만난 서도하에게 순식간에 빠져든다. 다시는 연애하지 않겠다고 다짐했지만, 그 다짐마저 무너뜨릴 만큼 그는 완벽한 남자친구가 되어준다.하지만 함께하는 시간이 늘..",thu,1,thu,1,wed,thu,True,thu,목,wed,thu,14304363_thu,pre_release,오늘 밤 10시 새 회차 공개 전 기준값 수집,13.2만,132000.0,https://series.naver.com/comic/detail.series?productNo=14304363,20260902_210450,wed,수,2026-09-02 21:04:50,2026-09-02,21:04:50,2026-09-02 21:11:17,2026-09-02 21:11:19,1.88,2026-09-02 21:11:19,2026-09-02,21:11:19,2026-09-02 21:20:09,919.53
thu,57,호수의 백조,과일차,851866,https://comic.naver.com/webtoon/list?titleId=851866&tab=thu,14333001,호수의 백조,호수의 백조 (총 6화/미완결),총 6화/미완결,6.0,미완결,과일차 두긍,평점 9.3 | 과일차 두긍 | 2026.06.24. | 총6화/미완결 | 1화 무료,https://series.naver.com/comic/detail.series?productNo=14333001,matched,ok,"호수의 백조 (총 6화/미완결)
평점
9.3 | 과일차 두긍 | 2026.06.24. | 총6화/미완결 | 1화 무료
단언컨대, 제일 추악한 감정은 열등이다. 할머니는 평생 딸을 가지고 싶어했지만 딸도 손녀도 보지 못했다.손자이자, 현재 발레 학원의 원장인 호수원은 할머니의 이름을 팔아 살아왔다.할머니의 장례식장 유산을 위해 모인 가..",thu,1,thu,1,wed,thu,True,thu,목,wed,thu,14333001_thu,pre_release,오늘 밤 10시 새 회차 공개 전 기준값 수집,8.4만,84000.0,https://series.naver.com/comic/detail.series?productNo=14333001,20260902_210450,wed,수,2026-09-02 21:04:50,2026-09-02,21:04:50,2026-09-02 21:11:20,2026-09-02 21:11:22,2.46,2026-09-02 21:11:22,2026-09-02,21:11:22,2026-09-02 21:20:09,919.53
thu,89,좋은 하루 보내,한구,852274,https://comic.naver.com/webtoon/list?titleId=852274&tab=thu,14435188,좋은 하루 보내,좋은 하루 보내 (총 6화/미완결),총 6화/미완결,6.0,미완결,한구 한구,평점 10.0 | 한구 한구 | 2026.07.15. | 총6화/미완결 | 1화 무료,https://series.naver.com/comic/detail.series?productNo=14435188,matched,ok,"좋은 하루 보내 (총 6화/미완결)
평점
10.0 | 한구 한구 | 2026.07.15. | 총6화/미완결 | 1화 무료
전생의 죄로 인해 평생을 외롭게 살아갈 운명을 갖게 된 고등학생 '하루'. 가족도 친구도 없이 홀로 살아가던 하루에게 수상한 전학생이 찾아온다.친구가 없던 둘, 조금씩 가까워지려던 찰나 전학생은 자신의 비밀을 들켜버리고..",thu,1,thu,1,wed,thu,True,thu,목,wed,thu,14435188_thu,pre_release,오늘 밤 10시 새 회차 공개 전 기준값 수집,1.4만,14000.0,https://series.naver.com/comic/detail.series?productNo=14435188,20260902_210450,wed,수,2026-09-02 21:04:50,2026-09-02,21:04:50,2026-09-02 21:11:23,2026-09-02 21:11:25,1.97,2026-09-02 21:11:25,2026-09-02,21:11:25,2026-09-02 21:20:09,919.53
thu,6,럭키비치,,852498,https://comic.naver.com/webtoon/list?titleId=852498&tab=thu,14424733,럭키비치,럭키비치 (총 8화/미완결),총 8화/미완결,8.0,미완결,"MAJOR, 약수 약수","평점 10.0 | MAJOR, 약수 약수 | 2026.07.18. | 총8화/미완결 | 3화 무료",https://series.naver.com/comic/detail.series?productNo=14424733,review_needed,not_found,"럭키비치 (총 8화/미완결)
평점
10.0 | MAJOR, 약수 약수 | 2026.07.18. | 총8화/미완결 | 3화 무료
“그거 알아? 기는 놈 위에 나는 썅X 있는 거?”불우한 환경과 폐쇄적인 바닷가 촌에서 자라온 소녀 '정임'은,그칠줄 모르는 주변의 부조리와 권태 속에서 결국 폭발,퇴폐업을 하는 고모의 불경한 쌈짓돈을 훔쳐 서울로 상경한..","thu,sun",2,"thu,sun",2,"wed,sat","thu,sun",True,thu,목,wed,thu,14424733_thu,pre_release,오늘 밤 10시 새 회차 공개 전 기준값 수집,,,https://nid.naver.com/nidlogin.login?svctype=128&a_version=2&viewtype=1&url=http%3A%2F%2Fseries.naver.com%2Fcomic%2Fdetail.series%3FproductNo%3D14424733&surl=https%3A%2F%2Fseries.naver.com,20260902_210450,wed,수,2026-09-02 21:04:50,2026-09-02,21:04:50,2026-09-02 21:11:26,2026-09-02 21:11:43,16.36,2026-09-02 21:11:43,2026-09-02,21:11:43,2026-09-02 21:20:09,919.53
thu,39,화림신필,레다판다,852506,https://comic.naver.com/webtoon/list?titleId=852506&tab=thu,14425783,화림신필,화림신필 (총 6화/미완결),총 6화/미완결,6.0,미완결,레다판다 레다판다,평점 9.4 | 레다판다 레다판다 | 2026.08.05. | 총6화/미완결 | 1화 무료,https://series.naver.com/comic/detail.series?productNo=14425783,matched,ok,"화림신필 (총 6화/미완결)
평점
9.4 | 레다판다 레다판다 | 2026.08.05. | 총6화/미완결 | 1화 무료
노비 출신 ‘무영’은 일평생을 쌓아온 자신의 독창적인 그림을 소가주 ‘황휘’에게 빼앗긴 뒤 소가주의 그림을 훔쳤다는 누명까지 쓰게 된다. 무영은빼앗긴 자신의 정체성을 되찾기 위해 정파 기득권을 향한 복수를 다짐한..",thu,1,thu,1,wed,thu,True,thu,목,wed,thu,14425783_thu,pre_release,오늘 밤 10시 새 회차 공개 전 기준값 수집,10.4만,104000.0,https://series.naver.com/comic/detail.series?productNo=14425783,20260902_210450,wed,수,2026-09-02 21:04:50,2026-09-02,21:04:50,2026-09-02 21:11:44,2026-09-02 21:11:47,2.9,2026-09-02 21:11:47,2026-09-02,21:11:47,2026-09-02 21:20:09,919.53
thu,13,전직지존,KHJ,852845,https://comic.naver.com/webtoon/list?titleId=852845&tab=thu,14476102,전직지존,전직지존 (총 8화/미완결),총 8화/미완결,8.0,미완결,"KHJ, 장영훈 손민","평점 9.5 | KHJ, 장영훈 손민 | 2026.07.29. | 총8화/미완결 | 2화 무료",https://series.naver.com/comic/detail.series?productNo=14476102,matched,ok,"전직지존 (총 8화/미완결)
평점
9.5 | KHJ, 장영훈 손민 | 2026.07.29. | 총8화/미완결 | 2화 무료
천하제일인에서 이름뿐인 한직 관리로 추락한 백소천.무공도, 명예도 모두 잃었지만 그의 심지는 아직 꺾이지 않았으니...바닥에서부터 다시 시작한 전직지존이잃어버린 힘과 잊고 있던 시간을 되찾는다.가장 강했던 사내의 두 ..",thu,1,thu,1,wed,thu,True,thu,목,wed,thu,14476102_thu,pre_release,오늘 밤 10시 새 회차 공개 전 기준값 수집,88.6만,886000.0,https://series.naver.com/comic/detail.series?productNo=14476102,20260902_210450,wed,수,2026-09-02 21:04:50,2026-09-02,21:04:50,2026-09-02 21:11:48,2026-09-02 21:11:50,2.56,2026-09-02 21:11:50,2026-09-02,21:11:50,2026-09-02 21:20:09,919.53
thu,33,강남싱크,필원,852904,https://comic.naver.com/webtoon/list?titleId=852904&tab=thu,14484934,강남싱크,강남싱크 (총 6화/미완결),총 6화/미완결,6.0,미완결,필원 솔리,평점 9.3 | 필원 솔리 | 2026.07.22. | 총6화/미완결 | 2화 무료,https://series.naver.com/comic/detail.series?productNo=14484934,matched,ok,"강남싱크 (총 6화/미완결)
평점
9.3 | 필원 솔리 | 2026.07.22. | 총6화/미완결 | 2화 무료
대한민국 중심이 거대한 싱크홀로 변했다.무너지고 가라앉는 강남 한복판, 살아남기 위한 평범한 이들의 사투.",thu,1,thu,1,wed,thu,True,thu,목,wed,thu,14484934_thu,pre_release,오늘 밤 10시 새 회차 공개 전 기준값 수집,14.1만,141000.0,https://series.naver.com/comic/detail.series?productNo=14484934,20260902_210450,wed,수,2026-09-02 21:04:50,2026-09-02,21:04:50,2026-09-02 21:11:51,2026-09-02 21:11:54,2.71,2026-09-02 21:11:54,2026-09-02,21:11:54,2026-09-02 21:20:09,919.53
thu,12,홍은영의 이집트 신화,조수현,853034,https://comic.naver.com/webtoon/list?titleId=853034&tab=thu,14491201,홍은영의 이집트 신화,홍은영의 이집트 신화 (총 6화/미완결),총 6화/미완결,6.0,미완결,조수현 홍은영,평점 10.0 | 조수현 홍은영 | 2026.07.22. | 총6화/미완결 | 1화 무료,https://series.naver.com/comic/detail.series?productNo=14491201,matched,ok,"홍은영의 이집트 신화 (총 6화/미완결)
평점
10.0 | 조수현 홍은영 | 2026.07.22. | 총6화/미완결 | 1화 무료
살을 태우며 생명을 주는 태양과땅을 삼키고 생명을 실어 나르는 나일강 아래,이집트인들은 세상을 혼돈과 질서로 나누어 보았다.태양의 신 라는 혼돈을 죽여혼돈의 피 위에 질서를 세우지만피 위에 세워진 질서는라 스스로를..",thu,1,thu,1,wed,thu,True,thu,목,wed,thu,14491201_thu,pre_release,오늘 밤 10시 새 회차 공개 전 기준값 수집,10.4만,104000.0,https://series.naver.com/comic/detail.series?productNo=14491201,20260902_210450,wed,수,2026-09-02 21:04:50,2026-09-02,21:04:50,2026-09-02 21:11:55,2026-09-02 21:11:57,2.35,2026-09-02 21:11:57,2026-09-02,21:11:57,2026-09-02 21:20:09,919.53
thu,37,나의 죄,젤리피쉬,853249,https://comic.naver.com/webtoon/list?titleId=853249&tab=thu,14531451,나의 죄,나의 죄 (총 6화/미완결),총 6화/미완결,6.0,미완결,젤리피쉬 또각,평점 8.1 | 젤리피쉬 또각 | 2026.08.19. | 총6화/미완결 | 1화 무료,https://series.naver.com/comic/detail.series?productNo=14531451,matched,ok,"나의 죄 (총 6화/미완결)
평점
8.1 | 젤리피쉬 또각 | 2026.08.19. | 총6화/미완결 | 1화 무료
사고로 첫째 딸 나리를 구하고 뱃속의 아이를 잃은 소영. 사고 이후, 여덟 살 나리는 죽은 동생 흉내를 내기 시작한다.트라우마로 인한 퇴행일까, 정말 죽은 아이가 딸의 몸을 빌린 걸까. 딸을 의심할수록 엄마라면 절대 품어선 ..",thu,1,thu,1,wed,thu,True,thu,목,wed,thu,14531451_thu,pre_release,오늘 밤 10시 새 회차 공개 전 기준값 수집,4.7만,47000.0,https://series.naver.com/comic/detail.series?productNo=14531451,20260902_210450,wed,수,2026-09-02 21:04:50,2026-09-02,21:04:50,2026-09-02 21:11:59,2026-09-02 21:12:01,2.38,2026-09-02 21:12:01,2026-09-02,21:12:01,2026-09-02 21:20:09,919.53
thu,18,나의 경험,,853278,https://comic.naver.com/webtoon/list?titleId=853278&tab=thu,14532341,나의 경험,나의 경험 (총 6화/미완결),총 6화/미완결,6.0,미완결,윤박 윤박,평점 7.0 | 윤박 윤박 | 2026.08.12. | 총6화/미완결 | 1화 무료,https://series.naver.com/comic/detail.series?productNo=14532341,review_needed,not_found,"나의 경험 (총 6화/미완결)
평점
7.0 | 윤박 윤박 | 2026.08.12. | 총6화/미완결 | 1화 무료
살다 보면 한 번쯤 인연이 물밀듯 밀려 들어오는 순간들이 있다.별다를 것 없던 평범한 스무 살 재우의 일상에도예상치 못한 만남이 하나둘 찾아오기 시작한다.서툴지만 사랑만큼은 누구보다 진심인 재우는 믿는다.이번만큼은 ..",thu,1,thu,1,wed,thu,True,thu,목,wed,thu,14532341_thu,pre_release,오늘 밤 10시 새 회차 공개 전 기준값 수집,,,https://nid.naver.com/nidlogin.login?svctype=128&a_version=2&viewtype=1&url=http%3A%2F%2Fseries.naver.com%2Fcomic%2Fdetail.series%3FproductNo%3D14532341&surl=https%3A%2F%2Fseries.naver.com,20260902_210450,wed,수,2026-09-02 21:04:50,2026-09-02,21:04:50,2026-09-02 21:12:02,2026-09-02 21:12:17,14.83,2026-09-02 21:12:17,2026-09-02,21:12:17,2026-09-02 21:20:09,919.53
thu,35,까맣지만 새하얀,최준영,854126,https://comic.naver.com/webtoon/list?titleId=854126&tab=thu,14626063,까맣지만 새하얀,까맣지만 새하얀 (총 6화/미완결),총 6화/미완결,6.0,미완결,최준영 망품,평점 10.0 | 최준영 망품 | 2026.08.26. | 총6화/미완결 | 1화 무료,https://series.naver.com/comic/detail.series?productNo=14626063,matched,ok,"까맣지만 새하얀 (총 6화/미완결)
평점
10.0 | 최준영 망품 | 2026.08.26. | 총6화/미완결 | 1화 무료
중학교 3학년 김민희방학 동안 까맣게 타버린 짝꿍 새하얀에게 자꾸만 시선을 빼앗기는데,무더운 여름 남은 2학기는 과연 평소와 같을까?",thu,1,thu,1,wed,thu,True,thu,목,wed,thu,14626063_thu,pre_release,오늘 밤 10시 새 회차 공개 전 기준값 수집,4.1만,41000.0,https://series.naver.com/comic/detail.series?productNo=14626063,20260902_210450,wed,수,2026-09-02 21:04:50,2026-09-02,21:04:50,2026-09-02 21:12:19,2026-09-02 21:12:23,4.06,2026-09-02 21:12:23,2026-09-02,21:12:23,2026-09-02 21:20:09,919.53
thu,72,개는 헤엄치는 꿈을 꾼다,권,854250,https://comic.naver.com/webtoon/list?titleId=854250&tab=thu,14635769,개는 헤엄치는 꿈을 꾼다,개는 헤엄치는 꿈을 꾼다 (총 6화/미완결),총 6화/미완결,6.0,미완결,"권, 이세미 경타","평점 9.7 | 권, 이세미 경타 | 2026.08.26. | 총6화/미완결 | 1화 무료",https://series.naver.com/comic/detail.series?productNo=14635769,matched,ok,"개는 헤엄치는 꿈을 꾼다 (총 6화/미완결)
평점
9.7 | 권, 이세미 경타 | 2026.08.26. | 총6화/미완결 | 1화 무료
“그럼 나랑 일 하나 해요. 가리지 말고.”매미 소리가 기승을 부리던 여름, 여은의 일상이 완벽하게 흔들린다.빚만 떠넘기던 엄마가 두고 간 7살짜리 동생,그리고 엄마의 교통사고 소식과 함께 찾아온 의문의 남자, 기승도.무채..",thu,1,thu,1,wed,thu,True,thu,목,wed,thu,14635769_thu,pre_release,오늘 밤 10시 새 회차 공개 전 기준값 수집,2만,20000.0,https://series.naver.com/comic/detail.series?productNo=14635769,20260902_210450,wed,수,2026-09-02 21:04:50,2026-09-02,21:04:50,2026-09-02 21:12:24,2026-09-02 21:12:27,2.67,2026-09-02 21:12:27,2026-09-02,21:12:27,2026-09-02 21:20:09,919.53
wed,48,칼부림,고일권,602916,https://comic.naver.com/webtoon/list?titleId=602916&tab=wed,2182125,칼부림,칼부림 (총 513화/미완결),총 513화/미완결,513.0,미완결,,,https://series.naver.com/comic/detail.series?productNo=2182125,matched,ok,"칼부림 (총 513화/미완결)
평점
10.0 | 고일권 고일권 | 2026.06.03. | 총513화/미완결 | 511화 무료
임진왜란의 아픔이 채 가시지 않은 17세기 초 조선, 인조반정에 혁혁한 공을 세운 이괄은 북방의 변고를 대비하고자 팔도부원수 겸 평안도병마절도사에 제수받고 영변으로 떠난다.그의 휘하에는 출중한 젊은 무사,주인공 함이..",wed,1,wed,1,tue,wed,True,wed,수,tue,wed,2182125_wed,post_24h,어제 밤 10시 공개 이후 증가분 확인용 수집,168.8만,1688000.0,https://series.naver.com/comic/detail.series?productNo=2182125,20260902_210450,wed,수,2026-09-02 21:04:50,2026-09-02,21:04:50,2026-09-02 21:12:28,2026-09-02 21:12:31,2.74,2026-09-02 21:12:31,2026-09-02,21:12:31,2026-09-02 21:20:09,919.53
wed,67,언덕 위의 제임스,쿠당탕,671421,https://comic.naver.com/webtoon/list?titleId=671421&tab=wed,2735810,언덕 위의 제임스,언덕 위의 제임스 (총 544화/미완결),총 544화/미완결,544.0,미완결,,,https://series.naver.com/comic/detail.series?productNo=2735810,matched,ok,"언덕 위의 제임스 (총 544화/미완결)
평점
9.9 | 쿠당탕 쿠당탕 | 2026.06.02. | 총544화/미완결 | 541화 무료
제임스들이 펼치는 코믹 막장 에피소드!지금 전세계의 제임스들이 몰려온다",wed,1,wed,1,tue,wed,True,wed,수,tue,wed,2735810_wed,post_24h,어제 밤 10시 공개 이후 증가분 확인용 수집,432.6만,4326000.0,https://series.naver.com/comic/detail.series?productNo=2735810,20260902_210450,wed,수,2026-09-02 21:04:50,2026-09-02,21:04:50,2026-09-02 21:12:33,2026-09-02 21:12:35,2.75,2026-09-02 21:12:35,2026-09-02,21:12:35,2026-09-02 21:20:09,919.53
wed,7,일렉시드,손제호,717481,https://comic.naver.com/webtoon/list?titleId=717481&tab=wed,3673359,일렉시드,일렉시드 (총 404화/미완결),총 404화/미완결,404.0,미완결,,,https://series.naver.com/comic/detail.series?productNo=3673359,matched,ok,"일렉시드 (총 404화/미완결)
평점
9.9 | 손제호 제나 | 2026.06.02. | 총404화/미완결 | 399화 무료
<노블레스> 손제호 작가와 <소녀더와일즈> 제나 작가가 만났다!고양이 몸에 깃든 각성자 카이든과 각성능력을 숨겨온 고등학생 지우 러블리 2인조의 액션 판타지",wed,1,wed,1,tue,wed,True,wed,수,tue,wed,3673359_wed,post_24h,어제 밤 10시 공개 이후 증가분 확인용 수집,"8,123만",81230000.0,https://series.naver.com/comic/detail.series?productNo=3673359,20260902_210450,wed,수,2026-09-02 21:04:50,2026-09-02,21:04:50,2026-09-02 21:12:37,2026-09-02 21:12:39,2.0,2026-09-02 21:12:39,2026-09-02,21:12:39,2026-09-02 21:20:09,919.53
wed,14,미래의 골동품 가게,구아진,742105,https://comic.naver.com/webtoon/list?titleId=742105&tab=wed,4913045,미래의 골동품 가게[독점],미래의 골동품 가게[독점] (총 266화/미완결),총 266화/미완결,266.0,미완결,,,https://series.naver.com/comic/detail.series?productNo=4913045,matched,ok,"미래의 골동품 가게[독점] (총 266화/미완결)
평점
9.9 | 구아진 구아진 | 2026.06.02. | 총266화/미완결 | 261화 무료
저주를 풀기 위한 단 한 가지의 방법. 소중한 것들을 지키기 위한 기묘한 소녀의 퇴마가 시작된다.",wed,1,wed,1,tue,wed,True,wed,수,tue,wed,4913045_wed,post_24h,어제 밤 10시 공개 이후 증가분 확인용 수집,"1,317만",13170000.0,https://series.naver.com/comic/detail.series?productNo=4913045,20260902_210450,wed,수,2026-09-02 21:04:50,2026-09-02,21:04:50,2026-09-02 21:12:40,2026-09-02 21:12:43,2.73,2026-09-02 21:12:43,2026-09-02,21:12:43,2026-09-02 21:20:09,919.53
wed,22,나쁜사람,둠스,750184,https://comic.naver.com/webtoon/list?titleId=750184&tab=wed,5371686,나쁜사람,나쁜사람 (총 308화/미완결),총 308화/미완결,308.0,미완결,,,https://series.naver.com/comic/detail.series?productNo=5371686,matched,ok,"나쁜사람 (총 308화/미완결)
평점
9.7 | 둠스 둠스 | 2026.06.02. | 총308화/미완결 | 305화 무료
착한 남자가 좋다는 그녀의 이상형이 되기 위해 10년 동안 노력했다. 그런데! 갑자기 나쁜 남자가 좋다는 그녀...오늘부터 난... 나쁜 남자로 다시 태어난다.",wed,1,wed,1,tue,wed,True,wed,수,tue,wed,5371686_wed,post_24h,어제 밤 10시 공개 이후 증가분 확인용 수집,"3,436만",34360000.0,https://series.naver.com/comic/detail.series?productNo=5371686,20260902_210450,wed,수,2026-09-02 21:04:50,2026-09-02,21:04:50,2026-09-02 21:12:44,2026-09-02 21:12:47,2.22,2026-09-02 21:12:47,2026-09-02,21:12:47,2026-09-02 21:20:09,919.53
wed,68,하렘의 남자들,히어리,760001,https://comic.naver.com/webtoon/list?titleId=760001&tab=wed,5677625,하렘의 남자들[독점],하렘의 남자들[독점] (총 209화/미완결),총 209화/미완결,209.0,미완결,히어리 라닌,평점 9.8 | 히어리 라닌 | 2026.06.16. | 총209화/미완결 | 204화 무료,https://series.naver.com/comic/detail.series?productNo=5677625,matched,ok,"하렘의 남자들[독점] (총 209화/미완결)
평점
9.8 | 히어리 라닌 | 2026.06.16. | 총209화/미완결 | 204화 무료
""경들의 말이 옳아.그래서 우선 후궁을 들일까 해.시작은 한, 다섯 정도?""여황제, 제국 최초의 하렘을 선언하다!",wed,1,wed,1,tue,wed,True,wed,수,tue,wed,5677625_wed,post_24h,어제 밤 10시 공개 이후 증가분 확인용 수집,791.2만,7912000.0,https://series.naver.com/comic/detail.series?productNo=5677625,20260902_210450,wed,수,2026-09-02 21:04:50,2026-09-02,21:04:50,2026-09-02 21:12:48,2026-09-02 21:12:51,2.98,2026-09-02 21:12:51,2026-09-02,21:12:51,2026-09-02 21:20:09,919.53
wed,1,화산귀환,ARCHE,769209,https://comic.naver.com/webtoon/list?titleId=769209&tab=wed,6030941,화산귀환[독점],화산귀환[독점] (총 171화/미완결),총 171화/미완결,171.0,미완결,,,https://series.naver.com/comic/detail.series?productNo=6030941,matched,ok,"화산귀환[독점] (총 171화/미완결)
평점
9.9 | 비가 ARCHE, LICO | 2026.06.02. | 총171화/미완결 | 166화 무료
대 화산파 13대 제자. 천하삼대검수 매화검존 청명. 천하를 혼란에 빠뜨린 고금제일마 천마의 목을 치고 십만대산의 정상에서 영면. 백 년의 시간을 뛰어넘어 아이의 몸으로 다시 살아나다.......뭐? 화산이 망해? 이게 뭔 개소리..",wed,1,wed,1,tue,wed,True,wed,수,tue,wed,6030941_wed,post_24h,어제 밤 10시 공개 이후 증가분 확인용 수집,1억 406만,100000000.0,https://series.naver.com/comic/detail.series?productNo=6030941,20260902_210450,wed,수,2026-09-02 21:04:50,2026-09-02,21:04:50,2026-09-02 21:12:53,2026-09-02 21:12:55,1.68,2026-09-02 21:12:55,2026-09-02,21:12:55,2026-09-02 21:20:09,919.53
wed,92,반짝반짝 작은 눈,억수씨,772729,https://comic.naver.com/webtoon/list?titleId=772729&tab=wed,6247395,반짝반짝 작은 눈,반짝반짝 작은 눈 (총 110화/미완결),총 110화/미완결,110.0,미완결,억수씨 억수씨,평점 10.0 | 억수씨 억수씨 | 2024.04.24. | 총110화/미완결 | 전화 무료,https://series.naver.com/comic/detail.series?productNo=6247395,matched,ok,"반짝반짝 작은 눈 (총 110화/미완결)
평점
10.0 | 억수씨 억수씨 | 2024.04.24. | 총110화/미완결 | 전화 무료
신참 주민센터 공무원의 Vlog 같은 일상에 마법사가 나타나 전입신고를 요청하는 상황이 끼얹어진다면? 천재적인 신체능력을 가졌지만 감정적으로는 미성숙한 주민센터 공무원, 한윤의(28, 여). 그녀는 우연히 마법세계에서 ..",wed,1,wed,1,tue,wed,True,wed,수,tue,wed,6247395_wed,post_24h,어제 밤 10시 공개 이후 증가분 확인용 수집,17.3만,173000.0,https://series.naver.com/comic/detail.series?productNo=6247395,20260902_210450,wed,수,2026-09-02 21:04:50,2026-09-02,21:04:50,2026-09-02 21:12:55,2026-09-02 21:12:58,2.92,2026-09-02 21:12:58,2026-09-02,21:12:58,2026-09-02 21:20:09,919.53
wed,11,66666년 만에 환생한 흑마법사,모도,775141,https://comic.naver.com/webtoon/list?titleId=775141&tab=wed,6321992,66666년 만에 환생한 흑마법사 [독점],66666년 만에 환생한 흑마법사 [독점] (총 188화/미완결),총 188화/미완결,188.0,미완결,,,https://series.naver.com/comic/detail.series?productNo=6321992,matched,ok,"66666년 만에 환생한 흑마법사 [독점] (총 188화/미완결)
평점
9.9 | 모도, 박지헌 백세 | 2026.06.02. | 총188화/미완결 | 183화 무료
지고의 흑마법사 디아블로 볼피르, 12신의 봉인을 뚫고 환생하다! ""응애!"" 웰턴 백작의 갓 태어난 장남으로. ⓒJC미디어타이틀 로고 디자인_디자인그룹 헌드레드, 카푸",wed,1,wed,1,tue,wed,True,wed,수,tue,wed,6321992_wed,post_24h,어제 밤 10시 공개 이후 증가분 확인용 수집,"2,544만",25440000.0,https://series.naver.com/comic/detail.series?productNo=6321992,20260902_210450,wed,수,2026-09-02 21:04:50,2026-09-02,21:04:50,2026-09-02 21:13:00,2026-09-02 21:13:02,2.07,2026-09-02 21:13:02,2026-09-02,21:13:02,2026-09-02 21:20:09,919.53
wed,44,두 번 사는 프로듀서,여로운,780253,https://comic.naver.com/webtoon/list?titleId=780253&tab=wed,6603510,두 번 사는 프로듀서 [독점],두 번 사는 프로듀서 [독점] (총 249화/미완결),총 249화/미완결,249.0,미완결,,,https://series.naver.com/comic/detail.series?productNo=6603510,matched,ok,"두 번 사는 프로듀서 [독점] (총 249화/미완결)
평점
9.3 | 왕십리글쟁이 여로운 | 2026.06.02. | 총249화/미완결 | 244화 무료
“어, 미안. 근데 먼저 한 사람이 임자 아니야? 방송계가 원래 그런 거잖아.”꿈을 가지고 패기 있게 방송국에 입사했지만,쓰레기 같은 선배를 만나 10년 동안 모든 걸 빼앗기기만 한 준수.뼈저리게 후회하고 이를 갈았지만, 바..",wed,1,wed,1,tue,wed,True,wed,수,tue,wed,6603510_wed,post_24h,어제 밤 10시 공개 이후 증가분 확인용 수집,735.6만,7356000.0,https://series.naver.com/comic/detail.series?productNo=6603510,20260902_210450,wed,수,2026-09-02 21:04:50,2026-09-02,21:04:50,2026-09-02 21:13:03,2026-09-02 21:13:05,1.97,2026-09-02 21:13:05,2026-09-02,21:13:05,2026-09-02 21:20:09,919.53
wed,93,멸종위기종인간,사하라,791892,https://comic.naver.com/webtoon/list?titleId=791892&tab=wed,8298214,멸종위기종인간,멸종위기종인간 (총 179화/미완결),총 179화/미완결,179.0,미완결,,,https://series.naver.com/comic/detail.series?productNo=8298214,matched,ok,"멸종위기종인간 (총 179화/미완결)
평점
9.2 | 사하라 사하라 | 2026.06.02. | 총179화/미완결 | 178화 무료
로또, 짝사랑, 무병장수, 초능력, 저주, 지구멸망...어느날 갑자기 이 모든 소원이 이루어지자지구는 쑥대밭이 되고 멸종위기에 몰린 인간들의 유일한 희망은 초능력을 얻게된 극소수의 사람들이 되었다.",wed,1,wed,1,tue,wed,True,wed,수,tue,wed,8298214_wed,post_24h,어제 밤 10시 공개 이후 증가분 확인용 수집,47.8만,478000.0,https://series.naver.com/comic/detail.series?productNo=8298214,20260902_210450,wed,수,2026-09-02 21:04:50,2026-09-02,21:04:50,2026-09-02 21:13:06,2026-09-02 21:13:09,2.46,2026-09-02 21:13:09,2026-09-02,21:13:09,2026-09-02 21:20:09,919.53
wed,6,운명을 보는 회사원,영완(映完),797443,https://comic.naver.com/webtoon/list?titleId=797443&tab=wed,8655645,운명을 보는 회사원 [독점],운명을 보는 회사원 [독점] (총 181화/미완결),총 181화/미완결,181.0,미완결,,,https://series.naver.com/comic/detail.series?productNo=8655645,matched,ok,"운명을 보는 회사원 [독점] (총 181화/미완결)
평점
9.9 | 영완(映完) 임성욱 | 2026.06.02. | 총181화/미완결 | 176화 무료
무당이 되어 세상을 어지럽힐 팔자를 타고난 아이. 욕심을 버리고 신을 받지 않기 위해 평범한 회사원이 되려 한다. 관상과 사주로 운명을 꿰뚫어 보는 최영훈. 과연 평범한 회사원이 될 수 있을까?",wed,1,wed,1,tue,wed,True,wed,수,tue,wed,8655645_wed,post_24h,어제 밤 10시 공개 이후 증가분 확인용 수집,"1,389만",13890000.0,https://series.naver.com/comic/detail.series?productNo=8655645,20260902_210450,wed,수,2026-09-02 21:04:50,2026-09-02,21:04:50,2026-09-02 21:13:10,2026-09-02 21:13:13,2.83,2026-09-02 21:13:13,2026-09-02,21:13:13,2026-09-02 21:20:09,919.53
wed,66,용한소녀,올소,803891,https://comic.naver.com/webtoon/list?titleId=803891&tab=wed,9202292,용한소녀,용한소녀 (총 103화/미완결),총 103화/미완결,103.0,미완결,,,https://series.naver.com/comic/detail.series?productNo=9202292,matched,ok,"용한소녀 (총 103화/미완결)
평점
10.0 | 올소 올소 | 2026.06.02. | 총103화/미완결 | 100화 무료
열여덟살이 결혼은 무슨 결혼이야!정략결혼을 피해 용궁에서 지상으로 도망친 용왕의 딸 김용만은성공을 목표로 전교 1등의 꿈을 품고 고등학교에 입학한다.그런데 용만의 옆자리인 전교 1등, 심해수는 라이벌의 등장이 달갑..",wed,1,wed,1,tue,wed,True,wed,수,tue,wed,9202292_wed,post_24h,어제 밤 10시 공개 이후 증가분 확인용 수집,151.9만,1519000.0,https://series.naver.com/comic/detail.series?productNo=9202292,20260902_210450,wed,수,2026-09-02 21:04:50,2026-09-02,21:04:50,2026-09-02 21:13:14,2026-09-02 21:13:16,2.37,2026-09-02 21:13:16,2026-09-02,21:13:16,2026-09-02 21:20:09,919.53
wed,10,백XX,병장,804862,https://comic.naver.com/webtoon/list?titleId=804862&tab=wed,9279492,백XX,백XX (총 182화/미완결),총 182화/미완결,182.0,미완결,,,https://series.naver.com/comic/detail.series?productNo=9279492,matched,ok,"백XX (총 182화/미완결)
평점
9.5 | 박만사, 병장 펀치킥 | 2026.06.02. | 총182화/미완결 | 177화 무료
정보사(HID) 요원 '백이수'와 범죄 조직의 보스인 쌍둥이 형 '백도경'.같은 얼굴 다른 삶을 살아온 쌍둥이 형제. 조직에 배신당한 동생은 자신의 신분을 버리고 형이 되기로 한다.정보사요원, 범죄 조직의 보스가 되다...!",wed,1,wed,1,tue,wed,True,wed,수,tue,wed,9279492_wed,post_24h,어제 밤 10시 공개 이후 증가분 확인용 수집,"2,241만",22410000.0,https://series.naver.com/comic/detail.series?productNo=9279492,20260902_210450,wed,수,2026-09-02 21:04:50,2026-09-02,21:04:50,2026-09-02 21:13:18,2026-09-02 21:13:20,2.15,2026-09-02 21:13:20,2026-09-02,21:13:20,2026-09-02 21:20:09,919.53
wed,19,왕따가 격투기를 너무 잘함,김꿀빨,806888,https://comic.naver.com/webtoon/list?titleId=806888&tab=wed,9452518,왕따가 격투기를 너무 잘함,왕따가 격투기를 너무 잘함 (총 176화/미완결),총 176화/미완결,176.0,미완결,,,https://series.naver.com/comic/detail.series?productNo=9452518,matched,ok,"왕따가 격투기를 너무 잘함 (총 176화/미완결)
평점
9.9 | 박만사, 김꿀빨 김꿀빨 | 2026.06.02. | 총176화/미완결 | 171화 무료
종합격투기 선수 차무결은 장회장의 꼬임에 넘어가 무체급 격투기를 하던중 식물인간이 된다. 이후 장회장의 이미지 쇄신용으로이용당하는 차무결. 결국 죽게되는 그는 동명의 고등학생 차무결의 몸에 빙의된다.내구도 s급의 ..",wed,1,wed,1,tue,wed,True,wed,수,tue,wed,9452518_wed,post_24h,어제 밤 10시 공개 이후 증가분 확인용 수집,"1,428만",14280000.0,https://series.naver.com/comic/detail.series?productNo=9452518,20260902_210450,wed,수,2026-09-02 21:04:50,2026-09-02,21:04:50,2026-09-02 21:13:22,2026-09-02 21:13:24,2.06,2026-09-02 21:13:24,2026-09-02,21:13:24,2026-09-02 21:20:09,919.53
wed,13,중간에서 만나,조흰,808455,https://comic.naver.com/webtoon/list?titleId=808455&tab=wed,9674660,중간에서 만나,중간에서 만나 (총 127화/미완결),총 127화/미완결,127.0,미완결,,,https://series.naver.com/comic/detail.series?productNo=9674660,matched,ok,"중간에서 만나 (총 127화/미완결)
평점
10.0 | 조흰 윤김 | 2026.05.26. | 총127화/미완결 | 122화 무료
""내가 재밌게 해줄 수 있는데.""서른 살, 노잼 인생을 살고 있는 여름 앞에어느 날 나타난 미스테리 연하남!앞뒤 가리지 않고 직진하는 모습이 그저 귀엽다가도, 어딘가 세하고 어딘가 집착적인데? 대체 너 나한테 원하는 게 뭐..",wed,1,wed,1,tue,wed,True,wed,수,tue,wed,9674660_wed,post_24h,어제 밤 10시 공개 이후 증가분 확인용 수집,943.5만,9435000.0,https://series.naver.com/comic/detail.series?productNo=9674660,20260902_210450,wed,수,2026-09-02 21:04:50,2026-09-02,21:04:50,2026-09-02 21:13:25,2026-09-02 21:13:27,2.22,2026-09-02 21:13:27,2026-09-02,21:13:27,2026-09-02 21:20:09,919.53
wed,54,마님이네 미국 시골집 이야기,마님,814048,https://comic.naver.com/webtoon/list?titleId=814048&tab=wed,10056128,마님이네 미국 시골집 이야기,마님이네 미국 시골집 이야기 (총 288화/미완결),총 288화/미완결,288.0,미완결,,,https://series.naver.com/comic/detail.series?productNo=10056128,matched,ok,"마님이네 미국 시골집 이야기 (총 288화/미완결)
평점
8.9 | 마님 마님 | 2026.06.05. | 총288화/미완결 | 285화 무료
마님♡올리버쌤♡체리 가족이 찾아왔습니다!미국 남자 올리버와, 토종 한국인 마님, 그리고 사랑스러운 딸 체리와 다섯 마리 반려 동물까지.하루종일 육아하고 털 청소하느라 바쁘지만, 그래도 하하 호호 행복한 미국 시골집 ..","wed,sat",2,"wed,sat",2,"tue,fri","wed,sat",True,wed,수,tue,wed,10056128_wed,post_24h,어제 밤 10시 공개 이후 증가분 확인용 수집,75.5만,755000.0,https://series.naver.com/comic/detail.series?productNo=10056128,20260902_210450,wed,수,2026-09-02 21:04:50,2026-09-02,21:04:50,2026-09-02 21:13:28,2026-09-02 21:13:31,2.13,2026-09-02 21:13:31,2026-09-02,21:13:31,2026-09-02 21:20:09,919.53
wed,33,강철을 먹는 플레이어,황동,814421,https://comic.naver.com/webtoon/list?titleId=814421&tab=wed,10089767,강철을 먹는 플레이어,강철을 먹는 플레이어 (총 96화/미완결),총 96화/미완결,96.0,미완결,,,https://series.naver.com/comic/detail.series?productNo=10089767,matched,ok,"강철을 먹는 플레이어 (총 96화/미완결)
평점
9.5 | 감독9, 지점장 감독9 | 2026.06.02. | 총96화/미완결 | 93화 무료
강철대제 이현욱, 인류의 마지막 구원자인 그가 죽었다. 미래를 바꾸기 위해 그가 회귀한 곳은… 군대?!!왜 하필 여기냐고!” 복수를 위해 특급 성장하는 이현욱 상병의 강철 먹방이 시작된다!",wed,1,wed,1,tue,wed,True,wed,수,tue,wed,10089767_wed,post_24h,어제 밤 10시 공개 이후 증가분 확인용 수집,432.5만,4325000.0,https://series.naver.com/comic/detail.series?productNo=10089767,20260902_210450,wed,수,2026-09-02 21:04:50,2026-09-02,21:04:50,2026-09-02 21:13:32,2026-09-02 21:13:35,2.74,2026-09-02 21:13:35,2026-09-02,21:13:35,2026-09-02 21:20:09,919.53
wed,47,수인 보호소에서 남주를 입양해 버렸다,유지별이,814599,https://comic.naver.com/webtoon/list?titleId=814599&tab=wed,10114626,수인 보호소에서 남주를 입양해 버렸다,수인 보호소에서 남주를 입양해 버렸다 (총 121화/미완결),총 121화/미완결,121.0,미완결,,,https://series.naver.com/comic/detail.series?productNo=10114626,matched,ok,"수인 보호소에서 남주를 입양해 버렸다 (총 121화/미완결)
평점
10.0 | 설단희 유지별이 | 2026.06.02. | 총121화/미완결 | 118화 무료
피폐삽질 소설의 시에나 로베트라는 악녀에 빙의했다. 돌연변이라는 이유로 표범 가문에서 버려져 수인 보호소에 온 남주를 괴롭히다, 뒤늦게 아들을 찾아온 공작에 의해 단명하는 역. 어떻게든 살아보겠다고 팔불출 아빠를 설..",wed,1,wed,1,tue,wed,True,wed,수,tue,wed,10114626_wed,post_24h,어제 밤 10시 공개 이후 증가분 확인용 수집,328.1만,3281000.0,https://series.naver.com/comic/detail.series?productNo=10114626,20260902_210450,wed,수,2026-09-02 21:04:50,2026-09-02,21:04:50,2026-09-02 21:13:36,2026-09-02 21:13:38,2.42,2026-09-02 21:13:38,2026-09-02,21:13:38,2026-09-02 21:20:09,919.53
wed,2,별을 품은 소드마스터,홍대의,816809,https://comic.naver.com/webtoon/list?titleId=816809&tab=wed,10180561,별을 품은 소드마스터,별을 품은 소드마스터 (총 125화/미완결),총 125화/미완결,125.0,미완결,,,https://series.naver.com/comic/detail.series?productNo=10180561,matched,ok,"별을 품은 소드마스터 (총 125화/미완결)
평점
10.0 | Q10, 홍대의 주노 | 2026.06.02. | 총125화/미완결 | 120화 무료
기사를 동경하는 슬럼가의 부랑아 블라드.검은 벼락을 맞는 사고 이후부터 들리기 시작한 누군가의 목소리와,어느 날 갑자기 등장한 푸른 달빛의 기사가 블라드의 세계를 산산조각내면서뒷골목 소년의 삶이 송두리째 변하기 ..",wed,1,wed,1,tue,wed,True,wed,수,tue,wed,10180561_wed,post_24h,어제 밤 10시 공개 이후 증가분 확인용 수집,"1,984만",19840000.0,https://series.naver.com/comic/detail.series?productNo=10180561,20260902_210450,wed,수,2026-09-02 21:04:50,2026-09-02,21:04:50,2026-09-02 21:13:40,2026-09-02 21:13:42,1.95,2026-09-02 21:13:42,2026-09-02,21:13:42,2026-09-02 21:20:09,919.53
mon,30,어린이집 다니는 구나,구나,817945,https://comic.naver.com/webtoon/list?titleId=817945&tab=mon,10301137,어린이집 다니는 구나,어린이집 다니는 구나 (총 187화/미완결),총 187화/미완결,187.0,미완결,,,https://series.naver.com/comic/detail.series?productNo=10301137,matched,ok,"어린이집 다니는 구나 (총 187화/미완결)
평점
10.0 | 구나 구나 | 2026.06.07. | 총187화/미완결 | 181화 무료
""노는 게 제일 좋아!"" 라고 했더니 정말 노는 게 직업이 됐다?! 매일 동심의 세계로 출퇴근한지 어쩌다 10년째!아이들이라면 알 만큼 안다고 생각했는데... 예측불가한 말과 행동들은 여전히 새롭기만 하다. 그런 아이들에게 언제..","mon,wed",2,"mon,wed",2,"sun,tue","mon,wed",True,wed,수,tue,wed,10301137_wed,post_24h,어제 밤 10시 공개 이후 증가분 확인용 수집,209.8만,2098000.0,https://series.naver.com/comic/detail.series?productNo=10301137,20260902_210450,wed,수,2026-09-02 21:04:50,2026-09-02,21:04:50,2026-09-02 21:13:43,2026-09-02 21:13:46,2.68,2026-09-02 21:13:46,2026-09-02,21:13:46,2026-09-02 21:20:09,919.53
wed,16,어느 마법사의 식당,차씨,818888,https://comic.naver.com/webtoon/list?titleId=818888&tab=wed,10440189,어느 마법사의 식당,어느 마법사의 식당 (총 136화/미완결),총 136화/미완결,136.0,미완결,,,https://series.naver.com/comic/detail.series?productNo=10440189,matched,ok,"어느 마법사의 식당 (총 136화/미완결)
평점
9.9 | 차씨 INUS | 2026.06.02. | 총136화/미완결 | 130화 무료
요리사를 꿈꾸던 내가 사고로 이세계에 떨어졌다. 몬스터와 마법이 넘쳐나는 판타지 세계이지만 여기라고 식당을 못할 건 없잖아?그러나 전쟁으로 인해 이세계에 들어오자마자 군대에 끌려가게 되고, 15년간의 고생 끝에 드..",wed,1,wed,1,tue,wed,True,wed,수,tue,wed,10440189_wed,post_24h,어제 밤 10시 공개 이후 증가분 확인용 수집,908.2만,9082000.0,https://series.naver.com/comic/detail.series?productNo=10440189,20260902_210450,wed,수,2026-09-02 21:04:50,2026-09-02,21:04:50,2026-09-02 21:13:48,2026-09-02 21:13:51,2.97,2026-09-02 21:13:51,2026-09-02,21:13:51,2026-09-02 21:20:09,919.53
wed,53,뽀대작렬,상하,820923,https://comic.naver.com/webtoon/list?titleId=820923&tab=wed,10674339,뽀대작렬,뽀대작렬 (총 123화/미완결),총 123화/미완결,123.0,미완결,,,https://series.naver.com/comic/detail.series?productNo=10674339,matched,ok,"뽀대작렬 (총 123화/미완결)
평점
10.0 | 상하 상하 | 2026.06.02. | 총123화/미완결 | 118화 무료
사랑하지 않는 시대꿈과 사랑은 커녕 계획도 사람도 없는 서른일곱 '김하영'그런 그녀가 20년 전 뽀대나게 사랑했던 열일곱 '김 선'으로 돌아간다.",wed,1,wed,1,tue,wed,True,wed,수,tue,wed,10674339_wed,post_24h,어제 밤 10시 공개 이후 증가분 확인용 수집,296.9만,2969000.0,https://series.naver.com/comic/detail.series?productNo=10674339,20260902_210450,wed,수,2026-09-02 21:04:50,2026-09-02,21:04:50,2026-09-02 21:13:52,2026-09-02 21:13:55,2.7,2026-09-02 21:13:55,2026-09-02,21:13:55,2026-09-02 21:20:09,919.53
wed,12,1등급 싸움과외,김태경,821321,https://comic.naver.com/webtoon/list?titleId=821321&tab=wed,10723981,1등급 싸움과외,1등급 싸움과외 (총 89화/미완결),총 89화/미완결,89.0,미완결,,,https://series.naver.com/comic/detail.series?productNo=10723981,matched,ok,"1등급 싸움과외 (총 89화/미완결)
평점
9.5 | 김태경 김태경 | 2026.06.02. | 총89화/미완결 | 86화 무료
찐따, 1등급 싸움 과외를 받다! 일진에게 괴롭힘 당하며 우울한 나날을 보내던 고등학생 김재혁. 공부는 잘하지만, 차라리 싸움을 더 잘하고 싶다.그러던 그에게 운명적으로 '싸움 과외 선생님'이 생기게 되는데!",wed,1,wed,1,tue,wed,True,wed,수,tue,wed,10723981_wed,post_24h,어제 밤 10시 공개 이후 증가분 확인용 수집,615.9만,6159000.0,https://series.naver.com/comic/detail.series?productNo=10723981,20260902_210450,wed,수,2026-09-02 21:04:50,2026-09-02,21:04:50,2026-09-02 21:13:56,2026-09-02 21:13:58,2.51,2026-09-02 21:13:58,2026-09-02,21:13:58,2026-09-02 21:20:09,919.53
wed,64,여명의 등불,구크,822109,https://comic.naver.com/webtoon/list?titleId=822109&tab=wed,10806028,여명의 등불,여명의 등불 (총 97화/미완결),총 97화/미완결,97.0,미완결,,,https://series.naver.com/comic/detail.series?productNo=10806028,matched,ok,"여명의 등불 (총 97화/미완결)
평점
9.8 | 구크 구크 | 2026.06.02. | 총97화/미완결 | 94화 무료
‘태양의 제국’ 소속 전쟁 영웅 ‘버키’ 병장. 그는 황제를 향한 우직한 충심과 뛰어난 무예로 제국 병사들의 귀감이 되고 있지만,사실 그의 최종 목표는 제국을 몰락시켜 황제에게 복수하는 것이다.버키는 거대한 제국을 상..",wed,1,wed,1,tue,wed,True,wed,수,tue,wed,10806028_wed,post_24h,어제 밤 10시 공개 이후 증가분 확인용 수집,71.9만,719000.0,https://series.naver.com/comic/detail.series?productNo=10806028,20260902_210450,wed,수,2026-09-02 21:04:50,2026-09-02,21:04:50,2026-09-02 21:14:00,2026-09-02 21:14:02,2.16,2026-09-02 21:14:02,2026-09-02,21:14:02,2026-09-02 21:20:09,919.53
wed,89,나태한 마왕은 신과 싸우기로 결심한다.,백창훈,826853,https://comic.naver.com/webtoon/list?titleId=826853&tab=wed,11270861,나태한 마왕은 신과 싸우기로 결심한다.,나태한 마왕은 신과 싸우기로 결심한다. (총 113화/미완결),총 113화/미완결,113.0,미완결,,,https://series.naver.com/comic/detail.series?productNo=11270861,matched,ok,"나태한 마왕은 신과 싸우기로 결심한다. (총 113화/미완결)
평점
9.7 | 백창훈 백창훈 | 2026.06.02. | 총113화/미완결 | 103화 무료
갑작스레 인간들의 성 '소돔'에 강림한 신들. 소돔 반대편에 있는 마왕을 데려오라는 말에 함께 인간들을 학살하기 시작한다.지옥도가 펼쳐진 상황에서 몰래 성을 뛰쳐나온 한 명의 기사는 마왕을 데리러 가게 된다.2024년 4월..",wed,1,wed,1,tue,wed,True,wed,수,tue,wed,11270861_wed,post_24h,어제 밤 10시 공개 이후 증가분 확인용 수집,55.2만,552000.0,https://series.naver.com/comic/detail.series?productNo=11270861,20260902_210450,wed,수,2026-09-02 21:04:50,2026-09-02,21:04:50,2026-09-02 21:14:04,2026-09-02 21:14:06,2.74,2026-09-02 21:14:06,2026-09-02,21:14:06,2026-09-02 21:20:09,919.53
wed,15,흑사,안경알,828170,https://comic.naver.com/webtoon/list?titleId=828170&tab=wed,11368251,흑사,흑사 (총 56화/미완결),총 56화/미완결,56.0,미완결,안경알 안경알,평점 9.9 | 안경알 안경알 | 2025.07.22. | 총56화/미완결 | 전화 무료,https://series.naver.com/comic/detail.series?productNo=11368251,matched,ok,"흑사 (총 56화/미완결)
평점
9.9 | 안경알 안경알 | 2025.07.22. | 총56화/미완결 | 전화 무료
마교와의 마지막 전투에서 무림맹에게 배신당해 모든 전우를 잃은 흑사대장 정화… 악착같이 살아남은 그녀는 맹세한다. 전우들을 죽음으로 몰아넣은 마교와 무림맹 모두 없애버리겠다고. ”하늘이시여! 정녕 대의가 살아있다..",wed,1,wed,1,tue,wed,True,wed,수,tue,wed,11368251_wed,post_24h,어제 밤 10시 공개 이후 증가분 확인용 수집,181.1만,1811000.0,https://series.naver.com/comic/detail.series?productNo=11368251,20260902_210450,wed,수,2026-09-02 21:04:50,2026-09-02,21:04:50,2026-09-02 21:14:08,2026-09-02 21:14:10,2.66,2026-09-02 21:14:10,2026-09-02,21:14:10,2026-09-02 21:20:09,919.53
wed,20,건곤불이기,박만사,829211,https://comic.naver.com/webtoon/list?titleId=829211&tab=wed,11479063,건곤불이기,건곤불이기 (총 78화/미완결),총 78화/미완결,78.0,미완결,,,https://series.naver.com/comic/detail.series?productNo=11479063,matched,ok,"건곤불이기 (총 78화/미완결)
평점
9.4 | 노경찬 형1978 | 2026.06.02. | 총78화/미완결 | 74화 무료
건곤불이기乾坤不異記[하늘과 땅의 이야기는 다르지 않다.]신검神劍과 마도魔刀강호를 호령하는 두 고수.그중 마도魔刀의 무가 평범한 아이였던 '반통미'에게 이어진다.그저 바보처럼 성실하고 근면하기만한 아버지에게 불만..",wed,1,wed,1,tue,wed,True,wed,수,tue,wed,11479063_wed,post_24h,어제 밤 10시 공개 이후 증가분 확인용 수집,90.3만,903000.0,https://series.naver.com/comic/detail.series?productNo=11479063,20260902_210450,wed,수,2026-09-02 21:04:50,2026-09-02,21:04:50,2026-09-02 21:14:12,2026-09-02 21:14:14,2.38,2026-09-02 21:14:14,2026-09-02,21:14:14,2026-09-02 21:20:09,919.53
wed,100,데드포인트,마요락,830004,https://comic.naver.com/webtoon/list?titleId=830004&tab=wed,11550118,데드포인트,데드포인트 (총 87화/미완결),총 87화/미완결,87.0,미완결,,,https://series.naver.com/comic/detail.series?productNo=11550118,matched,ok,"데드포인트 (총 87화/미완결)
평점
10.0 | 마요락 마요락 | 2026.06.02. | 총87화/미완결 | 82화 무료
손을 잡으면 타인의 '재능의 한계'를 엿볼 수 있는 소녀, 박호지. 어느 날 마주친 스포츠클라이머 '채아성'에게서 재능의 한계를 부숴버릴 가능성을 느낀다. 하지만 기대했던 올림픽 무대는 한계에 부딪힌 채아성이 처참하게 추..",wed,1,wed,1,tue,wed,True,wed,수,tue,wed,11550118_wed,post_24h,어제 밤 10시 공개 이후 증가분 확인용 수집,5.6만,56000.0,https://series.naver.com/comic/detail.series?productNo=11550118,20260902_210450,wed,수,2026-09-02 21:04:50,2026-09-02,21:04:50,2026-09-02 21:14:16,2026-09-02 21:14:18,2.3,2026-09-02 21:14:18,2026-09-02,21:14:18,2026-09-02 21:20:09,919.53
wed,51,귀령,가나라,832095,https://comic.naver.com/webtoon/list?titleId=832095&tab=wed,11590455,귀령,귀령 (총 76화/미완결),총 76화/미완결,76.0,미완결,,,https://series.naver.com/comic/detail.series?productNo=11590455,matched,ok,"귀령 (총 76화/미완결)
평점
9.7 | 월하야담, 가나라 소희 | 2026.06.02. | 총76화/미완결 | 71화 무료
배꽃향기 가득한 지리산 자락의 작은 암자 세암당.남도 만신의 후예이자 천궁 선녀의 환생 하연은 금강저를 통해 영의 세계에 개입할 수 있는 청년, 건우를 만나 세상의 슬픔과 한을 풀고 악귀를 퇴치해 나간다.",wed,1,wed,1,tue,wed,True,wed,수,tue,wed,11590455_wed,post_24h,어제 밤 10시 공개 이후 증가분 확인용 수집,131.2만,1312000.0,https://series.naver.com/comic/detail.series?productNo=11590455,20260902_210450,wed,수,2026-09-02 21:04:50,2026-09-02,21:04:50,2026-09-02 21:14:19,2026-09-02 21:14:22,2.44,2026-09-02 21:14:22,2026-09-02,21:14:22,2026-09-02 21:20:09,919.53
wed,32,내 분신이 거물이 되어간다,LICO,832667,https://comic.naver.com/webtoon/list?titleId=832667&tab=wed,11649634,내 분신이 거물이 되어간다,내 분신이 거물이 되어간다 (총 82화/미완결),총 82화/미완결,82.0,미완결,,,https://series.naver.com/comic/detail.series?productNo=11649634,matched,ok,"내 분신이 거물이 되어간다 (총 82화/미완결)
평점
9.9 | LICO 한사 | 2026.06.02. | 총82화/미완결 | 77화 무료
이능력자의 무차별 테러로 가족을 잃은 청년 ‘한성현’사고 후유증으로 은둔 생활을 전전하던 어느날본인 대신 분신을 움직이는 능력을 각성해버린다! ""뭣! 위험천만한 이세계는 분신을 보내서 사냥하고난 방구석에서 맘편..",wed,1,wed,1,tue,wed,True,wed,수,tue,wed,11649634_wed,post_24h,어제 밤 10시 공개 이후 증가분 확인용 수집,299만,2990000.0,https://series.naver.com/comic/detail.series?productNo=11649634,20260902_210450,wed,수,2026-09-02 21:04:50,2026-09-02,21:04:50,2026-09-02 21:14:23,2026-09-02 21:14:25,2.42,2026-09-02 21:14:25,2026-09-02,21:14:25,2026-09-02 21:20:09,919.53
wed,8,썰:관계주의,,834033,https://comic.naver.com/webtoon/list?titleId=834033&tab=wed,11802777,썰:관계주의,썰:관계주의 (총 87화/미완결),총 87화/미완결,87.0,미완결,이삼 장버들,평점 10.0 | 이삼 장버들 | 2026.06.16. | 총87화/미완결 | 83화 무료,https://series.naver.com/comic/detail.series?productNo=11802777,review_needed,not_found,"썰:관계주의 (총 87화/미완결)
평점
10.0 | 이삼 장버들 | 2026.06.16. | 총87화/미완결 | 83화 무료
여러 상가가 들어서 있는 강남의 유명타워. 이야기는 유명타워의 한 피부과 안내 데스크 직원 강지영으로부터 시작된다. 동료이자 유부남 의사와 만남을 이어가던 지영은 그에게 또 다른 불륜 상대가 있음을 눈치 채는데 그 상..",wed,1,wed,1,tue,wed,True,wed,수,tue,wed,11802777_wed,post_24h,어제 밤 10시 공개 이후 증가분 확인용 수집,,,https://nid.naver.com/nidlogin.login?svctype=128&a_version=2&viewtype=1&url=http%3A%2F%2Fseries.naver.com%2Fcomic%2Fdetail.series%3FproductNo%3D11802777&surl=https%3A%2F%2Fseries.naver.com,20260902_210450,wed,수,2026-09-02 21:04:50,2026-09-02,21:04:50,2026-09-02 21:14:27,2026-09-02 21:14:42,15.12,2026-09-02 21:14:42,2026-09-02,21:14:42,2026-09-02 21:20:09,919.53
wed,88,아이스크림 소년,은풀,834349,https://comic.naver.com/webtoon/list?titleId=834349&tab=wed,11873912,아이스크림 소년,아이스크림 소년 (총 57화/미완결),총 57화/미완결,57.0,미완결,은풀 은풀,평점 10.0 | 은풀 은풀 | 2026.06.30. | 총57화/미완결 | 52화 무료,https://series.naver.com/comic/detail.series?productNo=11873912,matched,ok,"아이스크림 소년 (총 57화/미완결)
평점
10.0 | 은풀 은풀 | 2026.06.30. | 총57화/미완결 | 52화 무료
시골 학교로 전학온 소은은 까칠한 문제아 하람과 가까워지지만 그가 나를 기억하지 못한다?그리고 밝혀진 그의 비밀! 시원한 소년에게 녹아드는 소녀의 달콤한 청춘로맨스",wed,1,wed,1,tue,wed,True,wed,수,tue,wed,11873912_wed,post_24h,어제 밤 10시 공개 이후 증가분 확인용 수집,23만,230000.0,https://series.naver.com/comic/detail.series?productNo=11873912,20260902_210450,wed,수,2026-09-02 21:04:50,2026-09-02,21:04:50,2026-09-02 21:14:44,2026-09-02 21:14:47,2.94,2026-09-02 21:14:47,2026-09-02,21:14:47,2026-09-02 21:20:09,919.53
wed,9,천마는 조용히 살고싶다,기제마,834502,https://comic.naver.com/webtoon/list?titleId=834502&tab=wed,11901008,천마는 조용히 살고싶다,천마는 조용히 살고싶다 (총 84화/미완결),총 84화/미완결,84.0,미완결,,,https://series.naver.com/comic/detail.series?productNo=11901008,matched,ok,"천마는 조용히 살고싶다 (총 84화/미완결)
평점
9.9 | 기제마, 김강현 슬우 | 2026.06.02. | 총84화/미완결 | 77화 무료
'다음 생에는 반대로 살아보고 싶구나...'오직 공포와 경외만이 전부였던 천마는죽음의 순간 '증혼마공'을 제대로 익힐 수 있는 실마리를 얻는다. '증혼마공'은 타인의 혼백을 탐하기만 하는 게 아니었다. 그렇게 천마는 언제 죽..",wed,1,wed,1,tue,wed,True,wed,수,tue,wed,11901008_wed,post_24h,어제 밤 10시 공개 이후 증가분 확인용 수집,574.8만,5748000.0,https://series.naver.com/comic/detail.series?productNo=11901008,20260902_210450,wed,수,2026-09-02 21:04:50,2026-09-02,21:04:50,2026-09-02 21:14:48,2026-09-02 21:14:50,1.99,2026-09-02 21:14:50,2026-09-02,21:14:50,2026-09-02 21:20:09,919.53
wed,99,레베카의 기도,주은,834987,https://comic.naver.com/webtoon/list?titleId=834987&tab=wed,11985528,레베카의 기도,레베카의 기도 (총 81화/미완결),총 81화/미완결,81.0,미완결,,,https://series.naver.com/comic/detail.series?productNo=11985528,matched,ok,"레베카의 기도 (총 81화/미완결)
평점
9.9 | 주은 주은 | 2026.06.02. | 총81화/미완결 | 76화 무료
산업혁명의 시대, 영국 런던 구빈원 출신 레베카는 밑바닥 자신의 인생을 구원하기 위해 한 상속녀의 운명을 훔친다.",wed,1,wed,1,tue,wed,True,wed,수,tue,wed,11985528_wed,post_24h,어제 밤 10시 공개 이후 증가분 확인용 수집,25.7만,257000.0,https://series.naver.com/comic/detail.series?productNo=11985528,20260902_210450,wed,수,2026-09-02 21:04:50,2026-09-02,21:04:50,2026-09-02 21:14:52,2026-09-02 21:14:54,2.12,2026-09-02 21:14:54,2026-09-02,21:14:54,2026-09-02 21:20:09,919.53
wed,18,천재는 평범하게 살기로 했더,비단가리비,835042,https://comic.naver.com/webtoon/list?titleId=835042&tab=wed,11999710,천재는 평범하게 살기로 했더,천재는 평범하게 살기로 했더 (총 64화/미완결),총 64화/미완결,64.0,미완결,,,https://series.naver.com/comic/detail.series?productNo=11999710,matched,ok,"천재는 평범하게 살기로 했더 (총 64화/미완결)
평점
10.0 | 비단가리비, 자손e 아티 | 2026.06.02. | 총64화/미완결 | 59화 무료
세간이 인정한 성공한 인생의 주인공, '손진혁.'하지만 정작 진혁은 그저 사랑하는 가족와 함께하는 평범한 삶을 살고 싶었을 뿐, 그러지 못한 현실에 쓸쓸하고 외로운 마음을 감출 수 없는데...어느 날, 사고로 눈을 뜨니 그토록 ..",wed,1,wed,1,tue,wed,True,wed,수,tue,wed,11999710_wed,post_24h,어제 밤 10시 공개 이후 증가분 확인용 수집,438.1만,4381000.0,https://series.naver.com/comic/detail.series?productNo=11999710,20260902_210450,wed,수,2026-09-02 21:04:50,2026-09-02,21:04:50,2026-09-02 21:14:55,2026-09-02 21:14:58,2.73,2026-09-02 21:14:58,2026-09-02,21:14:58,2026-09-02 21:20:09,919.53
wed,55,결혼은 당신 형과,서각,835753,https://comic.naver.com/webtoon/list?titleId=835753&tab=wed,12112903,결혼은 당신 형과,결혼은 당신 형과 (총 74화/미완결),총 74화/미완결,74.0,미완결,,,https://series.naver.com/comic/detail.series?productNo=12112903,matched,ok,"결혼은 당신 형과 (총 74화/미완결)
평점
9.9 | 서각, 하윤미 정다혜 | 2026.06.03. | 총74화/미완결 | 70화 무료
미모의 아나운서, 재벌 3세... 모두가 부러워하는 인생을 살던 여진은 사실, 불행한 결혼 생활을 하고 있었다.절친한 후배와 바람이 난 남편은 그녀의 부모님 회사를 빼앗은 것도 모자라 살해까지 했던 것.이대로 끝인 줄 알았는..",wed,1,wed,1,tue,wed,True,wed,수,tue,wed,12112903_wed,post_24h,어제 밤 10시 공개 이후 증가분 확인용 수집,209.6만,2096000.0,https://series.naver.com/comic/detail.series?productNo=12112903,20260902_210450,wed,수,2026-09-02 21:04:50,2026-09-02,21:04:50,2026-09-02 21:14:59,2026-09-02 21:15:02,2.29,2026-09-02 21:15:02,2026-09-02,21:15:02,2026-09-02 21:20:09,919.53
wed,40,신수 유치원,여눅,835762,https://comic.naver.com/webtoon/list?titleId=835762&tab=wed,12105370,신수 유치원,신수 유치원 (총 73화/미완결),총 73화/미완결,73.0,미완결,,,https://series.naver.com/comic/detail.series?productNo=12105370,matched,ok,"신수 유치원 (총 73화/미완결)
평점
9.8 | 글맛, 여눅 밈바 | 2026.06.02. | 총73화/미완결 | 66화 무료
하루하루 근근이 살아가던 소시민, 서민우.어릴 때 자신을 버리고 떠난 어머니의 유산을 물려받게 되는데,그 유산은 바로.“신수 유치원?”호랑이, 토끼, 고양이, 뱀, 거북이, 양까지 다양한 신수 아이들이 다니는 유치원이라니...",wed,1,wed,1,tue,wed,True,wed,수,tue,wed,12105370_wed,post_24h,어제 밤 10시 공개 이후 증가분 확인용 수집,257.8만,2578000.0,https://series.naver.com/comic/detail.series?productNo=12105370,20260902_210450,wed,수,2026-09-02 21:04:50,2026-09-02,21:04:50,2026-09-02 21:15:03,2026-09-02 21:15:06,2.22,2026-09-02 21:15:06,2026-09-02,21:15:06,2026-09-02 21:20:09,919.53
wed,63,달마건,양영순,835801,https://comic.naver.com/webtoon/list?titleId=835801&tab=wed,12124910,달마건,달마건 (총 77화/미완결),총 77화/미완결,77.0,미완결,,,https://series.naver.com/comic/detail.series?productNo=12124910,matched,ok,"달마건 (총 77화/미완결)
평점
8.2 | 양영순 양영순 | 2026.06.02. | 총77화/미완결 | 72화 무료
마륜 시대, 태원국 십승지 중 하나인 무원은 어느 날 승지를 지키던 ‘대갈마륜’을 강탈당해 위기에 처한다.이를 되찾기 위해 무원 사군자는 회합을 열어 각 가문의 장자들로 구성된 회수팀을 꾸리는데, 그때 남무원 얼자인 ..",wed,1,wed,1,tue,wed,True,wed,수,tue,wed,12124910_wed,post_24h,어제 밤 10시 공개 이후 증가분 확인용 수집,37.1만,371000.0,https://series.naver.com/comic/detail.series?productNo=12124910,20260902_210450,wed,수,2026-09-02 21:04:50,2026-09-02,21:04:50,2026-09-02 21:15:07,2026-09-02 21:15:10,2.88,2026-09-02 21:15:10,2026-09-02,21:15:10,2026-09-02 21:20:09,919.53
wed,26,첩자의 마교생활,DALGON,836382,https://comic.naver.com/webtoon/list?titleId=836382&tab=wed,12175030,첩자의 마교생활,첩자의 마교생활 (총 78화/미완결),총 78화/미완결,78.0,미완결,,,https://series.naver.com/comic/detail.series?productNo=12175030,matched,ok,"첩자의 마교생활 (총 78화/미완결)
평점
9.8 | 대은호 DALGON | 2026.06.02. | 총78화/미완결 | 71화 무료
[매주 수요일 연재]마교에 잠입한 무림맹의 첩자, 장이서.그에게 처음이자 마지막 임무가 하달됐다.그것은… 망나니로 유명한 칠공자 마오를 소교주로 만들라는 것!천재적인 무재를 지녔지만 체질의 한계를 지닌 장이서와 재..",wed,1,wed,1,tue,wed,True,wed,수,tue,wed,12175030_wed,post_24h,어제 밤 10시 공개 이후 증가분 확인용 수집,177.3만,1773000.0,https://series.naver.com/comic/detail.series?productNo=12175030,20260902_210450,wed,수,2026-09-02 21:04:50,2026-09-02,21:04:50,2026-09-02 21:15:11,2026-09-02 21:15:13,2.1,2026-09-02 21:15:13,2026-09-02,21:15:13,2026-09-02 21:20:09,919.53
wed,42,별과 사슬이 뜨는 섬,어패류메기,837100,https://comic.naver.com/webtoon/list?titleId=837100&tab=wed,12283968,별과 사슬이 뜨는 섬,별과 사슬이 뜨는 섬 (총 73화/미완결),총 73화/미완결,73.0,미완결,,,https://series.naver.com/comic/detail.series?productNo=12283968,matched,ok,"별과 사슬이 뜨는 섬 (총 73화/미완결)
평점
9.4 | 어패류메기 훌리 | 2026.06.02. | 총73화/미완결 | 66화 무료
헌터의 꿈을 가졌지만 재능은 없는 만년 지망생 ‘기승현’. 그런 그의 앞에 12년간 혼수상태에 빠져있던 누나 ‘기소현’이 깨어나게 된다. 누나의 기상과 함께, 정체되어 있던 운명의 수레바퀴가 돌아가기 시작한다.",wed,1,wed,1,tue,wed,True,wed,수,tue,wed,12283968_wed,post_24h,어제 밤 10시 공개 이후 증가분 확인용 수집,134만,1340000.0,https://series.naver.com/comic/detail.series?productNo=12283968,20260902_210450,wed,수,2026-09-02 21:04:50,2026-09-02,21:04:50,2026-09-02 21:15:14,2026-09-02 21:15:17,2.38,2026-09-02 21:15:17,2026-09-02,21:15:17,2026-09-02 21:20:09,919.53
wed,45,모닥불 친구들,다롱다리,837439,https://comic.naver.com/webtoon/list?titleId=837439&tab=wed,12331312,모닥불 친구들,모닥불 친구들 (총 47화/미완결),총 47화/미완결,47.0,미완결,,,https://series.naver.com/comic/detail.series?productNo=12331312,matched,ok,"모닥불 친구들 (총 47화/미완결)
평점
9.5 | 다롱다리 다롱다리 | 2026.06.02. | 총47화/미완결 | 43화 무료
어느 날 추억의 애니메이션 '모닥불 친구들' 세상으로 쏙 들어가 버린 회사원 채수! 평화로운 숲속에서 귀여운 동물 친구들과 놀며 잃어버린 동심을 되찾아가는데.. 사실 그들의 친절에는 섬뜩한 비밀이 숨겨져 있다!? 귀엽지만..",wed,1,wed,1,tue,wed,True,wed,수,tue,wed,12331312_wed,post_24h,어제 밤 10시 공개 이후 증가분 확인용 수집,99.4만,994000.0,https://series.naver.com/comic/detail.series?productNo=12331312,20260902_210450,wed,수,2026-09-02 21:04:50,2026-09-02,21:04:50,2026-09-02 21:15:18,2026-09-02 21:15:20,2.28,2026-09-02 21:15:20,2026-09-02,21:15:20,2026-09-02 21:20:09,919.53
wed,3,종말이 찾아왔다,전선욱,838002,https://comic.naver.com/webtoon/list?titleId=838002&tab=wed,12424386,종말이 찾아왔다,종말이 찾아왔다 (총 67화/미완결),총 67화/미완결,67.0,미완결,,,https://series.naver.com/comic/detail.series?productNo=12424386,matched,ok,"종말이 찾아왔다 (총 67화/미완결)
평점
9.4 | 전선욱 전선욱 | 2026.06.02. | 총67화/미완결 | 61화 무료
가난한 왕따 정민준과 금수저 인싸녀 한예나의 좀비생존기",wed,1,wed,1,tue,wed,True,wed,수,tue,wed,12424386_wed,post_24h,어제 밤 10시 공개 이후 증가분 확인용 수집,"1,026만",10260000.0,https://series.naver.com/comic/detail.series?productNo=12424386,20260902_210450,wed,수,2026-09-02 21:04:50,2026-09-02,21:04:50,2026-09-02 21:15:22,2026-09-02 21:15:24,2.05,2026-09-02 21:15:24,2026-09-02,21:15:24,2026-09-02 21:20:09,919.53
wed,57,당골,남승우,838215,https://comic.naver.com/webtoon/list?titleId=838215&tab=wed,12463968,당골,당골 (총 62화/미완결),총 62화/미완결,62.0,미완결,,,https://series.naver.com/comic/detail.series?productNo=12463968,matched,ok,"당골 (총 62화/미완결)
평점
10.0 | 남승우 김교 | 2026.06.02. | 총62화/미완결 | 57화 무료
영월당에 무당 “만신 김서령”무당 집안에 태어나 신줄을 거부하고 살아가는 의뢰인 “노승래”딸의 눈이 보이지 않는다는 의뢰를 받아 찾아간 서령, 무속신앙을믿지 않고 무시하는 승래의 태도에 서령은 의뢰를 받지 않고 ..",wed,1,wed,1,tue,wed,True,wed,수,tue,wed,12463968_wed,post_24h,어제 밤 10시 공개 이후 증가분 확인용 수집,210.2만,2102000.0,https://series.naver.com/comic/detail.series?productNo=12463968,20260902_210450,wed,수,2026-09-02 21:04:50,2026-09-02,21:04:50,2026-09-02 21:15:25,2026-09-02 21:15:28,2.74,2026-09-02 21:15:28,2026-09-02,21:15:28,2026-09-02 21:20:09,919.53
wed,97,유사품에 주의하세요,초롱이,838943,https://comic.naver.com/webtoon/list?titleId=838943&tab=wed,12564185,유사품에 주의하세요,유사품에 주의하세요 (총 46화/미완결),총 46화/미완결,46.0,미완결,초롱이 초롱이,평점 10.0 | 초롱이 초롱이 | 2026.06.16. | 총46화/미완결 | 41화 무료,https://series.naver.com/comic/detail.series?productNo=12564185,matched,ok,"유사품에 주의하세요 (총 46화/미완결)
평점
10.0 | 초롱이 초롱이 | 2026.06.16. | 총46화/미완결 | 41화 무료
'국민 첫사랑'으로 거듭난아역 출신 배우 최유빈.최유빈 덕질이 삶의 낙이었던 가희는유빈의 충격적인 비밀을 알게 되며 절망에 빠진다.그런 가희 앞에 나타난 최유빈의 쌍둥이 형 최유진!가희는 아쉬운 대로 유진에게 접근하..",wed,1,wed,1,tue,wed,True,wed,수,tue,wed,12564185_wed,post_24h,어제 밤 10시 공개 이후 증가분 확인용 수집,11.8만,118000.0,https://series.naver.com/comic/detail.series?productNo=12564185,20260902_210450,wed,수,2026-09-02 21:04:50,2026-09-02,21:04:50,2026-09-02 21:15:29,2026-09-02 21:15:32,2.56,2026-09-02 21:15:32,2026-09-02,21:15:32,2026-09-02 21:20:09,919.53
wed,25,밥먹고가라,차우민,838956,https://comic.naver.com/webtoon/list?titleId=838956&tab=wed,12565745,밥먹고가라,밥먹고가라 (총 60화/미완결),총 60화/미완결,60.0,미완결,,,https://series.naver.com/comic/detail.series?productNo=12565745,matched,ok,"밥먹고가라 (총 60화/미완결)
평점
10.0 | 차우민, 고두열 더 비숑 | 2026.06.03. | 총60화/미완결 | 56화 무료
마왕을 쓰러뜨린 사나이, 이제는 밥으로 세상을 치유한다.이세계에 소환되어 마왕과의 싸움 끝에, 마왕을 해치운 최강의 사나이 강철호.30년 만에 귀환해 돌아온 지구는 레이드의 시대.강철호는 반복되는 싸움에 지쳤고, 더 이..",wed,1,wed,1,tue,wed,True,wed,수,tue,wed,12565745_wed,post_24h,어제 밤 10시 공개 이후 증가분 확인용 수집,329.4만,3294000.0,https://series.naver.com/comic/detail.series?productNo=12565745,20260902_210450,wed,수,2026-09-02 21:04:50,2026-09-02,21:04:50,2026-09-02 21:15:32,2026-09-02 21:15:35,2.43,2026-09-02 21:15:35,2026-09-02,21:15:35,2026-09-02 21:20:09,919.53
wed,95,어시스턴트,38,839587,https://comic.naver.com/webtoon/list?titleId=839587&tab=wed,12681115,어시스턴트,어시스턴트 (총 49화/미완결),총 49화/미완결,49.0,미완결,,,https://series.naver.com/comic/detail.series?productNo=12681115,matched,ok,"어시스턴트 (총 49화/미완결)
평점
10.0 | 38 38 | 2026.06.02. | 총49화/미완결 | 44화 무료
프리랜서 킬러(어시스턴트) 8년 차 주원새로운 어시 K와 만나면서 큰일에 휘말려든다",wed,1,wed,1,tue,wed,True,wed,수,tue,wed,12681115_wed,post_24h,어제 밤 10시 공개 이후 증가분 확인용 수집,12.1만,121000.0,https://series.naver.com/comic/detail.series?productNo=12681115,20260902_210450,wed,수,2026-09-02 21:04:50,2026-09-02,21:04:50,2026-09-02 21:15:37,2026-09-02 21:15:39,2.43,2026-09-02 21:15:39,2026-09-02,21:15:39,2026-09-02 21:20:09,919.53
wed,17,방구석 재민이,뽈쟁이,839712,https://comic.naver.com/webtoon/list?titleId=839712&tab=wed,12688099,방구석 재민이,방구석 재민이 (총 56화/미완결),총 56화/미완결,56.0,미완결,,,https://series.naver.com/comic/detail.series?productNo=12688099,matched,ok,"방구석 재민이 (총 56화/미완결)
평점
9.9 | 뽈쟁이 뽈쟁이 | 2026.06.03. | 총56화/미완결 | 51화 무료
""게임 좀 작작하고 밖에 가서 좀 놀아라!""바깥보다 집 안이 더 편하고, 스포츠보다 게임이 더 즐거운 방구석 사람들,어디든 게임이랑 인터넷만 할 수 있다면 그것만으로도 족하다!오늘도 내 잔잔한 일상을 지키기 위해, 방구석..",wed,1,wed,1,tue,wed,True,wed,수,tue,wed,12688099_wed,post_24h,어제 밤 10시 공개 이후 증가분 확인용 수집,127.2만,1272000.0,https://series.naver.com/comic/detail.series?productNo=12688099,20260902_210450,wed,수,2026-09-02 21:04:50,2026-09-02,21:04:50,2026-09-02 21:15:41,2026-09-02 21:15:43,2.4,2026-09-02 21:15:43,2026-09-02,21:15:43,2026-09-02 21:20:09,919.53
wed,61,두 번 빼앗긴 남편,홀림,839880,https://comic.naver.com/webtoon/list?titleId=839880&tab=wed,12692216,두 번 빼앗긴 남편,두 번 빼앗긴 남편 (총 45화/미완결),총 45화/미완결,45.0,미완결,"리키타, 단주 영다","평점 9.6 | 리키타, 단주 영다 | 2026.03.17. | 총45화/미완결 | 전화 무료",https://series.naver.com/comic/detail.series?productNo=12692216,matched,ok,"두 번 빼앗긴 남편 (총 45화/미완결)
평점
9.6 | 리키타, 단주 영다 | 2026.03.17. | 총45화/미완결 | 전화 무료
피폐 소설 속 주인공 '로제'로 빙의했다,그것도 내 남편을 빼앗은 절친과 함께.그리고 변함없이 또 남편을 빼앗으려고 하는데.""마음껏 탐해 주렴.이제 과거처럼 당하고만 있진 않을 테니까.""피폐 소설 남주를 절친에게 버리고 도..",wed,1,wed,1,tue,wed,True,wed,수,tue,wed,12692216_wed,post_24h,어제 밤 10시 공개 이후 증가분 확인용 수집,119.6만,1196000.0,https://series.naver.com/comic/detail.series?productNo=12692216,20260902_210450,wed,수,2026-09-02 21:04:50,2026-09-02,21:04:50,2026-09-02 21:15:44,2026-09-02 21:15:46,2.13,2026-09-02 21:15:46,2026-09-02,21:15:46,2026-09-02 21:20:09,919.53
wed,46,당신의 가격을 알려드립니다,무비,840840,https://comic.naver.com/webtoon/list?titleId=840840&tab=wed,12880981,당신의 가격을 알려드립니다,당신의 가격을 알려드립니다 (총 51화/미완결),총 51화/미완결,51.0,미완결,,,https://series.naver.com/comic/detail.series?productNo=12880981,matched,ok,"당신의 가격을 알려드립니다 (총 51화/미완결)
평점
9.5 | 무비, 곽동주 두민 | 2026.06.02. | 총51화/미완결 | 47화 무료
「모든 인간에게 가격이 매겨지는 세상, ‘0원’이 되면... 죽는다!」 전 세계 사람들의 휴대폰에 인간의 가격을 매기는 바이러스 앱이 깔렸다. 평균 100만원대 이상은 달리는 보통의 사람들 사이에서 “2,500원”이란 헐값으..",wed,1,wed,1,tue,wed,True,wed,수,tue,wed,12880981_wed,post_24h,어제 밤 10시 공개 이후 증가분 확인용 수집,104.3만,1043000.0,https://series.naver.com/comic/detail.series?productNo=12880981,20260902_210450,wed,수,2026-09-02 21:04:50,2026-09-02,21:04:50,2026-09-02 21:15:47,2026-09-02 21:15:50,2.49,2026-09-02 21:15:50,2026-09-02,21:15:50,2026-09-02 21:20:09,919.53
wed,94,양아치와 조폭아가씨,무등각,840949,https://comic.naver.com/webtoon/list?titleId=840949&tab=wed,12906912,양아치와 조폭아가씨,양아치와 조폭아가씨 (총 49화/미완결),총 49화/미완결,49.0,미완결,,,https://series.naver.com/comic/detail.series?productNo=12906912,matched,ok,"양아치와 조폭아가씨 (총 49화/미완결)
평점
10.0 | 무등각 무등각 | 2026.06.02. | 총49화/미완결 | 45화 무료
거칠고 험악한 양아치 장태호는 여름방학 첫 날 부모님의 계략(?)으로 시골집에 끌려가게 된다. 그곳에서 그를 기다리고 있던 건 다름 아닌 조폭아가씨 민주아!민주아는 당황한 장태호에게 총구를 겨누며 말하는데..""널 내 부하..",wed,1,wed,1,tue,wed,True,wed,수,tue,wed,12906912_wed,post_24h,어제 밤 10시 공개 이후 증가분 확인용 수집,18.7만,187000.0,https://series.naver.com/comic/detail.series?productNo=12906912,20260902_210450,wed,수,2026-09-02 21:04:50,2026-09-02,21:04:50,2026-09-02 21:15:51,2026-09-02 21:15:54,2.3,2026-09-02 21:15:54,2026-09-02,21:15:54,2026-09-02 21:20:09,919.53
wed,84,마누의 딸들,신일숙,841087,https://comic.naver.com/webtoon/list?titleId=841087&tab=wed,12971220,마누의 딸들,마누의 딸들 (총 48화/미완결),총 48화/미완결,48.0,미완결,,,https://series.naver.com/comic/detail.series?productNo=12971220,matched,ok,"마누의 딸들 (총 48화/미완결)
평점
9.9 | 신일숙 신일숙 | 2026.06.02. | 총48화/미완결 | 43화 무료
<아르미안의 네 딸들>, 그 강력하고 신비로운 대서사시의 출발점영산 부족의 지도자 '마누'와 네 딸들의 이야기.큰강 부족의 후계자 '에셔'는 삼촌의 계략에 의해 죽을 뻔한 위기에 처했다가 영산 부족 마누의 딸 이와의 도움..",wed,1,wed,1,tue,wed,True,wed,수,tue,wed,12971220_wed,post_24h,어제 밤 10시 공개 이후 증가분 확인용 수집,34만,340000.0,https://series.naver.com/comic/detail.series?productNo=12971220,20260902_210450,wed,수,2026-09-02 21:04:50,2026-09-02,21:04:50,2026-09-02 21:15:54,2026-09-02 21:15:56,2.04,2026-09-02 21:15:56,2026-09-02,21:15:56,2026-09-02 21:20:09,919.53
wed,30,중대장은 실망했다,이량,841639,https://comic.naver.com/webtoon/list?titleId=841639&tab=wed,13001011,중대장은 실망했다,중대장은 실망했다 (총 90화/미완결),총 90화/미완결,90.0,미완결,,,https://series.naver.com/comic/detail.series?productNo=13001011,matched,ok,"중대장은 실망했다 (총 90화/미완결)
평점
9.9 | 이량 이량 | 2026.06.05. | 총90화/미완결 | 80화 무료
마흔 살이 넘은 중대장은 멋진 모습을 보이고 싶지만요즘 애들, 요즘 군대는 왜 이렇게 변해버린 것일까!참으로.. 중대장은 실망했다!","wed,sat",2,"wed,sat",2,"tue,fri","wed,sat",True,wed,수,tue,wed,13001011_wed,post_24h,어제 밤 10시 공개 이후 증가분 확인용 수집,129.5만,1295000.0,https://series.naver.com/comic/detail.series?productNo=13001011,20260902_210450,wed,수,2026-09-02 21:04:50,2026-09-02,21:04:50,2026-09-02 21:15:58,2026-09-02 21:16:00,2.37,2026-09-02 21:16:00,2026-09-02,21:16:00,2026-09-02 21:20:09,919.53
wed,104,1등을 위해,재른,841826,https://comic.naver.com/webtoon/list?titleId=841826&tab=wed,13013590,1등을 위해,1등을 위해 (총 47화/미완결),총 47화/미완결,47.0,미완결,,,https://series.naver.com/comic/detail.series?productNo=13013590,matched,ok,"1등을 위해 (총 47화/미완결)
평점
10.0 | 재른 재른 | 2026.06.02. | 총47화/미완결 | 42화 무료
전교 2등이라서 싫어, 전교 2등이라서 필요해!전교 1등 짝남이 내 험담을 하는 것을 들어버렸다? 그 이유는 내가 해맑은(얄미운) 전교 2등이라서!하지만 나는 네가 좋은걸? 성적은 우리 사이에 장벽이 될 수 없어!1등이랑 2등 ..",wed,1,wed,1,tue,wed,True,wed,수,tue,wed,13013590_wed,post_24h,어제 밤 10시 공개 이후 증가분 확인용 수집,2.6만,26000.0,https://series.naver.com/comic/detail.series?productNo=13013590,20260902_210450,wed,수,2026-09-02 21:04:50,2026-09-02,21:04:50,2026-09-02 21:16:01,2026-09-02 21:16:03,2.1,2026-09-02 21:16:03,2026-09-02,21:16:03,2026-09-02 21:20:09,919.53
wed,78,오늘은 뭐하고 놀까?,햄김밥,842116,https://comic.naver.com/webtoon/list?titleId=842116&tab=wed,13041640,오늘은 뭐하고 놀까?,오늘은 뭐하고 놀까? (총 89화/미완결),총 89화/미완결,89.0,미완결,,,https://series.naver.com/comic/detail.series?productNo=13041640,matched,ok,"오늘은 뭐하고 놀까? (총 89화/미완결)
평점
10.0 | 햄김밥 | 2026.06.07. | 총89화/미완결 | 84화 무료
게임을 좋아하는 원숭이 ‘햄김밥’의 징글 귀염 게이머 공감 일상 개그툰! 오늘은 뭐하고 놀까?",wed,1,"mon,wed",2,"sun,tue","mon,wed",True,wed,수,tue,wed,13041640_wed,post_24h,어제 밤 10시 공개 이후 증가분 확인용 수집,3.8만,38000.0,https://series.naver.com/comic/detail.series?productNo=13041640,20260902_210450,wed,수,2026-09-02 21:04:50,2026-09-02,21:04:50,2026-09-02 21:16:04,2026-09-02 21:16:06,2.17,2026-09-02 21:16:06,2026-09-02,21:16:06,2026-09-02 21:20:09,919.53
wed,23,마교전선 비룡십삼대,신검일,842352,https://comic.naver.com/webtoon/list?titleId=842352&tab=wed,13063144,마교전선 비룡십삼대 [독점],마교전선 비룡십삼대 [독점] (총 43화/미완결),총 43화/미완결,43.0,미완결,,,https://series.naver.com/comic/detail.series?productNo=13063144,matched,ok,"마교전선 비룡십삼대 [독점] (총 43화/미완결)
평점
9.7 | 신검일,겨울반디 고굼마 | 2026.06.02. | 총43화/미완결 | 38화 무료
한때는 가문의 수치, 지금은 기억력 만렙 무공 사기캐?!죽었다 깨어나니 전선으로 회귀, 이번엔 진짜 돼지가 아니라고! ⓒ신검일,고굼마(원작:겨울반디)/학산문화사",wed,1,wed,1,tue,wed,True,wed,수,tue,wed,13063144_wed,post_24h,어제 밤 10시 공개 이후 증가분 확인용 수집,121.6만,1216000.0,https://series.naver.com/comic/detail.series?productNo=13063144,20260902_210450,wed,수,2026-09-02 21:04:50,2026-09-02,21:04:50,2026-09-02 21:16:08,2026-09-02 21:16:10,2.39,2026-09-02 21:16:10,2026-09-02,21:16:10,2026-09-02 21:20:09,919.53
wed,41,해골전령 이야기,kain_y,842620,https://comic.naver.com/webtoon/list?titleId=842620&tab=wed,13095913,해골전령 이야기,해골전령 이야기 (총 42화/미완결),총 42화/미완결,42.0,미완결,,,https://series.naver.com/comic/detail.series?productNo=13095913,matched,ok,"해골전령 이야기 (총 42화/미완결)
평점
9.9 | kain_y 소라게 | 2026.06.02. | 총42화/미완결 | 38화 무료
황제가 죽고 120년, 다시 눈을 뜬 황제의 전령이자용사파티원이였던 벤리라.부패한 조국에게 사랑하던 제자를 잃고황제의 마지막 전언을 전하기로 결정한다.[나는 황제의 말을 전하는 전령, 초대황제의 뜻을 들어라.][제국에..",wed,1,wed,1,tue,wed,True,wed,수,tue,wed,13095913_wed,post_24h,어제 밤 10시 공개 이후 증가분 확인용 수집,138.5만,1385000.0,https://series.naver.com/comic/detail.series?productNo=13095913,20260902_210450,wed,수,2026-09-02 21:04:50,2026-09-02,21:04:50,2026-09-02 21:16:12,2026-09-02 21:16:14,2.66,2026-09-02 21:16:14,2026-09-02,21:16:14,2026-09-02 21:20:09,919.53
wed,58,레모네이드,혜루,842899,https://comic.naver.com/webtoon/list?titleId=842899&tab=wed,13156066,레모네이드,레모네이드 (총 41화/미완결),총 41화/미완결,41.0,미완결,,,https://series.naver.com/comic/detail.series?productNo=13156066,matched,ok,"레모네이드 (총 41화/미완결)
평점
10.0 | 혜루 혜루 | 2026.06.02. | 총41화/미완결 | 36화 무료
가족처럼 지낸 소꿉친구가 있었다.그 애와 나는 정말 ‘친구’인데 그 애의 첫 연애 소식을 듣고 무너져버렸다.나 사실 걔를 좋아하고 있었구나..!어떻게해서든 이 짝사랑을 끝내야 해!근데.. 그만 좋아하기가 왜 이렇게 힘든 거..",wed,1,wed,1,tue,wed,True,wed,수,tue,wed,13156066_wed,post_24h,어제 밤 10시 공개 이후 증가분 확인용 수집,87.7만,877000.0,https://series.naver.com/comic/detail.series?productNo=13156066,20260902_210450,wed,수,2026-09-02 21:04:50,2026-09-02,21:04:50,2026-09-02 21:16:16,2026-09-02 21:16:18,2.25,2026-09-02 21:16:18,2026-09-02,21:16:18,2026-09-02 21:20:09,919.53
wed,106,포비든 플레저,탐포포에이키,843209,https://comic.naver.com/webtoon/list?titleId=843209&tab=wed,13204074,포비든 플레저,포비든 플레저 (총 43화/미완결),총 43화/미완결,43.0,미완결,,,https://series.naver.com/comic/detail.series?productNo=13204074,matched,ok,"포비든 플레저 (총 43화/미완결)
평점
9.8 | 탐포포에이키 탐포포에이키 | 2026.06.02. | 총43화/미완결 | 38화 무료
완벽한 사랑을 쫓는 '크리시'는 그녀를 끊임없이 챙겨주는 남자 '료'에게 매력을 느낀다. 그러나 그녀는 이 완벽한 남자가 위험한 비밀을 숨기고 있다는 것을 깨닫게 되는데..",wed,1,wed,1,tue,wed,True,wed,수,tue,wed,13204074_wed,post_24h,어제 밤 10시 공개 이후 증가분 확인용 수집,1.5만,15000.0,https://series.naver.com/comic/detail.series?productNo=13204074,20260902_210450,wed,수,2026-09-02 21:04:50,2026-09-02,21:04:50,2026-09-02 21:16:19,2026-09-02 21:16:22,2.92,2026-09-02 21:16:22,2026-09-02,21:16:22,2026-09-02 21:20:09,919.53
wed,102,낙화의별,MOOHAK,843318,https://comic.naver.com/webtoon/list?titleId=843318&tab=wed,13226515,낙화의별,낙화의별 (총 41화/미완결),총 41화/미완결,41.0,미완결,,,https://series.naver.com/comic/detail.series?productNo=13226515,matched,ok,"낙화의별 (총 41화/미완결)
평점
10.0 | MOOHAK MOOHAK | 2026.06.02. | 총41화/미완결 | 36화 무료
낙화하는 인류의 '별'을 쫓아 삶의 여정을 걸어가는 한 연인의 여행기. 전쟁의 끝을 위해 인류가 고안해낸 미래를 위한 위성 '마더' 그러나 인간의 욕망은 '마더'를 스스로 자멸시켰다.마더의 메시지를 전달하던 AI '스피커'[스..",wed,1,wed,1,tue,wed,True,wed,수,tue,wed,13226515_wed,post_24h,어제 밤 10시 공개 이후 증가분 확인용 수집,2.9만,29000.0,https://series.naver.com/comic/detail.series?productNo=13226515,20260902_210450,wed,수,2026-09-02 21:04:50,2026-09-02,21:04:50,2026-09-02 21:16:24,2026-09-02 21:16:26,2.2,2026-09-02 21:16:26,2026-09-02,21:16:26,2026-09-02 21:20:09,919.53
wed,103,털썩...너에게 반해버렸달까?,후야,844559,https://comic.naver.com/webtoon/list?titleId=844559&tab=wed,13354270,털썩...너에게 반해버렸달까?,털썩...너에게 반해버렸달까? (총 34화/미완결),총 34화/미완결,34.0,미완결,,,https://series.naver.com/comic/detail.series?productNo=13354270,matched,ok,"털썩...너에게 반해버렸달까? (총 34화/미완결)
평점
10.0 | 후야 후야 | 2026.06.02. | 총34화/미완결 | 29화 무료
학교 인기남 '우빈', 사실 그는 애니메이션 <러브러브미>의 주인공 ‘요이’의 덕후다. 그는 같은 반 '아윤'을 처음 본 순간 '요이'와 닮은 외모를 가진 그녀에게 첫눈에 반하게 되는데.... 오타쿠라는 정체를 밝히기 싫은 인기남 ..",wed,1,wed,1,tue,wed,True,wed,수,tue,wed,13354270_wed,post_24h,어제 밤 10시 공개 이후 증가분 확인용 수집,8.8만,88000.0,https://series.naver.com/comic/detail.series?productNo=13354270,20260902_210450,wed,수,2026-09-02 21:04:50,2026-09-02,21:04:50,2026-09-02 21:16:27,2026-09-02 21:16:30,2.48,2026-09-02 21:16:30,2026-09-02,21:16:30,2026-09-02 21:20:09,919.53
wed,29,끝장,,844588,https://comic.naver.com/webtoon/list?titleId=844588&tab=wed,6039213,떨어지면 끝장,떨어지면 끝장 (총 70화/완결),총 70화/완결,70.0,완결,Keiko Suenobu Keiko Suenobu,평점 9.7 | Keiko Suenobu Keiko Suenobu | 2024.04.12. | 총70화/완결 | 3화 무료,https://series.naver.com/comic/detail.series?productNo=6039213,matched,ok,"떨어지면 끝장 (총 70화/완결)
평점
9.7 | Keiko Suenobu Keiko Suenobu | 2024.04.12. | 총70화/완결 | 3화 무료
“떨어지면 끝장이야.”그토록 바라던 신축 초고층 아파트에 입주하게 된 주부 아스미.같은 아파트에 거주하며 아이들 유치원도 같은 세 명의 맘 친구가 생긴다.행복 가득한 새로운 생활이 펼쳐지리라 기대했지만, 어떤 인물과..",wed,1,wed,1,tue,wed,True,wed,수,tue,wed,6039213_wed,post_24h,어제 밤 10시 공개 이후 증가분 확인용 수집,3.9만,39000.0,https://series.naver.com/comic/detail.series?productNo=6039213,20260902_210450,wed,수,2026-09-02 21:04:50,2026-09-02,21:04:50,2026-09-02 21:16:31,2026-09-02 21:16:33,2.32,2026-09-02 21:16:33,2026-09-02,21:16:33,2026-09-02 21:20:09,919.53
wed,71,냥냥찍찍!,꾀돌이,844952,https://comic.naver.com/webtoon/list?titleId=844952&tab=wed,13397735,냥냥찍찍!,냥냥찍찍! (총 61화/미완결),총 61화/미완결,61.0,미완결,,,https://series.naver.com/comic/detail.series?productNo=13397735,matched,ok,"냥냥찍찍! (총 61화/미완결)
평점
10.0 | 꾀돌이 | 2026.06.05. | 총61화/미완결 | 55화 무료
햄스터로 변하는 여자 금해미, 고양이로 변하는 남자 고우영.저주를 풀기 위해선 스킨십을 해야 한다?!고양이와 햄스터의 아찔한 코믹 풀충전 캠퍼스 로맨스!","wed,sat",2,"wed,sat",2,"tue,fri","wed,sat",True,wed,수,tue,wed,13397735_wed,post_24h,어제 밤 10시 공개 이후 증가분 확인용 수집,45.3만,453000.0,https://series.naver.com/comic/detail.series?productNo=13397735,20260902_210450,wed,수,2026-09-02 21:04:50,2026-09-02,21:04:50,2026-09-02 21:16:35,2026-09-02 21:16:37,2.31,2026-09-02 21:16:37,2026-09-02,21:16:37,2026-09-02 21:20:09,919.53
wed,74,귀여WAR,이난,845456,https://comic.naver.com/webtoon/list?titleId=845456&tab=wed,13479653,귀여WAR,귀여WAR (총 31화/미완결),총 31화/미완결,31.0,미완결,,,https://series.naver.com/comic/detail.series?productNo=13479653,matched,ok,"귀여WAR (총 31화/미완결)
평점
9.7 | 이난 따비 | 2026.06.02. | 총31화/미완결 | 26화 무료
주의 그들의 눈을 똑바로 응시하지 마세요. 공격을 망설이지 마세요. 우리의 적은 귀여우니까.어느 날 지구에 나타난 귀여운 모습의 괴생물체. 그 외모에 방심하는 사이 인류의 모든 문명은 파괴되었다.파괴된 세상에서 살아..",wed,1,wed,1,tue,wed,True,wed,수,tue,wed,13479653_wed,post_24h,어제 밤 10시 공개 이후 증가분 확인용 수집,47.6만,476000.0,https://series.naver.com/comic/detail.series?productNo=13479653,20260902_210450,wed,수,2026-09-02 21:04:50,2026-09-02,21:04:50,2026-09-02 21:16:39,2026-09-02 21:16:41,2.61,2026-09-02 21:16:41,2026-09-02,21:16:41,2026-09-02 21:20:09,919.53
wed,60,함부로 길들이지 마시오!,해마,845656,https://comic.naver.com/webtoon/list?titleId=845656&tab=wed,13480066,함부로 길들이지 마시오!,함부로 길들이지 마시오! (총 29화/미완결),총 29화/미완결,29.0,미완결,,,https://series.naver.com/comic/detail.series?productNo=13480066,matched,ok,"함부로 길들이지 마시오! (총 29화/미완결)
평점
10.0 | 해마 담수 | 2026.06.02. | 총29화/미완결 | 24화 무료
결벽증. 공감결여. 접촉공포. 인간을 싫어하는 천재 여자 외과의 이레네 리오스.모두가 칭송하는 디보아 왕국 3왕자, 따분한 삶에 권태를 느끼는 북부의 대공. 디에고 카시스.서로 흥미로운, 서로의 상식에서 벗어나는 두 사람..",wed,1,wed,1,tue,wed,True,wed,수,tue,wed,13480066_wed,post_24h,어제 밤 10시 공개 이후 증가분 확인용 수집,81.5만,815000.0,https://series.naver.com/comic/detail.series?productNo=13480066,20260902_210450,wed,수,2026-09-02 21:04:50,2026-09-02,21:04:50,2026-09-02 21:16:43,2026-09-02 21:16:46,2.92,2026-09-02 21:16:46,2026-09-02,21:16:46,2026-09-02 21:20:09,919.53
wed,52,게임에서 남자를 만나지 마세요,부메랑 마스터,845675,https://comic.naver.com/webtoon/list?titleId=845675&tab=wed,13503704,게임에서 남자를 만나지 마세요,게임에서 남자를 만나지 마세요 (총 29화/미완결),총 29화/미완결,29.0,미완결,,,https://series.naver.com/comic/detail.series?productNo=13503704,matched,ok,"게임에서 남자를 만나지 마세요 (총 29화/미완결)
평점
9.9 | 부메랑 마스터 | 2026.06.02. | 총29화/미완결 | 24화 무료
차가운 현실에서 도망쳐 온라인 게임 '얼티밋 아르카디아' 를 시작하게 된 '민지'.얼떨결에 가입한 길드의 멤버들은 현실의 그 누구보다도 친절하고,민지는 난생처음 받아보는 뜨거운 관심이 그저 좋기만 하다.게임을 통해 유대..",wed,1,wed,1,tue,wed,True,wed,수,tue,wed,13503704_wed,post_24h,어제 밤 10시 공개 이후 증가분 확인용 수집,78.6만,786000.0,https://series.naver.com/comic/detail.series?productNo=13503704,20260902_210450,wed,수,2026-09-02 21:04:50,2026-09-02,21:04:50,2026-09-02 21:16:48,2026-09-02 21:16:50,2.27,2026-09-02 21:16:50,2026-09-02,21:16:50,2026-09-02 21:20:09,919.53
wed,49,로열패밀리,옥한돌,845917,https://comic.naver.com/webtoon/list?titleId=845917&tab=wed,13540242,로열패밀리,로열패밀리 (총 30화/미완결),총 30화/미완결,30.0,미완결,,,https://series.naver.com/comic/detail.series?productNo=13540242,matched,ok,"로열패밀리 (총 30화/미완결)
평점
9.8 | 옥한돌, MAJOR 옥한돌 | 2026.06.02. | 총30화/미완결 | 24화 무료
연 매출 350조의 대한민국 최대의 기업, '태성'.맨손으로 제국을 일궈낸 '강욱' 회장의 후계 싸움이 한창인 태성에 안하무인 그 자체인 신입사원 '서지혁'이 등장한다.그러나 그의 정체는 의문의 죽음을 맞은 장남의 아들, 강지..",wed,1,wed,1,tue,wed,True,wed,수,tue,wed,13540242_wed,post_24h,어제 밤 10시 공개 이후 증가분 확인용 수집,49.6만,496000.0,https://series.naver.com/comic/detail.series?productNo=13540242,20260902_210450,wed,수,2026-09-02 21:04:50,2026-09-02,21:04:50,2026-09-02 21:16:51,2026-09-02 21:16:53,2.5,2026-09-02 21:16:53,2026-09-02,21:16:53,2026-09-02 21:20:09,919.53
wed,31,표절의혹,,846106,https://comic.naver.com/webtoon/list?titleId=846106&tab=wed,13575121,표절의혹,표절의혹 (총 29화/미완결),총 29화/미완결,29.0,미완결,김칸비 황영찬,평점 9.4 | 김칸비 황영찬 | 2026.06.16. | 총29화/미완결 | 24화 무료,https://series.naver.com/comic/detail.series?productNo=13575121,review_needed,not_found,"표절의혹 (총 29화/미완결)
평점
9.4 | 김칸비 황영찬 | 2026.06.16. | 총29화/미완결 | 24화 무료
살인사건 피해자들의 시신을 예술품처럼 사고파는 인간성을 잃은 자들, 그리고 그런 예술 살인을 저지르는 ‘자학’이라는 연쇄살인마가 세간의 화제가 되고 있다. 한 예술가는 이 상황에 분노해 자학을 추적하기 시작하는데.....",wed,1,wed,1,tue,wed,True,wed,수,tue,wed,13575121_wed,post_24h,어제 밤 10시 공개 이후 증가분 확인용 수집,,,https://nid.naver.com/nidlogin.login?svctype=128&a_version=2&viewtype=1&url=http%3A%2F%2Fseries.naver.com%2Fcomic%2Fdetail.series%3FproductNo%3D13575121&surl=https%3A%2F%2Fseries.naver.com,20260902_210450,wed,수,2026-09-02 21:04:50,2026-09-02,21:04:50,2026-09-02 21:16:55,2026-09-02 21:17:11,16.8,2026-09-02 21:17:11,2026-09-02,21:17:11,2026-09-02 21:20:09,919.53
wed,5,싸이코패스 in 무림,,846109,https://comic.naver.com/webtoon/list?titleId=846109&tab=wed,13566546,싸이코패스 in 무림[독점],싸이코패스 in 무림[독점] (총 32화/미완결),총 32화/미완결,32.0,미완결,"김언, 곤붕 송범규","평점 9.8 | 김언, 곤붕 송범규 | 2026.06.16. | 총32화/미완결 | 26화 무료",https://series.naver.com/comic/detail.series?productNo=13566546,review_needed,not_found,"싸이코패스 in 무림[독점] (총 32화/미완결)
평점
9.8 | 김언, 곤붕 송범규 | 2026.06.16. | 총32화/미완결 | 26화 무료
[진정한 강자들의 세상, 무림 온라인에 오신 걸 환영합니다.]무림에 떨어진 희대의 싸이코패스.음모와 악의가 가득한 무림에 동봉수, 그의 무정한 이빨이 드리운다.",wed,1,wed,1,tue,wed,True,wed,수,tue,wed,13566546_wed,post_24h,어제 밤 10시 공개 이후 증가분 확인용 수집,,,https://nid.naver.com/nidlogin.login?svctype=128&a_version=2&viewtype=1&url=http%3A%2F%2Fseries.naver.com%2Fcomic%2Fdetail.series%3FproductNo%3D13566546&surl=https%3A%2F%2Fseries.naver.com,20260902_210450,wed,수,2026-09-02 21:04:50,2026-09-02,21:04:50,2026-09-02 21:17:13,2026-09-02 21:17:28,14.88,2026-09-02 21:17:28,2026-09-02,21:17:28,2026-09-02 21:20:09,919.53
wed,75,검은머리 기사왕,나인,846824,https://comic.naver.com/webtoon/list?titleId=846824&tab=wed,13638885,검은머리 기사왕,검은머리 기사왕 (총 24화/미완결),총 24화/미완결,24.0,미완결,,,https://series.naver.com/comic/detail.series?productNo=13638885,matched,ok,"검은머리 기사왕 (총 24화/미완결)
평점
9.5 | 미스터쿼카, 나인 현진 | 2026.06.02. | 총24화/미완결 | 19화 무료
오크와 엘프 사이, 멸종의 길에 선 인간.인간의 시대는 끝난 줄 알았다.다음 왕을 육성하라는 사명을 받은 기사왕의 종자로서검은머리 소녀를 만나기 전까지는.그는 인간의 시대를 되찾기 위해, 마지막으로 검을 든다.검은머리 ..",wed,1,wed,1,tue,wed,True,wed,수,tue,wed,13638885_wed,post_24h,어제 밤 10시 공개 이후 증가분 확인용 수집,13만,130000.0,https://series.naver.com/comic/detail.series?productNo=13638885,20260902_210450,wed,수,2026-09-02 21:04:50,2026-09-02,21:04:50,2026-09-02 21:17:29,2026-09-02 21:17:32,3.37,2026-09-02 21:17:32,2026-09-02,21:17:32,2026-09-02 21:20:09,919.53
wed,4,쪽팔려게임,봉수,847135,https://comic.naver.com/webtoon/list?titleId=847135&tab=wed,13661331,쪽팔려게임,쪽팔려게임 (총 25화/미완결),총 25화/미완결,25.0,미완결,,,https://series.naver.com/comic/detail.series?productNo=13661331,matched,ok,"쪽팔려게임 (총 25화/미완결)
평점
10.0 | 봉수 다이 | 2026.06.02. | 총25화/미완결 | 20화 무료
고등학교 2학년 유사랑은 반에서 묘한 취급을 받는다. 같은 반 친구들의 쪽팔려게임에서 놀이에 껴있지도 않은 유사랑이 자꾸 벌칙의 대상이 된다. 반 친구들도 유사랑의 인격이 어딘가 어긋나 있는 걸 어렴풋이 느끼기 때문이..",wed,1,wed,1,tue,wed,True,wed,수,tue,wed,13661331_wed,post_24h,어제 밤 10시 공개 이후 증가분 확인용 수집,446.9만,4469000.0,https://series.naver.com/comic/detail.series?productNo=13661331,20260902_210450,wed,수,2026-09-02 21:04:50,2026-09-02,21:04:50,2026-09-02 21:17:34,2026-09-02 21:17:36,2.44,2026-09-02 21:17:36,2026-09-02,21:17:36,2026-09-02 21:20:09,919.53
wed,69,"양아치, 순애합니다",서난,847748,https://comic.naver.com/webtoon/list?titleId=847748&tab=wed,13725734,"양아치, 순애합니다","양아치, 순애합니다 (총 23화/미완결)",총 23화/미완결,23.0,미완결,,,https://series.naver.com/comic/detail.series?productNo=13725734,matched,ok,"양아치, 순애합니다 (총 23화/미완결)
평점
9.9 | 서난 | 2026.06.02. | 총23화/미완결 | 18화 무료
의대에 들어가길 꿈꾸던 모범생 유진은 고등학교 때 잠깐의 연애로 페이스를 망쳐 입시를 망쳤다. 반수하던 중, 양아치 전남친 준하가 다시 눈앞에 나타난다. 또 한 번 입시를 방해하려는 걸까? 아니면 정말 미련일까? 서로 너..",wed,1,wed,1,tue,wed,True,wed,수,tue,wed,13725734_wed,post_24h,어제 밤 10시 공개 이후 증가분 확인용 수집,54.4만,544000.0,https://series.naver.com/comic/detail.series?productNo=13725734,20260902_210450,wed,수,2026-09-02 21:04:50,2026-09-02,21:04:50,2026-09-02 21:17:38,2026-09-02 21:17:40,1.99,2026-09-02 21:17:40,2026-09-02,21:17:40,2026-09-02 21:20:09,919.53
wed,98,향기로운 계약관계,토랑,847910,https://comic.naver.com/webtoon/list?titleId=847910&tab=wed,13750649,향기로운 계약관계,향기로운 계약관계 (총 24화/미완결),총 24화/미완결,24.0,미완결,토랑 토랑,평점 10.0 | 토랑 토랑 | 2026.06.16. | 총24화/미완결 | 19화 무료,https://series.naver.com/comic/detail.series?productNo=13750649,matched,ok,"향기로운 계약관계 (총 24화/미완결)
평점
10.0 | 토랑 토랑 | 2026.06.16. | 총24화/미완결 | 19화 무료
“우리 계약해요!”오로지 향기 하나만 바라보며 살아온 향수 회사 CEO 정리안.차 사고 이후 이유 모를 후각 상실에 시달리며 그녀의 모든 일상이 멈춘다. 그런데 길에서 우연히 마주친 남자 ‘한도윤’ 에게서만 향기가 느껴..",wed,1,wed,1,tue,wed,True,wed,수,tue,wed,13750649_wed,post_24h,어제 밤 10시 공개 이후 증가분 확인용 수집,3.5만,35000.0,https://series.naver.com/comic/detail.series?productNo=13750649,20260902_210450,wed,수,2026-09-02 21:04:50,2026-09-02,21:04:50,2026-09-02 21:17:42,2026-09-02 21:17:44,2.21,2026-09-02 21:17:44,2026-09-02,21:17:44,2026-09-02 21:20:09,919.53
wed,105,우리애 대한,차미슬,848028,https://comic.naver.com/webtoon/list?titleId=848028&tab=wed,13758005,우리애 대한,우리애 대한 (총 21화/미완결),총 21화/미완결,21.0,미완결,,,https://series.naver.com/comic/detail.series?productNo=13758005,matched,ok,"우리애 대한 (총 21화/미완결)
평점
10.0 | 차미슬 차미슬 | 2026.06.02. | 총21화/미완결 | 16화 무료
절대군주제가 유지된 21세기 대한제국.황태자 부부가 살해 당한 이후, 황실은 황녀의 존재를 철저히 숨겼다.그리고 13년 뒤, 평범한 고등학생 ‘현우’ 앞에 나타나 스스로를 황녀라고 주장하는 전학생 ‘도영'.도영은 정말 황..",wed,1,wed,1,tue,wed,True,wed,수,tue,wed,13758005_wed,post_24h,어제 밤 10시 공개 이후 증가분 확인용 수집,5.5천,5500.0,https://series.naver.com/comic/detail.series?productNo=13758005,20260902_210450,wed,수,2026-09-02 21:04:50,2026-09-02,21:04:50,2026-09-02 21:17:45,2026-09-02 21:17:47,2.05,2026-09-02 21:17:47,2026-09-02,21:17:47,2026-09-02 21:20:09,919.53
wed,82,댄서,영일보이,848316,https://comic.naver.com/webtoon/list?titleId=848316&tab=wed,13855014,댄서,댄서 (총 19화/미완결),총 19화/미완결,19.0,미완결,,,https://series.naver.com/comic/detail.series?productNo=13855014,matched,ok,"댄서 (총 19화/미완결)
평점
9.8 | 영일보이 영일보이 | 2026.06.02. | 총19화/미완결 | 14화 무료
'코트 위에서 춤을 추기 시작했다'중학리그 MVP 였던 유준은 아버지가 범죄자라는 사실이 알려지며 범죄자의 아들로 낙인이 찍힌다. 범죄자의 아들로서 받았던 자신에 대한 조롱, 비난과 평가들이 전부 틀렸단 걸 보여주기 ..",wed,1,wed,1,tue,wed,True,wed,수,tue,wed,13855014_wed,post_24h,어제 밤 10시 공개 이후 증가분 확인용 수집,32만,320000.0,https://series.naver.com/comic/detail.series?productNo=13855014,20260902_210450,wed,수,2026-09-02 21:04:50,2026-09-02,21:04:50,2026-09-02 21:17:49,2026-09-02 21:17:52,2.68,2026-09-02 21:17:52,2026-09-02,21:17:52,2026-09-02 21:20:09,919.53
wed,76,레몬나무숲,해소금,848317,https://comic.naver.com/webtoon/list?titleId=848317&tab=wed,13787029,레몬나무숲,레몬나무숲 (총 18화/미완결),총 18화/미완결,18.0,미완결,,,https://series.naver.com/comic/detail.series?productNo=13787029,matched,ok,"레몬나무숲 (총 18화/미완결)
평점
9.8 | 해소금 해소금 | 2026.06.02. | 총18화/미완결 | 14화 무료
[막이 오른다.][기쁜 일이 있는 듯 환하게 웃는 한 사람이 무대로 뛰어오른다.][눈을 맞추며]'사랑해.''당신이 이 세상에서 가장 비참해졌으면 좋겠어.'",wed,1,wed,1,tue,wed,True,wed,수,tue,wed,13787029_wed,post_24h,어제 밤 10시 공개 이후 증가분 확인용 수집,42.9만,429000.0,https://series.naver.com/comic/detail.series?productNo=13787029,20260902_210450,wed,수,2026-09-02 21:04:50,2026-09-02,21:04:50,2026-09-02 21:17:53,2026-09-02 21:17:55,2.46,2026-09-02 21:17:55,2026-09-02,21:17:55,2026-09-02 21:20:09,919.53
wed,83,철릉고등학교,분발맨,848318,https://comic.naver.com/webtoon/list?titleId=848318&tab=wed,13787030,철릉고등학교,철릉고등학교 (총 20화/미완결),총 20화/미완결,20.0,미완결,,,https://series.naver.com/comic/detail.series?productNo=13787030,matched,ok,"철릉고등학교 (총 20화/미완결)
평점
10.0 | 분발맨 분발맨 | 2026.06.02. | 총20화/미완결 | 15화 무료
두발규제가 삼엄하다못해 철통같은 철릉고등학교.두발규정을 어기는 순간 교사들의 바리깡이 춤을 춘다.이런 억압 속에서, 머리가 막장으로 긴 문제아 ‘전학생’과 바리깡이 통하지 않는 ‘권기수’는 교칙을 바꾸고 자유를 ..",wed,1,wed,1,tue,wed,True,wed,수,tue,wed,13787030_wed,post_24h,어제 밤 10시 공개 이후 증가분 확인용 수집,13.1만,131000.0,https://series.naver.com/comic/detail.series?productNo=13787030,20260902_210450,wed,수,2026-09-02 21:04:50,2026-09-02,21:04:50,2026-09-02 21:17:56,2026-09-02 21:17:59,2.84,2026-09-02 21:17:59,2026-09-02,21:17:59,2026-09-02 21:20:09,919.53
wed,85,카르텔,박수봉,849144,https://comic.naver.com/webtoon/list?titleId=849144&tab=wed,13928167,카르텔,카르텔 (총 17화/미완결),총 17화/미완결,17.0,미완결,,,https://series.naver.com/comic/detail.series?productNo=13928167,matched,ok,"카르텔 (총 17화/미완결)
평점
9.8 | 김장훈, 박수봉 진작 | 2026.06.02. | 총17화/미완결 | 12화 무료
가장 낙후된 동네에 혼자 남게된 소년, 원도윤. 재능은 있었지만 세상은 그를 끌어내렸다. 거대 조직이 쥐고 흔드는 세상에서는 위로 오를수록 더 깊이 빠진다는 것을 깨닫는다. 원도윤은 끝내 선택한다. 정상 대신 나락을. 그리..",wed,1,wed,1,tue,wed,True,wed,수,tue,wed,13928167_wed,post_24h,어제 밤 10시 공개 이후 증가분 확인용 수집,14.3만,143000.0,https://series.naver.com/comic/detail.series?productNo=13928167,20260902_210450,wed,수,2026-09-02 21:04:50,2026-09-02,21:04:50,2026-09-02 21:18:01,2026-09-02 21:18:04,2.95,2026-09-02 21:18:04,2026-09-02,21:18:04,2026-09-02 21:20:09,919.53
wed,96,스톤에이지,JA,849283,https://comic.naver.com/webtoon/list?titleId=849283&tab=wed,13939883,스톤에이지,스톤에이지 (총 17화/미완결),총 17화/미완결,17.0,미완결,,,https://series.naver.com/comic/detail.series?productNo=13939883,matched,ok,"스톤에이지 (총 17화/미완결)
평점
10.0 | JA | 2026.06.02. | 총17화/미완결 | 12화 무료
추락의 방아쇠를 당기는 이 게임에 휘말려 버린 건 언제부터였을까. 범접 불가의 천재 소년, 그에게 이상한 일들이 벌어지기 시작한다.",wed,1,wed,1,tue,wed,True,wed,수,tue,wed,13939883_wed,post_24h,어제 밤 10시 공개 이후 증가분 확인용 수집,5.5만,55000.0,https://series.naver.com/comic/detail.series?productNo=13939883,20260902_210450,wed,수,2026-09-02 21:04:50,2026-09-02,21:04:50,2026-09-02 21:18:05,2026-09-02 21:18:07,2.57,2026-09-02 21:18:07,2026-09-02,21:18:07,2026-09-02 21:20:09,919.53
wed,21,공작님의 아이만 필요합니다,라뇽,849451,https://comic.naver.com/webtoon/list?titleId=849451&tab=wed,13936024,공작님의 아이만 필요합니다 [독점],공작님의 아이만 필요합니다 [독점] (총 14화/미완결),총 14화/미완결,14.0,미완결,,,https://series.naver.com/comic/detail.series?productNo=13936024,matched,ok,"공작님의 아이만 필요합니다 [독점] (총 14화/미완결)
평점
10.0 | 백단, 라뇽 Roal | 2026.06.02. | 총14화/미완결 | 9화 무료
[매주 수요일 연재]‘과거로 돌아갈 수 있다면, 그 사람을 사랑하지 않을 텐데.’회귀 후, 전남편과의 두 번째 결혼은 오직 아이를 위해서였다.그렇게 기적처럼 얻은 두 번째 생은 사랑을 갈구하던 전생과 달리오로지 아이를 다..",wed,1,wed,1,tue,wed,True,wed,수,tue,wed,13936024_wed,post_24h,어제 밤 10시 공개 이후 증가분 확인용 수집,226.7만,2267000.0,https://series.naver.com/comic/detail.series?productNo=13936024,20260902_210450,wed,수,2026-09-02 21:04:50,2026-09-02,21:04:50,2026-09-02 21:18:09,2026-09-02 21:18:11,1.96,2026-09-02 21:18:11,2026-09-02,21:18:11,2026-09-02 21:20:09,919.53
wed,65,완벽한 선배의 Hide!,두지,849742,https://comic.naver.com/webtoon/list?titleId=849742&tab=wed,14024755,완벽한 선배의 Hide!,완벽한 선배의 Hide! (총 12화/미완결),총 12화/미완결,12.0,미완결,,,https://series.naver.com/comic/detail.series?productNo=14024755,matched,ok,"완벽한 선배의 Hide! (총 12화/미완결)
평점
9.9 | 두지 두지 | 2026.06.02. | 총12화/미완결 | 7화 무료
모두에게 다정하고 친절한 엄친아 과탑 태혁 선배.그러나 그 엄친아의 껍데기 속에는 미친 또라이 지랄남이 숨겨져 있다?학과 동기들 중 유일하게 그 남자의 비밀을 알고 있는 여자.그리고 그 여자에게 점점 더 집착하는 또라..",wed,1,wed,1,tue,wed,True,wed,수,tue,wed,14024755_wed,post_24h,어제 밤 10시 공개 이후 증가분 확인용 수집,54.1만,541000.0,https://series.naver.com/comic/detail.series?productNo=14024755,20260902_210450,wed,수,2026-09-02 21:04:50,2026-09-02,21:04:50,2026-09-02 21:18:13,2026-09-02 21:18:14,1.82,2026-09-02 21:18:14,2026-09-02,21:18:14,2026-09-02 21:20:09,919.53
wed,91,비인간서사,호밀밭,849747,https://comic.naver.com/webtoon/list?titleId=849747&tab=wed,14025252,비인간서사,비인간서사 (총 12화/미완결),총 12화/미완결,12.0,미완결,,,https://series.naver.com/comic/detail.series?productNo=14025252,matched,ok,"비인간서사 (총 12화/미완결)
평점
10.0 | 호밀밭 호밀밭 | 2026.06.02. | 총12화/미완결 | 7화 무료
2055년 서울. 문명은 상승하고 개인은 추락한다.청년 하늘은 엄마의 수술 비용을 갚으며 살아간다.어느 날, 운명이 그를 찾아왔다.",wed,1,wed,1,tue,wed,True,wed,수,tue,wed,14025252_wed,post_24h,어제 밤 10시 공개 이후 증가분 확인용 수집,5.8만,58000.0,https://series.naver.com/comic/detail.series?productNo=14025252,20260902_210450,wed,수,2026-09-02 21:04:50,2026-09-02,21:04:50,2026-09-02 21:18:16,2026-09-02 21:18:18,1.87,2026-09-02 21:18:18,2026-09-02,21:18:18,2026-09-02 21:20:09,919.53
wed,34,싸움배달,하우진,850079,https://comic.naver.com/webtoon/list?titleId=850079&tab=wed,14082849,싸움배달,싸움배달 (총 9화/미완결),총 9화/미완결,9.0,미완결,,,https://series.naver.com/comic/detail.series?productNo=14082849,matched,ok,"싸움배달 (총 9화/미완결)
평점
9.9 | 하우진 박창근 | 2026.06.02. | 총9화/미완결 | 5화 무료
배달이요~라이더 2년차, 싸움배달 전문 고등학생 이상.어느날 거액의 의뢰를 제안을 받는데,오너가 심상치 않다...",wed,1,wed,1,tue,wed,True,wed,수,tue,wed,14082849_wed,post_24h,어제 밤 10시 공개 이후 증가분 확인용 수집,58.7만,587000.0,https://series.naver.com/comic/detail.series?productNo=14082849,20260902_210450,wed,수,2026-09-02 21:04:50,2026-09-02,21:04:50,2026-09-02 21:18:18,2026-09-02 21:18:21,2.53,2026-09-02 21:18:21,2026-09-02,21:18:21,2026-09-02 21:20:09,919.53
wed,87,일곱 번째 의뢰인,,850210,https://comic.naver.com/webtoon/list?titleId=850210&tab=wed,14102285,일곱 번째 의뢰인,일곱 번째 의뢰인 (총 14화/미완결),총 14화/미완결,14.0,미완결,함영서 함영서,평점 10.0 | 함영서 함영서 | 2026.06.16. | 총14화/미완결 | 9화 무료,https://series.naver.com/comic/detail.series?productNo=14102285,review_needed,not_found,"일곱 번째 의뢰인 (총 14화/미완결)
평점
10.0 | 함영서 함영서 | 2026.06.16. | 총14화/미완결 | 9화 무료
어린 탐정 맥스는 아무도 주목하지 않는 도박 업자의 죽음을 조사하라는 의뢰를 받는다. 의뢰인이 용의자로 지목한 도박 업자의 아내 제인. 맥스는 그녀를 향한 의심과 이끌림 사이에서 갈등하는데. 제인은 결백한가, 살인자인..",wed,1,wed,1,tue,wed,True,wed,수,tue,wed,14102285_wed,post_24h,어제 밤 10시 공개 이후 증가분 확인용 수집,,,https://nid.naver.com/nidlogin.login?svctype=128&a_version=2&viewtype=1&url=http%3A%2F%2Fseries.naver.com%2Fcomic%2Fdetail.series%3FproductNo%3D14102285&surl=https%3A%2F%2Fseries.naver.com,20260902_210450,wed,수,2026-09-02 21:04:50,2026-09-02,21:04:50,2026-09-02 21:18:23,2026-09-02 21:18:38,14.94,2026-09-02 21:18:38,2026-09-02,21:18:38,2026-09-02 21:20:09,919.53
wed,27,좋아하면 멍청해진다,뀌옥,850214,https://comic.naver.com/webtoon/list?titleId=850214&tab=wed,14103441,좋아하면 멍청해진다,좋아하면 멍청해진다 (총 9화/미완결),총 9화/미완결,9.0,미완결,,,https://series.naver.com/comic/detail.series?productNo=14103441,matched,ok,"좋아하면 멍청해진다 (총 9화/미완결)
평점
10.0 | 뀌옥 뀌옥 | 2026.06.02. | 총9화/미완결 | 4화 무료
차갑고 시크한 철벽녀 세린과 평범한 대학생 진형. 남들 앞에선 멀쩡한 두 사람이지만 함께 있으면 바보가 된다.",wed,1,wed,1,tue,wed,True,wed,수,tue,wed,14103441_wed,post_24h,어제 밤 10시 공개 이후 증가분 확인용 수집,149.1만,1491000.0,https://series.naver.com/comic/detail.series?productNo=14103441,20260902_210450,wed,수,2026-09-02 21:04:50,2026-09-02,21:04:50,2026-09-02 21:18:39,2026-09-02 21:18:42,2.95,2026-09-02 21:18:42,2026-09-02,21:18:42,2026-09-02 21:20:09,919.53
wed,77,0의 온도,0g,850650,https://comic.naver.com/webtoon/list?titleId=850650&tab=wed,14151563,0의 온도,0의 온도 (총 11화/미완결),총 11화/미완결,11.0,미완결,0g,평점 10.0 | 0g | 2026.06.16. | 총11화/미완결 | 6화 무료,https://series.naver.com/comic/detail.series?productNo=14151563,matched,ok,"0의 온도 (총 11화/미완결)
평점
10.0 | 0g | 2026.06.16. | 총11화/미완결 | 6화 무료
고1때부터 자신을 따라다니던 영혼 '0'과 사랑에 빠진 민경희.그녀는 성인이 되자마자 '0'과 영혼결혼식을 올리고, '0'이 머물 수 있는 '몸'을 만들어 주기로 약속한다.그러나 만질 수 없는 것을 탐하게 된 대가가 따르는데...",wed,1,wed,1,tue,wed,True,wed,수,tue,wed,14151563_wed,post_24h,어제 밤 10시 공개 이후 증가분 확인용 수집,12.7만,127000.0,https://series.naver.com/comic/detail.series?productNo=14151563,20260902_210450,wed,수,2026-09-02 21:04:50,2026-09-02,21:04:50,2026-09-02 21:18:43,2026-09-02 21:18:46,2.83,2026-09-02 21:18:46,2026-09-02,21:18:46,2026-09-02 21:20:09,919.53
wed,79,불완전 자매,냠냠이,850656,https://comic.naver.com/webtoon/list?titleId=850656&tab=wed,14142629,불완전 자매,불완전 자매 (총 7화/미완결),총 7화/미완결,7.0,미완결,,,https://series.naver.com/comic/detail.series?productNo=14142629,matched,ok,"불완전 자매 (총 7화/미완결)
평점
10.0 | 아니,냠냠이 곰시 | 2026.06.02. | 총7화/미완결 | 2화 무료
언니, 우린 서로가 하나뿐인 ‘자매’잖아.어릴 적에 많이 아팠지만 지금은 회복하여 평범하게 지내고 있는 고등학생 류소희에게는 아픈 여동생 류아영이 있다.아영은 언니 소희를 매우 잘 따르지만, 소희는 이런 아영이 부담..",wed,1,wed,1,tue,wed,True,wed,수,tue,wed,14142629_wed,post_24h,어제 밤 10시 공개 이후 증가분 확인용 수집,12.6만,126000.0,https://series.naver.com/comic/detail.series?productNo=14142629,20260902_210450,wed,수,2026-09-02 21:04:50,2026-09-02,21:04:50,2026-09-02 21:18:47,2026-09-02 21:18:50,2.8,2026-09-02 21:18:50,2026-09-02,21:18:50,2026-09-02 21:20:09,919.53
wed,35,서른의 봄,면지,850933,https://comic.naver.com/webtoon/list?titleId=850933&tab=wed,14189062,서른의 봄,서른의 봄 (총 6화/미완결),총 6화/미완결,6.0,미완결,,,https://series.naver.com/comic/detail.series?productNo=14189062,matched,ok,"서른의 봄 (총 6화/미완결)
평점
10.0 | 면지 면지 | 2026.06.02. | 총6화/미완결 | 3화 무료
스물아홉의 ‘봄’은 서른, 30대의 시작을 앞두고 부쩍 생각이 많다.행복한 결혼 생활 중인 친구, 자기 꿈을 이룬 친구에 비해 나는 얼마나 초라한지.회사에서는 계약직이라고 무시당하고, 집에서는 결혼 문제로 닦달하고.‘이 ..",wed,1,wed,1,tue,wed,True,wed,수,tue,wed,14189062_wed,post_24h,어제 밤 10시 공개 이후 증가분 확인용 수집,17.5만,175000.0,https://series.naver.com/comic/detail.series?productNo=14189062,20260902_210450,wed,수,2026-09-02 21:04:50,2026-09-02,21:04:50,2026-09-02 21:18:52,2026-09-02 21:18:54,2.38,2026-09-02 21:18:54,2026-09-02,21:18:54,2026-09-02 21:20:09,919.53
wed,73,경성배달꾼,열오,850967,https://comic.naver.com/webtoon/list?titleId=850967&tab=wed,14216207,경성배달꾼,경성배달꾼 (총 6화/미완결),총 6화/미완결,6.0,미완결,,,https://series.naver.com/comic/detail.series?productNo=14216207,matched,ok,"경성배달꾼 (총 6화/미완결)
평점
10.0 | 열오 펭 | 2026.06.02. | 총6화/미완결 | 1화 무료
배달 문화는 일제강점기 때도 있었다.그런데… ‘이걸’ 배달하라고요?1931년 경성, 인기 냉면집의 베테랑 배달부 태성.어느 날 그릇에 숨겨진 밀서를 발견하며 평온했던 일상이 뒤틀린다.위험한 의뢰, 경찰의 추적, 그 속에서..",wed,1,wed,1,tue,wed,True,wed,수,tue,wed,14216207_wed,post_24h,어제 밤 10시 공개 이후 증가분 확인용 수집,4.8만,48000.0,https://series.naver.com/comic/detail.series?productNo=14216207,20260902_210450,wed,수,2026-09-02 21:04:50,2026-09-02,21:04:50,2026-09-02 21:18:56,2026-09-02 21:18:58,1.97,2026-09-02 21:18:58,2026-09-02,21:18:58,2026-09-02 21:20:09,919.53
wed,59,조상님이 보고계셔,문찌,850971,https://comic.naver.com/webtoon/list?titleId=850971&tab=wed,14196934,조상님이 보고계셔,조상님이 보고계셔 (총 7화/미완결),총 7화/미완결,7.0,미완결,문찌,평점 10.0 | 문찌 | 2026.06.16. | 총7화/미완결 | 2화 무료,https://series.naver.com/comic/detail.series?productNo=14196934,matched,ok,"조상님이 보고계셔 (총 7화/미완결)
평점
10.0 | 문찌 | 2026.06.16. | 총7화/미완결 | 2화 무료
모든 사람 곁의 조상신이 보이는 신입생 '수다원'.그녀가 원한 건 평범한 대학 생활 뿐이었다.그런데 눈앞에 나타난 수수께끼의 오컬트 동아리 회장 '사다함'.왜인지 그에게서는 아무것도 보이지 않는다?!게다가 다원이 모시는 ..",wed,1,wed,1,tue,wed,True,wed,수,tue,wed,14196934_wed,post_24h,어제 밤 10시 공개 이후 증가분 확인용 수집,28.1만,281000.0,https://series.naver.com/comic/detail.series?productNo=14196934,20260902_210450,wed,수,2026-09-02 21:04:50,2026-09-02,21:04:50,2026-09-02 21:18:59,2026-09-02 21:19:01,1.96,2026-09-02 21:19:01,2026-09-02,21:19:01,2026-09-02 21:20:09,919.53
wed,90,더킹,세모,851029,https://comic.naver.com/webtoon/list?titleId=851029&tab=wed,14207883,더킹,더킹 (총 7화/미완결),총 7화/미완결,7.0,미완결,,,https://series.naver.com/comic/detail.series?productNo=14207883,matched,ok,"더킹 (총 7화/미완결)
평점
9.2 | 세모 세모 | 2026.06.02. | 총7화/미완결 | 2화 무료
완벽한 엘리트 코스를 밟아온 스물 후반의 강하나, 하지만 단 한 번의 사건이 그녀의 인생을 무너뜨린다.그녀가 선택한 건 도망이 아닌 싸움. 예측 불가의 링 위에서 그녀는 왕이 되려 한다.",wed,1,wed,1,tue,wed,True,wed,수,tue,wed,14207883_wed,post_24h,어제 밤 10시 공개 이후 증가분 확인용 수집,5만,50000.0,https://series.naver.com/comic/detail.series?productNo=14207883,20260902_210450,wed,수,2026-09-02 21:04:50,2026-09-02,21:04:50,2026-09-02 21:19:02,2026-09-02 21:19:04,2.0,2026-09-02 21:19:04,2026-09-02,21:19:04,2026-09-02 21:20:09,919.53
wed,39,쾌변일지,도다,851264,https://comic.naver.com/webtoon/list?titleId=851264&tab=wed,14277918,쾌변일지,쾌변일지 (총 7화/미완결),총 7화/미완결,7.0,미완결,도다 도다,평점 10.0 | 도다 도다 | 2026.06.16. | 총7화/미완결 | 2화 무료,https://series.naver.com/comic/detail.series?productNo=14277918,matched,ok,"쾌변일지 (총 7화/미완결)
평점
10.0 | 도다 도다 | 2026.06.16. | 총7화/미완결 | 2화 무료
끔찍한 복통과 멈추지 않는 설사. 하루 종일 화장실로 달려가야 하는 고통의 원인을 병원에서도 명확히 찾아내지 못한다. 스물한 살, 예고도 없이 찾아와 내 몸의 주인 행세를 하는 질병. 과연 무너진 일상을 바로잡을 수 있을까..",wed,1,wed,1,tue,wed,True,wed,수,tue,wed,14277918_wed,post_24h,어제 밤 10시 공개 이후 증가분 확인용 수집,19.3만,193000.0,https://series.naver.com/comic/detail.series?productNo=14277918,20260902_210450,wed,수,2026-09-02 21:04:50,2026-09-02,21:04:50,2026-09-02 21:19:05,2026-09-02 21:19:07,2.2,2026-09-02 21:19:07,2026-09-02,21:19:07,2026-09-02 21:20:09,919.53
wed,101,더 스트리머,란,851409,https://comic.naver.com/webtoon/list?titleId=851409&tab=wed,14249965,더 스트리머,더 스트리머 (총 6화/미완결),총 6화/미완결,6.0,미완결,란 란,평점 9.3 | 란 란 | 2026.06.16. | 총6화/미완결 | 1화 무료,https://series.naver.com/comic/detail.series?productNo=14249965,matched,ok,"더 스트리머 (총 6화/미완결)
평점
9.3 | 란 란 | 2026.06.16. | 총6화/미완결 | 1화 무료
시간 내에 시청자 수를 모으지 못하면- 우리는 죽는다.멸망한 세상 속 극한의 생존 방송이 시작된다!",wed,1,wed,1,tue,wed,True,wed,수,tue,wed,14249965_wed,post_24h,어제 밤 10시 공개 이후 증가분 확인용 수집,2만,20000.0,https://series.naver.com/comic/detail.series?productNo=14249965,20260902_210450,wed,수,2026-09-02 21:04:50,2026-09-02,21:04:50,2026-09-02 21:19:08,2026-09-02 21:19:10,1.88,2026-09-02 21:19:10,2026-09-02,21:19:10,2026-09-02 21:20:09,919.53
wed,24,멸귀수도전,이산책,851689,https://comic.naver.com/webtoon/list?titleId=851689&tab=wed,14298592,멸귀수도전,멸귀수도전 (총 6화/미완결),총 6화/미완결,6.0,미완결,"이산책, 연우솔 솔티 독","평점 9.2 | 이산책, 연우솔 솔티 독 | 2026.07.21. | 총6화/미완결 | 1화 무료",https://series.naver.com/comic/detail.series?productNo=14298592,matched,ok,"멸귀수도전 (총 6화/미완결)
평점
9.2 | 이산책, 연우솔 솔티 독 | 2026.07.21. | 총6화/미완결 | 1화 무료
""내 복수는 요귀를 절멸시켜야 끝나는 거야.""부모를 죽인 요귀를 잔혹하게 효수한 이후,마을에서 괴물이라고 손가락질 받던 소년 '이세'.삶에 더 이상 미련이 없던 '이세'는도깨비이자 요귀사냥꾼인 '몽련'을 만나세상에서 요귀..",wed,1,wed,1,tue,wed,True,wed,수,tue,wed,14298592_wed,post_24h,어제 밤 10시 공개 이후 증가분 확인용 수집,40.8만,408000.0,https://series.naver.com/comic/detail.series?productNo=14298592,20260902_210450,wed,수,2026-09-02 21:04:50,2026-09-02,21:04:50,2026-09-02 21:19:11,2026-09-02 21:19:13,2.3,2026-09-02 21:19:13,2026-09-02,21:19:13,2026-09-02 21:20:09,919.53
wed,62,사라지게,ㅎㅂㅆ,852270,https://comic.naver.com/webtoon/list?titleId=852270&tab=wed,14383313,사라지게,사라지게 (총 6화/미완결),총 6화/미완결,6.0,미완결,ㅎㅂㅆ ㅎㅂㅆ,평점 10.0 | ㅎㅂㅆ ㅎㅂㅆ | 2026.07.07. | 총6화/미완결 | 1화 무료,https://series.naver.com/comic/detail.series?productNo=14383313,matched,ok,"사라지게 (총 6화/미완결)
평점
10.0 | ㅎㅂㅆ ㅎㅂㅆ | 2026.07.07. | 총6화/미완결 | 1화 무료
하루하루 버티며 살아가던 어느 날, 어머니가 치매에 걸렸다.자식도 알아보지 못하는 어머니의 부양을 오롯이 떠맡아야만 했다.깊어 가는 어머니의 병세와 끝을 알 수 없는 지옥 같은 날들이 계속되던 어느 날,의문의 메일이 도..",wed,1,wed,1,tue,wed,True,wed,수,tue,wed,14383313_wed,post_24h,어제 밤 10시 공개 이후 증가분 확인용 수집,4.1만,41000.0,https://series.naver.com/comic/detail.series?productNo=14383313,20260902_210450,wed,수,2026-09-02 21:04:50,2026-09-02,21:04:50,2026-09-02 21:19:15,2026-09-02 21:19:17,2.06,2026-09-02 21:19:17,2026-09-02,21:19:17,2026-09-02 21:20:09,919.53
wed,36,원더랜드,까말솔,852503,https://comic.naver.com/webtoon/list?titleId=852503&tab=wed,14425774,원더랜드,원더랜드 (총 7화/미완결),총 7화/미완결,7.0,미완결,까말솔 경한,평점 8.7 | 까말솔 경한 | 2026.08.25. | 총7화/미완결 | 2화 무료,https://series.naver.com/comic/detail.series?productNo=14425774,matched,ok,"원더랜드 (총 7화/미완결)
평점
8.7 | 까말솔 경한 | 2026.08.25. | 총7화/미완결 | 2화 무료
""이곳에선 환상이 현실이 됩니다! 죽지 않고 살아남는다면""주인공은 실종된 딸의 행방을 쫓아 기괴한 놀이공원에 도달한다.그런 그 앞에 나타난 인형 탈을 쓴 괴물은딸을 찾고 싶다면 놀이공원에서 게임을 해서 살아남아야 한..",wed,1,wed,1,tue,wed,True,wed,수,tue,wed,14425774_wed,post_24h,어제 밤 10시 공개 이후 증가분 확인용 수집,4.6만,46000.0,https://series.naver.com/comic/detail.series?productNo=14425774,20260902_210450,wed,수,2026-09-02 21:04:50,2026-09-02,21:04:50,2026-09-02 21:19:18,2026-09-02 21:19:21,2.26,2026-09-02 21:19:21,2026-09-02,21:19:21,2026-09-02 21:20:09,919.53
wed,38,언플러그드 보이,천계영,852504,https://comic.naver.com/webtoon/list?titleId=852504&tab=wed,5232342,언플러그드 보이 [흑백판],언플러그드 보이 [흑백판] (총 16화/완결),총 16화/완결,16.0,완결,천계영,평점 9.9 | 천계영 | 2020.06.30. | 총16화/완결 | 1화 무료,https://series.naver.com/comic/detail.series?productNo=5232342,matched,ok,"언플러그드 보이 [흑백판] (총 16화/완결)
평점
9.9 | 천계영 | 2020.06.30. | 총16화/완결 | 1화 무료
<난 슬플 땐 힙합을 춰... >천사처럼 순수하고 맑은 현겸과 사춘기 평범한 꿈을 꾸는 지율의 학원 로맨스물.두 사람의 귀여운 다툼과 성장통, 친구들 간의 우정 등을 그린다.",wed,1,wed,1,tue,wed,True,wed,수,tue,wed,5232342_wed,post_24h,어제 밤 10시 공개 이후 증가분 확인용 수집,4.6만,46000.0,https://series.naver.com/comic/detail.series?productNo=5232342,20260902_210450,wed,수,2026-09-02 21:04:50,2026-09-02,21:04:50,2026-09-02 21:19:22,2026-09-02 21:19:25,2.63,2026-09-02 21:19:25,2026-09-02,21:19:25,2026-09-02 21:20:09,919.53
wed,72,연애 전공 새내기입니다,교진,852623,https://comic.naver.com/webtoon/list?titleId=852623&tab=wed,14451654,연애 전공 새내기입니다,연애 전공 새내기입니다 (총 6화/미완결),총 6화/미완결,6.0,미완결,교진 교진,평점 10.0 | 교진 교진 | 2026.07.28. | 총6화/미완결 | 1화 무료,https://series.naver.com/comic/detail.series?productNo=14451654,matched,ok,"연애 전공 새내기입니다 (총 6화/미완결)
평점
10.0 | 교진 교진 | 2026.07.28. | 총6화/미완결 | 1화 무료
입시를 말아 먹은 아웃사이더 원승오.앙숙 견이지와 함께 명문서울대 연애전공학과에 입학한다!졸업 요건은 반드시 일 년 안으로 결혼할 것.인싸 이지보다 먼저 결혼하기 위한 모솔 승오의 속 쓰린 사투가 시작된다.",wed,1,wed,1,tue,wed,True,wed,수,tue,wed,14451654_wed,post_24h,어제 밤 10시 공개 이후 증가분 확인용 수집,1.6만,16000.0,https://series.naver.com/comic/detail.series?productNo=14451654,20260902_210450,wed,수,2026-09-02 21:04:50,2026-09-02,21:04:50,2026-09-02 21:19:26,2026-09-02 21:19:28,2.48,2026-09-02 21:19:28,2026-09-02,21:19:28,2026-09-02 21:20:09,919.53
wed,37,다 때려치고 콜라 팝니다,윤재호,852631,https://comic.naver.com/webtoon/list?titleId=852631&tab=wed,14451877,다 때려치고 콜라 팝니다 [독점],다 때려치고 콜라 팝니다 [독점] (총 6화/미완결),총 6화/미완결,6.0,미완결,고래낙하 윤재호,평점 10.0 | 고래낙하 윤재호 | 2026.07.14. | 총6화/미완결 | 1화 무료,https://series.naver.com/comic/detail.series?productNo=14451877,matched,ok,"다 때려치고 콜라 팝니다 [독점] (총 6화/미완결)
평점
10.0 | 고래낙하 윤재호 | 2026.07.14. | 총6화/미완결 | 1화 무료
이세계 왕국의 영웅이 된지도 20년.명예, 권력 모든 것을 손에 넣었다.…콜라 빼고",wed,1,wed,1,tue,wed,True,wed,수,tue,wed,14451877_wed,post_24h,어제 밤 10시 공개 이후 증가분 확인용 수집,22.6만,226000.0,https://series.naver.com/comic/detail.series?productNo=14451877,20260902_210450,wed,수,2026-09-02 21:04:50,2026-09-02,21:04:50,2026-09-02 21:19:30,2026-09-02 21:19:32,2.74,2026-09-02 21:19:32,2026-09-02,21:19:32,2026-09-02 21:20:09,919.53
wed,80,불로남친,율로,852783,https://comic.naver.com/webtoon/list?titleId=852783&tab=wed,14463148,불로남친,불로남친 (총 6화/미완결),총 6화/미완결,6.0,미완결,율로 율로,평점 10.0 | 율로 율로 | 2026.07.14. | 총6화/미완결 | 1화 무료,https://series.naver.com/comic/detail.series?productNo=14463148,matched,ok,"불로남친 (총 6화/미완결)
평점
10.0 | 율로 율로 | 2026.07.14. | 총6화/미완결 | 1화 무료
왜인지 19살 이후부터 늙지 않는 남자친구 엄재영. 그와 14년 동안 만나온 김라빈은 재영이 감추려고 하는 진실을 추적한다. 사라진 SSD와 반복되는 기억 속의 꿈. 퍼즐을 맞춰갈수록 그녀가 믿어온 현실이 흔들리기 시작한다.",wed,1,wed,1,tue,wed,True,wed,수,tue,wed,14463148_wed,post_24h,어제 밤 10시 공개 이후 증가분 확인용 수집,5.5만,55000.0,https://series.naver.com/comic/detail.series?productNo=14463148,20260902_210450,wed,수,2026-09-02 21:04:50,2026-09-02,21:04:50,2026-09-02 21:19:33,2026-09-02 21:19:36,2.17,2026-09-02 21:19:36,2026-09-02,21:19:36,2026-09-02 21:20:09,919.53
wed,50,헬 로그인,보고싶었어요,853159,https://comic.naver.com/webtoon/list?titleId=853159&tab=wed,14502730,헬 로그인,헬 로그인 (총 5화/미완결),총 5화/미완결,5.0,미완결,보고싶었어요 219,평점 7.6 | 보고싶었어요 219 | 2026.08.04. | 총5화/미완결 | 1화 무료,https://series.naver.com/comic/detail.series?productNo=14502730,matched,ok,"헬 로그인 (총 5화/미완결)
평점
7.6 | 보고싶었어요 219 | 2026.08.04. | 총5화/미완결 | 1화 무료
한아람의 어릴 적 유일한 도피처였던 게임 '라스트 에덴'아람은 자신과 닮은 NPC 이브와 함께 랭킹 1위에 오르지만,게임 서비스 종료와 함께 모든 것을 잃는다.현실과 게임의 경계가 무너지길 바라던 그의 앞에 이브가 나타나..",wed,1,wed,1,tue,wed,True,wed,수,tue,wed,14502730_wed,post_24h,어제 밤 10시 공개 이후 증가분 확인용 수집,6.6만,66000.0,https://series.naver.com/comic/detail.series?productNo=14502730,20260902_210450,wed,수,2026-09-02 21:04:50,2026-09-02,21:04:50,2026-09-02 21:19:37,2026-09-02 21:19:39,2.21,2026-09-02 21:19:39,2026-09-02,21:19:39,2026-09-02 21:20:09,919.53
wed,43,숙녀가 대머리이면 어떻단말인가,,853619,https://comic.naver.com/webtoon/list?titleId=853619&tab=wed,14563924,숙녀가 대머리이면 어떻단 말인가,숙녀가 대머리이면 어떻단 말인가 (총 6화/미완결),총 6화/미완결,6.0,미완결,아가사마기,평점 9.6 | 아가사마기 | 2026.08.18. | 총6화/미완결 | 1화 무료,https://series.naver.com/comic/detail.series?productNo=14563924,review_needed,not_found,"숙녀가 대머리이면 어떻단 말인가 (총 6화/미완결)
평점
9.6 | 아가사마기 | 2026.08.18. | 총6화/미완결 | 1화 무료
타인의 시선속에서만 살아왔던 정숙녀(23세, 공시생)는 지쳤다. 좋아하는 것도 없고 해야 될 일들만 가득한 인생... 더는 이렇게 살기 싫어!! 기분전환이라도 할까 들어간 미용실에서. 어랏? 뿅! 대머리가 되어버렸다. 오늘부터 대머..",wed,1,wed,1,tue,wed,True,wed,수,tue,wed,14563924_wed,post_24h,어제 밤 10시 공개 이후 증가분 확인용 수집,,,https://nid.naver.com/nidlogin.login?svctype=128&a_version=2&viewtype=1&url=http%3A%2F%2Fseries.naver.com%2Fcomic%2Fdetail.series%3FproductNo%3D14563924&surl=https%3A%2F%2Fseries.naver.com,20260902_210450,wed,수,2026-09-02 21:04:50,2026-09-02,21:04:50,2026-09-02 21:19:40,2026-09-02 21:19:55,14.52,2026-09-02 21:19:55,2026-09-02,21:19:55,2026-09-02 21:20:09,919.53
wed,81,은빛 눈이 반짝이던,조이은,853653,https://comic.naver.com/webtoon/list?titleId=853653&tab=wed,14567684,은빛 눈이 반짝이던,은빛 눈이 반짝이던 (총 6화/미완결),총 6화/미완결,6.0,미완결,조이은 조이은,평점 10.0 | 조이은 조이은 | 2026.08.18. | 총6화/미완결 | 1화 무료,https://series.naver.com/comic/detail.series?productNo=14567684,matched,ok,"은빛 눈이 반짝이던 (총 6화/미완결)
평점
10.0 | 조이은 조이은 | 2026.08.18. | 총6화/미완결 | 1화 무료
5년 전, 흔적도 없이 사라졌던 첫사랑이 수상한 친구들과 함께 돌아왔다.어딘가 달라진 그의 모습. 그리고 하나둘 드러나는 비밀.게스트하우스 '은하수'에서 다시 시작된 우리의 이야기.우리는 무사히 이 여름을 보낼 수 있을까?",wed,1,wed,1,tue,wed,True,wed,수,tue,wed,14567684_wed,post_24h,어제 밤 10시 공개 이후 증가분 확인용 수집,7.2천,7200.0,https://series.naver.com/comic/detail.series?productNo=14567684,20260902_210450,wed,수,2026-09-02 21:04:50,2026-09-02,21:04:50,2026-09-02 21:19:57,2026-09-02 21:20:00,3.65,2026-09-02 21:20:00,2026-09-02,21:20:00,2026-09-02 21:20:09,919.53
wed,70,우리 커플 아님!,봄소희,853820,https://comic.naver.com/webtoon/list?titleId=853820&tab=wed,14587371,우리 커플 아님!,우리 커플 아님! (총 7화/미완결),총 7화/미완결,7.0,미완결,봄소희 신토,평점 10.0 | 봄소희 신토 | 2026.08.11. | 총7화/미완결 | 1화 무료,https://series.naver.com/comic/detail.series?productNo=14587371,matched,ok,"우리 커플 아님! (총 7화/미완결)
평점
10.0 | 봄소희 신토 | 2026.08.11. | 총7화/미완결 | 1화 무료
예술고 선남선녀 커플이 헤어지고 배우가 되었는데, 전남친 선호는 유명 톱스타, 나은은 무명 여배우… 이게 맞아? 전남친보다 더 잘나가기는커녕 현타가 와서 연예계를 은퇴하려는 찰나, A급 대본을 받게 된다. 그런데 로코 ..",wed,1,wed,1,tue,wed,True,wed,수,tue,wed,14587371_wed,post_24h,어제 밤 10시 공개 이후 증가분 확인용 수집,7.9만,79000.0,https://series.naver.com/comic/detail.series?productNo=14587371,20260902_210450,wed,수,2026-09-02 21:04:50,2026-09-02,21:04:50,2026-09-02 21:20:02,2026-09-02 21:20:05,2.9,2026-09-02 21:20:05,2026-09-02,21:20:05,2026-09-02 21:20:09,919.53
wed,56,해일주의보,맛곰,853833,https://comic.naver.com/webtoon/list?titleId=853833&tab=wed,14590072,해일주의보,해일주의보 (총 6화/미완결),총 6화/미완결,6.0,미완결,그일도 맛곰,평점 9.9 | 그일도 맛곰 | 2026.08.25. | 총6화/미완결 | 1화 무료,https://series.naver.com/comic/detail.series?productNo=14590072,matched,ok,"해일주의보 (총 6화/미완결)
평점
9.9 | 그일도 맛곰 | 2026.08.25. | 총6화/미완결 | 1화 무료
개발자 3년 차인 이단비의 인생 모토는 단순했다.우물 밖 세계는 욕심내지 않고 현실에 만족하는 것.그랬기에 분수에 맞지 않는 짝사랑도 단념할 수 있었는데···<오늘의 운세- 한 주의 시작, 갑자기 찾아올 해일을 조심하..",wed,1,wed,1,tue,wed,True,wed,수,tue,wed,14590072_wed,post_24h,어제 밤 10시 공개 이후 증가분 확인용 수집,14.9만,149000.0,https://series.naver.com/comic/detail.series?productNo=14590072,20260902_210450,wed,수,2026-09-02 21:04:50,2026-09-02,21:04:50,2026-09-02 21:20:06,2026-09-02 21:20:08,1.99,2026-09-02 21:20:08,2026-09-02,21:20:08,2026-09-02 21:20:09,919.53
